ISO-10303-21;
HEADER;
/* Generated by software containing ST-Developer
 * from STEP Tools, Inc. (www.steptools.com) 
 */

FILE_DESCRIPTION(
/* description */ (''),
/* implementation_level */ '2;1');

FILE_NAME(
/* name */ 
'C:\\Users\\lgant\\Littelfuse, Inc\\ESBU Source File Library - Documen
ts\\Technical Resources\\3D Models\\Power Semi & Control IC\\SOT-227_B.
stp',
/* time_stamp */ '2023-07-03T09:44:37-05:00',
/* author */ ('LGant'),
/* organization */ (''),
/* preprocessor_version */ 'ST-DEVELOPER v18.1',
/* originating_system */ 'Autodesk Inventor 2021',
/* authorisation */ '');

FILE_SCHEMA (('AUTOMOTIVE_DESIGN { 1 0 10303 214 3 1 1 }'));
ENDSEC;

DATA;
#10=MECHANICAL_DESIGN_GEOMETRIC_PRESENTATION_REPRESENTATION('',(#14,#15,
#16,#17,#18,#19,#20,#21,#22,#23,#24,#25,#26,#27,#28,#29,#30,#31,#32,#33,
#34,#35,#36,#37,#38,#39,#40,#41,#42,#43,#44,#45,#46,#47,#48,#49,#50,#51,
#52,#53,#54,#55,#56,#57,#58,#59,#60,#61),#5241);
#11=SHAPE_REPRESENTATION_RELATIONSHIP('SRR','None',#5248,#12);
#12=ADVANCED_BREP_SHAPE_REPRESENTATION('',(#13),#5240);
#13=MANIFOLD_SOLID_BREP('Solid1',#3207);
#14=STYLED_ITEM('',(#5258),#3119);
#15=STYLED_ITEM('',(#5258),#3120);
#16=STYLED_ITEM('',(#5258),#3130);
#17=STYLED_ITEM('',(#5258),#3131);
#18=STYLED_ITEM('',(#5258),#3140);
#19=STYLED_ITEM('',(#5258),#3141);
#20=STYLED_ITEM('',(#5258),#3142);
#21=STYLED_ITEM('',(#5258),#3143);
#22=STYLED_ITEM('',(#5258),#3144);
#23=STYLED_ITEM('',(#5258),#3145);
#24=STYLED_ITEM('',(#5258),#3146);
#25=STYLED_ITEM('',(#5258),#3147);
#26=STYLED_ITEM('',(#5258),#3148);
#27=STYLED_ITEM('',(#5258),#3149);
#28=STYLED_ITEM('',(#5258),#3150);
#29=STYLED_ITEM('',(#5258),#3151);
#30=STYLED_ITEM('',(#5258),#3152);
#31=STYLED_ITEM('',(#5258),#3153);
#32=STYLED_ITEM('',(#5258),#3154);
#33=STYLED_ITEM('',(#5258),#3155);
#34=STYLED_ITEM('',(#5258),#3156);
#35=STYLED_ITEM('',(#5258),#3157);
#36=STYLED_ITEM('',(#5258),#3158);
#37=STYLED_ITEM('',(#5258),#3159);
#38=STYLED_ITEM('',(#5258),#3160);
#39=STYLED_ITEM('',(#5258),#3161);
#40=STYLED_ITEM('',(#5258),#3162);
#41=STYLED_ITEM('',(#5258),#3163);
#42=STYLED_ITEM('',(#5258),#3164);
#43=STYLED_ITEM('',(#5258),#3165);
#44=STYLED_ITEM('',(#5258),#3166);
#45=STYLED_ITEM('',(#5258),#3167);
#46=STYLED_ITEM('',(#5258),#3168);
#47=STYLED_ITEM('',(#5258),#3169);
#48=STYLED_ITEM('',(#5258),#3170);
#49=STYLED_ITEM('',(#5258),#3171);
#50=STYLED_ITEM('',(#5258),#3172);
#51=STYLED_ITEM('',(#5258),#3173);
#52=STYLED_ITEM('',(#5258),#3174);
#53=STYLED_ITEM('',(#5258),#3175);
#54=STYLED_ITEM('',(#5258),#3176);
#55=STYLED_ITEM('',(#5258),#3177);
#56=STYLED_ITEM('',(#5258),#3178);
#57=STYLED_ITEM('',(#5258),#3179);
#58=STYLED_ITEM('',(#5258),#3180);
#59=STYLED_ITEM('',(#5258),#3181);
#60=STYLED_ITEM('',(#5258),#3182);
#61=STYLED_ITEM('',(#5257),#13);
#62=CYLINDRICAL_SURFACE('',#3264,2.095);
#63=CYLINDRICAL_SURFACE('',#3268,2.095);
#64=CYLINDRICAL_SURFACE('',#3275,2.095);
#65=CYLINDRICAL_SURFACE('',#3279,2.095);
#66=CYLINDRICAL_SURFACE('',#3284,2.095);
#67=CYLINDRICAL_SURFACE('',#3288,2.095);
#68=CYLINDRICAL_SURFACE('',#3295,2.095);
#69=CYLINDRICAL_SURFACE('',#3299,2.095);
#70=CYLINDRICAL_SURFACE('',#3324,1.34);
#71=CYLINDRICAL_SURFACE('',#3327,2.14);
#72=CYLINDRICAL_SURFACE('',#3328,2.14);
#73=CYLINDRICAL_SURFACE('',#3330,1.34);
#74=CYLINDRICAL_SURFACE('',#3336,2.14);
#75=CYLINDRICAL_SURFACE('',#3339,1.34);
#76=CYLINDRICAL_SURFACE('',#3341,2.14);
#77=CYLINDRICAL_SURFACE('',#3343,1.34);
#78=CYLINDRICAL_SURFACE('',#3351,2.);
#79=CYLINDRICAL_SURFACE('',#3355,2.);
#80=CYLINDRICAL_SURFACE('',#3359,2.);
#81=CYLINDRICAL_SURFACE('',#3363,2.);
#82=CYLINDRICAL_SURFACE('',#3393,5.855);
#83=CYLINDRICAL_SURFACE('',#3397,5.855);
#84=CYLINDRICAL_SURFACE('',#3401,5.855);
#85=CYLINDRICAL_SURFACE('',#3405,5.855);
#86=CYLINDRICAL_SURFACE('',#3421,4.5);
#87=CYLINDRICAL_SURFACE('',#3430,4.5);
#88=CYLINDRICAL_SURFACE('',#3439,2.095);
#89=CYLINDRICAL_SURFACE('',#3444,0.5);
#90=CYLINDRICAL_SURFACE('',#3447,0.5);
#91=CYLINDRICAL_SURFACE('',#3454,0.5);
#92=CYLINDRICAL_SURFACE('',#3459,2.095);
#93=CYLINDRICAL_SURFACE('',#3464,0.5);
#94=FACE_BOUND('',#362,.T.);
#95=FACE_BOUND('',#370,.T.);
#96=FACE_BOUND('',#378,.T.);
#97=FACE_BOUND('',#386,.T.);
#98=FACE_BOUND('',#419,.T.);
#99=FACE_BOUND('',#421,.T.);
#100=FACE_BOUND('',#423,.T.);
#101=FACE_BOUND('',#425,.T.);
#102=FACE_BOUND('',#428,.T.);
#103=FACE_BOUND('',#434,.T.);
#104=FACE_BOUND('',#440,.T.);
#105=FACE_BOUND('',#445,.T.);
#106=FACE_BOUND('',#464,.T.);
#107=FACE_BOUND('',#468,.T.);
#108=FACE_BOUND('',#486,.T.);
#109=FACE_BOUND('',#488,.T.);
#110=FACE_BOUND('',#508,.T.);
#111=FACE_BOUND('',#531,.T.);
#112=CIRCLE('',#3234,2.);
#113=CIRCLE('',#3235,2.);
#114=CIRCLE('',#3243,2.);
#115=CIRCLE('',#3244,2.);
#116=CIRCLE('',#3252,2.);
#117=CIRCLE('',#3253,2.);
#118=CIRCLE('',#3261,2.);
#119=CIRCLE('',#3262,2.);
#120=CIRCLE('',#3265,2.095);
#121=CIRCLE('',#3266,2.095);
#122=CIRCLE('',#3269,2.095);
#123=CIRCLE('',#3270,2.095);
#124=CIRCLE('',#3276,2.095);
#125=CIRCLE('',#3277,2.095);
#126=CIRCLE('',#3280,2.095);
#127=CIRCLE('',#3281,2.095);
#128=CIRCLE('',#3285,2.095);
#129=CIRCLE('',#3286,2.095);
#130=CIRCLE('',#3289,2.095);
#131=CIRCLE('',#3290,2.095);
#132=CIRCLE('',#3296,2.095);
#133=CIRCLE('',#3297,2.095);
#134=CIRCLE('',#3300,2.095);
#135=CIRCLE('',#3301,2.095);
#136=CIRCLE('',#3304,2.14);
#137=CIRCLE('',#3305,1.34);
#138=CIRCLE('',#3307,2.14);
#139=CIRCLE('',#3308,1.34);
#140=CIRCLE('',#3311,2.14);
#141=CIRCLE('',#3312,1.34);
#142=CIRCLE('',#3314,1.34);
#143=CIRCLE('',#3315,2.14);
#144=CIRCLE('',#3317,2.14);
#145=CIRCLE('',#3318,1.34);
#146=CIRCLE('',#3329,2.14);
#147=CIRCLE('',#3331,1.34);
#148=CIRCLE('',#3337,2.14);
#149=CIRCLE('',#3340,1.34);
#150=CIRCLE('',#3342,2.14);
#151=CIRCLE('',#3344,1.34);
#152=CIRCLE('',#3352,2.);
#153=CIRCLE('',#3353,2.);
#154=CIRCLE('',#3356,2.);
#155=CIRCLE('',#3357,2.);
#156=CIRCLE('',#3360,2.);
#157=CIRCLE('',#3361,2.);
#158=CIRCLE('',#3364,2.);
#159=CIRCLE('',#3365,2.);
#160=CIRCLE('',#3372,5.855);
#161=CIRCLE('',#3376,5.855);
#162=CIRCLE('',#3380,5.855);
#163=CIRCLE('',#3381,4.5);
#164=CIRCLE('',#3383,5.85499999999999);
#165=CIRCLE('',#3384,4.5);
#166=CIRCLE('',#3387,5.855);
#167=CIRCLE('',#3388,4.5);
#168=CIRCLE('',#3390,5.855);
#169=CIRCLE('',#3391,4.5);
#170=CIRCLE('',#3394,5.855);
#171=CIRCLE('',#3395,5.855);
#172=CIRCLE('',#3396,5.855);
#173=CIRCLE('',#3398,5.855);
#174=CIRCLE('',#3399,5.855);
#175=CIRCLE('',#3402,5.855);
#176=CIRCLE('',#3403,5.85499999999999);
#177=CIRCLE('',#3404,5.855);
#178=CIRCLE('',#3406,5.855);
#179=CIRCLE('',#3407,5.855);
#180=CIRCLE('',#3410,4.5);
#181=CIRCLE('',#3411,4.5);
#182=CIRCLE('',#3422,4.5);
#183=CIRCLE('',#3431,4.5);
#184=CIRCLE('',#3436,0.5);
#185=CIRCLE('',#3437,0.5);
#186=CIRCLE('',#3438,2.095);
#187=CIRCLE('',#3440,2.095);
#188=CIRCLE('',#3445,0.5);
#189=CIRCLE('',#3448,0.5);
#190=CIRCLE('',#3455,0.5);
#191=CIRCLE('',#3456,0.5);
#192=CIRCLE('',#3460,2.095);
#193=CIRCLE('',#3461,2.095);
#194=CIRCLE('',#3465,0.5);
#195=CIRCLE('',#3466,0.5);
#196=FACE_OUTER_BOUND('',#355,.T.);
#197=FACE_OUTER_BOUND('',#356,.T.);
#198=FACE_OUTER_BOUND('',#357,.T.);
#199=FACE_OUTER_BOUND('',#358,.T.);
#200=FACE_OUTER_BOUND('',#359,.T.);
#201=FACE_OUTER_BOUND('',#360,.T.);
#202=FACE_OUTER_BOUND('',#361,.T.);
#203=FACE_OUTER_BOUND('',#363,.T.);
#204=FACE_OUTER_BOUND('',#364,.T.);
#205=FACE_OUTER_BOUND('',#365,.T.);
#206=FACE_OUTER_BOUND('',#366,.T.);
#207=FACE_OUTER_BOUND('',#367,.T.);
#208=FACE_OUTER_BOUND('',#368,.T.);
#209=FACE_OUTER_BOUND('',#369,.T.);
#210=FACE_OUTER_BOUND('',#371,.T.);
#211=FACE_OUTER_BOUND('',#372,.T.);
#212=FACE_OUTER_BOUND('',#373,.T.);
#213=FACE_OUTER_BOUND('',#374,.T.);
#214=FACE_OUTER_BOUND('',#375,.T.);
#215=FACE_OUTER_BOUND('',#376,.T.);
#216=FACE_OUTER_BOUND('',#377,.T.);
#217=FACE_OUTER_BOUND('',#379,.T.);
#218=FACE_OUTER_BOUND('',#380,.T.);
#219=FACE_OUTER_BOUND('',#381,.T.);
#220=FACE_OUTER_BOUND('',#382,.T.);
#221=FACE_OUTER_BOUND('',#383,.T.);
#222=FACE_OUTER_BOUND('',#384,.T.);
#223=FACE_OUTER_BOUND('',#385,.T.);
#224=FACE_OUTER_BOUND('',#387,.T.);
#225=FACE_OUTER_BOUND('',#388,.T.);
#226=FACE_OUTER_BOUND('',#389,.T.);
#227=FACE_OUTER_BOUND('',#390,.T.);
#228=FACE_OUTER_BOUND('',#391,.T.);
#229=FACE_OUTER_BOUND('',#392,.T.);
#230=FACE_OUTER_BOUND('',#393,.T.);
#231=FACE_OUTER_BOUND('',#394,.T.);
#232=FACE_OUTER_BOUND('',#395,.T.);
#233=FACE_OUTER_BOUND('',#396,.T.);
#234=FACE_OUTER_BOUND('',#397,.T.);
#235=FACE_OUTER_BOUND('',#398,.T.);
#236=FACE_OUTER_BOUND('',#399,.T.);
#237=FACE_OUTER_BOUND('',#400,.T.);
#238=FACE_OUTER_BOUND('',#401,.T.);
#239=FACE_OUTER_BOUND('',#402,.T.);
#240=FACE_OUTER_BOUND('',#403,.T.);
#241=FACE_OUTER_BOUND('',#404,.T.);
#242=FACE_OUTER_BOUND('',#405,.T.);
#243=FACE_OUTER_BOUND('',#406,.T.);
#244=FACE_OUTER_BOUND('',#407,.T.);
#245=FACE_OUTER_BOUND('',#408,.T.);
#246=FACE_OUTER_BOUND('',#409,.T.);
#247=FACE_OUTER_BOUND('',#410,.T.);
#248=FACE_OUTER_BOUND('',#411,.T.);
#249=FACE_OUTER_BOUND('',#412,.T.);
#250=FACE_OUTER_BOUND('',#413,.T.);
#251=FACE_OUTER_BOUND('',#414,.T.);
#252=FACE_OUTER_BOUND('',#415,.T.);
#253=FACE_OUTER_BOUND('',#416,.T.);
#254=FACE_OUTER_BOUND('',#417,.T.);
#255=FACE_OUTER_BOUND('',#418,.T.);
#256=FACE_OUTER_BOUND('',#420,.T.);
#257=FACE_OUTER_BOUND('',#422,.T.);
#258=FACE_OUTER_BOUND('',#424,.T.);
#259=FACE_OUTER_BOUND('',#426,.T.);
#260=FACE_OUTER_BOUND('',#427,.T.);
#261=FACE_OUTER_BOUND('',#429,.T.);
#262=FACE_OUTER_BOUND('',#430,.T.);
#263=FACE_OUTER_BOUND('',#431,.T.);
#264=FACE_OUTER_BOUND('',#432,.T.);
#265=FACE_OUTER_BOUND('',#433,.T.);
#266=FACE_OUTER_BOUND('',#435,.T.);
#267=FACE_OUTER_BOUND('',#436,.T.);
#268=FACE_OUTER_BOUND('',#437,.T.);
#269=FACE_OUTER_BOUND('',#438,.T.);
#270=FACE_OUTER_BOUND('',#439,.T.);
#271=FACE_OUTER_BOUND('',#441,.T.);
#272=FACE_OUTER_BOUND('',#442,.T.);
#273=FACE_OUTER_BOUND('',#443,.T.);
#274=FACE_OUTER_BOUND('',#444,.T.);
#275=FACE_OUTER_BOUND('',#446,.T.);
#276=FACE_OUTER_BOUND('',#447,.T.);
#277=FACE_OUTER_BOUND('',#448,.T.);
#278=FACE_OUTER_BOUND('',#449,.T.);
#279=FACE_OUTER_BOUND('',#450,.T.);
#280=FACE_OUTER_BOUND('',#451,.T.);
#281=FACE_OUTER_BOUND('',#452,.T.);
#282=FACE_OUTER_BOUND('',#453,.T.);
#283=FACE_OUTER_BOUND('',#454,.T.);
#284=FACE_OUTER_BOUND('',#455,.T.);
#285=FACE_OUTER_BOUND('',#456,.T.);
#286=FACE_OUTER_BOUND('',#457,.T.);
#287=FACE_OUTER_BOUND('',#458,.T.);
#288=FACE_OUTER_BOUND('',#459,.T.);
#289=FACE_OUTER_BOUND('',#460,.T.);
#290=FACE_OUTER_BOUND('',#461,.T.);
#291=FACE_OUTER_BOUND('',#462,.T.);
#292=FACE_OUTER_BOUND('',#463,.T.);
#293=FACE_OUTER_BOUND('',#465,.T.);
#294=FACE_OUTER_BOUND('',#466,.T.);
#295=FACE_OUTER_BOUND('',#467,.T.);
#296=FACE_OUTER_BOUND('',#469,.T.);
#297=FACE_OUTER_BOUND('',#470,.T.);
#298=FACE_OUTER_BOUND('',#471,.T.);
#299=FACE_OUTER_BOUND('',#472,.T.);
#300=FACE_OUTER_BOUND('',#473,.T.);
#301=FACE_OUTER_BOUND('',#474,.T.);
#302=FACE_OUTER_BOUND('',#475,.T.);
#303=FACE_OUTER_BOUND('',#476,.T.);
#304=FACE_OUTER_BOUND('',#477,.T.);
#305=FACE_OUTER_BOUND('',#478,.T.);
#306=FACE_OUTER_BOUND('',#479,.T.);
#307=FACE_OUTER_BOUND('',#480,.T.);
#308=FACE_OUTER_BOUND('',#481,.T.);
#309=FACE_OUTER_BOUND('',#482,.T.);
#310=FACE_OUTER_BOUND('',#483,.T.);
#311=FACE_OUTER_BOUND('',#484,.T.);
#312=FACE_OUTER_BOUND('',#485,.T.);
#313=FACE_OUTER_BOUND('',#487,.T.);
#314=FACE_OUTER_BOUND('',#489,.T.);
#315=FACE_OUTER_BOUND('',#490,.T.);
#316=FACE_OUTER_BOUND('',#491,.T.);
#317=FACE_OUTER_BOUND('',#492,.T.);
#318=FACE_OUTER_BOUND('',#493,.T.);
#319=FACE_OUTER_BOUND('',#494,.T.);
#320=FACE_OUTER_BOUND('',#495,.T.);
#321=FACE_OUTER_BOUND('',#496,.T.);
#322=FACE_OUTER_BOUND('',#497,.T.);
#323=FACE_OUTER_BOUND('',#498,.T.);
#324=FACE_OUTER_BOUND('',#499,.T.);
#325=FACE_OUTER_BOUND('',#500,.T.);
#326=FACE_OUTER_BOUND('',#501,.T.);
#327=FACE_OUTER_BOUND('',#502,.T.);
#328=FACE_OUTER_BOUND('',#503,.T.);
#329=FACE_OUTER_BOUND('',#504,.T.);
#330=FACE_OUTER_BOUND('',#505,.T.);
#331=FACE_OUTER_BOUND('',#506,.T.);
#332=FACE_OUTER_BOUND('',#507,.T.);
#333=FACE_OUTER_BOUND('',#509,.T.);
#334=FACE_OUTER_BOUND('',#510,.T.);
#335=FACE_OUTER_BOUND('',#511,.T.);
#336=FACE_OUTER_BOUND('',#512,.T.);
#337=FACE_OUTER_BOUND('',#513,.T.);
#338=FACE_OUTER_BOUND('',#514,.T.);
#339=FACE_OUTER_BOUND('',#515,.T.);
#340=FACE_OUTER_BOUND('',#516,.T.);
#341=FACE_OUTER_BOUND('',#517,.T.);
#342=FACE_OUTER_BOUND('',#518,.T.);
#343=FACE_OUTER_BOUND('',#519,.T.);
#344=FACE_OUTER_BOUND('',#520,.T.);
#345=FACE_OUTER_BOUND('',#521,.T.);
#346=FACE_OUTER_BOUND('',#522,.T.);
#347=FACE_OUTER_BOUND('',#523,.T.);
#348=FACE_OUTER_BOUND('',#524,.T.);
#349=FACE_OUTER_BOUND('',#525,.T.);
#350=FACE_OUTER_BOUND('',#526,.T.);
#351=FACE_OUTER_BOUND('',#527,.T.);
#352=FACE_OUTER_BOUND('',#528,.T.);
#353=FACE_OUTER_BOUND('',#529,.T.);
#354=FACE_OUTER_BOUND('',#530,.T.);
#355=EDGE_LOOP('',(#2019,#2020,#2021,#2022));
#356=EDGE_LOOP('',(#2023,#2024,#2025,#2026));
#357=EDGE_LOOP('',(#2027,#2028,#2029,#2030));
#358=EDGE_LOOP('',(#2031,#2032,#2033,#2034));
#359=EDGE_LOOP('',(#2035,#2036,#2037,#2038));
#360=EDGE_LOOP('',(#2039,#2040,#2041,#2042));
#361=EDGE_LOOP('',(#2043,#2044,#2045,#2046,#2047,#2048));
#362=EDGE_LOOP('',(#2049,#2050));
#363=EDGE_LOOP('',(#2051,#2052,#2053,#2054));
#364=EDGE_LOOP('',(#2055,#2056,#2057,#2058));
#365=EDGE_LOOP('',(#2059,#2060,#2061,#2062));
#366=EDGE_LOOP('',(#2063,#2064,#2065,#2066));
#367=EDGE_LOOP('',(#2067,#2068,#2069,#2070));
#368=EDGE_LOOP('',(#2071,#2072,#2073,#2074));
#369=EDGE_LOOP('',(#2075,#2076,#2077,#2078,#2079,#2080));
#370=EDGE_LOOP('',(#2081,#2082));
#371=EDGE_LOOP('',(#2083,#2084,#2085,#2086));
#372=EDGE_LOOP('',(#2087,#2088,#2089,#2090));
#373=EDGE_LOOP('',(#2091,#2092,#2093,#2094));
#374=EDGE_LOOP('',(#2095,#2096,#2097,#2098));
#375=EDGE_LOOP('',(#2099,#2100,#2101,#2102));
#376=EDGE_LOOP('',(#2103,#2104,#2105,#2106));
#377=EDGE_LOOP('',(#2107,#2108,#2109,#2110,#2111,#2112));
#378=EDGE_LOOP('',(#2113,#2114));
#379=EDGE_LOOP('',(#2115,#2116,#2117,#2118));
#380=EDGE_LOOP('',(#2119,#2120,#2121,#2122));
#381=EDGE_LOOP('',(#2123,#2124,#2125,#2126));
#382=EDGE_LOOP('',(#2127,#2128,#2129,#2130));
#383=EDGE_LOOP('',(#2131,#2132,#2133,#2134));
#384=EDGE_LOOP('',(#2135,#2136,#2137,#2138));
#385=EDGE_LOOP('',(#2139,#2140,#2141,#2142,#2143,#2144));
#386=EDGE_LOOP('',(#2145,#2146));
#387=EDGE_LOOP('',(#2147,#2148,#2149,#2150));
#388=EDGE_LOOP('',(#2151,#2152,#2153,#2154));
#389=EDGE_LOOP('',(#2155,#2156,#2157,#2158));
#390=EDGE_LOOP('',(#2159,#2160,#2161,#2162));
#391=EDGE_LOOP('',(#2163,#2164,#2165,#2166));
#392=EDGE_LOOP('',(#2167,#2168,#2169,#2170));
#393=EDGE_LOOP('',(#2171,#2172,#2173,#2174));
#394=EDGE_LOOP('',(#2175,#2176,#2177,#2178));
#395=EDGE_LOOP('',(#2179,#2180,#2181,#2182));
#396=EDGE_LOOP('',(#2183,#2184,#2185,#2186));
#397=EDGE_LOOP('',(#2187,#2188,#2189,#2190));
#398=EDGE_LOOP('',(#2191,#2192,#2193,#2194));
#399=EDGE_LOOP('',(#2195,#2196,#2197,#2198));
#400=EDGE_LOOP('',(#2199,#2200,#2201,#2202));
#401=EDGE_LOOP('',(#2203,#2204,#2205,#2206));
#402=EDGE_LOOP('',(#2207,#2208,#2209,#2210));
#403=EDGE_LOOP('',(#2211,#2212,#2213,#2214));
#404=EDGE_LOOP('',(#2215,#2216,#2217,#2218));
#405=EDGE_LOOP('',(#2219,#2220,#2221,#2222));
#406=EDGE_LOOP('',(#2223,#2224,#2225,#2226));
#407=EDGE_LOOP('',(#2227,#2228,#2229,#2230));
#408=EDGE_LOOP('',(#2231,#2232,#2233,#2234));
#409=EDGE_LOOP('',(#2235,#2236,#2237,#2238));
#410=EDGE_LOOP('',(#2239,#2240,#2241,#2242));
#411=EDGE_LOOP('',(#2243,#2244,#2245,#2246,#2247,#2248,#2249));
#412=EDGE_LOOP('',(#2250,#2251,#2252,#2253,#2254,#2255,#2256));
#413=EDGE_LOOP('',(#2257,#2258,#2259,#2260));
#414=EDGE_LOOP('',(#2261,#2262,#2263,#2264,#2265,#2266,#2267));
#415=EDGE_LOOP('',(#2268,#2269,#2270,#2271,#2272,#2273,#2274));
#416=EDGE_LOOP('',(#2275,#2276,#2277,#2278,#2279,#2280,#2281));
#417=EDGE_LOOP('',(#2282,#2283,#2284,#2285));
#418=EDGE_LOOP('',(#2286,#2287,#2288,#2289,#2290,#2291));
#419=EDGE_LOOP('',(#2292,#2293,#2294,#2295));
#420=EDGE_LOOP('',(#2296,#2297,#2298,#2299,#2300,#2301));
#421=EDGE_LOOP('',(#2302,#2303,#2304,#2305));
#422=EDGE_LOOP('',(#2306,#2307,#2308,#2309,#2310,#2311));
#423=EDGE_LOOP('',(#2312,#2313,#2314,#2315));
#424=EDGE_LOOP('',(#2316,#2317,#2318,#2319,#2320,#2321));
#425=EDGE_LOOP('',(#2322,#2323,#2324,#2325));
#426=EDGE_LOOP('',(#2326,#2327,#2328,#2329));
#427=EDGE_LOOP('',(#2330,#2331,#2332,#2333,#2334,#2335));
#428=EDGE_LOOP('',(#2336,#2337,#2338,#2339));
#429=EDGE_LOOP('',(#2340,#2341,#2342,#2343));
#430=EDGE_LOOP('',(#2344,#2345,#2346,#2347));
#431=EDGE_LOOP('',(#2348,#2349,#2350,#2351));
#432=EDGE_LOOP('',(#2352,#2353,#2354,#2355));
#433=EDGE_LOOP('',(#2356,#2357,#2358,#2359,#2360,#2361));
#434=EDGE_LOOP('',(#2362,#2363,#2364,#2365));
#435=EDGE_LOOP('',(#2366,#2367,#2368,#2369));
#436=EDGE_LOOP('',(#2370,#2371,#2372,#2373,#2374,#2375,#2376,#2377));
#437=EDGE_LOOP('',(#2378,#2379,#2380,#2381,#2382,#2383,#2384,#2385));
#438=EDGE_LOOP('',(#2386,#2387,#2388,#2389));
#439=EDGE_LOOP('',(#2390,#2391,#2392,#2393,#2394,#2395));
#440=EDGE_LOOP('',(#2396,#2397,#2398,#2399));
#441=EDGE_LOOP('',(#2400,#2401,#2402,#2403));
#442=EDGE_LOOP('',(#2404,#2405,#2406,#2407));
#443=EDGE_LOOP('',(#2408,#2409,#2410,#2411));
#444=EDGE_LOOP('',(#2412,#2413,#2414,#2415,#2416,#2417));
#445=EDGE_LOOP('',(#2418,#2419,#2420,#2421));
#446=EDGE_LOOP('',(#2422,#2423,#2424,#2425,#2426,#2427,#2428));
#447=EDGE_LOOP('',(#2429,#2430,#2431,#2432,#2433,#2434,#2435));
#448=EDGE_LOOP('',(#2436,#2437,#2438,#2439,#2440,#2441,#2442));
#449=EDGE_LOOP('',(#2443,#2444,#2445,#2446,#2447,#2448,#2449,#2450));
#450=EDGE_LOOP('',(#2451,#2452,#2453,#2454,#2455,#2456,#2457,#2458));
#451=EDGE_LOOP('',(#2459,#2460,#2461,#2462,#2463,#2464));
#452=EDGE_LOOP('',(#2465,#2466));
#453=EDGE_LOOP('',(#2467,#2468,#2469,#2470,#2471,#2472));
#454=EDGE_LOOP('',(#2473,#2474));
#455=EDGE_LOOP('',(#2475,#2476,#2477,#2478,#2479,#2480));
#456=EDGE_LOOP('',(#2481,#2482));
#457=EDGE_LOOP('',(#2483,#2484,#2485,#2486,#2487,#2488));
#458=EDGE_LOOP('',(#2489,#2490));
#459=EDGE_LOOP('',(#2491,#2492,#2493,#2494,#2495,#2496,#2497,#2498));
#460=EDGE_LOOP('',(#2499,#2500,#2501,#2502,#2503,#2504,#2505,#2506));
#461=EDGE_LOOP('',(#2507,#2508,#2509,#2510,#2511,#2512,#2513,#2514));
#462=EDGE_LOOP('',(#2515,#2516,#2517,#2518,#2519,#2520,#2521,#2522));
#463=EDGE_LOOP('',(#2523,#2524,#2525,#2526));
#464=EDGE_LOOP('',(#2527,#2528,#2529,#2530,#2531,#2532));
#465=EDGE_LOOP('',(#2533,#2534,#2535,#2536,#2537,#2538));
#466=EDGE_LOOP('',(#2539,#2540,#2541,#2542,#2543,#2544));
#467=EDGE_LOOP('',(#2545,#2546,#2547,#2548));
#468=EDGE_LOOP('',(#2549,#2550,#2551,#2552,#2553,#2554));
#469=EDGE_LOOP('',(#2555,#2556,#2557,#2558,#2559,#2560));
#470=EDGE_LOOP('',(#2561,#2562,#2563,#2564,#2565,#2566));
#471=EDGE_LOOP('',(#2567,#2568,#2569));
#472=EDGE_LOOP('',(#2570,#2571,#2572));
#473=EDGE_LOOP('',(#2573,#2574,#2575,#2576,#2577,#2578));
#474=EDGE_LOOP('',(#2579,#2580,#2581));
#475=EDGE_LOOP('',(#2582,#2583,#2584));
#476=EDGE_LOOP('',(#2585,#2586,#2587,#2588,#2589,#2590));
#477=EDGE_LOOP('',(#2591,#2592,#2593,#2594,#2595,#2596,#2597));
#478=EDGE_LOOP('',(#2598,#2599,#2600,#2601,#2602,#2603,#2604));
#479=EDGE_LOOP('',(#2605,#2606,#2607,#2608,#2609,#2610));
#480=EDGE_LOOP('',(#2611,#2612,#2613,#2614,#2615,#2616,#2617));
#481=EDGE_LOOP('',(#2618,#2619,#2620,#2621,#2622,#2623,#2624));
#482=EDGE_LOOP('',(#2625,#2626,#2627,#2628,#2629,#2630));
#483=EDGE_LOOP('',(#2631,#2632,#2633,#2634,#2635,#2636,#2637,#2638,#2639,
#2640,#2641,#2642));
#484=EDGE_LOOP('',(#2643,#2644,#2645,#2646,#2647,#2648,#2649,#2650,#2651,
#2652,#2653,#2654));
#485=EDGE_LOOP('',(#2655,#2656,#2657,#2658));
#486=EDGE_LOOP('',(#2659,#2660,#2661,#2662,#2663,#2664));
#487=EDGE_LOOP('',(#2665,#2666,#2667,#2668));
#488=EDGE_LOOP('',(#2669,#2670,#2671,#2672,#2673,#2674));
#489=EDGE_LOOP('',(#2675,#2676,#2677,#2678,#2679));
#490=EDGE_LOOP('',(#2680,#2681,#2682,#2683,#2684));
#491=EDGE_LOOP('',(#2685,#2686,#2687,#2688,#2689));
#492=EDGE_LOOP('',(#2690,#2691,#2692,#2693,#2694));
#493=EDGE_LOOP('',(#2695,#2696,#2697,#2698,#2699,#2700));
#494=EDGE_LOOP('',(#2701,#2702,#2703,#2704,#2705));
#495=EDGE_LOOP('',(#2706,#2707,#2708,#2709,#2710,#2711,#2712,#2713));
#496=EDGE_LOOP('',(#2714,#2715,#2716,#2717,#2718));
#497=EDGE_LOOP('',(#2719,#2720,#2721,#2722,#2723,#2724));
#498=EDGE_LOOP('',(#2725,#2726,#2727,#2728));
#499=EDGE_LOOP('',(#2729,#2730,#2731,#2732));
#500=EDGE_LOOP('',(#2733,#2734,#2735,#2736,#2737,#2738,#2739,#2740,#2741,
#2742,#2743,#2744));
#501=EDGE_LOOP('',(#2745,#2746,#2747,#2748,#2749,#2750));
#502=EDGE_LOOP('',(#2751,#2752,#2753,#2754,#2755));
#503=EDGE_LOOP('',(#2756,#2757,#2758,#2759,#2760,#2761,#2762,#2763));
#504=EDGE_LOOP('',(#2764,#2765,#2766,#2767,#2768));
#505=EDGE_LOOP('',(#2769,#2770,#2771,#2772,#2773,#2774));
#506=EDGE_LOOP('',(#2775,#2776,#2777,#2778,#2779,#2780,#2781,#2782));
#507=EDGE_LOOP('',(#2783,#2784,#2785,#2786,#2787,#2788,#2789,#2790,#2791,
#2792,#2793,#2794,#2795,#2796));
#508=EDGE_LOOP('',(#2797));
#509=EDGE_LOOP('',(#2798,#2799,#2800,#2801));
#510=EDGE_LOOP('',(#2802,#2803,#2804,#2805));
#511=EDGE_LOOP('',(#2806,#2807,#2808,#2809));
#512=EDGE_LOOP('',(#2810,#2811,#2812,#2813));
#513=EDGE_LOOP('',(#2814,#2815,#2816,#2817));
#514=EDGE_LOOP('',(#2818,#2819,#2820,#2821));
#515=EDGE_LOOP('',(#2822,#2823,#2824,#2825));
#516=EDGE_LOOP('',(#2826,#2827,#2828,#2829));
#517=EDGE_LOOP('',(#2830,#2831,#2832,#2833));
#518=EDGE_LOOP('',(#2834,#2835,#2836,#2837,#2838,#2839,#2840,#2841));
#519=EDGE_LOOP('',(#2842,#2843,#2844,#2845));
#520=EDGE_LOOP('',(#2846,#2847,#2848,#2849));
#521=EDGE_LOOP('',(#2850,#2851,#2852,#2853));
#522=EDGE_LOOP('',(#2854,#2855,#2856,#2857));
#523=EDGE_LOOP('',(#2858,#2859,#2860,#2861));
#524=EDGE_LOOP('',(#2862,#2863,#2864,#2865));
#525=EDGE_LOOP('',(#2866,#2867,#2868,#2869));
#526=EDGE_LOOP('',(#2870,#2871,#2872,#2873));
#527=EDGE_LOOP('',(#2874,#2875,#2876,#2877));
#528=EDGE_LOOP('',(#2878,#2879,#2880,#2881));
#529=EDGE_LOOP('',(#2882,#2883,#2884,#2885,#2886,#2887,#2888,#2889,#2890,
#2891,#2892,#2893,#2894,#2895,#2896,#2897,#2898,#2899));
#530=EDGE_LOOP('',(#2900,#2901,#2902,#2903,#2904,#2905,#2906,#2907,#2908,
#2909,#2910,#2911,#2912,#2913,#2914,#2915,#2916,#2917,#2918,#2919));
#531=EDGE_LOOP('',(#2920));
#532=LINE('',#4329,#899);
#533=LINE('',#4331,#900);
#534=LINE('',#4333,#901);
#535=LINE('',#4334,#902);
#536=LINE('',#4337,#903);
#537=LINE('',#4339,#904);
#538=LINE('',#4340,#905);
#539=LINE('',#4343,#906);
#540=LINE('',#4345,#907);
#541=LINE('',#4346,#908);
#542=LINE('',#4349,#909);
#543=LINE('',#4351,#910);
#544=LINE('',#4352,#911);
#545=LINE('',#4355,#912);
#546=LINE('',#4357,#913);
#547=LINE('',#4358,#914);
#548=LINE('',#4360,#915);
#549=LINE('',#4361,#916);
#550=LINE('',#4370,#917);
#551=LINE('',#4372,#918);
#552=LINE('',#4374,#919);
#553=LINE('',#4375,#920);
#554=LINE('',#4378,#921);
#555=LINE('',#4380,#922);
#556=LINE('',#4381,#923);
#557=LINE('',#4384,#924);
#558=LINE('',#4386,#925);
#559=LINE('',#4387,#926);
#560=LINE('',#4390,#927);
#561=LINE('',#4392,#928);
#562=LINE('',#4393,#929);
#563=LINE('',#4396,#930);
#564=LINE('',#4398,#931);
#565=LINE('',#4399,#932);
#566=LINE('',#4401,#933);
#567=LINE('',#4402,#934);
#568=LINE('',#4411,#935);
#569=LINE('',#4413,#936);
#570=LINE('',#4415,#937);
#571=LINE('',#4416,#938);
#572=LINE('',#4419,#939);
#573=LINE('',#4421,#940);
#574=LINE('',#4422,#941);
#575=LINE('',#4425,#942);
#576=LINE('',#4427,#943);
#577=LINE('',#4428,#944);
#578=LINE('',#4431,#945);
#579=LINE('',#4433,#946);
#580=LINE('',#4434,#947);
#581=LINE('',#4437,#948);
#582=LINE('',#4439,#949);
#583=LINE('',#4440,#950);
#584=LINE('',#4442,#951);
#585=LINE('',#4443,#952);
#586=LINE('',#4452,#953);
#587=LINE('',#4454,#954);
#588=LINE('',#4456,#955);
#589=LINE('',#4457,#956);
#590=LINE('',#4460,#957);
#591=LINE('',#4462,#958);
#592=LINE('',#4463,#959);
#593=LINE('',#4466,#960);
#594=LINE('',#4468,#961);
#595=LINE('',#4469,#962);
#596=LINE('',#4472,#963);
#597=LINE('',#4474,#964);
#598=LINE('',#4475,#965);
#599=LINE('',#4478,#966);
#600=LINE('',#4480,#967);
#601=LINE('',#4481,#968);
#602=LINE('',#4483,#969);
#603=LINE('',#4484,#970);
#604=LINE('',#4493,#971);
#605=LINE('',#4495,#972);
#606=LINE('',#4497,#973);
#607=LINE('',#4498,#974);
#608=LINE('',#4504,#975);
#609=LINE('',#4507,#976);
#610=LINE('',#4509,#977);
#611=LINE('',#4510,#978);
#612=LINE('',#4517,#979);
#613=LINE('',#4519,#980);
#614=LINE('',#4521,#981);
#615=LINE('',#4522,#982);
#616=LINE('',#4526,#983);
#617=LINE('',#4528,#984);
#618=LINE('',#4530,#985);
#619=LINE('',#4531,#986);
#620=LINE('',#4535,#987);
#621=LINE('',#4537,#988);
#622=LINE('',#4539,#989);
#623=LINE('',#4540,#990);
#624=LINE('',#4544,#991);
#625=LINE('',#4546,#992);
#626=LINE('',#4548,#993);
#627=LINE('',#4549,#994);
#628=LINE('',#4555,#995);
#629=LINE('',#4558,#996);
#630=LINE('',#4560,#997);
#631=LINE('',#4561,#998);
#632=LINE('',#4568,#999);
#633=LINE('',#4570,#1000);
#634=LINE('',#4572,#1001);
#635=LINE('',#4573,#1002);
#636=LINE('',#4577,#1003);
#637=LINE('',#4579,#1004);
#638=LINE('',#4581,#1005);
#639=LINE('',#4582,#1006);
#640=LINE('',#4588,#1007);
#641=LINE('',#4591,#1008);
#642=LINE('',#4594,#1009);
#643=LINE('',#4596,#1010);
#644=LINE('',#4597,#1011);
#645=LINE('',#4602,#1012);
#646=LINE('',#4605,#1013);
#647=LINE('',#4606,#1014);
#648=LINE('',#4610,#1015);
#649=LINE('',#4612,#1016);
#650=LINE('',#4614,#1017);
#651=LINE('',#4615,#1018);
#652=LINE('',#4619,#1019);
#653=LINE('',#4621,#1020);
#654=LINE('',#4623,#1021);
#655=LINE('',#4624,#1022);
#656=LINE('',#4628,#1023);
#657=LINE('',#4630,#1024);
#658=LINE('',#4632,#1025);
#659=LINE('',#4633,#1026);
#660=LINE('',#4639,#1027);
#661=LINE('',#4642,#1028);
#662=LINE('',#4645,#1029);
#663=LINE('',#4647,#1030);
#664=LINE('',#4648,#1031);
#665=LINE('',#4653,#1032);
#666=LINE('',#4656,#1033);
#667=LINE('',#4657,#1034);
#668=LINE('',#4660,#1035);
#669=LINE('',#4664,#1036);
#670=LINE('',#4666,#1037);
#671=LINE('',#4669,#1038);
#672=LINE('',#4672,#1039);
#673=LINE('',#4676,#1040);
#674=LINE('',#4678,#1041);
#675=LINE('',#4681,#1042);
#676=LINE('',#4683,#1043);
#677=LINE('',#4684,#1044);
#678=LINE('',#4687,#1045);
#679=LINE('',#4691,#1046);
#680=LINE('',#4693,#1047);
#681=LINE('',#4696,#1048);
#682=LINE('',#4699,#1049);
#683=LINE('',#4703,#1050);
#684=LINE('',#4705,#1051);
#685=LINE('',#4708,#1052);
#686=LINE('',#4711,#1053);
#687=LINE('',#4715,#1054);
#688=LINE('',#4717,#1055);
#689=LINE('',#4720,#1056);
#690=LINE('',#4722,#1057);
#691=LINE('',#4723,#1058);
#692=LINE('',#4726,#1059);
#693=LINE('',#4727,#1060);
#694=LINE('',#4730,#1061);
#695=LINE('',#4731,#1062);
#696=LINE('',#4733,#1063);
#697=LINE('',#4734,#1064);
#698=LINE('',#4736,#1065);
#699=LINE('',#4738,#1066);
#700=LINE('',#4739,#1067);
#701=LINE('',#4741,#1068);
#702=LINE('',#4742,#1069);
#703=LINE('',#4744,#1070);
#704=LINE('',#4747,#1071);
#705=LINE('',#4750,#1072);
#706=LINE('',#4754,#1073);
#707=LINE('',#4757,#1074);
#708=LINE('',#4759,#1075);
#709=LINE('',#4760,#1076);
#710=LINE('',#4764,#1077);
#711=LINE('',#4766,#1078);
#712=LINE('',#4768,#1079);
#713=LINE('',#4770,#1080);
#714=LINE('',#4771,#1081);
#715=LINE('',#4774,#1082);
#716=LINE('',#4776,#1083);
#717=LINE('',#4778,#1084);
#718=LINE('',#4780,#1085);
#719=LINE('',#4782,#1086);
#720=LINE('',#4783,#1087);
#721=LINE('',#4786,#1088);
#722=LINE('',#4788,#1089);
#723=LINE('',#4791,#1090);
#724=LINE('',#4794,#1091);
#725=LINE('',#4798,#1092);
#726=LINE('',#4800,#1093);
#727=LINE('',#4805,#1094);
#728=LINE('',#4807,#1095);
#729=LINE('',#4810,#1096);
#730=LINE('',#4811,#1097);
#731=LINE('',#4814,#1098);
#732=LINE('',#4815,#1099);
#733=LINE('',#4817,#1100);
#734=LINE('',#4820,#1101);
#735=LINE('',#4822,#1102);
#736=LINE('',#4824,#1103);
#737=LINE('',#4826,#1104);
#738=LINE('',#4827,#1105);
#739=LINE('',#4830,#1106);
#740=LINE('',#4832,#1107);
#741=LINE('',#4834,#1108);
#742=LINE('',#4836,#1109);
#743=LINE('',#4837,#1110);
#744=LINE('',#4840,#1111);
#745=LINE('',#4847,#1112);
#746=LINE('',#4854,#1113);
#747=LINE('',#4861,#1114);
#748=LINE('',#4868,#1115);
#749=LINE('',#4870,#1116);
#750=LINE('',#4871,#1117);
#751=LINE('',#4874,#1118);
#752=LINE('',#4876,#1119);
#753=LINE('',#4877,#1120);
#754=LINE('',#4880,#1121);
#755=LINE('',#4882,#1122);
#756=LINE('',#4883,#1123);
#757=LINE('',#4886,#1124);
#758=LINE('',#4888,#1125);
#759=LINE('',#4889,#1126);
#760=LINE('',#4892,#1127);
#761=LINE('',#4895,#1128);
#762=LINE('',#4898,#1129);
#763=LINE('',#4900,#1130);
#764=LINE('',#4901,#1131);
#765=LINE('',#4904,#1132);
#766=LINE('',#4906,#1133);
#767=LINE('',#4908,#1134);
#768=LINE('',#4909,#1135);
#769=LINE('',#4912,#1136);
#770=LINE('',#4915,#1137);
#771=LINE('',#4918,#1138);
#772=LINE('',#4920,#1139);
#773=LINE('',#4921,#1140);
#774=LINE('',#4924,#1141);
#775=LINE('',#4926,#1142);
#776=LINE('',#4928,#1143);
#777=LINE('',#4929,#1144);
#778=LINE('',#4936,#1145);
#779=LINE('',#4942,#1146);
#780=LINE('',#4946,#1147);
#781=LINE('',#4948,#1148);
#782=LINE('',#4949,#1149);
#783=LINE('',#4956,#1150);
#784=LINE('',#4962,#1151);
#785=LINE('',#4966,#1152);
#786=LINE('',#4968,#1153);
#787=LINE('',#4969,#1154);
#788=LINE('',#4975,#1155);
#789=LINE('',#4978,#1156);
#790=LINE('',#4982,#1157);
#791=LINE('',#4986,#1158);
#792=LINE('',#4988,#1159);
#793=LINE('',#4990,#1160);
#794=LINE('',#4991,#1161);
#795=LINE('',#4996,#1162);
#796=LINE('',#5001,#1163);
#797=LINE('',#5004,#1164);
#798=LINE('',#5006,#1165);
#799=LINE('',#5007,#1166);
#800=LINE('',#5010,#1167);
#801=LINE('',#5012,#1168);
#802=LINE('',#5015,#1169);
#803=LINE('',#5017,#1170);
#804=LINE('',#5019,#1171);
#805=LINE('',#5021,#1172);
#806=LINE('',#5022,#1173);
#807=LINE('',#5027,#1174);
#808=LINE('',#5029,#1175);
#809=LINE('',#5030,#1176);
#810=LINE('',#5033,#1177);
#811=LINE('',#5034,#1178);
#812=LINE('',#5037,#1179);
#813=LINE('',#5038,#1180);
#814=LINE('',#5041,#1181);
#815=LINE('',#5043,#1182);
#816=LINE('',#5044,#1183);
#817=LINE('',#5048,#1184);
#818=LINE('',#5050,#1185);
#819=LINE('',#5051,#1186);
#820=LINE('',#5053,#1187);
#821=LINE('',#5054,#1188);
#822=LINE('',#5057,#1189);
#823=LINE('',#5058,#1190);
#824=LINE('',#5062,#1191);
#825=LINE('',#5065,#1192);
#826=LINE('',#5066,#1193);
#827=LINE('',#5069,#1194);
#828=LINE('',#5071,#1195);
#829=LINE('',#5072,#1196);
#830=LINE('',#5075,#1197);
#831=LINE('',#5076,#1198);
#832=LINE('',#5079,#1199);
#833=LINE('',#5081,#1200);
#834=LINE('',#5082,#1201);
#835=LINE('',#5084,#1202);
#836=LINE('',#5087,#1203);
#837=LINE('',#5089,#1204);
#838=LINE('',#5090,#1205);
#839=LINE('',#5093,#1206);
#840=LINE('',#5094,#1207);
#841=LINE('',#5098,#1208);
#842=LINE('',#5101,#1209);
#843=LINE('',#5102,#1210);
#844=LINE('',#5105,#1211);
#845=LINE('',#5106,#1212);
#846=LINE('',#5109,#1213);
#847=LINE('',#5111,#1214);
#848=LINE('',#5113,#1215);
#849=LINE('',#5115,#1216);
#850=LINE('',#5116,#1217);
#851=LINE('',#5119,#1218);
#852=LINE('',#5121,#1219);
#853=LINE('',#5123,#1220);
#854=LINE('',#5127,#1221);
#855=LINE('',#5131,#1222);
#856=LINE('',#5132,#1223);
#857=LINE('',#5137,#1224);
#858=LINE('',#5141,#1225);
#859=LINE('',#5143,#1226);
#860=LINE('',#5144,#1227);
#861=LINE('',#5147,#1228);
#862=LINE('',#5148,#1229);
#863=LINE('',#5151,#1230);
#864=LINE('',#5152,#1231);
#865=LINE('',#5156,#1232);
#866=LINE('',#5159,#1233);
#867=LINE('',#5160,#1234);
#868=LINE('',#5164,#1235);
#869=LINE('',#5167,#1236);
#870=LINE('',#5168,#1237);
#871=LINE('',#5171,#1238);
#872=LINE('',#5172,#1239);
#873=LINE('',#5175,#1240);
#874=LINE('',#5177,#1241);
#875=LINE('',#5178,#1242);
#876=LINE('',#5181,#1243);
#877=LINE('',#5183,#1244);
#878=LINE('',#5184,#1245);
#879=LINE('',#5187,#1246);
#880=LINE('',#5189,#1247);
#881=LINE('',#5190,#1248);
#882=LINE('',#5196,#1249);
#883=LINE('',#5199,#1250);
#884=LINE('',#5201,#1251);
#885=LINE('',#5202,#1252);
#886=LINE('',#5205,#1253);
#887=LINE('',#5207,#1254);
#888=LINE('',#5208,#1255);
#889=LINE('',#5214,#1256);
#890=LINE('',#5217,#1257);
#891=LINE('',#5219,#1258);
#892=LINE('',#5220,#1259);
#893=LINE('',#5223,#1260);
#894=LINE('',#5225,#1261);
#895=LINE('',#5226,#1262);
#896=LINE('',#5232,#1263);
#897=LINE('',#5234,#1264);
#898=LINE('',#5235,#1265);
#899=VECTOR('',#3474,10.);
#900=VECTOR('',#3475,10.);
#901=VECTOR('',#3476,10.);
#902=VECTOR('',#3477,10.);
#903=VECTOR('',#3480,10.);
#904=VECTOR('',#3481,10.);
#905=VECTOR('',#3482,10.);
#906=VECTOR('',#3485,10.);
#907=VECTOR('',#3486,10.);
#908=VECTOR('',#3487,10.);
#909=VECTOR('',#3490,10.);
#910=VECTOR('',#3491,10.);
#911=VECTOR('',#3492,10.);
#912=VECTOR('',#3495,10.);
#913=VECTOR('',#3496,10.);
#914=VECTOR('',#3497,10.);
#915=VECTOR('',#3500,10.);
#916=VECTOR('',#3501,10.);
#917=VECTOR('',#3510,10.);
#918=VECTOR('',#3511,10.);
#919=VECTOR('',#3512,10.);
#920=VECTOR('',#3513,10.);
#921=VECTOR('',#3516,10.);
#922=VECTOR('',#3517,10.);
#923=VECTOR('',#3518,10.);
#924=VECTOR('',#3521,10.);
#925=VECTOR('',#3522,10.);
#926=VECTOR('',#3523,10.);
#927=VECTOR('',#3526,10.);
#928=VECTOR('',#3527,10.);
#929=VECTOR('',#3528,10.);
#930=VECTOR('',#3531,10.);
#931=VECTOR('',#3532,10.);
#932=VECTOR('',#3533,10.);
#933=VECTOR('',#3536,10.);
#934=VECTOR('',#3537,10.);
#935=VECTOR('',#3546,10.);
#936=VECTOR('',#3547,10.);
#937=VECTOR('',#3548,10.);
#938=VECTOR('',#3549,10.);
#939=VECTOR('',#3552,10.);
#940=VECTOR('',#3553,10.);
#941=VECTOR('',#3554,10.);
#942=VECTOR('',#3557,10.);
#943=VECTOR('',#3558,10.);
#944=VECTOR('',#3559,10.);
#945=VECTOR('',#3562,10.);
#946=VECTOR('',#3563,10.);
#947=VECTOR('',#3564,10.);
#948=VECTOR('',#3567,10.);
#949=VECTOR('',#3568,10.);
#950=VECTOR('',#3569,10.);
#951=VECTOR('',#3572,10.);
#952=VECTOR('',#3573,10.);
#953=VECTOR('',#3582,10.);
#954=VECTOR('',#3583,10.);
#955=VECTOR('',#3584,10.);
#956=VECTOR('',#3585,10.);
#957=VECTOR('',#3588,10.);
#958=VECTOR('',#3589,10.);
#959=VECTOR('',#3590,10.);
#960=VECTOR('',#3593,10.);
#961=VECTOR('',#3594,10.);
#962=VECTOR('',#3595,10.);
#963=VECTOR('',#3598,10.);
#964=VECTOR('',#3599,10.);
#965=VECTOR('',#3600,10.);
#966=VECTOR('',#3603,10.);
#967=VECTOR('',#3604,10.);
#968=VECTOR('',#3605,10.);
#969=VECTOR('',#3608,10.);
#970=VECTOR('',#3609,10.);
#971=VECTOR('',#3618,10.);
#972=VECTOR('',#3619,10.);
#973=VECTOR('',#3620,10.);
#974=VECTOR('',#3621,10.);
#975=VECTOR('',#3628,10.);
#976=VECTOR('',#3631,10.);
#977=VECTOR('',#3632,10.);
#978=VECTOR('',#3633,10.);
#979=VECTOR('',#3642,10.);
#980=VECTOR('',#3643,10.);
#981=VECTOR('',#3644,10.);
#982=VECTOR('',#3645,10.);
#983=VECTOR('',#3648,10.);
#984=VECTOR('',#3649,10.);
#985=VECTOR('',#3650,10.);
#986=VECTOR('',#3651,10.);
#987=VECTOR('',#3654,10.);
#988=VECTOR('',#3655,10.);
#989=VECTOR('',#3656,10.);
#990=VECTOR('',#3657,10.);
#991=VECTOR('',#3660,10.);
#992=VECTOR('',#3661,10.);
#993=VECTOR('',#3662,10.);
#994=VECTOR('',#3663,10.);
#995=VECTOR('',#3670,10.);
#996=VECTOR('',#3673,10.);
#997=VECTOR('',#3674,10.);
#998=VECTOR('',#3675,10.);
#999=VECTOR('',#3684,10.);
#1000=VECTOR('',#3685,10.);
#1001=VECTOR('',#3686,10.);
#1002=VECTOR('',#3687,10.);
#1003=VECTOR('',#3690,10.);
#1004=VECTOR('',#3691,10.);
#1005=VECTOR('',#3692,10.);
#1006=VECTOR('',#3693,10.);
#1007=VECTOR('',#3698,10.);
#1008=VECTOR('',#3701,10.);
#1009=VECTOR('',#3704,10.);
#1010=VECTOR('',#3705,10.);
#1011=VECTOR('',#3706,10.);
#1012=VECTOR('',#3711,10.);
#1013=VECTOR('',#3716,10.);
#1014=VECTOR('',#3717,10.);
#1015=VECTOR('',#3720,10.);
#1016=VECTOR('',#3721,10.);
#1017=VECTOR('',#3722,10.);
#1018=VECTOR('',#3723,10.);
#1019=VECTOR('',#3726,10.);
#1020=VECTOR('',#3727,10.);
#1021=VECTOR('',#3728,10.);
#1022=VECTOR('',#3729,10.);
#1023=VECTOR('',#3732,10.);
#1024=VECTOR('',#3733,10.);
#1025=VECTOR('',#3734,10.);
#1026=VECTOR('',#3735,10.);
#1027=VECTOR('',#3740,10.);
#1028=VECTOR('',#3743,10.);
#1029=VECTOR('',#3746,10.);
#1030=VECTOR('',#3747,10.);
#1031=VECTOR('',#3748,10.);
#1032=VECTOR('',#3753,10.);
#1033=VECTOR('',#3758,10.);
#1034=VECTOR('',#3759,10.);
#1035=VECTOR('',#3762,10.);
#1036=VECTOR('',#3765,10.);
#1037=VECTOR('',#3766,10.);
#1038=VECTOR('',#3769,10.);
#1039=VECTOR('',#3772,10.);
#1040=VECTOR('',#3775,10.);
#1041=VECTOR('',#3776,10.);
#1042=VECTOR('',#3779,10.);
#1043=VECTOR('',#3782,10.);
#1044=VECTOR('',#3783,10.);
#1045=VECTOR('',#3786,10.);
#1046=VECTOR('',#3789,10.);
#1047=VECTOR('',#3790,10.);
#1048=VECTOR('',#3793,10.);
#1049=VECTOR('',#3796,10.);
#1050=VECTOR('',#3799,10.);
#1051=VECTOR('',#3800,10.);
#1052=VECTOR('',#3803,10.);
#1053=VECTOR('',#3806,10.);
#1054=VECTOR('',#3809,10.);
#1055=VECTOR('',#3810,10.);
#1056=VECTOR('',#3813,10.);
#1057=VECTOR('',#3816,10.);
#1058=VECTOR('',#3817,10.);
#1059=VECTOR('',#3820,10.);
#1060=VECTOR('',#3821,10.);
#1061=VECTOR('',#3824,10.);
#1062=VECTOR('',#3825,10.);
#1063=VECTOR('',#3828,10.);
#1064=VECTOR('',#3829,10.);
#1065=VECTOR('',#3832,10.);
#1066=VECTOR('',#3833,10.);
#1067=VECTOR('',#3834,10.);
#1068=VECTOR('',#3837,10.);
#1069=VECTOR('',#3838,10.);
#1070=VECTOR('',#3841,10.);
#1071=VECTOR('',#3846,10.);
#1072=VECTOR('',#3849,10.);
#1073=VECTOR('',#3854,10.);
#1074=VECTOR('',#3857,10.);
#1075=VECTOR('',#3860,10.);
#1076=VECTOR('',#3861,10.);
#1077=VECTOR('',#3866,10.);
#1078=VECTOR('',#3867,10.);
#1079=VECTOR('',#3868,10.);
#1080=VECTOR('',#3869,10.);
#1081=VECTOR('',#3870,10.);
#1082=VECTOR('',#3873,10.);
#1083=VECTOR('',#3874,10.);
#1084=VECTOR('',#3875,10.);
#1085=VECTOR('',#3876,10.);
#1086=VECTOR('',#3877,10.);
#1087=VECTOR('',#3878,10.);
#1088=VECTOR('',#3881,10.);
#1089=VECTOR('',#3882,10.);
#1090=VECTOR('',#3887,10.);
#1091=VECTOR('',#3890,10.);
#1092=VECTOR('',#3895,10.);
#1093=VECTOR('',#3896,10.);
#1094=VECTOR('',#3903,10.);
#1095=VECTOR('',#3906,10.);
#1096=VECTOR('',#3909,10.);
#1097=VECTOR('',#3910,10.);
#1098=VECTOR('',#3913,10.);
#1099=VECTOR('',#3914,10.);
#1100=VECTOR('',#3917,10.);
#1101=VECTOR('',#3920,10.);
#1102=VECTOR('',#3921,10.);
#1103=VECTOR('',#3922,10.);
#1104=VECTOR('',#3923,10.);
#1105=VECTOR('',#3924,10.);
#1106=VECTOR('',#3927,10.);
#1107=VECTOR('',#3928,10.);
#1108=VECTOR('',#3929,10.);
#1109=VECTOR('',#3930,10.);
#1110=VECTOR('',#3931,10.);
#1111=VECTOR('',#3934,2.);
#1112=VECTOR('',#3943,2.);
#1113=VECTOR('',#3952,2.);
#1114=VECTOR('',#3961,2.);
#1115=VECTOR('',#3970,10.);
#1116=VECTOR('',#3971,10.);
#1117=VECTOR('',#3972,10.);
#1118=VECTOR('',#3975,10.);
#1119=VECTOR('',#3976,10.);
#1120=VECTOR('',#3977,10.);
#1121=VECTOR('',#3980,10.);
#1122=VECTOR('',#3981,10.);
#1123=VECTOR('',#3982,10.);
#1124=VECTOR('',#3985,10.);
#1125=VECTOR('',#3986,10.);
#1126=VECTOR('',#3987,10.);
#1127=VECTOR('',#3990,10.);
#1128=VECTOR('',#3993,10.);
#1129=VECTOR('',#3996,10.);
#1130=VECTOR('',#3997,10.);
#1131=VECTOR('',#3998,10.);
#1132=VECTOR('',#4001,10.);
#1133=VECTOR('',#4002,10.);
#1134=VECTOR('',#4003,10.);
#1135=VECTOR('',#4004,10.);
#1136=VECTOR('',#4007,10.);
#1137=VECTOR('',#4010,10.);
#1138=VECTOR('',#4013,10.);
#1139=VECTOR('',#4014,10.);
#1140=VECTOR('',#4015,10.);
#1141=VECTOR('',#4018,10.);
#1142=VECTOR('',#4019,10.);
#1143=VECTOR('',#4020,10.);
#1144=VECTOR('',#4021,10.);
#1145=VECTOR('',#4028,10.);
#1146=VECTOR('',#4033,10.);
#1147=VECTOR('',#4038,10.);
#1148=VECTOR('',#4039,10.);
#1149=VECTOR('',#4040,10.);
#1150=VECTOR('',#4047,10.);
#1151=VECTOR('',#4052,10.);
#1152=VECTOR('',#4057,10.);
#1153=VECTOR('',#4058,10.);
#1154=VECTOR('',#4059,10.);
#1155=VECTOR('',#4066,10.);
#1156=VECTOR('',#4069,10.);
#1157=VECTOR('',#4074,10.);
#1158=VECTOR('',#4079,10.);
#1159=VECTOR('',#4080,10.);
#1160=VECTOR('',#4081,10.);
#1161=VECTOR('',#4082,10.);
#1162=VECTOR('',#4089,10.);
#1163=VECTOR('',#4096,10.);
#1164=VECTOR('',#4101,10.);
#1165=VECTOR('',#4102,10.);
#1166=VECTOR('',#4103,10.);
#1167=VECTOR('',#4108,10.);
#1168=VECTOR('',#4111,10.);
#1169=VECTOR('',#4114,10.);
#1170=VECTOR('',#4115,10.);
#1171=VECTOR('',#4116,10.);
#1172=VECTOR('',#4117,10.);
#1173=VECTOR('',#4118,10.);
#1174=VECTOR('',#4125,10.);
#1175=VECTOR('',#4126,10.);
#1176=VECTOR('',#4127,10.);
#1177=VECTOR('',#4130,10.);
#1178=VECTOR('',#4131,10.);
#1179=VECTOR('',#4134,10.);
#1180=VECTOR('',#4135,10.);
#1181=VECTOR('',#4138,10.);
#1182=VECTOR('',#4139,10.);
#1183=VECTOR('',#4140,10.);
#1184=VECTOR('',#4143,10.);
#1185=VECTOR('',#4144,10.);
#1186=VECTOR('',#4145,10.);
#1187=VECTOR('',#4146,10.);
#1188=VECTOR('',#4147,10.);
#1189=VECTOR('',#4150,10.);
#1190=VECTOR('',#4151,10.);
#1191=VECTOR('',#4156,10.);
#1192=VECTOR('',#4159,10.);
#1193=VECTOR('',#4160,10.);
#1194=VECTOR('',#4163,10.);
#1195=VECTOR('',#4164,10.);
#1196=VECTOR('',#4165,10.);
#1197=VECTOR('',#4168,10.);
#1198=VECTOR('',#4169,10.);
#1199=VECTOR('',#4172,10.);
#1200=VECTOR('',#4173,10.);
#1201=VECTOR('',#4174,10.);
#1202=VECTOR('',#4177,10.);
#1203=VECTOR('',#4180,10.);
#1204=VECTOR('',#4181,10.);
#1205=VECTOR('',#4182,10.);
#1206=VECTOR('',#4185,10.);
#1207=VECTOR('',#4186,10.);
#1208=VECTOR('',#4191,10.);
#1209=VECTOR('',#4194,10.);
#1210=VECTOR('',#4195,10.);
#1211=VECTOR('',#4198,10.);
#1212=VECTOR('',#4199,10.);
#1213=VECTOR('',#4202,10.);
#1214=VECTOR('',#4203,10.);
#1215=VECTOR('',#4204,10.);
#1216=VECTOR('',#4205,10.);
#1217=VECTOR('',#4206,10.);
#1218=VECTOR('',#4209,10.);
#1219=VECTOR('',#4210,10.);
#1220=VECTOR('',#4211,10.);
#1221=VECTOR('',#4214,10.);
#1222=VECTOR('',#4217,10.);
#1223=VECTOR('',#4218,10.);
#1224=VECTOR('',#4223,2.095);
#1225=VECTOR('',#4228,10.);
#1226=VECTOR('',#4229,10.);
#1227=VECTOR('',#4230,10.);
#1228=VECTOR('',#4233,10.);
#1229=VECTOR('',#4234,10.);
#1230=VECTOR('',#4237,10.);
#1231=VECTOR('',#4238,10.);
#1232=VECTOR('',#4243,10.);
#1233=VECTOR('',#4246,10.);
#1234=VECTOR('',#4247,10.);
#1235=VECTOR('',#4252,10.);
#1236=VECTOR('',#4255,10.);
#1237=VECTOR('',#4256,10.);
#1238=VECTOR('',#4259,10.);
#1239=VECTOR('',#4260,10.);
#1240=VECTOR('',#4263,10.);
#1241=VECTOR('',#4264,10.);
#1242=VECTOR('',#4265,10.);
#1243=VECTOR('',#4268,10.);
#1244=VECTOR('',#4269,10.);
#1245=VECTOR('',#4270,10.);
#1246=VECTOR('',#4273,10.);
#1247=VECTOR('',#4274,10.);
#1248=VECTOR('',#4275,10.);
#1249=VECTOR('',#4282,10.);
#1250=VECTOR('',#4285,10.);
#1251=VECTOR('',#4286,10.);
#1252=VECTOR('',#4287,10.);
#1253=VECTOR('',#4290,10.);
#1254=VECTOR('',#4291,10.);
#1255=VECTOR('',#4292,10.);
#1256=VECTOR('',#4299,10.);
#1257=VECTOR('',#4302,10.);
#1258=VECTOR('',#4303,10.);
#1259=VECTOR('',#4304,10.);
#1260=VECTOR('',#4307,10.);
#1261=VECTOR('',#4308,10.);
#1262=VECTOR('',#4309,10.);
#1263=VECTOR('',#4316,10.);
#1264=VECTOR('',#4319,10.);
#1265=VECTOR('',#4320,10.);
#1266=VERTEX_POINT('',#4327);
#1267=VERTEX_POINT('',#4328);
#1268=VERTEX_POINT('',#4330);
#1269=VERTEX_POINT('',#4332);
#1270=VERTEX_POINT('',#4336);
#1271=VERTEX_POINT('',#4338);
#1272=VERTEX_POINT('',#4342);
#1273=VERTEX_POINT('',#4344);
#1274=VERTEX_POINT('',#4348);
#1275=VERTEX_POINT('',#4350);
#1276=VERTEX_POINT('',#4354);
#1277=VERTEX_POINT('',#4356);
#1278=VERTEX_POINT('',#4363);
#1279=VERTEX_POINT('',#4364);
#1280=VERTEX_POINT('',#4368);
#1281=VERTEX_POINT('',#4369);
#1282=VERTEX_POINT('',#4371);
#1283=VERTEX_POINT('',#4373);
#1284=VERTEX_POINT('',#4377);
#1285=VERTEX_POINT('',#4379);
#1286=VERTEX_POINT('',#4383);
#1287=VERTEX_POINT('',#4385);
#1288=VERTEX_POINT('',#4389);
#1289=VERTEX_POINT('',#4391);
#1290=VERTEX_POINT('',#4395);
#1291=VERTEX_POINT('',#4397);
#1292=VERTEX_POINT('',#4404);
#1293=VERTEX_POINT('',#4405);
#1294=VERTEX_POINT('',#4409);
#1295=VERTEX_POINT('',#4410);
#1296=VERTEX_POINT('',#4412);
#1297=VERTEX_POINT('',#4414);
#1298=VERTEX_POINT('',#4418);
#1299=VERTEX_POINT('',#4420);
#1300=VERTEX_POINT('',#4424);
#1301=VERTEX_POINT('',#4426);
#1302=VERTEX_POINT('',#4430);
#1303=VERTEX_POINT('',#4432);
#1304=VERTEX_POINT('',#4436);
#1305=VERTEX_POINT('',#4438);
#1306=VERTEX_POINT('',#4445);
#1307=VERTEX_POINT('',#4446);
#1308=VERTEX_POINT('',#4450);
#1309=VERTEX_POINT('',#4451);
#1310=VERTEX_POINT('',#4453);
#1311=VERTEX_POINT('',#4455);
#1312=VERTEX_POINT('',#4459);
#1313=VERTEX_POINT('',#4461);
#1314=VERTEX_POINT('',#4465);
#1315=VERTEX_POINT('',#4467);
#1316=VERTEX_POINT('',#4471);
#1317=VERTEX_POINT('',#4473);
#1318=VERTEX_POINT('',#4477);
#1319=VERTEX_POINT('',#4479);
#1320=VERTEX_POINT('',#4486);
#1321=VERTEX_POINT('',#4487);
#1322=VERTEX_POINT('',#4491);
#1323=VERTEX_POINT('',#4492);
#1324=VERTEX_POINT('',#4494);
#1325=VERTEX_POINT('',#4496);
#1326=VERTEX_POINT('',#4500);
#1327=VERTEX_POINT('',#4502);
#1328=VERTEX_POINT('',#4506);
#1329=VERTEX_POINT('',#4508);
#1330=VERTEX_POINT('',#4515);
#1331=VERTEX_POINT('',#4516);
#1332=VERTEX_POINT('',#4518);
#1333=VERTEX_POINT('',#4520);
#1334=VERTEX_POINT('',#4524);
#1335=VERTEX_POINT('',#4525);
#1336=VERTEX_POINT('',#4527);
#1337=VERTEX_POINT('',#4529);
#1338=VERTEX_POINT('',#4533);
#1339=VERTEX_POINT('',#4534);
#1340=VERTEX_POINT('',#4536);
#1341=VERTEX_POINT('',#4538);
#1342=VERTEX_POINT('',#4542);
#1343=VERTEX_POINT('',#4543);
#1344=VERTEX_POINT('',#4545);
#1345=VERTEX_POINT('',#4547);
#1346=VERTEX_POINT('',#4551);
#1347=VERTEX_POINT('',#4553);
#1348=VERTEX_POINT('',#4557);
#1349=VERTEX_POINT('',#4559);
#1350=VERTEX_POINT('',#4566);
#1351=VERTEX_POINT('',#4567);
#1352=VERTEX_POINT('',#4569);
#1353=VERTEX_POINT('',#4571);
#1354=VERTEX_POINT('',#4575);
#1355=VERTEX_POINT('',#4576);
#1356=VERTEX_POINT('',#4578);
#1357=VERTEX_POINT('',#4580);
#1358=VERTEX_POINT('',#4584);
#1359=VERTEX_POINT('',#4585);
#1360=VERTEX_POINT('',#4587);
#1361=VERTEX_POINT('',#4589);
#1362=VERTEX_POINT('',#4593);
#1363=VERTEX_POINT('',#4595);
#1364=VERTEX_POINT('',#4599);
#1365=VERTEX_POINT('',#4601);
#1366=VERTEX_POINT('',#4608);
#1367=VERTEX_POINT('',#4609);
#1368=VERTEX_POINT('',#4611);
#1369=VERTEX_POINT('',#4613);
#1370=VERTEX_POINT('',#4617);
#1371=VERTEX_POINT('',#4618);
#1372=VERTEX_POINT('',#4620);
#1373=VERTEX_POINT('',#4622);
#1374=VERTEX_POINT('',#4626);
#1375=VERTEX_POINT('',#4627);
#1376=VERTEX_POINT('',#4629);
#1377=VERTEX_POINT('',#4631);
#1378=VERTEX_POINT('',#4635);
#1379=VERTEX_POINT('',#4636);
#1380=VERTEX_POINT('',#4638);
#1381=VERTEX_POINT('',#4640);
#1382=VERTEX_POINT('',#4644);
#1383=VERTEX_POINT('',#4646);
#1384=VERTEX_POINT('',#4650);
#1385=VERTEX_POINT('',#4652);
#1386=VERTEX_POINT('',#4659);
#1387=VERTEX_POINT('',#4661);
#1388=VERTEX_POINT('',#4663);
#1389=VERTEX_POINT('',#4665);
#1390=VERTEX_POINT('',#4667);
#1391=VERTEX_POINT('',#4671);
#1392=VERTEX_POINT('',#4673);
#1393=VERTEX_POINT('',#4675);
#1394=VERTEX_POINT('',#4677);
#1395=VERTEX_POINT('',#4679);
#1396=VERTEX_POINT('',#4686);
#1397=VERTEX_POINT('',#4688);
#1398=VERTEX_POINT('',#4690);
#1399=VERTEX_POINT('',#4692);
#1400=VERTEX_POINT('',#4694);
#1401=VERTEX_POINT('',#4698);
#1402=VERTEX_POINT('',#4700);
#1403=VERTEX_POINT('',#4702);
#1404=VERTEX_POINT('',#4704);
#1405=VERTEX_POINT('',#4706);
#1406=VERTEX_POINT('',#4710);
#1407=VERTEX_POINT('',#4712);
#1408=VERTEX_POINT('',#4714);
#1409=VERTEX_POINT('',#4716);
#1410=VERTEX_POINT('',#4718);
#1411=VERTEX_POINT('',#4725);
#1412=VERTEX_POINT('',#4729);
#1413=VERTEX_POINT('',#4737);
#1414=VERTEX_POINT('',#4749);
#1415=VERTEX_POINT('',#4753);
#1416=VERTEX_POINT('',#4755);
#1417=VERTEX_POINT('',#4763);
#1418=VERTEX_POINT('',#4765);
#1419=VERTEX_POINT('',#4767);
#1420=VERTEX_POINT('',#4769);
#1421=VERTEX_POINT('',#4773);
#1422=VERTEX_POINT('',#4775);
#1423=VERTEX_POINT('',#4777);
#1424=VERTEX_POINT('',#4779);
#1425=VERTEX_POINT('',#4781);
#1426=VERTEX_POINT('',#4785);
#1427=VERTEX_POINT('',#4787);
#1428=VERTEX_POINT('',#4793);
#1429=VERTEX_POINT('',#4797);
#1430=VERTEX_POINT('',#4799);
#1431=VERTEX_POINT('',#4803);
#1432=VERTEX_POINT('',#4809);
#1433=VERTEX_POINT('',#4813);
#1434=VERTEX_POINT('',#4819);
#1435=VERTEX_POINT('',#4821);
#1436=VERTEX_POINT('',#4823);
#1437=VERTEX_POINT('',#4825);
#1438=VERTEX_POINT('',#4829);
#1439=VERTEX_POINT('',#4831);
#1440=VERTEX_POINT('',#4833);
#1441=VERTEX_POINT('',#4835);
#1442=VERTEX_POINT('',#4839);
#1443=VERTEX_POINT('',#4841);
#1444=VERTEX_POINT('',#4846);
#1445=VERTEX_POINT('',#4848);
#1446=VERTEX_POINT('',#4853);
#1447=VERTEX_POINT('',#4855);
#1448=VERTEX_POINT('',#4860);
#1449=VERTEX_POINT('',#4862);
#1450=VERTEX_POINT('',#4867);
#1451=VERTEX_POINT('',#4869);
#1452=VERTEX_POINT('',#4873);
#1453=VERTEX_POINT('',#4875);
#1454=VERTEX_POINT('',#4879);
#1455=VERTEX_POINT('',#4881);
#1456=VERTEX_POINT('',#4885);
#1457=VERTEX_POINT('',#4887);
#1458=VERTEX_POINT('',#4891);
#1459=VERTEX_POINT('',#4893);
#1460=VERTEX_POINT('',#4897);
#1461=VERTEX_POINT('',#4899);
#1462=VERTEX_POINT('',#4903);
#1463=VERTEX_POINT('',#4905);
#1464=VERTEX_POINT('',#4907);
#1465=VERTEX_POINT('',#4911);
#1466=VERTEX_POINT('',#4913);
#1467=VERTEX_POINT('',#4917);
#1468=VERTEX_POINT('',#4919);
#1469=VERTEX_POINT('',#4923);
#1470=VERTEX_POINT('',#4925);
#1471=VERTEX_POINT('',#4927);
#1472=VERTEX_POINT('',#4931);
#1473=VERTEX_POINT('',#4932);
#1474=VERTEX_POINT('',#4934);
#1475=VERTEX_POINT('',#4938);
#1476=VERTEX_POINT('',#4939);
#1477=VERTEX_POINT('',#4941);
#1478=VERTEX_POINT('',#4945);
#1479=VERTEX_POINT('',#4947);
#1480=VERTEX_POINT('',#4951);
#1481=VERTEX_POINT('',#4952);
#1482=VERTEX_POINT('',#4954);
#1483=VERTEX_POINT('',#4958);
#1484=VERTEX_POINT('',#4959);
#1485=VERTEX_POINT('',#4961);
#1486=VERTEX_POINT('',#4965);
#1487=VERTEX_POINT('',#4967);
#1488=VERTEX_POINT('',#4971);
#1489=VERTEX_POINT('',#4974);
#1490=VERTEX_POINT('',#4976);
#1491=VERTEX_POINT('',#4980);
#1492=VERTEX_POINT('',#4985);
#1493=VERTEX_POINT('',#4987);
#1494=VERTEX_POINT('',#4989);
#1495=VERTEX_POINT('',#4995);
#1496=VERTEX_POINT('',#4999);
#1497=VERTEX_POINT('',#5005);
#1498=VERTEX_POINT('',#5014);
#1499=VERTEX_POINT('',#5016);
#1500=VERTEX_POINT('',#5018);
#1501=VERTEX_POINT('',#5020);
#1502=VERTEX_POINT('',#5026);
#1503=VERTEX_POINT('',#5028);
#1504=VERTEX_POINT('',#5032);
#1505=VERTEX_POINT('',#5036);
#1506=VERTEX_POINT('',#5040);
#1507=VERTEX_POINT('',#5042);
#1508=VERTEX_POINT('',#5046);
#1509=VERTEX_POINT('',#5047);
#1510=VERTEX_POINT('',#5049);
#1511=VERTEX_POINT('',#5052);
#1512=VERTEX_POINT('',#5056);
#1513=VERTEX_POINT('',#5060);
#1514=VERTEX_POINT('',#5064);
#1515=VERTEX_POINT('',#5068);
#1516=VERTEX_POINT('',#5070);
#1517=VERTEX_POINT('',#5074);
#1518=VERTEX_POINT('',#5078);
#1519=VERTEX_POINT('',#5080);
#1520=VERTEX_POINT('',#5086);
#1521=VERTEX_POINT('',#5088);
#1522=VERTEX_POINT('',#5092);
#1523=VERTEX_POINT('',#5096);
#1524=VERTEX_POINT('',#5100);
#1525=VERTEX_POINT('',#5104);
#1526=VERTEX_POINT('',#5108);
#1527=VERTEX_POINT('',#5110);
#1528=VERTEX_POINT('',#5112);
#1529=VERTEX_POINT('',#5114);
#1530=VERTEX_POINT('',#5118);
#1531=VERTEX_POINT('',#5120);
#1532=VERTEX_POINT('',#5122);
#1533=VERTEX_POINT('',#5124);
#1534=VERTEX_POINT('',#5126);
#1535=VERTEX_POINT('',#5128);
#1536=VERTEX_POINT('',#5130);
#1537=VERTEX_POINT('',#5133);
#1538=VERTEX_POINT('',#5136);
#1539=VERTEX_POINT('',#5140);
#1540=VERTEX_POINT('',#5142);
#1541=VERTEX_POINT('',#5146);
#1542=VERTEX_POINT('',#5150);
#1543=VERTEX_POINT('',#5154);
#1544=VERTEX_POINT('',#5158);
#1545=VERTEX_POINT('',#5162);
#1546=VERTEX_POINT('',#5166);
#1547=VERTEX_POINT('',#5170);
#1548=VERTEX_POINT('',#5174);
#1549=VERTEX_POINT('',#5176);
#1550=VERTEX_POINT('',#5180);
#1551=VERTEX_POINT('',#5182);
#1552=VERTEX_POINT('',#5186);
#1553=VERTEX_POINT('',#5188);
#1554=VERTEX_POINT('',#5192);
#1555=VERTEX_POINT('',#5194);
#1556=VERTEX_POINT('',#5198);
#1557=VERTEX_POINT('',#5200);
#1558=VERTEX_POINT('',#5204);
#1559=VERTEX_POINT('',#5206);
#1560=VERTEX_POINT('',#5210);
#1561=VERTEX_POINT('',#5212);
#1562=VERTEX_POINT('',#5216);
#1563=VERTEX_POINT('',#5218);
#1564=VERTEX_POINT('',#5222);
#1565=VERTEX_POINT('',#5224);
#1566=VERTEX_POINT('',#5228);
#1567=VERTEX_POINT('',#5230);
#1568=EDGE_CURVE('',#1266,#1267,#532,.T.);
#1569=EDGE_CURVE('',#1266,#1268,#533,.T.);
#1570=EDGE_CURVE('',#1269,#1268,#534,.T.);
#1571=EDGE_CURVE('',#1267,#1269,#535,.T.);
#1572=EDGE_CURVE('',#1267,#1270,#536,.T.);
#1573=EDGE_CURVE('',#1271,#1269,#537,.T.);
#1574=EDGE_CURVE('',#1270,#1271,#538,.T.);
#1575=EDGE_CURVE('',#1270,#1272,#539,.T.);
#1576=EDGE_CURVE('',#1273,#1271,#540,.T.);
#1577=EDGE_CURVE('',#1272,#1273,#541,.T.);
#1578=EDGE_CURVE('',#1272,#1274,#542,.T.);
#1579=EDGE_CURVE('',#1275,#1273,#543,.T.);
#1580=EDGE_CURVE('',#1274,#1275,#544,.T.);
#1581=EDGE_CURVE('',#1274,#1276,#545,.T.);
#1582=EDGE_CURVE('',#1277,#1275,#546,.T.);
#1583=EDGE_CURVE('',#1276,#1277,#547,.T.);
#1584=EDGE_CURVE('',#1276,#1266,#548,.T.);
#1585=EDGE_CURVE('',#1268,#1277,#549,.T.);
#1586=EDGE_CURVE('',#1278,#1279,#112,.T.);
#1587=EDGE_CURVE('',#1279,#1278,#113,.T.);
#1588=EDGE_CURVE('',#1280,#1281,#550,.T.);
#1589=EDGE_CURVE('',#1280,#1282,#551,.T.);
#1590=EDGE_CURVE('',#1283,#1282,#552,.T.);
#1591=EDGE_CURVE('',#1281,#1283,#553,.T.);
#1592=EDGE_CURVE('',#1281,#1284,#554,.T.);
#1593=EDGE_CURVE('',#1285,#1283,#555,.T.);
#1594=EDGE_CURVE('',#1284,#1285,#556,.T.);
#1595=EDGE_CURVE('',#1284,#1286,#557,.T.);
#1596=EDGE_CURVE('',#1287,#1285,#558,.T.);
#1597=EDGE_CURVE('',#1286,#1287,#559,.T.);
#1598=EDGE_CURVE('',#1286,#1288,#560,.T.);
#1599=EDGE_CURVE('',#1289,#1287,#561,.T.);
#1600=EDGE_CURVE('',#1288,#1289,#562,.T.);
#1601=EDGE_CURVE('',#1288,#1290,#563,.T.);
#1602=EDGE_CURVE('',#1291,#1289,#564,.T.);
#1603=EDGE_CURVE('',#1290,#1291,#565,.T.);
#1604=EDGE_CURVE('',#1290,#1280,#566,.T.);
#1605=EDGE_CURVE('',#1282,#1291,#567,.T.);
#1606=EDGE_CURVE('',#1292,#1293,#114,.T.);
#1607=EDGE_CURVE('',#1293,#1292,#115,.T.);
#1608=EDGE_CURVE('',#1294,#1295,#568,.T.);
#1609=EDGE_CURVE('',#1294,#1296,#569,.T.);
#1610=EDGE_CURVE('',#1297,#1296,#570,.T.);
#1611=EDGE_CURVE('',#1295,#1297,#571,.T.);
#1612=EDGE_CURVE('',#1295,#1298,#572,.T.);
#1613=EDGE_CURVE('',#1299,#1297,#573,.T.);
#1614=EDGE_CURVE('',#1298,#1299,#574,.T.);
#1615=EDGE_CURVE('',#1298,#1300,#575,.T.);
#1616=EDGE_CURVE('',#1301,#1299,#576,.T.);
#1617=EDGE_CURVE('',#1300,#1301,#577,.T.);
#1618=EDGE_CURVE('',#1300,#1302,#578,.T.);
#1619=EDGE_CURVE('',#1303,#1301,#579,.T.);
#1620=EDGE_CURVE('',#1302,#1303,#580,.T.);
#1621=EDGE_CURVE('',#1302,#1304,#581,.T.);
#1622=EDGE_CURVE('',#1305,#1303,#582,.T.);
#1623=EDGE_CURVE('',#1304,#1305,#583,.T.);
#1624=EDGE_CURVE('',#1304,#1294,#584,.T.);
#1625=EDGE_CURVE('',#1296,#1305,#585,.T.);
#1626=EDGE_CURVE('',#1306,#1307,#116,.T.);
#1627=EDGE_CURVE('',#1307,#1306,#117,.T.);
#1628=EDGE_CURVE('',#1308,#1309,#586,.T.);
#1629=EDGE_CURVE('',#1308,#1310,#587,.T.);
#1630=EDGE_CURVE('',#1311,#1310,#588,.T.);
#1631=EDGE_CURVE('',#1309,#1311,#589,.T.);
#1632=EDGE_CURVE('',#1309,#1312,#590,.T.);
#1633=EDGE_CURVE('',#1313,#1311,#591,.T.);
#1634=EDGE_CURVE('',#1312,#1313,#592,.T.);
#1635=EDGE_CURVE('',#1312,#1314,#593,.T.);
#1636=EDGE_CURVE('',#1315,#1313,#594,.T.);
#1637=EDGE_CURVE('',#1314,#1315,#595,.T.);
#1638=EDGE_CURVE('',#1314,#1316,#596,.T.);
#1639=EDGE_CURVE('',#1317,#1315,#597,.T.);
#1640=EDGE_CURVE('',#1316,#1317,#598,.T.);
#1641=EDGE_CURVE('',#1316,#1318,#599,.T.);
#1642=EDGE_CURVE('',#1319,#1317,#600,.T.);
#1643=EDGE_CURVE('',#1318,#1319,#601,.T.);
#1644=EDGE_CURVE('',#1318,#1308,#602,.T.);
#1645=EDGE_CURVE('',#1310,#1319,#603,.T.);
#1646=EDGE_CURVE('',#1320,#1321,#118,.T.);
#1647=EDGE_CURVE('',#1321,#1320,#119,.T.);
#1648=EDGE_CURVE('',#1322,#1323,#604,.T.);
#1649=EDGE_CURVE('',#1324,#1322,#605,.T.);
#1650=EDGE_CURVE('',#1325,#1324,#606,.T.);
#1651=EDGE_CURVE('',#1325,#1323,#607,.T.);
#1652=EDGE_CURVE('',#1323,#1326,#120,.T.);
#1653=EDGE_CURVE('',#1327,#1325,#121,.T.);
#1654=EDGE_CURVE('',#1327,#1326,#608,.T.);
#1655=EDGE_CURVE('',#1326,#1328,#609,.T.);
#1656=EDGE_CURVE('',#1329,#1327,#610,.T.);
#1657=EDGE_CURVE('',#1329,#1328,#611,.T.);
#1658=EDGE_CURVE('',#1328,#1322,#122,.T.);
#1659=EDGE_CURVE('',#1324,#1329,#123,.T.);
#1660=EDGE_CURVE('',#1330,#1331,#612,.T.);
#1661=EDGE_CURVE('',#1332,#1330,#613,.T.);
#1662=EDGE_CURVE('',#1333,#1332,#614,.T.);
#1663=EDGE_CURVE('',#1331,#1333,#615,.T.);
#1664=EDGE_CURVE('',#1334,#1335,#616,.T.);
#1665=EDGE_CURVE('',#1336,#1334,#617,.T.);
#1666=EDGE_CURVE('',#1337,#1336,#618,.T.);
#1667=EDGE_CURVE('',#1335,#1337,#619,.T.);
#1668=EDGE_CURVE('',#1338,#1339,#620,.T.);
#1669=EDGE_CURVE('',#1340,#1338,#621,.T.);
#1670=EDGE_CURVE('',#1341,#1340,#622,.T.);
#1671=EDGE_CURVE('',#1339,#1341,#623,.T.);
#1672=EDGE_CURVE('',#1342,#1343,#624,.T.);
#1673=EDGE_CURVE('',#1344,#1342,#625,.T.);
#1674=EDGE_CURVE('',#1345,#1344,#626,.T.);
#1675=EDGE_CURVE('',#1345,#1343,#627,.T.);
#1676=EDGE_CURVE('',#1343,#1346,#124,.T.);
#1677=EDGE_CURVE('',#1347,#1345,#125,.T.);
#1678=EDGE_CURVE('',#1347,#1346,#628,.T.);
#1679=EDGE_CURVE('',#1346,#1348,#629,.T.);
#1680=EDGE_CURVE('',#1349,#1347,#630,.T.);
#1681=EDGE_CURVE('',#1349,#1348,#631,.T.);
#1682=EDGE_CURVE('',#1348,#1342,#126,.T.);
#1683=EDGE_CURVE('',#1344,#1349,#127,.T.);
#1684=EDGE_CURVE('',#1350,#1351,#632,.T.);
#1685=EDGE_CURVE('',#1352,#1350,#633,.T.);
#1686=EDGE_CURVE('',#1353,#1352,#634,.T.);
#1687=EDGE_CURVE('',#1351,#1353,#635,.T.);
#1688=EDGE_CURVE('',#1354,#1355,#636,.T.);
#1689=EDGE_CURVE('',#1356,#1354,#637,.T.);
#1690=EDGE_CURVE('',#1357,#1356,#638,.T.);
#1691=EDGE_CURVE('',#1355,#1357,#639,.T.);
#1692=EDGE_CURVE('',#1358,#1359,#128,.T.);
#1693=EDGE_CURVE('',#1360,#1358,#640,.T.);
#1694=EDGE_CURVE('',#1361,#1360,#129,.T.);
#1695=EDGE_CURVE('',#1361,#1359,#641,.T.);
#1696=EDGE_CURVE('',#1362,#1358,#642,.T.);
#1697=EDGE_CURVE('',#1363,#1362,#643,.T.);
#1698=EDGE_CURVE('',#1360,#1363,#644,.T.);
#1699=EDGE_CURVE('',#1364,#1362,#130,.T.);
#1700=EDGE_CURVE('',#1365,#1364,#645,.T.);
#1701=EDGE_CURVE('',#1363,#1365,#131,.T.);
#1702=EDGE_CURVE('',#1359,#1364,#646,.T.);
#1703=EDGE_CURVE('',#1365,#1361,#647,.T.);
#1704=EDGE_CURVE('',#1366,#1367,#648,.T.);
#1705=EDGE_CURVE('',#1368,#1366,#649,.T.);
#1706=EDGE_CURVE('',#1369,#1368,#650,.T.);
#1707=EDGE_CURVE('',#1367,#1369,#651,.T.);
#1708=EDGE_CURVE('',#1370,#1371,#652,.T.);
#1709=EDGE_CURVE('',#1372,#1370,#653,.T.);
#1710=EDGE_CURVE('',#1373,#1372,#654,.T.);
#1711=EDGE_CURVE('',#1371,#1373,#655,.T.);
#1712=EDGE_CURVE('',#1374,#1375,#656,.T.);
#1713=EDGE_CURVE('',#1376,#1374,#657,.T.);
#1714=EDGE_CURVE('',#1377,#1376,#658,.T.);
#1715=EDGE_CURVE('',#1375,#1377,#659,.T.);
#1716=EDGE_CURVE('',#1378,#1379,#132,.T.);
#1717=EDGE_CURVE('',#1380,#1378,#660,.T.);
#1718=EDGE_CURVE('',#1381,#1380,#133,.T.);
#1719=EDGE_CURVE('',#1381,#1379,#661,.T.);
#1720=EDGE_CURVE('',#1382,#1378,#662,.T.);
#1721=EDGE_CURVE('',#1383,#1382,#663,.T.);
#1722=EDGE_CURVE('',#1380,#1383,#664,.T.);
#1723=EDGE_CURVE('',#1384,#1382,#134,.T.);
#1724=EDGE_CURVE('',#1385,#1384,#665,.T.);
#1725=EDGE_CURVE('',#1383,#1385,#135,.T.);
#1726=EDGE_CURVE('',#1379,#1384,#666,.T.);
#1727=EDGE_CURVE('',#1385,#1381,#667,.T.);
#1728=EDGE_CURVE('',#1333,#1386,#668,.T.);
#1729=EDGE_CURVE('',#1386,#1387,#136,.T.);
#1730=EDGE_CURVE('',#1388,#1387,#669,.T.);
#1731=EDGE_CURVE('',#1389,#1388,#670,.T.);
#1732=EDGE_CURVE('',#1389,#1390,#137,.T.);
#1733=EDGE_CURVE('',#1390,#1331,#671,.T.);
#1734=EDGE_CURVE('',#1391,#1341,#672,.T.);
#1735=EDGE_CURVE('',#1392,#1391,#138,.T.);
#1736=EDGE_CURVE('',#1393,#1392,#673,.T.);
#1737=EDGE_CURVE('',#1394,#1393,#674,.T.);
#1738=EDGE_CURVE('',#1395,#1394,#139,.T.);
#1739=EDGE_CURVE('',#1339,#1395,#675,.T.);
#1740=EDGE_CURVE('',#1337,#1356,#676,.T.);
#1741=EDGE_CURVE('',#1335,#1354,#677,.T.);
#1742=EDGE_CURVE('',#1396,#1357,#678,.T.);
#1743=EDGE_CURVE('',#1397,#1396,#140,.T.);
#1744=EDGE_CURVE('',#1398,#1397,#679,.T.);
#1745=EDGE_CURVE('',#1399,#1398,#680,.T.);
#1746=EDGE_CURVE('',#1400,#1399,#141,.T.);
#1747=EDGE_CURVE('',#1355,#1400,#681,.T.);
#1748=EDGE_CURVE('',#1401,#1366,#682,.T.);
#1749=EDGE_CURVE('',#1402,#1401,#142,.T.);
#1750=EDGE_CURVE('',#1403,#1402,#683,.T.);
#1751=EDGE_CURVE('',#1404,#1403,#684,.T.);
#1752=EDGE_CURVE('',#1405,#1404,#143,.T.);
#1753=EDGE_CURVE('',#1368,#1405,#685,.T.);
#1754=EDGE_CURVE('',#1377,#1406,#686,.T.);
#1755=EDGE_CURVE('',#1406,#1407,#144,.T.);
#1756=EDGE_CURVE('',#1408,#1407,#687,.T.);
#1757=EDGE_CURVE('',#1409,#1408,#688,.T.);
#1758=EDGE_CURVE('',#1409,#1410,#145,.T.);
#1759=EDGE_CURVE('',#1410,#1375,#689,.T.);
#1760=EDGE_CURVE('',#1376,#1373,#690,.T.);
#1761=EDGE_CURVE('',#1374,#1371,#691,.T.);
#1762=EDGE_CURVE('',#1411,#1400,#692,.T.);
#1763=EDGE_CURVE('',#1334,#1411,#693,.T.);
#1764=EDGE_CURVE('',#1410,#1412,#694,.T.);
#1765=EDGE_CURVE('',#1412,#1370,#695,.T.);
#1766=EDGE_CURVE('',#1332,#1369,#696,.T.);
#1767=EDGE_CURVE('',#1386,#1405,#697,.T.);
#1768=EDGE_CURVE('',#1353,#1340,#698,.T.);
#1769=EDGE_CURVE('',#1413,#1352,#699,.T.);
#1770=EDGE_CURVE('',#1413,#1391,#700,.T.);
#1771=EDGE_CURVE('',#1390,#1401,#701,.T.);
#1772=EDGE_CURVE('',#1402,#1389,#702,.T.);
#1773=EDGE_CURVE('',#1330,#1367,#703,.T.);
#1774=EDGE_CURVE('',#1387,#1404,#704,.T.);
#1775=EDGE_CURVE('',#1392,#1414,#705,.T.);
#1776=EDGE_CURVE('',#1414,#1413,#146,.T.);
#1777=EDGE_CURVE('',#1415,#1394,#706,.T.);
#1778=EDGE_CURVE('',#1416,#1415,#147,.T.);
#1779=EDGE_CURVE('',#1416,#1395,#707,.T.);
#1780=EDGE_CURVE('',#1350,#1416,#708,.T.);
#1781=EDGE_CURVE('',#1351,#1338,#709,.T.);
#1782=EDGE_CURVE('',#1403,#1417,#710,.T.);
#1783=EDGE_CURVE('',#1418,#1417,#711,.T.);
#1784=EDGE_CURVE('',#1419,#1418,#712,.T.);
#1785=EDGE_CURVE('',#1420,#1419,#713,.T.);
#1786=EDGE_CURVE('',#1420,#1388,#714,.T.);
#1787=EDGE_CURVE('',#1414,#1421,#715,.T.);
#1788=EDGE_CURVE('',#1422,#1421,#716,.T.);
#1789=EDGE_CURVE('',#1423,#1422,#717,.T.);
#1790=EDGE_CURVE('',#1424,#1423,#718,.T.);
#1791=EDGE_CURVE('',#1425,#1424,#719,.T.);
#1792=EDGE_CURVE('',#1393,#1425,#720,.T.);
#1793=EDGE_CURVE('',#1397,#1426,#721,.T.);
#1794=EDGE_CURVE('',#1427,#1396,#722,.T.);
#1795=EDGE_CURVE('',#1426,#1427,#148,.T.);
#1796=EDGE_CURVE('',#1427,#1336,#723,.T.);
#1797=EDGE_CURVE('',#1428,#1399,#724,.T.);
#1798=EDGE_CURVE('',#1411,#1428,#149,.T.);
#1799=EDGE_CURVE('',#1407,#1429,#725,.T.);
#1800=EDGE_CURVE('',#1406,#1430,#726,.T.);
#1801=EDGE_CURVE('',#1430,#1429,#150,.T.);
#1802=EDGE_CURVE('',#1431,#1412,#151,.T.);
#1803=EDGE_CURVE('',#1431,#1409,#727,.T.);
#1804=EDGE_CURVE('',#1372,#1430,#728,.T.);
#1805=EDGE_CURVE('',#1432,#1428,#729,.T.);
#1806=EDGE_CURVE('',#1426,#1432,#730,.T.);
#1807=EDGE_CURVE('',#1433,#1431,#731,.T.);
#1808=EDGE_CURVE('',#1429,#1433,#732,.T.);
#1809=EDGE_CURVE('',#1421,#1415,#733,.T.);
#1810=EDGE_CURVE('',#1432,#1434,#734,.T.);
#1811=EDGE_CURVE('',#1435,#1434,#735,.T.);
#1812=EDGE_CURVE('',#1436,#1435,#736,.T.);
#1813=EDGE_CURVE('',#1437,#1436,#737,.T.);
#1814=EDGE_CURVE('',#1437,#1398,#738,.T.);
#1815=EDGE_CURVE('',#1438,#1433,#739,.T.);
#1816=EDGE_CURVE('',#1439,#1438,#740,.T.);
#1817=EDGE_CURVE('',#1440,#1439,#741,.T.);
#1818=EDGE_CURVE('',#1441,#1440,#742,.T.);
#1819=EDGE_CURVE('',#1408,#1441,#743,.T.);
#1820=EDGE_CURVE('',#1279,#1442,#744,.T.);
#1821=EDGE_CURVE('',#1442,#1443,#152,.T.);
#1822=EDGE_CURVE('',#1443,#1442,#153,.T.);
#1823=EDGE_CURVE('',#1321,#1444,#745,.T.);
#1824=EDGE_CURVE('',#1444,#1445,#154,.T.);
#1825=EDGE_CURVE('',#1445,#1444,#155,.T.);
#1826=EDGE_CURVE('',#1307,#1446,#746,.T.);
#1827=EDGE_CURVE('',#1446,#1447,#156,.T.);
#1828=EDGE_CURVE('',#1447,#1446,#157,.T.);
#1829=EDGE_CURVE('',#1293,#1448,#747,.T.);
#1830=EDGE_CURVE('',#1448,#1449,#158,.T.);
#1831=EDGE_CURVE('',#1449,#1448,#159,.T.);
#1832=EDGE_CURVE('',#1450,#1420,#748,.T.);
#1833=EDGE_CURVE('',#1451,#1450,#749,.T.);
#1834=EDGE_CURVE('',#1417,#1451,#750,.T.);
#1835=EDGE_CURVE('',#1452,#1437,#751,.T.);
#1836=EDGE_CURVE('',#1453,#1452,#752,.T.);
#1837=EDGE_CURVE('',#1434,#1453,#753,.T.);
#1838=EDGE_CURVE('',#1454,#1441,#754,.T.);
#1839=EDGE_CURVE('',#1455,#1454,#755,.T.);
#1840=EDGE_CURVE('',#1438,#1455,#756,.T.);
#1841=EDGE_CURVE('',#1456,#1425,#757,.T.);
#1842=EDGE_CURVE('',#1457,#1456,#758,.T.);
#1843=EDGE_CURVE('',#1422,#1457,#759,.T.);
#1844=EDGE_CURVE('',#1452,#1458,#760,.T.);
#1845=EDGE_CURVE('',#1458,#1459,#160,.T.);
#1846=EDGE_CURVE('',#1459,#1453,#761,.T.);
#1847=EDGE_CURVE('',#1460,#1436,#762,.T.);
#1848=EDGE_CURVE('',#1460,#1461,#763,.T.);
#1849=EDGE_CURVE('',#1458,#1461,#764,.T.);
#1850=EDGE_CURVE('',#1462,#1419,#765,.T.);
#1851=EDGE_CURVE('',#1463,#1462,#766,.T.);
#1852=EDGE_CURVE('',#1463,#1464,#767,.T.);
#1853=EDGE_CURVE('',#1450,#1464,#768,.T.);
#1854=EDGE_CURVE('',#1456,#1465,#769,.T.);
#1855=EDGE_CURVE('',#1465,#1466,#161,.T.);
#1856=EDGE_CURVE('',#1466,#1457,#770,.T.);
#1857=EDGE_CURVE('',#1467,#1424,#771,.T.);
#1858=EDGE_CURVE('',#1467,#1468,#772,.T.);
#1859=EDGE_CURVE('',#1465,#1468,#773,.T.);
#1860=EDGE_CURVE('',#1469,#1440,#774,.T.);
#1861=EDGE_CURVE('',#1470,#1469,#775,.T.);
#1862=EDGE_CURVE('',#1470,#1471,#776,.T.);
#1863=EDGE_CURVE('',#1454,#1471,#777,.T.);
#1864=EDGE_CURVE('',#1472,#1473,#162,.T.);
#1865=EDGE_CURVE('',#1473,#1474,#163,.T.);
#1866=EDGE_CURVE('',#1474,#1472,#778,.T.);
#1867=EDGE_CURVE('',#1475,#1476,#164,.T.);
#1868=EDGE_CURVE('',#1476,#1477,#779,.T.);
#1869=EDGE_CURVE('',#1477,#1475,#165,.T.);
#1870=EDGE_CURVE('',#1478,#1459,#780,.T.);
#1871=EDGE_CURVE('',#1479,#1478,#781,.T.);
#1872=EDGE_CURVE('',#1479,#1435,#782,.T.);
#1873=EDGE_CURVE('',#1480,#1481,#166,.T.);
#1874=EDGE_CURVE('',#1481,#1482,#167,.T.);
#1875=EDGE_CURVE('',#1482,#1480,#783,.T.);
#1876=EDGE_CURVE('',#1483,#1484,#168,.T.);
#1877=EDGE_CURVE('',#1484,#1485,#784,.T.);
#1878=EDGE_CURVE('',#1485,#1483,#169,.T.);
#1879=EDGE_CURVE('',#1486,#1466,#785,.T.);
#1880=EDGE_CURVE('',#1487,#1486,#786,.T.);
#1881=EDGE_CURVE('',#1487,#1423,#787,.T.);
#1882=EDGE_CURVE('',#1464,#1488,#170,.T.);
#1883=EDGE_CURVE('',#1463,#1484,#171,.T.);
#1884=EDGE_CURVE('',#1489,#1483,#788,.T.);
#1885=EDGE_CURVE('',#1489,#1490,#172,.T.);
#1886=EDGE_CURVE('',#1488,#1490,#789,.T.);
#1887=EDGE_CURVE('',#1468,#1491,#173,.T.);
#1888=EDGE_CURVE('',#1491,#1481,#790,.T.);
#1889=EDGE_CURVE('',#1480,#1486,#174,.T.);
#1890=EDGE_CURVE('',#1492,#1455,#791,.T.);
#1891=EDGE_CURVE('',#1492,#1493,#792,.T.);
#1892=EDGE_CURVE('',#1493,#1494,#793,.T.);
#1893=EDGE_CURVE('',#1439,#1494,#794,.T.);
#1894=EDGE_CURVE('',#1471,#1492,#175,.T.);
#1895=EDGE_CURVE('',#1470,#1476,#176,.T.);
#1896=EDGE_CURVE('',#1495,#1475,#795,.T.);
#1897=EDGE_CURVE('',#1495,#1493,#177,.T.);
#1898=EDGE_CURVE('',#1461,#1496,#178,.T.);
#1899=EDGE_CURVE('',#1496,#1473,#796,.T.);
#1900=EDGE_CURVE('',#1472,#1478,#179,.T.);
#1901=EDGE_CURVE('',#1488,#1451,#797,.T.);
#1902=EDGE_CURVE('',#1490,#1497,#798,.T.);
#1903=EDGE_CURVE('',#1418,#1497,#799,.T.);
#1904=EDGE_CURVE('',#1495,#1496,#180,.T.);
#1905=EDGE_CURVE('',#1497,#1460,#800,.T.);
#1906=EDGE_CURVE('',#1489,#1491,#181,.T.);
#1907=EDGE_CURVE('',#1494,#1467,#801,.T.);
#1908=EDGE_CURVE('',#1498,#1479,#802,.T.);
#1909=EDGE_CURVE('',#1499,#1498,#803,.T.);
#1910=EDGE_CURVE('',#1500,#1499,#804,.T.);
#1911=EDGE_CURVE('',#1501,#1500,#805,.T.);
#1912=EDGE_CURVE('',#1462,#1501,#806,.T.);
#1913=EDGE_CURVE('',#1480,#1502,#807,.T.);
#1914=EDGE_CURVE('',#1502,#1503,#808,.T.);
#1915=EDGE_CURVE('',#1503,#1487,#809,.T.);
#1916=EDGE_CURVE('',#1501,#1504,#810,.T.);
#1917=EDGE_CURVE('',#1504,#1484,#811,.T.);
#1918=EDGE_CURVE('',#1472,#1505,#812,.T.);
#1919=EDGE_CURVE('',#1505,#1498,#813,.T.);
#1920=EDGE_CURVE('',#1469,#1506,#814,.T.);
#1921=EDGE_CURVE('',#1506,#1507,#815,.T.);
#1922=EDGE_CURVE('',#1507,#1476,#816,.T.);
#1923=EDGE_CURVE('',#1508,#1509,#817,.T.);
#1924=EDGE_CURVE('',#1510,#1508,#818,.T.);
#1925=EDGE_CURVE('',#1510,#1507,#819,.T.);
#1926=EDGE_CURVE('',#1511,#1506,#820,.T.);
#1927=EDGE_CURVE('',#1509,#1511,#821,.T.);
#1928=EDGE_CURVE('',#1512,#1510,#822,.T.);
#1929=EDGE_CURVE('',#1512,#1477,#823,.T.);
#1930=EDGE_CURVE('',#1513,#1512,#182,.T.);
#1931=EDGE_CURVE('',#1513,#1474,#824,.T.);
#1932=EDGE_CURVE('',#1514,#1513,#825,.T.);
#1933=EDGE_CURVE('',#1514,#1505,#826,.T.);
#1934=EDGE_CURVE('',#1515,#1514,#827,.T.);
#1935=EDGE_CURVE('',#1516,#1515,#828,.T.);
#1936=EDGE_CURVE('',#1499,#1516,#829,.T.);
#1937=EDGE_CURVE('',#1517,#1516,#830,.T.);
#1938=EDGE_CURVE('',#1517,#1500,#831,.T.);
#1939=EDGE_CURVE('',#1509,#1518,#832,.T.);
#1940=EDGE_CURVE('',#1511,#1519,#833,.T.);
#1941=EDGE_CURVE('',#1519,#1518,#834,.T.);
#1942=EDGE_CURVE('',#1519,#1503,#835,.T.);
#1943=EDGE_CURVE('',#1518,#1520,#836,.T.);
#1944=EDGE_CURVE('',#1521,#1502,#837,.T.);
#1945=EDGE_CURVE('',#1520,#1521,#838,.T.);
#1946=EDGE_CURVE('',#1521,#1522,#839,.T.);
#1947=EDGE_CURVE('',#1522,#1482,#840,.T.);
#1948=EDGE_CURVE('',#1522,#1523,#183,.T.);
#1949=EDGE_CURVE('',#1523,#1485,#841,.T.);
#1950=EDGE_CURVE('',#1523,#1524,#842,.T.);
#1951=EDGE_CURVE('',#1524,#1504,#843,.T.);
#1952=EDGE_CURVE('',#1524,#1525,#844,.T.);
#1953=EDGE_CURVE('',#1525,#1517,#845,.T.);
#1954=EDGE_CURVE('',#1526,#1520,#846,.T.);
#1955=EDGE_CURVE('',#1527,#1526,#847,.T.);
#1956=EDGE_CURVE('',#1527,#1528,#848,.T.);
#1957=EDGE_CURVE('',#1528,#1529,#849,.T.);
#1958=EDGE_CURVE('',#1508,#1529,#850,.T.);
#1959=EDGE_CURVE('',#1525,#1530,#851,.T.);
#1960=EDGE_CURVE('',#1530,#1531,#852,.T.);
#1961=EDGE_CURVE('',#1531,#1532,#853,.T.);
#1962=EDGE_CURVE('',#1532,#1533,#184,.T.);
#1963=EDGE_CURVE('',#1533,#1534,#854,.T.);
#1964=EDGE_CURVE('',#1534,#1535,#185,.T.);
#1965=EDGE_CURVE('',#1535,#1536,#855,.T.);
#1966=EDGE_CURVE('',#1536,#1526,#856,.T.);
#1967=EDGE_CURVE('',#1537,#1537,#186,.T.);
#1968=EDGE_CURVE('',#1537,#1538,#857,.T.);
#1969=EDGE_CURVE('',#1538,#1538,#187,.T.);
#1970=EDGE_CURVE('',#1528,#1539,#858,.T.);
#1971=EDGE_CURVE('',#1539,#1540,#859,.T.);
#1972=EDGE_CURVE('',#1529,#1540,#860,.T.);
#1973=EDGE_CURVE('',#1541,#1527,#861,.T.);
#1974=EDGE_CURVE('',#1541,#1536,#862,.T.);
#1975=EDGE_CURVE('',#1542,#1541,#863,.T.);
#1976=EDGE_CURVE('',#1542,#1535,#864,.T.);
#1977=EDGE_CURVE('',#1543,#1542,#188,.T.);
#1978=EDGE_CURVE('',#1543,#1534,#865,.T.);
#1979=EDGE_CURVE('',#1544,#1543,#866,.T.);
#1980=EDGE_CURVE('',#1544,#1533,#867,.T.);
#1981=EDGE_CURVE('',#1545,#1544,#189,.T.);
#1982=EDGE_CURVE('',#1545,#1532,#868,.T.);
#1983=EDGE_CURVE('',#1546,#1545,#869,.T.);
#1984=EDGE_CURVE('',#1546,#1531,#870,.T.);
#1985=EDGE_CURVE('',#1547,#1546,#871,.T.);
#1986=EDGE_CURVE('',#1547,#1530,#872,.T.);
#1987=EDGE_CURVE('',#1548,#1515,#873,.T.);
#1988=EDGE_CURVE('',#1549,#1548,#874,.T.);
#1989=EDGE_CURVE('',#1549,#1547,#875,.T.);
#1990=EDGE_CURVE('',#1550,#1549,#876,.T.);
#1991=EDGE_CURVE('',#1551,#1548,#877,.T.);
#1992=EDGE_CURVE('',#1550,#1551,#878,.T.);
#1993=EDGE_CURVE('',#1552,#1550,#879,.T.);
#1994=EDGE_CURVE('',#1553,#1551,#880,.T.);
#1995=EDGE_CURVE('',#1552,#1553,#881,.T.);
#1996=EDGE_CURVE('',#1554,#1552,#190,.T.);
#1997=EDGE_CURVE('',#1555,#1553,#191,.T.);
#1998=EDGE_CURVE('',#1554,#1555,#882,.T.);
#1999=EDGE_CURVE('',#1556,#1554,#883,.T.);
#2000=EDGE_CURVE('',#1557,#1555,#884,.T.);
#2001=EDGE_CURVE('',#1556,#1557,#885,.T.);
#2002=EDGE_CURVE('',#1558,#1556,#886,.T.);
#2003=EDGE_CURVE('',#1559,#1557,#887,.T.);
#2004=EDGE_CURVE('',#1558,#1559,#888,.T.);
#2005=EDGE_CURVE('',#1560,#1558,#192,.T.);
#2006=EDGE_CURVE('',#1561,#1559,#193,.T.);
#2007=EDGE_CURVE('',#1560,#1561,#889,.T.);
#2008=EDGE_CURVE('',#1562,#1560,#890,.T.);
#2009=EDGE_CURVE('',#1563,#1561,#891,.T.);
#2010=EDGE_CURVE('',#1562,#1563,#892,.T.);
#2011=EDGE_CURVE('',#1564,#1562,#893,.T.);
#2012=EDGE_CURVE('',#1565,#1563,#894,.T.);
#2013=EDGE_CURVE('',#1564,#1565,#895,.T.);
#2014=EDGE_CURVE('',#1566,#1564,#194,.T.);
#2015=EDGE_CURVE('',#1567,#1565,#195,.T.);
#2016=EDGE_CURVE('',#1566,#1567,#896,.T.);
#2017=EDGE_CURVE('',#1539,#1566,#897,.T.);
#2018=EDGE_CURVE('',#1540,#1567,#898,.T.);
#2019=ORIENTED_EDGE('',*,*,#1568,.F.);
#2020=ORIENTED_EDGE('',*,*,#1569,.T.);
#2021=ORIENTED_EDGE('',*,*,#1570,.F.);
#2022=ORIENTED_EDGE('',*,*,#1571,.F.);
#2023=ORIENTED_EDGE('',*,*,#1572,.F.);
#2024=ORIENTED_EDGE('',*,*,#1571,.T.);
#2025=ORIENTED_EDGE('',*,*,#1573,.F.);
#2026=ORIENTED_EDGE('',*,*,#1574,.F.);
#2027=ORIENTED_EDGE('',*,*,#1575,.F.);
#2028=ORIENTED_EDGE('',*,*,#1574,.T.);
#2029=ORIENTED_EDGE('',*,*,#1576,.F.);
#2030=ORIENTED_EDGE('',*,*,#1577,.F.);
#2031=ORIENTED_EDGE('',*,*,#1578,.F.);
#2032=ORIENTED_EDGE('',*,*,#1577,.T.);
#2033=ORIENTED_EDGE('',*,*,#1579,.F.);
#2034=ORIENTED_EDGE('',*,*,#1580,.F.);
#2035=ORIENTED_EDGE('',*,*,#1581,.F.);
#2036=ORIENTED_EDGE('',*,*,#1580,.T.);
#2037=ORIENTED_EDGE('',*,*,#1582,.F.);
#2038=ORIENTED_EDGE('',*,*,#1583,.F.);
#2039=ORIENTED_EDGE('',*,*,#1584,.F.);
#2040=ORIENTED_EDGE('',*,*,#1583,.T.);
#2041=ORIENTED_EDGE('',*,*,#1585,.F.);
#2042=ORIENTED_EDGE('',*,*,#1569,.F.);
#2043=ORIENTED_EDGE('',*,*,#1585,.T.);
#2044=ORIENTED_EDGE('',*,*,#1582,.T.);
#2045=ORIENTED_EDGE('',*,*,#1579,.T.);
#2046=ORIENTED_EDGE('',*,*,#1576,.T.);
#2047=ORIENTED_EDGE('',*,*,#1573,.T.);
#2048=ORIENTED_EDGE('',*,*,#1570,.T.);
#2049=ORIENTED_EDGE('',*,*,#1586,.T.);
#2050=ORIENTED_EDGE('',*,*,#1587,.T.);
#2051=ORIENTED_EDGE('',*,*,#1588,.F.);
#2052=ORIENTED_EDGE('',*,*,#1589,.T.);
#2053=ORIENTED_EDGE('',*,*,#1590,.F.);
#2054=ORIENTED_EDGE('',*,*,#1591,.F.);
#2055=ORIENTED_EDGE('',*,*,#1592,.F.);
#2056=ORIENTED_EDGE('',*,*,#1591,.T.);
#2057=ORIENTED_EDGE('',*,*,#1593,.F.);
#2058=ORIENTED_EDGE('',*,*,#1594,.F.);
#2059=ORIENTED_EDGE('',*,*,#1595,.F.);
#2060=ORIENTED_EDGE('',*,*,#1594,.T.);
#2061=ORIENTED_EDGE('',*,*,#1596,.F.);
#2062=ORIENTED_EDGE('',*,*,#1597,.F.);
#2063=ORIENTED_EDGE('',*,*,#1598,.F.);
#2064=ORIENTED_EDGE('',*,*,#1597,.T.);
#2065=ORIENTED_EDGE('',*,*,#1599,.F.);
#2066=ORIENTED_EDGE('',*,*,#1600,.F.);
#2067=ORIENTED_EDGE('',*,*,#1601,.F.);
#2068=ORIENTED_EDGE('',*,*,#1600,.T.);
#2069=ORIENTED_EDGE('',*,*,#1602,.F.);
#2070=ORIENTED_EDGE('',*,*,#1603,.F.);
#2071=ORIENTED_EDGE('',*,*,#1604,.F.);
#2072=ORIENTED_EDGE('',*,*,#1603,.T.);
#2073=ORIENTED_EDGE('',*,*,#1605,.F.);
#2074=ORIENTED_EDGE('',*,*,#1589,.F.);
#2075=ORIENTED_EDGE('',*,*,#1605,.T.);
#2076=ORIENTED_EDGE('',*,*,#1602,.T.);
#2077=ORIENTED_EDGE('',*,*,#1599,.T.);
#2078=ORIENTED_EDGE('',*,*,#1596,.T.);
#2079=ORIENTED_EDGE('',*,*,#1593,.T.);
#2080=ORIENTED_EDGE('',*,*,#1590,.T.);
#2081=ORIENTED_EDGE('',*,*,#1606,.T.);
#2082=ORIENTED_EDGE('',*,*,#1607,.T.);
#2083=ORIENTED_EDGE('',*,*,#1608,.F.);
#2084=ORIENTED_EDGE('',*,*,#1609,.T.);
#2085=ORIENTED_EDGE('',*,*,#1610,.F.);
#2086=ORIENTED_EDGE('',*,*,#1611,.F.);
#2087=ORIENTED_EDGE('',*,*,#1612,.F.);
#2088=ORIENTED_EDGE('',*,*,#1611,.T.);
#2089=ORIENTED_EDGE('',*,*,#1613,.F.);
#2090=ORIENTED_EDGE('',*,*,#1614,.F.);
#2091=ORIENTED_EDGE('',*,*,#1615,.F.);
#2092=ORIENTED_EDGE('',*,*,#1614,.T.);
#2093=ORIENTED_EDGE('',*,*,#1616,.F.);
#2094=ORIENTED_EDGE('',*,*,#1617,.F.);
#2095=ORIENTED_EDGE('',*,*,#1618,.F.);
#2096=ORIENTED_EDGE('',*,*,#1617,.T.);
#2097=ORIENTED_EDGE('',*,*,#1619,.F.);
#2098=ORIENTED_EDGE('',*,*,#1620,.F.);
#2099=ORIENTED_EDGE('',*,*,#1621,.F.);
#2100=ORIENTED_EDGE('',*,*,#1620,.T.);
#2101=ORIENTED_EDGE('',*,*,#1622,.F.);
#2102=ORIENTED_EDGE('',*,*,#1623,.F.);
#2103=ORIENTED_EDGE('',*,*,#1624,.F.);
#2104=ORIENTED_EDGE('',*,*,#1623,.T.);
#2105=ORIENTED_EDGE('',*,*,#1625,.F.);
#2106=ORIENTED_EDGE('',*,*,#1609,.F.);
#2107=ORIENTED_EDGE('',*,*,#1625,.T.);
#2108=ORIENTED_EDGE('',*,*,#1622,.T.);
#2109=ORIENTED_EDGE('',*,*,#1619,.T.);
#2110=ORIENTED_EDGE('',*,*,#1616,.T.);
#2111=ORIENTED_EDGE('',*,*,#1613,.T.);
#2112=ORIENTED_EDGE('',*,*,#1610,.T.);
#2113=ORIENTED_EDGE('',*,*,#1626,.T.);
#2114=ORIENTED_EDGE('',*,*,#1627,.T.);
#2115=ORIENTED_EDGE('',*,*,#1628,.F.);
#2116=ORIENTED_EDGE('',*,*,#1629,.T.);
#2117=ORIENTED_EDGE('',*,*,#1630,.F.);
#2118=ORIENTED_EDGE('',*,*,#1631,.F.);
#2119=ORIENTED_EDGE('',*,*,#1632,.F.);
#2120=ORIENTED_EDGE('',*,*,#1631,.T.);
#2121=ORIENTED_EDGE('',*,*,#1633,.F.);
#2122=ORIENTED_EDGE('',*,*,#1634,.F.);
#2123=ORIENTED_EDGE('',*,*,#1635,.F.);
#2124=ORIENTED_EDGE('',*,*,#1634,.T.);
#2125=ORIENTED_EDGE('',*,*,#1636,.F.);
#2126=ORIENTED_EDGE('',*,*,#1637,.F.);
#2127=ORIENTED_EDGE('',*,*,#1638,.F.);
#2128=ORIENTED_EDGE('',*,*,#1637,.T.);
#2129=ORIENTED_EDGE('',*,*,#1639,.F.);
#2130=ORIENTED_EDGE('',*,*,#1640,.F.);
#2131=ORIENTED_EDGE('',*,*,#1641,.F.);
#2132=ORIENTED_EDGE('',*,*,#1640,.T.);
#2133=ORIENTED_EDGE('',*,*,#1642,.F.);
#2134=ORIENTED_EDGE('',*,*,#1643,.F.);
#2135=ORIENTED_EDGE('',*,*,#1644,.F.);
#2136=ORIENTED_EDGE('',*,*,#1643,.T.);
#2137=ORIENTED_EDGE('',*,*,#1645,.F.);
#2138=ORIENTED_EDGE('',*,*,#1629,.F.);
#2139=ORIENTED_EDGE('',*,*,#1645,.T.);
#2140=ORIENTED_EDGE('',*,*,#1642,.T.);
#2141=ORIENTED_EDGE('',*,*,#1639,.T.);
#2142=ORIENTED_EDGE('',*,*,#1636,.T.);
#2143=ORIENTED_EDGE('',*,*,#1633,.T.);
#2144=ORIENTED_EDGE('',*,*,#1630,.T.);
#2145=ORIENTED_EDGE('',*,*,#1646,.T.);
#2146=ORIENTED_EDGE('',*,*,#1647,.T.);
#2147=ORIENTED_EDGE('',*,*,#1648,.F.);
#2148=ORIENTED_EDGE('',*,*,#1649,.F.);
#2149=ORIENTED_EDGE('',*,*,#1650,.F.);
#2150=ORIENTED_EDGE('',*,*,#1651,.T.);
#2151=ORIENTED_EDGE('',*,*,#1652,.F.);
#2152=ORIENTED_EDGE('',*,*,#1651,.F.);
#2153=ORIENTED_EDGE('',*,*,#1653,.F.);
#2154=ORIENTED_EDGE('',*,*,#1654,.T.);
#2155=ORIENTED_EDGE('',*,*,#1655,.F.);
#2156=ORIENTED_EDGE('',*,*,#1654,.F.);
#2157=ORIENTED_EDGE('',*,*,#1656,.F.);
#2158=ORIENTED_EDGE('',*,*,#1657,.T.);
#2159=ORIENTED_EDGE('',*,*,#1658,.F.);
#2160=ORIENTED_EDGE('',*,*,#1657,.F.);
#2161=ORIENTED_EDGE('',*,*,#1659,.F.);
#2162=ORIENTED_EDGE('',*,*,#1649,.T.);
#2163=ORIENTED_EDGE('',*,*,#1660,.F.);
#2164=ORIENTED_EDGE('',*,*,#1661,.F.);
#2165=ORIENTED_EDGE('',*,*,#1662,.F.);
#2166=ORIENTED_EDGE('',*,*,#1663,.F.);
#2167=ORIENTED_EDGE('',*,*,#1664,.F.);
#2168=ORIENTED_EDGE('',*,*,#1665,.F.);
#2169=ORIENTED_EDGE('',*,*,#1666,.F.);
#2170=ORIENTED_EDGE('',*,*,#1667,.F.);
#2171=ORIENTED_EDGE('',*,*,#1668,.F.);
#2172=ORIENTED_EDGE('',*,*,#1669,.F.);
#2173=ORIENTED_EDGE('',*,*,#1670,.F.);
#2174=ORIENTED_EDGE('',*,*,#1671,.F.);
#2175=ORIENTED_EDGE('',*,*,#1672,.F.);
#2176=ORIENTED_EDGE('',*,*,#1673,.F.);
#2177=ORIENTED_EDGE('',*,*,#1674,.F.);
#2178=ORIENTED_EDGE('',*,*,#1675,.T.);
#2179=ORIENTED_EDGE('',*,*,#1676,.F.);
#2180=ORIENTED_EDGE('',*,*,#1675,.F.);
#2181=ORIENTED_EDGE('',*,*,#1677,.F.);
#2182=ORIENTED_EDGE('',*,*,#1678,.T.);
#2183=ORIENTED_EDGE('',*,*,#1679,.F.);
#2184=ORIENTED_EDGE('',*,*,#1678,.F.);
#2185=ORIENTED_EDGE('',*,*,#1680,.F.);
#2186=ORIENTED_EDGE('',*,*,#1681,.T.);
#2187=ORIENTED_EDGE('',*,*,#1682,.F.);
#2188=ORIENTED_EDGE('',*,*,#1681,.F.);
#2189=ORIENTED_EDGE('',*,*,#1683,.F.);
#2190=ORIENTED_EDGE('',*,*,#1673,.T.);
#2191=ORIENTED_EDGE('',*,*,#1684,.F.);
#2192=ORIENTED_EDGE('',*,*,#1685,.F.);
#2193=ORIENTED_EDGE('',*,*,#1686,.F.);
#2194=ORIENTED_EDGE('',*,*,#1687,.F.);
#2195=ORIENTED_EDGE('',*,*,#1688,.F.);
#2196=ORIENTED_EDGE('',*,*,#1689,.F.);
#2197=ORIENTED_EDGE('',*,*,#1690,.F.);
#2198=ORIENTED_EDGE('',*,*,#1691,.F.);
#2199=ORIENTED_EDGE('',*,*,#1692,.F.);
#2200=ORIENTED_EDGE('',*,*,#1693,.F.);
#2201=ORIENTED_EDGE('',*,*,#1694,.F.);
#2202=ORIENTED_EDGE('',*,*,#1695,.T.);
#2203=ORIENTED_EDGE('',*,*,#1696,.F.);
#2204=ORIENTED_EDGE('',*,*,#1697,.F.);
#2205=ORIENTED_EDGE('',*,*,#1698,.F.);
#2206=ORIENTED_EDGE('',*,*,#1693,.T.);
#2207=ORIENTED_EDGE('',*,*,#1699,.F.);
#2208=ORIENTED_EDGE('',*,*,#1700,.F.);
#2209=ORIENTED_EDGE('',*,*,#1701,.F.);
#2210=ORIENTED_EDGE('',*,*,#1697,.T.);
#2211=ORIENTED_EDGE('',*,*,#1702,.F.);
#2212=ORIENTED_EDGE('',*,*,#1695,.F.);
#2213=ORIENTED_EDGE('',*,*,#1703,.F.);
#2214=ORIENTED_EDGE('',*,*,#1700,.T.);
#2215=ORIENTED_EDGE('',*,*,#1704,.F.);
#2216=ORIENTED_EDGE('',*,*,#1705,.F.);
#2217=ORIENTED_EDGE('',*,*,#1706,.F.);
#2218=ORIENTED_EDGE('',*,*,#1707,.F.);
#2219=ORIENTED_EDGE('',*,*,#1708,.F.);
#2220=ORIENTED_EDGE('',*,*,#1709,.F.);
#2221=ORIENTED_EDGE('',*,*,#1710,.F.);
#2222=ORIENTED_EDGE('',*,*,#1711,.F.);
#2223=ORIENTED_EDGE('',*,*,#1712,.F.);
#2224=ORIENTED_EDGE('',*,*,#1713,.F.);
#2225=ORIENTED_EDGE('',*,*,#1714,.F.);
#2226=ORIENTED_EDGE('',*,*,#1715,.F.);
#2227=ORIENTED_EDGE('',*,*,#1716,.F.);
#2228=ORIENTED_EDGE('',*,*,#1717,.F.);
#2229=ORIENTED_EDGE('',*,*,#1718,.F.);
#2230=ORIENTED_EDGE('',*,*,#1719,.T.);
#2231=ORIENTED_EDGE('',*,*,#1720,.F.);
#2232=ORIENTED_EDGE('',*,*,#1721,.F.);
#2233=ORIENTED_EDGE('',*,*,#1722,.F.);
#2234=ORIENTED_EDGE('',*,*,#1717,.T.);
#2235=ORIENTED_EDGE('',*,*,#1723,.F.);
#2236=ORIENTED_EDGE('',*,*,#1724,.F.);
#2237=ORIENTED_EDGE('',*,*,#1725,.F.);
#2238=ORIENTED_EDGE('',*,*,#1721,.T.);
#2239=ORIENTED_EDGE('',*,*,#1726,.F.);
#2240=ORIENTED_EDGE('',*,*,#1719,.F.);
#2241=ORIENTED_EDGE('',*,*,#1727,.F.);
#2242=ORIENTED_EDGE('',*,*,#1724,.T.);
#2243=ORIENTED_EDGE('',*,*,#1663,.T.);
#2244=ORIENTED_EDGE('',*,*,#1728,.T.);
#2245=ORIENTED_EDGE('',*,*,#1729,.T.);
#2246=ORIENTED_EDGE('',*,*,#1730,.F.);
#2247=ORIENTED_EDGE('',*,*,#1731,.F.);
#2248=ORIENTED_EDGE('',*,*,#1732,.T.);
#2249=ORIENTED_EDGE('',*,*,#1733,.T.);
#2250=ORIENTED_EDGE('',*,*,#1671,.T.);
#2251=ORIENTED_EDGE('',*,*,#1734,.F.);
#2252=ORIENTED_EDGE('',*,*,#1735,.F.);
#2253=ORIENTED_EDGE('',*,*,#1736,.F.);
#2254=ORIENTED_EDGE('',*,*,#1737,.F.);
#2255=ORIENTED_EDGE('',*,*,#1738,.F.);
#2256=ORIENTED_EDGE('',*,*,#1739,.F.);
#2257=ORIENTED_EDGE('',*,*,#1667,.T.);
#2258=ORIENTED_EDGE('',*,*,#1740,.T.);
#2259=ORIENTED_EDGE('',*,*,#1689,.T.);
#2260=ORIENTED_EDGE('',*,*,#1741,.F.);
#2261=ORIENTED_EDGE('',*,*,#1691,.T.);
#2262=ORIENTED_EDGE('',*,*,#1742,.F.);
#2263=ORIENTED_EDGE('',*,*,#1743,.F.);
#2264=ORIENTED_EDGE('',*,*,#1744,.F.);
#2265=ORIENTED_EDGE('',*,*,#1745,.F.);
#2266=ORIENTED_EDGE('',*,*,#1746,.F.);
#2267=ORIENTED_EDGE('',*,*,#1747,.F.);
#2268=ORIENTED_EDGE('',*,*,#1705,.T.);
#2269=ORIENTED_EDGE('',*,*,#1748,.F.);
#2270=ORIENTED_EDGE('',*,*,#1749,.F.);
#2271=ORIENTED_EDGE('',*,*,#1750,.F.);
#2272=ORIENTED_EDGE('',*,*,#1751,.F.);
#2273=ORIENTED_EDGE('',*,*,#1752,.F.);
#2274=ORIENTED_EDGE('',*,*,#1753,.F.);
#2275=ORIENTED_EDGE('',*,*,#1715,.T.);
#2276=ORIENTED_EDGE('',*,*,#1754,.T.);
#2277=ORIENTED_EDGE('',*,*,#1755,.T.);
#2278=ORIENTED_EDGE('',*,*,#1756,.F.);
#2279=ORIENTED_EDGE('',*,*,#1757,.F.);
#2280=ORIENTED_EDGE('',*,*,#1758,.T.);
#2281=ORIENTED_EDGE('',*,*,#1759,.T.);
#2282=ORIENTED_EDGE('',*,*,#1711,.T.);
#2283=ORIENTED_EDGE('',*,*,#1760,.F.);
#2284=ORIENTED_EDGE('',*,*,#1713,.T.);
#2285=ORIENTED_EDGE('',*,*,#1761,.T.);
#2286=ORIENTED_EDGE('',*,*,#1664,.T.);
#2287=ORIENTED_EDGE('',*,*,#1741,.T.);
#2288=ORIENTED_EDGE('',*,*,#1688,.T.);
#2289=ORIENTED_EDGE('',*,*,#1747,.T.);
#2290=ORIENTED_EDGE('',*,*,#1762,.F.);
#2291=ORIENTED_EDGE('',*,*,#1763,.F.);
#2292=ORIENTED_EDGE('',*,*,#1648,.T.);
#2293=ORIENTED_EDGE('',*,*,#1652,.T.);
#2294=ORIENTED_EDGE('',*,*,#1655,.T.);
#2295=ORIENTED_EDGE('',*,*,#1658,.T.);
#2296=ORIENTED_EDGE('',*,*,#1708,.T.);
#2297=ORIENTED_EDGE('',*,*,#1761,.F.);
#2298=ORIENTED_EDGE('',*,*,#1712,.T.);
#2299=ORIENTED_EDGE('',*,*,#1759,.F.);
#2300=ORIENTED_EDGE('',*,*,#1764,.T.);
#2301=ORIENTED_EDGE('',*,*,#1765,.T.);
#2302=ORIENTED_EDGE('',*,*,#1672,.T.);
#2303=ORIENTED_EDGE('',*,*,#1676,.T.);
#2304=ORIENTED_EDGE('',*,*,#1679,.T.);
#2305=ORIENTED_EDGE('',*,*,#1682,.T.);
#2306=ORIENTED_EDGE('',*,*,#1662,.T.);
#2307=ORIENTED_EDGE('',*,*,#1766,.T.);
#2308=ORIENTED_EDGE('',*,*,#1706,.T.);
#2309=ORIENTED_EDGE('',*,*,#1753,.T.);
#2310=ORIENTED_EDGE('',*,*,#1767,.F.);
#2311=ORIENTED_EDGE('',*,*,#1728,.F.);
#2312=ORIENTED_EDGE('',*,*,#1694,.T.);
#2313=ORIENTED_EDGE('',*,*,#1698,.T.);
#2314=ORIENTED_EDGE('',*,*,#1701,.T.);
#2315=ORIENTED_EDGE('',*,*,#1703,.T.);
#2316=ORIENTED_EDGE('',*,*,#1670,.T.);
#2317=ORIENTED_EDGE('',*,*,#1768,.F.);
#2318=ORIENTED_EDGE('',*,*,#1686,.T.);
#2319=ORIENTED_EDGE('',*,*,#1769,.F.);
#2320=ORIENTED_EDGE('',*,*,#1770,.T.);
#2321=ORIENTED_EDGE('',*,*,#1734,.T.);
#2322=ORIENTED_EDGE('',*,*,#1718,.T.);
#2323=ORIENTED_EDGE('',*,*,#1722,.T.);
#2324=ORIENTED_EDGE('',*,*,#1725,.T.);
#2325=ORIENTED_EDGE('',*,*,#1727,.T.);
#2326=ORIENTED_EDGE('',*,*,#1749,.T.);
#2327=ORIENTED_EDGE('',*,*,#1771,.F.);
#2328=ORIENTED_EDGE('',*,*,#1732,.F.);
#2329=ORIENTED_EDGE('',*,*,#1772,.F.);
#2330=ORIENTED_EDGE('',*,*,#1660,.T.);
#2331=ORIENTED_EDGE('',*,*,#1733,.F.);
#2332=ORIENTED_EDGE('',*,*,#1771,.T.);
#2333=ORIENTED_EDGE('',*,*,#1748,.T.);
#2334=ORIENTED_EDGE('',*,*,#1704,.T.);
#2335=ORIENTED_EDGE('',*,*,#1773,.F.);
#2336=ORIENTED_EDGE('',*,*,#1692,.T.);
#2337=ORIENTED_EDGE('',*,*,#1702,.T.);
#2338=ORIENTED_EDGE('',*,*,#1699,.T.);
#2339=ORIENTED_EDGE('',*,*,#1696,.T.);
#2340=ORIENTED_EDGE('',*,*,#1661,.T.);
#2341=ORIENTED_EDGE('',*,*,#1773,.T.);
#2342=ORIENTED_EDGE('',*,*,#1707,.T.);
#2343=ORIENTED_EDGE('',*,*,#1766,.F.);
#2344=ORIENTED_EDGE('',*,*,#1774,.F.);
#2345=ORIENTED_EDGE('',*,*,#1729,.F.);
#2346=ORIENTED_EDGE('',*,*,#1767,.T.);
#2347=ORIENTED_EDGE('',*,*,#1752,.T.);
#2348=ORIENTED_EDGE('',*,*,#1775,.F.);
#2349=ORIENTED_EDGE('',*,*,#1735,.T.);
#2350=ORIENTED_EDGE('',*,*,#1770,.F.);
#2351=ORIENTED_EDGE('',*,*,#1776,.F.);
#2352=ORIENTED_EDGE('',*,*,#1738,.T.);
#2353=ORIENTED_EDGE('',*,*,#1777,.F.);
#2354=ORIENTED_EDGE('',*,*,#1778,.F.);
#2355=ORIENTED_EDGE('',*,*,#1779,.T.);
#2356=ORIENTED_EDGE('',*,*,#1668,.T.);
#2357=ORIENTED_EDGE('',*,*,#1739,.T.);
#2358=ORIENTED_EDGE('',*,*,#1779,.F.);
#2359=ORIENTED_EDGE('',*,*,#1780,.F.);
#2360=ORIENTED_EDGE('',*,*,#1684,.T.);
#2361=ORIENTED_EDGE('',*,*,#1781,.T.);
#2362=ORIENTED_EDGE('',*,*,#1716,.T.);
#2363=ORIENTED_EDGE('',*,*,#1726,.T.);
#2364=ORIENTED_EDGE('',*,*,#1723,.T.);
#2365=ORIENTED_EDGE('',*,*,#1720,.T.);
#2366=ORIENTED_EDGE('',*,*,#1669,.T.);
#2367=ORIENTED_EDGE('',*,*,#1781,.F.);
#2368=ORIENTED_EDGE('',*,*,#1687,.T.);
#2369=ORIENTED_EDGE('',*,*,#1768,.T.);
#2370=ORIENTED_EDGE('',*,*,#1730,.T.);
#2371=ORIENTED_EDGE('',*,*,#1774,.T.);
#2372=ORIENTED_EDGE('',*,*,#1751,.T.);
#2373=ORIENTED_EDGE('',*,*,#1782,.T.);
#2374=ORIENTED_EDGE('',*,*,#1783,.F.);
#2375=ORIENTED_EDGE('',*,*,#1784,.F.);
#2376=ORIENTED_EDGE('',*,*,#1785,.F.);
#2377=ORIENTED_EDGE('',*,*,#1786,.T.);
#2378=ORIENTED_EDGE('',*,*,#1736,.T.);
#2379=ORIENTED_EDGE('',*,*,#1775,.T.);
#2380=ORIENTED_EDGE('',*,*,#1787,.T.);
#2381=ORIENTED_EDGE('',*,*,#1788,.F.);
#2382=ORIENTED_EDGE('',*,*,#1789,.F.);
#2383=ORIENTED_EDGE('',*,*,#1790,.F.);
#2384=ORIENTED_EDGE('',*,*,#1791,.F.);
#2385=ORIENTED_EDGE('',*,*,#1792,.F.);
#2386=ORIENTED_EDGE('',*,*,#1793,.F.);
#2387=ORIENTED_EDGE('',*,*,#1743,.T.);
#2388=ORIENTED_EDGE('',*,*,#1794,.F.);
#2389=ORIENTED_EDGE('',*,*,#1795,.F.);
#2390=ORIENTED_EDGE('',*,*,#1666,.T.);
#2391=ORIENTED_EDGE('',*,*,#1796,.F.);
#2392=ORIENTED_EDGE('',*,*,#1794,.T.);
#2393=ORIENTED_EDGE('',*,*,#1742,.T.);
#2394=ORIENTED_EDGE('',*,*,#1690,.T.);
#2395=ORIENTED_EDGE('',*,*,#1740,.F.);
#2396=ORIENTED_EDGE('',*,*,#1650,.T.);
#2397=ORIENTED_EDGE('',*,*,#1659,.T.);
#2398=ORIENTED_EDGE('',*,*,#1656,.T.);
#2399=ORIENTED_EDGE('',*,*,#1653,.T.);
#2400=ORIENTED_EDGE('',*,*,#1746,.T.);
#2401=ORIENTED_EDGE('',*,*,#1797,.F.);
#2402=ORIENTED_EDGE('',*,*,#1798,.F.);
#2403=ORIENTED_EDGE('',*,*,#1762,.T.);
#2404=ORIENTED_EDGE('',*,*,#1799,.F.);
#2405=ORIENTED_EDGE('',*,*,#1755,.F.);
#2406=ORIENTED_EDGE('',*,*,#1800,.T.);
#2407=ORIENTED_EDGE('',*,*,#1801,.T.);
#2408=ORIENTED_EDGE('',*,*,#1802,.T.);
#2409=ORIENTED_EDGE('',*,*,#1764,.F.);
#2410=ORIENTED_EDGE('',*,*,#1758,.F.);
#2411=ORIENTED_EDGE('',*,*,#1803,.F.);
#2412=ORIENTED_EDGE('',*,*,#1710,.T.);
#2413=ORIENTED_EDGE('',*,*,#1804,.T.);
#2414=ORIENTED_EDGE('',*,*,#1800,.F.);
#2415=ORIENTED_EDGE('',*,*,#1754,.F.);
#2416=ORIENTED_EDGE('',*,*,#1714,.T.);
#2417=ORIENTED_EDGE('',*,*,#1760,.T.);
#2418=ORIENTED_EDGE('',*,*,#1674,.T.);
#2419=ORIENTED_EDGE('',*,*,#1683,.T.);
#2420=ORIENTED_EDGE('',*,*,#1680,.T.);
#2421=ORIENTED_EDGE('',*,*,#1677,.T.);
#2422=ORIENTED_EDGE('',*,*,#1665,.T.);
#2423=ORIENTED_EDGE('',*,*,#1763,.T.);
#2424=ORIENTED_EDGE('',*,*,#1798,.T.);
#2425=ORIENTED_EDGE('',*,*,#1805,.F.);
#2426=ORIENTED_EDGE('',*,*,#1806,.F.);
#2427=ORIENTED_EDGE('',*,*,#1795,.T.);
#2428=ORIENTED_EDGE('',*,*,#1796,.T.);
#2429=ORIENTED_EDGE('',*,*,#1709,.T.);
#2430=ORIENTED_EDGE('',*,*,#1765,.F.);
#2431=ORIENTED_EDGE('',*,*,#1802,.F.);
#2432=ORIENTED_EDGE('',*,*,#1807,.F.);
#2433=ORIENTED_EDGE('',*,*,#1808,.F.);
#2434=ORIENTED_EDGE('',*,*,#1801,.F.);
#2435=ORIENTED_EDGE('',*,*,#1804,.F.);
#2436=ORIENTED_EDGE('',*,*,#1685,.T.);
#2437=ORIENTED_EDGE('',*,*,#1780,.T.);
#2438=ORIENTED_EDGE('',*,*,#1778,.T.);
#2439=ORIENTED_EDGE('',*,*,#1809,.F.);
#2440=ORIENTED_EDGE('',*,*,#1787,.F.);
#2441=ORIENTED_EDGE('',*,*,#1776,.T.);
#2442=ORIENTED_EDGE('',*,*,#1769,.T.);
#2443=ORIENTED_EDGE('',*,*,#1806,.T.);
#2444=ORIENTED_EDGE('',*,*,#1810,.T.);
#2445=ORIENTED_EDGE('',*,*,#1811,.F.);
#2446=ORIENTED_EDGE('',*,*,#1812,.F.);
#2447=ORIENTED_EDGE('',*,*,#1813,.F.);
#2448=ORIENTED_EDGE('',*,*,#1814,.T.);
#2449=ORIENTED_EDGE('',*,*,#1744,.T.);
#2450=ORIENTED_EDGE('',*,*,#1793,.T.);
#2451=ORIENTED_EDGE('',*,*,#1808,.T.);
#2452=ORIENTED_EDGE('',*,*,#1815,.F.);
#2453=ORIENTED_EDGE('',*,*,#1816,.F.);
#2454=ORIENTED_EDGE('',*,*,#1817,.F.);
#2455=ORIENTED_EDGE('',*,*,#1818,.F.);
#2456=ORIENTED_EDGE('',*,*,#1819,.F.);
#2457=ORIENTED_EDGE('',*,*,#1756,.T.);
#2458=ORIENTED_EDGE('',*,*,#1799,.T.);
#2459=ORIENTED_EDGE('',*,*,#1586,.F.);
#2460=ORIENTED_EDGE('',*,*,#1587,.F.);
#2461=ORIENTED_EDGE('',*,*,#1820,.T.);
#2462=ORIENTED_EDGE('',*,*,#1821,.T.);
#2463=ORIENTED_EDGE('',*,*,#1822,.T.);
#2464=ORIENTED_EDGE('',*,*,#1820,.F.);
#2465=ORIENTED_EDGE('',*,*,#1822,.F.);
#2466=ORIENTED_EDGE('',*,*,#1821,.F.);
#2467=ORIENTED_EDGE('',*,*,#1646,.F.);
#2468=ORIENTED_EDGE('',*,*,#1647,.F.);
#2469=ORIENTED_EDGE('',*,*,#1823,.T.);
#2470=ORIENTED_EDGE('',*,*,#1824,.T.);
#2471=ORIENTED_EDGE('',*,*,#1825,.T.);
#2472=ORIENTED_EDGE('',*,*,#1823,.F.);
#2473=ORIENTED_EDGE('',*,*,#1825,.F.);
#2474=ORIENTED_EDGE('',*,*,#1824,.F.);
#2475=ORIENTED_EDGE('',*,*,#1626,.F.);
#2476=ORIENTED_EDGE('',*,*,#1627,.F.);
#2477=ORIENTED_EDGE('',*,*,#1826,.T.);
#2478=ORIENTED_EDGE('',*,*,#1827,.T.);
#2479=ORIENTED_EDGE('',*,*,#1828,.T.);
#2480=ORIENTED_EDGE('',*,*,#1826,.F.);
#2481=ORIENTED_EDGE('',*,*,#1828,.F.);
#2482=ORIENTED_EDGE('',*,*,#1827,.F.);
#2483=ORIENTED_EDGE('',*,*,#1606,.F.);
#2484=ORIENTED_EDGE('',*,*,#1607,.F.);
#2485=ORIENTED_EDGE('',*,*,#1829,.T.);
#2486=ORIENTED_EDGE('',*,*,#1830,.T.);
#2487=ORIENTED_EDGE('',*,*,#1831,.T.);
#2488=ORIENTED_EDGE('',*,*,#1829,.F.);
#2489=ORIENTED_EDGE('',*,*,#1831,.F.);
#2490=ORIENTED_EDGE('',*,*,#1830,.F.);
#2491=ORIENTED_EDGE('',*,*,#1731,.T.);
#2492=ORIENTED_EDGE('',*,*,#1786,.F.);
#2493=ORIENTED_EDGE('',*,*,#1832,.F.);
#2494=ORIENTED_EDGE('',*,*,#1833,.F.);
#2495=ORIENTED_EDGE('',*,*,#1834,.F.);
#2496=ORIENTED_EDGE('',*,*,#1782,.F.);
#2497=ORIENTED_EDGE('',*,*,#1750,.T.);
#2498=ORIENTED_EDGE('',*,*,#1772,.T.);
#2499=ORIENTED_EDGE('',*,*,#1745,.T.);
#2500=ORIENTED_EDGE('',*,*,#1814,.F.);
#2501=ORIENTED_EDGE('',*,*,#1835,.F.);
#2502=ORIENTED_EDGE('',*,*,#1836,.F.);
#2503=ORIENTED_EDGE('',*,*,#1837,.F.);
#2504=ORIENTED_EDGE('',*,*,#1810,.F.);
#2505=ORIENTED_EDGE('',*,*,#1805,.T.);
#2506=ORIENTED_EDGE('',*,*,#1797,.T.);
#2507=ORIENTED_EDGE('',*,*,#1757,.T.);
#2508=ORIENTED_EDGE('',*,*,#1819,.T.);
#2509=ORIENTED_EDGE('',*,*,#1838,.F.);
#2510=ORIENTED_EDGE('',*,*,#1839,.F.);
#2511=ORIENTED_EDGE('',*,*,#1840,.F.);
#2512=ORIENTED_EDGE('',*,*,#1815,.T.);
#2513=ORIENTED_EDGE('',*,*,#1807,.T.);
#2514=ORIENTED_EDGE('',*,*,#1803,.T.);
#2515=ORIENTED_EDGE('',*,*,#1737,.T.);
#2516=ORIENTED_EDGE('',*,*,#1792,.T.);
#2517=ORIENTED_EDGE('',*,*,#1841,.F.);
#2518=ORIENTED_EDGE('',*,*,#1842,.F.);
#2519=ORIENTED_EDGE('',*,*,#1843,.F.);
#2520=ORIENTED_EDGE('',*,*,#1788,.T.);
#2521=ORIENTED_EDGE('',*,*,#1809,.T.);
#2522=ORIENTED_EDGE('',*,*,#1777,.T.);
#2523=ORIENTED_EDGE('',*,*,#1836,.T.);
#2524=ORIENTED_EDGE('',*,*,#1844,.T.);
#2525=ORIENTED_EDGE('',*,*,#1845,.T.);
#2526=ORIENTED_EDGE('',*,*,#1846,.T.);
#2527=ORIENTED_EDGE('',*,*,#1568,.T.);
#2528=ORIENTED_EDGE('',*,*,#1572,.T.);
#2529=ORIENTED_EDGE('',*,*,#1575,.T.);
#2530=ORIENTED_EDGE('',*,*,#1578,.T.);
#2531=ORIENTED_EDGE('',*,*,#1581,.T.);
#2532=ORIENTED_EDGE('',*,*,#1584,.T.);
#2533=ORIENTED_EDGE('',*,*,#1835,.T.);
#2534=ORIENTED_EDGE('',*,*,#1813,.T.);
#2535=ORIENTED_EDGE('',*,*,#1847,.F.);
#2536=ORIENTED_EDGE('',*,*,#1848,.T.);
#2537=ORIENTED_EDGE('',*,*,#1849,.F.);
#2538=ORIENTED_EDGE('',*,*,#1844,.F.);
#2539=ORIENTED_EDGE('',*,*,#1832,.T.);
#2540=ORIENTED_EDGE('',*,*,#1785,.T.);
#2541=ORIENTED_EDGE('',*,*,#1850,.F.);
#2542=ORIENTED_EDGE('',*,*,#1851,.F.);
#2543=ORIENTED_EDGE('',*,*,#1852,.T.);
#2544=ORIENTED_EDGE('',*,*,#1853,.F.);
#2545=ORIENTED_EDGE('',*,*,#1842,.T.);
#2546=ORIENTED_EDGE('',*,*,#1854,.T.);
#2547=ORIENTED_EDGE('',*,*,#1855,.T.);
#2548=ORIENTED_EDGE('',*,*,#1856,.T.);
#2549=ORIENTED_EDGE('',*,*,#1588,.T.);
#2550=ORIENTED_EDGE('',*,*,#1592,.T.);
#2551=ORIENTED_EDGE('',*,*,#1595,.T.);
#2552=ORIENTED_EDGE('',*,*,#1598,.T.);
#2553=ORIENTED_EDGE('',*,*,#1601,.T.);
#2554=ORIENTED_EDGE('',*,*,#1604,.T.);
#2555=ORIENTED_EDGE('',*,*,#1841,.T.);
#2556=ORIENTED_EDGE('',*,*,#1791,.T.);
#2557=ORIENTED_EDGE('',*,*,#1857,.F.);
#2558=ORIENTED_EDGE('',*,*,#1858,.T.);
#2559=ORIENTED_EDGE('',*,*,#1859,.F.);
#2560=ORIENTED_EDGE('',*,*,#1854,.F.);
#2561=ORIENTED_EDGE('',*,*,#1838,.T.);
#2562=ORIENTED_EDGE('',*,*,#1818,.T.);
#2563=ORIENTED_EDGE('',*,*,#1860,.F.);
#2564=ORIENTED_EDGE('',*,*,#1861,.F.);
#2565=ORIENTED_EDGE('',*,*,#1862,.T.);
#2566=ORIENTED_EDGE('',*,*,#1863,.F.);
#2567=ORIENTED_EDGE('',*,*,#1864,.T.);
#2568=ORIENTED_EDGE('',*,*,#1865,.T.);
#2569=ORIENTED_EDGE('',*,*,#1866,.T.);
#2570=ORIENTED_EDGE('',*,*,#1867,.T.);
#2571=ORIENTED_EDGE('',*,*,#1868,.T.);
#2572=ORIENTED_EDGE('',*,*,#1869,.T.);
#2573=ORIENTED_EDGE('',*,*,#1837,.T.);
#2574=ORIENTED_EDGE('',*,*,#1846,.F.);
#2575=ORIENTED_EDGE('',*,*,#1870,.F.);
#2576=ORIENTED_EDGE('',*,*,#1871,.F.);
#2577=ORIENTED_EDGE('',*,*,#1872,.T.);
#2578=ORIENTED_EDGE('',*,*,#1811,.T.);
#2579=ORIENTED_EDGE('',*,*,#1873,.T.);
#2580=ORIENTED_EDGE('',*,*,#1874,.T.);
#2581=ORIENTED_EDGE('',*,*,#1875,.T.);
#2582=ORIENTED_EDGE('',*,*,#1876,.T.);
#2583=ORIENTED_EDGE('',*,*,#1877,.T.);
#2584=ORIENTED_EDGE('',*,*,#1878,.T.);
#2585=ORIENTED_EDGE('',*,*,#1843,.T.);
#2586=ORIENTED_EDGE('',*,*,#1856,.F.);
#2587=ORIENTED_EDGE('',*,*,#1879,.F.);
#2588=ORIENTED_EDGE('',*,*,#1880,.F.);
#2589=ORIENTED_EDGE('',*,*,#1881,.T.);
#2590=ORIENTED_EDGE('',*,*,#1789,.T.);
#2591=ORIENTED_EDGE('',*,*,#1882,.F.);
#2592=ORIENTED_EDGE('',*,*,#1852,.F.);
#2593=ORIENTED_EDGE('',*,*,#1883,.T.);
#2594=ORIENTED_EDGE('',*,*,#1876,.F.);
#2595=ORIENTED_EDGE('',*,*,#1884,.F.);
#2596=ORIENTED_EDGE('',*,*,#1885,.T.);
#2597=ORIENTED_EDGE('',*,*,#1886,.F.);
#2598=ORIENTED_EDGE('',*,*,#1855,.F.);
#2599=ORIENTED_EDGE('',*,*,#1859,.T.);
#2600=ORIENTED_EDGE('',*,*,#1887,.T.);
#2601=ORIENTED_EDGE('',*,*,#1888,.T.);
#2602=ORIENTED_EDGE('',*,*,#1873,.F.);
#2603=ORIENTED_EDGE('',*,*,#1889,.T.);
#2604=ORIENTED_EDGE('',*,*,#1879,.T.);
#2605=ORIENTED_EDGE('',*,*,#1840,.T.);
#2606=ORIENTED_EDGE('',*,*,#1890,.F.);
#2607=ORIENTED_EDGE('',*,*,#1891,.T.);
#2608=ORIENTED_EDGE('',*,*,#1892,.T.);
#2609=ORIENTED_EDGE('',*,*,#1893,.F.);
#2610=ORIENTED_EDGE('',*,*,#1816,.T.);
#2611=ORIENTED_EDGE('',*,*,#1894,.F.);
#2612=ORIENTED_EDGE('',*,*,#1862,.F.);
#2613=ORIENTED_EDGE('',*,*,#1895,.T.);
#2614=ORIENTED_EDGE('',*,*,#1867,.F.);
#2615=ORIENTED_EDGE('',*,*,#1896,.F.);
#2616=ORIENTED_EDGE('',*,*,#1897,.T.);
#2617=ORIENTED_EDGE('',*,*,#1891,.F.);
#2618=ORIENTED_EDGE('',*,*,#1845,.F.);
#2619=ORIENTED_EDGE('',*,*,#1849,.T.);
#2620=ORIENTED_EDGE('',*,*,#1898,.T.);
#2621=ORIENTED_EDGE('',*,*,#1899,.T.);
#2622=ORIENTED_EDGE('',*,*,#1864,.F.);
#2623=ORIENTED_EDGE('',*,*,#1900,.T.);
#2624=ORIENTED_EDGE('',*,*,#1870,.T.);
#2625=ORIENTED_EDGE('',*,*,#1834,.T.);
#2626=ORIENTED_EDGE('',*,*,#1901,.F.);
#2627=ORIENTED_EDGE('',*,*,#1886,.T.);
#2628=ORIENTED_EDGE('',*,*,#1902,.T.);
#2629=ORIENTED_EDGE('',*,*,#1903,.F.);
#2630=ORIENTED_EDGE('',*,*,#1783,.T.);
#2631=ORIENTED_EDGE('',*,*,#1904,.T.);
#2632=ORIENTED_EDGE('',*,*,#1898,.F.);
#2633=ORIENTED_EDGE('',*,*,#1848,.F.);
#2634=ORIENTED_EDGE('',*,*,#1905,.F.);
#2635=ORIENTED_EDGE('',*,*,#1902,.F.);
#2636=ORIENTED_EDGE('',*,*,#1885,.F.);
#2637=ORIENTED_EDGE('',*,*,#1906,.T.);
#2638=ORIENTED_EDGE('',*,*,#1887,.F.);
#2639=ORIENTED_EDGE('',*,*,#1858,.F.);
#2640=ORIENTED_EDGE('',*,*,#1907,.F.);
#2641=ORIENTED_EDGE('',*,*,#1892,.F.);
#2642=ORIENTED_EDGE('',*,*,#1897,.F.);
#2643=ORIENTED_EDGE('',*,*,#1812,.T.);
#2644=ORIENTED_EDGE('',*,*,#1872,.F.);
#2645=ORIENTED_EDGE('',*,*,#1908,.F.);
#2646=ORIENTED_EDGE('',*,*,#1909,.F.);
#2647=ORIENTED_EDGE('',*,*,#1910,.F.);
#2648=ORIENTED_EDGE('',*,*,#1911,.F.);
#2649=ORIENTED_EDGE('',*,*,#1912,.F.);
#2650=ORIENTED_EDGE('',*,*,#1850,.T.);
#2651=ORIENTED_EDGE('',*,*,#1784,.T.);
#2652=ORIENTED_EDGE('',*,*,#1903,.T.);
#2653=ORIENTED_EDGE('',*,*,#1905,.T.);
#2654=ORIENTED_EDGE('',*,*,#1847,.T.);
#2655=ORIENTED_EDGE('',*,*,#1839,.T.);
#2656=ORIENTED_EDGE('',*,*,#1863,.T.);
#2657=ORIENTED_EDGE('',*,*,#1894,.T.);
#2658=ORIENTED_EDGE('',*,*,#1890,.T.);
#2659=ORIENTED_EDGE('',*,*,#1608,.T.);
#2660=ORIENTED_EDGE('',*,*,#1612,.T.);
#2661=ORIENTED_EDGE('',*,*,#1615,.T.);
#2662=ORIENTED_EDGE('',*,*,#1618,.T.);
#2663=ORIENTED_EDGE('',*,*,#1621,.T.);
#2664=ORIENTED_EDGE('',*,*,#1624,.T.);
#2665=ORIENTED_EDGE('',*,*,#1833,.T.);
#2666=ORIENTED_EDGE('',*,*,#1853,.T.);
#2667=ORIENTED_EDGE('',*,*,#1882,.T.);
#2668=ORIENTED_EDGE('',*,*,#1901,.T.);
#2669=ORIENTED_EDGE('',*,*,#1628,.T.);
#2670=ORIENTED_EDGE('',*,*,#1632,.T.);
#2671=ORIENTED_EDGE('',*,*,#1635,.T.);
#2672=ORIENTED_EDGE('',*,*,#1638,.T.);
#2673=ORIENTED_EDGE('',*,*,#1641,.T.);
#2674=ORIENTED_EDGE('',*,*,#1644,.T.);
#2675=ORIENTED_EDGE('',*,*,#1880,.T.);
#2676=ORIENTED_EDGE('',*,*,#1889,.F.);
#2677=ORIENTED_EDGE('',*,*,#1913,.T.);
#2678=ORIENTED_EDGE('',*,*,#1914,.T.);
#2679=ORIENTED_EDGE('',*,*,#1915,.T.);
#2680=ORIENTED_EDGE('',*,*,#1851,.T.);
#2681=ORIENTED_EDGE('',*,*,#1912,.T.);
#2682=ORIENTED_EDGE('',*,*,#1916,.T.);
#2683=ORIENTED_EDGE('',*,*,#1917,.T.);
#2684=ORIENTED_EDGE('',*,*,#1883,.F.);
#2685=ORIENTED_EDGE('',*,*,#1871,.T.);
#2686=ORIENTED_EDGE('',*,*,#1900,.F.);
#2687=ORIENTED_EDGE('',*,*,#1918,.T.);
#2688=ORIENTED_EDGE('',*,*,#1919,.T.);
#2689=ORIENTED_EDGE('',*,*,#1908,.T.);
#2690=ORIENTED_EDGE('',*,*,#1861,.T.);
#2691=ORIENTED_EDGE('',*,*,#1920,.T.);
#2692=ORIENTED_EDGE('',*,*,#1921,.T.);
#2693=ORIENTED_EDGE('',*,*,#1922,.T.);
#2694=ORIENTED_EDGE('',*,*,#1895,.F.);
#2695=ORIENTED_EDGE('',*,*,#1923,.F.);
#2696=ORIENTED_EDGE('',*,*,#1924,.F.);
#2697=ORIENTED_EDGE('',*,*,#1925,.T.);
#2698=ORIENTED_EDGE('',*,*,#1921,.F.);
#2699=ORIENTED_EDGE('',*,*,#1926,.F.);
#2700=ORIENTED_EDGE('',*,*,#1927,.F.);
#2701=ORIENTED_EDGE('',*,*,#1928,.F.);
#2702=ORIENTED_EDGE('',*,*,#1929,.T.);
#2703=ORIENTED_EDGE('',*,*,#1868,.F.);
#2704=ORIENTED_EDGE('',*,*,#1922,.F.);
#2705=ORIENTED_EDGE('',*,*,#1925,.F.);
#2706=ORIENTED_EDGE('',*,*,#1930,.F.);
#2707=ORIENTED_EDGE('',*,*,#1931,.T.);
#2708=ORIENTED_EDGE('',*,*,#1865,.F.);
#2709=ORIENTED_EDGE('',*,*,#1899,.F.);
#2710=ORIENTED_EDGE('',*,*,#1904,.F.);
#2711=ORIENTED_EDGE('',*,*,#1896,.T.);
#2712=ORIENTED_EDGE('',*,*,#1869,.F.);
#2713=ORIENTED_EDGE('',*,*,#1929,.F.);
#2714=ORIENTED_EDGE('',*,*,#1932,.F.);
#2715=ORIENTED_EDGE('',*,*,#1933,.T.);
#2716=ORIENTED_EDGE('',*,*,#1918,.F.);
#2717=ORIENTED_EDGE('',*,*,#1866,.F.);
#2718=ORIENTED_EDGE('',*,*,#1931,.F.);
#2719=ORIENTED_EDGE('',*,*,#1934,.F.);
#2720=ORIENTED_EDGE('',*,*,#1935,.F.);
#2721=ORIENTED_EDGE('',*,*,#1936,.F.);
#2722=ORIENTED_EDGE('',*,*,#1909,.T.);
#2723=ORIENTED_EDGE('',*,*,#1919,.F.);
#2724=ORIENTED_EDGE('',*,*,#1933,.F.);
#2725=ORIENTED_EDGE('',*,*,#1937,.F.);
#2726=ORIENTED_EDGE('',*,*,#1938,.T.);
#2727=ORIENTED_EDGE('',*,*,#1910,.T.);
#2728=ORIENTED_EDGE('',*,*,#1936,.T.);
#2729=ORIENTED_EDGE('',*,*,#1939,.F.);
#2730=ORIENTED_EDGE('',*,*,#1927,.T.);
#2731=ORIENTED_EDGE('',*,*,#1940,.T.);
#2732=ORIENTED_EDGE('',*,*,#1941,.T.);
#2733=ORIENTED_EDGE('',*,*,#1790,.T.);
#2734=ORIENTED_EDGE('',*,*,#1881,.F.);
#2735=ORIENTED_EDGE('',*,*,#1915,.F.);
#2736=ORIENTED_EDGE('',*,*,#1942,.F.);
#2737=ORIENTED_EDGE('',*,*,#1940,.F.);
#2738=ORIENTED_EDGE('',*,*,#1926,.T.);
#2739=ORIENTED_EDGE('',*,*,#1920,.F.);
#2740=ORIENTED_EDGE('',*,*,#1860,.T.);
#2741=ORIENTED_EDGE('',*,*,#1817,.T.);
#2742=ORIENTED_EDGE('',*,*,#1893,.T.);
#2743=ORIENTED_EDGE('',*,*,#1907,.T.);
#2744=ORIENTED_EDGE('',*,*,#1857,.T.);
#2745=ORIENTED_EDGE('',*,*,#1943,.F.);
#2746=ORIENTED_EDGE('',*,*,#1941,.F.);
#2747=ORIENTED_EDGE('',*,*,#1942,.T.);
#2748=ORIENTED_EDGE('',*,*,#1914,.F.);
#2749=ORIENTED_EDGE('',*,*,#1944,.F.);
#2750=ORIENTED_EDGE('',*,*,#1945,.F.);
#2751=ORIENTED_EDGE('',*,*,#1946,.F.);
#2752=ORIENTED_EDGE('',*,*,#1944,.T.);
#2753=ORIENTED_EDGE('',*,*,#1913,.F.);
#2754=ORIENTED_EDGE('',*,*,#1875,.F.);
#2755=ORIENTED_EDGE('',*,*,#1947,.F.);
#2756=ORIENTED_EDGE('',*,*,#1948,.F.);
#2757=ORIENTED_EDGE('',*,*,#1947,.T.);
#2758=ORIENTED_EDGE('',*,*,#1874,.F.);
#2759=ORIENTED_EDGE('',*,*,#1888,.F.);
#2760=ORIENTED_EDGE('',*,*,#1906,.F.);
#2761=ORIENTED_EDGE('',*,*,#1884,.T.);
#2762=ORIENTED_EDGE('',*,*,#1878,.F.);
#2763=ORIENTED_EDGE('',*,*,#1949,.F.);
#2764=ORIENTED_EDGE('',*,*,#1950,.F.);
#2765=ORIENTED_EDGE('',*,*,#1949,.T.);
#2766=ORIENTED_EDGE('',*,*,#1877,.F.);
#2767=ORIENTED_EDGE('',*,*,#1917,.F.);
#2768=ORIENTED_EDGE('',*,*,#1951,.F.);
#2769=ORIENTED_EDGE('',*,*,#1952,.F.);
#2770=ORIENTED_EDGE('',*,*,#1951,.T.);
#2771=ORIENTED_EDGE('',*,*,#1916,.F.);
#2772=ORIENTED_EDGE('',*,*,#1911,.T.);
#2773=ORIENTED_EDGE('',*,*,#1938,.F.);
#2774=ORIENTED_EDGE('',*,*,#1953,.F.);
#2775=ORIENTED_EDGE('',*,*,#1923,.T.);
#2776=ORIENTED_EDGE('',*,*,#1939,.T.);
#2777=ORIENTED_EDGE('',*,*,#1943,.T.);
#2778=ORIENTED_EDGE('',*,*,#1954,.F.);
#2779=ORIENTED_EDGE('',*,*,#1955,.F.);
#2780=ORIENTED_EDGE('',*,*,#1956,.T.);
#2781=ORIENTED_EDGE('',*,*,#1957,.T.);
#2782=ORIENTED_EDGE('',*,*,#1958,.F.);
#2783=ORIENTED_EDGE('',*,*,#1945,.T.);
#2784=ORIENTED_EDGE('',*,*,#1946,.T.);
#2785=ORIENTED_EDGE('',*,*,#1948,.T.);
#2786=ORIENTED_EDGE('',*,*,#1950,.T.);
#2787=ORIENTED_EDGE('',*,*,#1952,.T.);
#2788=ORIENTED_EDGE('',*,*,#1959,.T.);
#2789=ORIENTED_EDGE('',*,*,#1960,.T.);
#2790=ORIENTED_EDGE('',*,*,#1961,.T.);
#2791=ORIENTED_EDGE('',*,*,#1962,.T.);
#2792=ORIENTED_EDGE('',*,*,#1963,.T.);
#2793=ORIENTED_EDGE('',*,*,#1964,.T.);
#2794=ORIENTED_EDGE('',*,*,#1965,.T.);
#2795=ORIENTED_EDGE('',*,*,#1966,.T.);
#2796=ORIENTED_EDGE('',*,*,#1954,.T.);
#2797=ORIENTED_EDGE('',*,*,#1967,.T.);
#2798=ORIENTED_EDGE('',*,*,#1967,.F.);
#2799=ORIENTED_EDGE('',*,*,#1968,.T.);
#2800=ORIENTED_EDGE('',*,*,#1969,.T.);
#2801=ORIENTED_EDGE('',*,*,#1968,.F.);
#2802=ORIENTED_EDGE('',*,*,#1970,.T.);
#2803=ORIENTED_EDGE('',*,*,#1971,.T.);
#2804=ORIENTED_EDGE('',*,*,#1972,.F.);
#2805=ORIENTED_EDGE('',*,*,#1957,.F.);
#2806=ORIENTED_EDGE('',*,*,#1973,.T.);
#2807=ORIENTED_EDGE('',*,*,#1955,.T.);
#2808=ORIENTED_EDGE('',*,*,#1966,.F.);
#2809=ORIENTED_EDGE('',*,*,#1974,.F.);
#2810=ORIENTED_EDGE('',*,*,#1975,.T.);
#2811=ORIENTED_EDGE('',*,*,#1974,.T.);
#2812=ORIENTED_EDGE('',*,*,#1965,.F.);
#2813=ORIENTED_EDGE('',*,*,#1976,.F.);
#2814=ORIENTED_EDGE('',*,*,#1977,.T.);
#2815=ORIENTED_EDGE('',*,*,#1976,.T.);
#2816=ORIENTED_EDGE('',*,*,#1964,.F.);
#2817=ORIENTED_EDGE('',*,*,#1978,.F.);
#2818=ORIENTED_EDGE('',*,*,#1979,.T.);
#2819=ORIENTED_EDGE('',*,*,#1978,.T.);
#2820=ORIENTED_EDGE('',*,*,#1963,.F.);
#2821=ORIENTED_EDGE('',*,*,#1980,.F.);
#2822=ORIENTED_EDGE('',*,*,#1981,.T.);
#2823=ORIENTED_EDGE('',*,*,#1980,.T.);
#2824=ORIENTED_EDGE('',*,*,#1962,.F.);
#2825=ORIENTED_EDGE('',*,*,#1982,.F.);
#2826=ORIENTED_EDGE('',*,*,#1983,.T.);
#2827=ORIENTED_EDGE('',*,*,#1982,.T.);
#2828=ORIENTED_EDGE('',*,*,#1961,.F.);
#2829=ORIENTED_EDGE('',*,*,#1984,.F.);
#2830=ORIENTED_EDGE('',*,*,#1985,.T.);
#2831=ORIENTED_EDGE('',*,*,#1984,.T.);
#2832=ORIENTED_EDGE('',*,*,#1960,.F.);
#2833=ORIENTED_EDGE('',*,*,#1986,.F.);
#2834=ORIENTED_EDGE('',*,*,#1935,.T.);
#2835=ORIENTED_EDGE('',*,*,#1987,.F.);
#2836=ORIENTED_EDGE('',*,*,#1988,.F.);
#2837=ORIENTED_EDGE('',*,*,#1989,.T.);
#2838=ORIENTED_EDGE('',*,*,#1986,.T.);
#2839=ORIENTED_EDGE('',*,*,#1959,.F.);
#2840=ORIENTED_EDGE('',*,*,#1953,.T.);
#2841=ORIENTED_EDGE('',*,*,#1937,.T.);
#2842=ORIENTED_EDGE('',*,*,#1990,.T.);
#2843=ORIENTED_EDGE('',*,*,#1988,.T.);
#2844=ORIENTED_EDGE('',*,*,#1991,.F.);
#2845=ORIENTED_EDGE('',*,*,#1992,.F.);
#2846=ORIENTED_EDGE('',*,*,#1993,.T.);
#2847=ORIENTED_EDGE('',*,*,#1992,.T.);
#2848=ORIENTED_EDGE('',*,*,#1994,.F.);
#2849=ORIENTED_EDGE('',*,*,#1995,.F.);
#2850=ORIENTED_EDGE('',*,*,#1996,.T.);
#2851=ORIENTED_EDGE('',*,*,#1995,.T.);
#2852=ORIENTED_EDGE('',*,*,#1997,.F.);
#2853=ORIENTED_EDGE('',*,*,#1998,.F.);
#2854=ORIENTED_EDGE('',*,*,#1999,.T.);
#2855=ORIENTED_EDGE('',*,*,#1998,.T.);
#2856=ORIENTED_EDGE('',*,*,#2000,.F.);
#2857=ORIENTED_EDGE('',*,*,#2001,.F.);
#2858=ORIENTED_EDGE('',*,*,#2002,.T.);
#2859=ORIENTED_EDGE('',*,*,#2001,.T.);
#2860=ORIENTED_EDGE('',*,*,#2003,.F.);
#2861=ORIENTED_EDGE('',*,*,#2004,.F.);
#2862=ORIENTED_EDGE('',*,*,#2005,.T.);
#2863=ORIENTED_EDGE('',*,*,#2004,.T.);
#2864=ORIENTED_EDGE('',*,*,#2006,.F.);
#2865=ORIENTED_EDGE('',*,*,#2007,.F.);
#2866=ORIENTED_EDGE('',*,*,#2008,.T.);
#2867=ORIENTED_EDGE('',*,*,#2007,.T.);
#2868=ORIENTED_EDGE('',*,*,#2009,.F.);
#2869=ORIENTED_EDGE('',*,*,#2010,.F.);
#2870=ORIENTED_EDGE('',*,*,#2011,.T.);
#2871=ORIENTED_EDGE('',*,*,#2010,.T.);
#2872=ORIENTED_EDGE('',*,*,#2012,.F.);
#2873=ORIENTED_EDGE('',*,*,#2013,.F.);
#2874=ORIENTED_EDGE('',*,*,#2014,.T.);
#2875=ORIENTED_EDGE('',*,*,#2013,.T.);
#2876=ORIENTED_EDGE('',*,*,#2015,.F.);
#2877=ORIENTED_EDGE('',*,*,#2016,.F.);
#2878=ORIENTED_EDGE('',*,*,#2017,.T.);
#2879=ORIENTED_EDGE('',*,*,#2016,.T.);
#2880=ORIENTED_EDGE('',*,*,#2018,.F.);
#2881=ORIENTED_EDGE('',*,*,#1971,.F.);
#2882=ORIENTED_EDGE('',*,*,#1924,.T.);
#2883=ORIENTED_EDGE('',*,*,#1958,.T.);
#2884=ORIENTED_EDGE('',*,*,#1972,.T.);
#2885=ORIENTED_EDGE('',*,*,#2018,.T.);
#2886=ORIENTED_EDGE('',*,*,#2015,.T.);
#2887=ORIENTED_EDGE('',*,*,#2012,.T.);
#2888=ORIENTED_EDGE('',*,*,#2009,.T.);
#2889=ORIENTED_EDGE('',*,*,#2006,.T.);
#2890=ORIENTED_EDGE('',*,*,#2003,.T.);
#2891=ORIENTED_EDGE('',*,*,#2000,.T.);
#2892=ORIENTED_EDGE('',*,*,#1997,.T.);
#2893=ORIENTED_EDGE('',*,*,#1994,.T.);
#2894=ORIENTED_EDGE('',*,*,#1991,.T.);
#2895=ORIENTED_EDGE('',*,*,#1987,.T.);
#2896=ORIENTED_EDGE('',*,*,#1934,.T.);
#2897=ORIENTED_EDGE('',*,*,#1932,.T.);
#2898=ORIENTED_EDGE('',*,*,#1930,.T.);
#2899=ORIENTED_EDGE('',*,*,#1928,.T.);
#2900=ORIENTED_EDGE('',*,*,#2017,.F.);
#2901=ORIENTED_EDGE('',*,*,#1970,.F.);
#2902=ORIENTED_EDGE('',*,*,#1956,.F.);
#2903=ORIENTED_EDGE('',*,*,#1973,.F.);
#2904=ORIENTED_EDGE('',*,*,#1975,.F.);
#2905=ORIENTED_EDGE('',*,*,#1977,.F.);
#2906=ORIENTED_EDGE('',*,*,#1979,.F.);
#2907=ORIENTED_EDGE('',*,*,#1981,.F.);
#2908=ORIENTED_EDGE('',*,*,#1983,.F.);
#2909=ORIENTED_EDGE('',*,*,#1985,.F.);
#2910=ORIENTED_EDGE('',*,*,#1989,.F.);
#2911=ORIENTED_EDGE('',*,*,#1990,.F.);
#2912=ORIENTED_EDGE('',*,*,#1993,.F.);
#2913=ORIENTED_EDGE('',*,*,#1996,.F.);
#2914=ORIENTED_EDGE('',*,*,#1999,.F.);
#2915=ORIENTED_EDGE('',*,*,#2002,.F.);
#2916=ORIENTED_EDGE('',*,*,#2005,.F.);
#2917=ORIENTED_EDGE('',*,*,#2008,.F.);
#2918=ORIENTED_EDGE('',*,*,#2011,.F.);
#2919=ORIENTED_EDGE('',*,*,#2014,.F.);
#2920=ORIENTED_EDGE('',*,*,#1969,.F.);
#2921=PLANE('',#3227);
#2922=PLANE('',#3228);
#2923=PLANE('',#3229);
#2924=PLANE('',#3230);
#2925=PLANE('',#3231);
#2926=PLANE('',#3232);
#2927=PLANE('',#3233);
#2928=PLANE('',#3236);
#2929=PLANE('',#3237);
#2930=PLANE('',#3238);
#2931=PLANE('',#3239);
#2932=PLANE('',#3240);
#2933=PLANE('',#3241);
#2934=PLANE('',#3242);
#2935=PLANE('',#3245);
#2936=PLANE('',#3246);
#2937=PLANE('',#3247);
#2938=PLANE('',#3248);
#2939=PLANE('',#3249);
#2940=PLANE('',#3250);
#2941=PLANE('',#3251);
#2942=PLANE('',#3254);
#2943=PLANE('',#3255);
#2944=PLANE('',#3256);
#2945=PLANE('',#3257);
#2946=PLANE('',#3258);
#2947=PLANE('',#3259);
#2948=PLANE('',#3260);
#2949=PLANE('',#3263);
#2950=PLANE('',#3267);
#2951=PLANE('',#3271);
#2952=PLANE('',#3272);
#2953=PLANE('',#3273);
#2954=PLANE('',#3274);
#2955=PLANE('',#3278);
#2956=PLANE('',#3282);
#2957=PLANE('',#3283);
#2958=PLANE('',#3287);
#2959=PLANE('',#3291);
#2960=PLANE('',#3292);
#2961=PLANE('',#3293);
#2962=PLANE('',#3294);
#2963=PLANE('',#3298);
#2964=PLANE('',#3302);
#2965=PLANE('',#3303);
#2966=PLANE('',#3306);
#2967=PLANE('',#3309);
#2968=PLANE('',#3310);
#2969=PLANE('',#3313);
#2970=PLANE('',#3316);
#2971=PLANE('',#3319);
#2972=PLANE('',#3320);
#2973=PLANE('',#3321);
#2974=PLANE('',#3322);
#2975=PLANE('',#3323);
#2976=PLANE('',#3325);
#2977=PLANE('',#3326);
#2978=PLANE('',#3332);
#2979=PLANE('',#3333);
#2980=PLANE('',#3334);
#2981=PLANE('',#3335);
#2982=PLANE('',#3338);
#2983=PLANE('',#3345);
#2984=PLANE('',#3346);
#2985=PLANE('',#3347);
#2986=PLANE('',#3348);
#2987=PLANE('',#3349);
#2988=PLANE('',#3350);
#2989=PLANE('',#3354);
#2990=PLANE('',#3358);
#2991=PLANE('',#3362);
#2992=PLANE('',#3366);
#2993=PLANE('',#3367);
#2994=PLANE('',#3368);
#2995=PLANE('',#3369);
#2996=PLANE('',#3370);
#2997=PLANE('',#3371);
#2998=PLANE('',#3373);
#2999=PLANE('',#3374);
#3000=PLANE('',#3375);
#3001=PLANE('',#3377);
#3002=PLANE('',#3378);
#3003=PLANE('',#3379);
#3004=PLANE('',#3382);
#3005=PLANE('',#3385);
#3006=PLANE('',#3386);
#3007=PLANE('',#3389);
#3008=PLANE('',#3392);
#3009=PLANE('',#3400);
#3010=PLANE('',#3408);
#3011=PLANE('',#3409);
#3012=PLANE('',#3412);
#3013=PLANE('',#3413);
#3014=PLANE('',#3414);
#3015=PLANE('',#3415);
#3016=PLANE('',#3416);
#3017=PLANE('',#3417);
#3018=PLANE('',#3418);
#3019=PLANE('',#3419);
#3020=PLANE('',#3420);
#3021=PLANE('',#3423);
#3022=PLANE('',#3424);
#3023=PLANE('',#3425);
#3024=PLANE('',#3426);
#3025=PLANE('',#3427);
#3026=PLANE('',#3428);
#3027=PLANE('',#3429);
#3028=PLANE('',#3432);
#3029=PLANE('',#3433);
#3030=PLANE('',#3434);
#3031=PLANE('',#3435);
#3032=PLANE('',#3441);
#3033=PLANE('',#3442);
#3034=PLANE('',#3443);
#3035=PLANE('',#3446);
#3036=PLANE('',#3449);
#3037=PLANE('',#3450);
#3038=PLANE('',#3451);
#3039=PLANE('',#3452);
#3040=PLANE('',#3453);
#3041=PLANE('',#3457);
#3042=PLANE('',#3458);
#3043=PLANE('',#3462);
#3044=PLANE('',#3463);
#3045=PLANE('',#3467);
#3046=PLANE('',#3468);
#3047=PLANE('',#3469);
#3048=ADVANCED_FACE('',(#196),#2921,.T.);
#3049=ADVANCED_FACE('',(#197),#2922,.T.);
#3050=ADVANCED_FACE('',(#198),#2923,.T.);
#3051=ADVANCED_FACE('',(#199),#2924,.T.);
#3052=ADVANCED_FACE('',(#200),#2925,.T.);
#3053=ADVANCED_FACE('',(#201),#2926,.T.);
#3054=ADVANCED_FACE('',(#202,#94),#2927,.T.);
#3055=ADVANCED_FACE('',(#203),#2928,.T.);
#3056=ADVANCED_FACE('',(#204),#2929,.T.);
#3057=ADVANCED_FACE('',(#205),#2930,.T.);
#3058=ADVANCED_FACE('',(#206),#2931,.T.);
#3059=ADVANCED_FACE('',(#207),#2932,.T.);
#3060=ADVANCED_FACE('',(#208),#2933,.T.);
#3061=ADVANCED_FACE('',(#209,#95),#2934,.T.);
#3062=ADVANCED_FACE('',(#210),#2935,.T.);
#3063=ADVANCED_FACE('',(#211),#2936,.T.);
#3064=ADVANCED_FACE('',(#212),#2937,.T.);
#3065=ADVANCED_FACE('',(#213),#2938,.T.);
#3066=ADVANCED_FACE('',(#214),#2939,.T.);
#3067=ADVANCED_FACE('',(#215),#2940,.T.);
#3068=ADVANCED_FACE('',(#216,#96),#2941,.T.);
#3069=ADVANCED_FACE('',(#217),#2942,.T.);
#3070=ADVANCED_FACE('',(#218),#2943,.T.);
#3071=ADVANCED_FACE('',(#219),#2944,.T.);
#3072=ADVANCED_FACE('',(#220),#2945,.T.);
#3073=ADVANCED_FACE('',(#221),#2946,.T.);
#3074=ADVANCED_FACE('',(#222),#2947,.T.);
#3075=ADVANCED_FACE('',(#223,#97),#2948,.T.);
#3076=ADVANCED_FACE('',(#224),#2949,.F.);
#3077=ADVANCED_FACE('',(#225),#62,.F.);
#3078=ADVANCED_FACE('',(#226),#2950,.F.);
#3079=ADVANCED_FACE('',(#227),#63,.F.);
#3080=ADVANCED_FACE('',(#228),#2951,.F.);
#3081=ADVANCED_FACE('',(#229),#2952,.F.);
#3082=ADVANCED_FACE('',(#230),#2953,.F.);
#3083=ADVANCED_FACE('',(#231),#2954,.F.);
#3084=ADVANCED_FACE('',(#232),#64,.F.);
#3085=ADVANCED_FACE('',(#233),#2955,.F.);
#3086=ADVANCED_FACE('',(#234),#65,.F.);
#3087=ADVANCED_FACE('',(#235),#2956,.F.);
#3088=ADVANCED_FACE('',(#236),#2957,.F.);
#3089=ADVANCED_FACE('',(#237),#66,.F.);
#3090=ADVANCED_FACE('',(#238),#2958,.F.);
#3091=ADVANCED_FACE('',(#239),#67,.F.);
#3092=ADVANCED_FACE('',(#240),#2959,.F.);
#3093=ADVANCED_FACE('',(#241),#2960,.F.);
#3094=ADVANCED_FACE('',(#242),#2961,.F.);
#3095=ADVANCED_FACE('',(#243),#2962,.F.);
#3096=ADVANCED_FACE('',(#244),#68,.F.);
#3097=ADVANCED_FACE('',(#245),#2963,.F.);
#3098=ADVANCED_FACE('',(#246),#69,.F.);
#3099=ADVANCED_FACE('',(#247),#2964,.F.);
#3100=ADVANCED_FACE('',(#248),#2965,.T.);
#3101=ADVANCED_FACE('',(#249),#2966,.T.);
#3102=ADVANCED_FACE('',(#250),#2967,.T.);
#3103=ADVANCED_FACE('',(#251),#2968,.T.);
#3104=ADVANCED_FACE('',(#252),#2969,.T.);
#3105=ADVANCED_FACE('',(#253),#2970,.T.);
#3106=ADVANCED_FACE('',(#254),#2971,.T.);
#3107=ADVANCED_FACE('',(#255,#98),#2972,.T.);
#3108=ADVANCED_FACE('',(#256,#99),#2973,.T.);
#3109=ADVANCED_FACE('',(#257,#100),#2974,.T.);
#3110=ADVANCED_FACE('',(#258,#101),#2975,.T.);
#3111=ADVANCED_FACE('',(#259),#70,.F.);
#3112=ADVANCED_FACE('',(#260,#102),#2976,.T.);
#3113=ADVANCED_FACE('',(#261),#2977,.T.);
#3114=ADVANCED_FACE('',(#262),#71,.T.);
#3115=ADVANCED_FACE('',(#263),#72,.T.);
#3116=ADVANCED_FACE('',(#264),#73,.F.);
#3117=ADVANCED_FACE('',(#265,#103),#2978,.T.);
#3118=ADVANCED_FACE('',(#266),#2979,.T.);
#3119=ADVANCED_FACE('',(#267),#2980,.F.);
#3120=ADVANCED_FACE('',(#268),#2981,.F.);
#3121=ADVANCED_FACE('',(#269),#74,.T.);
#3122=ADVANCED_FACE('',(#270,#104),#2982,.T.);
#3123=ADVANCED_FACE('',(#271),#75,.F.);
#3124=ADVANCED_FACE('',(#272),#76,.T.);
#3125=ADVANCED_FACE('',(#273),#77,.F.);
#3126=ADVANCED_FACE('',(#274,#105),#2983,.T.);
#3127=ADVANCED_FACE('',(#275),#2984,.T.);
#3128=ADVANCED_FACE('',(#276),#2985,.T.);
#3129=ADVANCED_FACE('',(#277),#2986,.T.);
#3130=ADVANCED_FACE('',(#278),#2987,.F.);
#3131=ADVANCED_FACE('',(#279),#2988,.F.);
#3132=ADVANCED_FACE('',(#280),#78,.F.);
#3133=ADVANCED_FACE('',(#281),#2989,.T.);
#3134=ADVANCED_FACE('',(#282),#79,.F.);
#3135=ADVANCED_FACE('',(#283),#2990,.T.);
#3136=ADVANCED_FACE('',(#284),#80,.F.);
#3137=ADVANCED_FACE('',(#285),#2991,.T.);
#3138=ADVANCED_FACE('',(#286),#81,.F.);
#3139=ADVANCED_FACE('',(#287),#2992,.T.);
#3140=ADVANCED_FACE('',(#288),#2993,.F.);
#3141=ADVANCED_FACE('',(#289),#2994,.F.);
#3142=ADVANCED_FACE('',(#290),#2995,.F.);
#3143=ADVANCED_FACE('',(#291),#2996,.F.);
#3144=ADVANCED_FACE('',(#292,#106),#2997,.T.);
#3145=ADVANCED_FACE('',(#293),#2998,.F.);
#3146=ADVANCED_FACE('',(#294),#2999,.T.);
#3147=ADVANCED_FACE('',(#295,#107),#3000,.T.);
#3148=ADVANCED_FACE('',(#296),#3001,.F.);
#3149=ADVANCED_FACE('',(#297),#3002,.T.);
#3150=ADVANCED_FACE('',(#298),#3003,.F.);
#3151=ADVANCED_FACE('',(#299),#3004,.F.);
#3152=ADVANCED_FACE('',(#300),#3005,.T.);
#3153=ADVANCED_FACE('',(#301),#3006,.F.);
#3154=ADVANCED_FACE('',(#302),#3007,.F.);
#3155=ADVANCED_FACE('',(#303),#3008,.T.);
#3156=ADVANCED_FACE('',(#304),#82,.T.);
#3157=ADVANCED_FACE('',(#305),#83,.T.);
#3158=ADVANCED_FACE('',(#306),#3009,.F.);
#3159=ADVANCED_FACE('',(#307),#84,.T.);
#3160=ADVANCED_FACE('',(#308),#85,.T.);
#3161=ADVANCED_FACE('',(#309),#3010,.F.);
#3162=ADVANCED_FACE('',(#310),#3011,.T.);
#3163=ADVANCED_FACE('',(#311),#3012,.T.);
#3164=ADVANCED_FACE('',(#312,#108),#3013,.T.);
#3165=ADVANCED_FACE('',(#313,#109),#3014,.T.);
#3166=ADVANCED_FACE('',(#314),#3015,.T.);
#3167=ADVANCED_FACE('',(#315),#3016,.T.);
#3168=ADVANCED_FACE('',(#316),#3017,.T.);
#3169=ADVANCED_FACE('',(#317),#3018,.T.);
#3170=ADVANCED_FACE('',(#318),#3019,.T.);
#3171=ADVANCED_FACE('',(#319),#3020,.T.);
#3172=ADVANCED_FACE('',(#320),#86,.F.);
#3173=ADVANCED_FACE('',(#321),#3021,.T.);
#3174=ADVANCED_FACE('',(#322),#3022,.T.);
#3175=ADVANCED_FACE('',(#323),#3023,.F.);
#3176=ADVANCED_FACE('',(#324),#3024,.F.);
#3177=ADVANCED_FACE('',(#325),#3025,.T.);
#3178=ADVANCED_FACE('',(#326),#3026,.T.);
#3179=ADVANCED_FACE('',(#327),#3027,.T.);
#3180=ADVANCED_FACE('',(#328),#87,.F.);
#3181=ADVANCED_FACE('',(#329),#3028,.T.);
#3182=ADVANCED_FACE('',(#330),#3029,.T.);
#3183=ADVANCED_FACE('',(#331),#3030,.T.);
#3184=ADVANCED_FACE('',(#332,#110),#3031,.T.);
#3185=ADVANCED_FACE('',(#333),#88,.F.);
#3186=ADVANCED_FACE('',(#334),#3032,.T.);
#3187=ADVANCED_FACE('',(#335),#3033,.T.);
#3188=ADVANCED_FACE('',(#336),#3034,.T.);
#3189=ADVANCED_FACE('',(#337),#89,.F.);
#3190=ADVANCED_FACE('',(#338),#3035,.T.);
#3191=ADVANCED_FACE('',(#339),#90,.F.);
#3192=ADVANCED_FACE('',(#340),#3036,.T.);
#3193=ADVANCED_FACE('',(#341),#3037,.T.);
#3194=ADVANCED_FACE('',(#342),#3038,.T.);
#3195=ADVANCED_FACE('',(#343),#3039,.T.);
#3196=ADVANCED_FACE('',(#344),#3040,.T.);
#3197=ADVANCED_FACE('',(#345),#91,.F.);
#3198=ADVANCED_FACE('',(#346),#3041,.T.);
#3199=ADVANCED_FACE('',(#347),#3042,.T.);
#3200=ADVANCED_FACE('',(#348),#92,.F.);
#3201=ADVANCED_FACE('',(#349),#3043,.T.);
#3202=ADVANCED_FACE('',(#350),#3044,.T.);
#3203=ADVANCED_FACE('',(#351),#93,.F.);
#3204=ADVANCED_FACE('',(#352),#3045,.T.);
#3205=ADVANCED_FACE('',(#353),#3046,.T.);
#3206=ADVANCED_FACE('',(#354,#111),#3047,.F.);
#3207=CLOSED_SHELL('',(#3048,#3049,#3050,#3051,#3052,#3053,#3054,#3055,
#3056,#3057,#3058,#3059,#3060,#3061,#3062,#3063,#3064,#3065,#3066,#3067,
#3068,#3069,#3070,#3071,#3072,#3073,#3074,#3075,#3076,#3077,#3078,#3079,
#3080,#3081,#3082,#3083,#3084,#3085,#3086,#3087,#3088,#3089,#3090,#3091,
#3092,#3093,#3094,#3095,#3096,#3097,#3098,#3099,#3100,#3101,#3102,#3103,
#3104,#3105,#3106,#3107,#3108,#3109,#3110,#3111,#3112,#3113,#3114,#3115,
#3116,#3117,#3118,#3119,#3120,#3121,#3122,#3123,#3124,#3125,#3126,#3127,
#3128,#3129,#3130,#3131,#3132,#3133,#3134,#3135,#3136,#3137,#3138,#3139,
#3140,#3141,#3142,#3143,#3144,#3145,#3146,#3147,#3148,#3149,#3150,#3151,
#3152,#3153,#3154,#3155,#3156,#3157,#3158,#3159,#3160,#3161,#3162,#3163,
#3164,#3165,#3166,#3167,#3168,#3169,#3170,#3171,#3172,#3173,#3174,#3175,
#3176,#3177,#3178,#3179,#3180,#3181,#3182,#3183,#3184,#3185,#3186,#3187,
#3188,#3189,#3190,#3191,#3192,#3193,#3194,#3195,#3196,#3197,#3198,#3199,
#3200,#3201,#3202,#3203,#3204,#3205,#3206));
#3208=DERIVED_UNIT_ELEMENT(#3210,1.);
#3209=DERIVED_UNIT_ELEMENT(#5243,3.);
#3210=(
MASS_UNIT()
NAMED_UNIT(*)
SI_UNIT($,.GRAM.)
);
#3211=DERIVED_UNIT((#3208,#3209));
#3212=MEASURE_REPRESENTATION_ITEM('density measure',
POSITIVE_RATIO_MEASURE(1.),#3211);
#3213=PROPERTY_DEFINITION_REPRESENTATION(#3218,#3215);
#3214=PROPERTY_DEFINITION_REPRESENTATION(#3219,#3216);
#3215=REPRESENTATION('material name',(#3217),#5240);
#3216=REPRESENTATION('density',(#3212),#5240);
#3217=DESCRIPTIVE_REPRESENTATION_ITEM('Generic','Generic');
#3218=PROPERTY_DEFINITION('material property','material name',#5250);
#3219=PROPERTY_DEFINITION('material property','density of part',#5250);
#3220=DATE_TIME_ROLE('creation_date');
#3221=APPLIED_DATE_AND_TIME_ASSIGNMENT(#3222,#3220,(#5250));
#3222=DATE_AND_TIME(#3223,#3224);
#3223=CALENDAR_DATE(2020,27,8);
#3224=LOCAL_TIME(0,0,0.,#3225);
#3225=COORDINATED_UNIVERSAL_TIME_OFFSET(0,0,.BEHIND.);
#3226=AXIS2_PLACEMENT_3D('placement',#4325,#3470,#3471);
#3227=AXIS2_PLACEMENT_3D('',#4326,#3472,#3473);
#3228=AXIS2_PLACEMENT_3D('',#4335,#3478,#3479);
#3229=AXIS2_PLACEMENT_3D('',#4341,#3483,#3484);
#3230=AXIS2_PLACEMENT_3D('',#4347,#3488,#3489);
#3231=AXIS2_PLACEMENT_3D('',#4353,#3493,#3494);
#3232=AXIS2_PLACEMENT_3D('',#4359,#3498,#3499);
#3233=AXIS2_PLACEMENT_3D('',#4362,#3502,#3503);
#3234=AXIS2_PLACEMENT_3D('',#4365,#3504,#3505);
#3235=AXIS2_PLACEMENT_3D('',#4366,#3506,#3507);
#3236=AXIS2_PLACEMENT_3D('',#4367,#3508,#3509);
#3237=AXIS2_PLACEMENT_3D('',#4376,#3514,#3515);
#3238=AXIS2_PLACEMENT_3D('',#4382,#3519,#3520);
#3239=AXIS2_PLACEMENT_3D('',#4388,#3524,#3525);
#3240=AXIS2_PLACEMENT_3D('',#4394,#3529,#3530);
#3241=AXIS2_PLACEMENT_3D('',#4400,#3534,#3535);
#3242=AXIS2_PLACEMENT_3D('',#4403,#3538,#3539);
#3243=AXIS2_PLACEMENT_3D('',#4406,#3540,#3541);
#3244=AXIS2_PLACEMENT_3D('',#4407,#3542,#3543);
#3245=AXIS2_PLACEMENT_3D('',#4408,#3544,#3545);
#3246=AXIS2_PLACEMENT_3D('',#4417,#3550,#3551);
#3247=AXIS2_PLACEMENT_3D('',#4423,#3555,#3556);
#3248=AXIS2_PLACEMENT_3D('',#4429,#3560,#3561);
#3249=AXIS2_PLACEMENT_3D('',#4435,#3565,#3566);
#3250=AXIS2_PLACEMENT_3D('',#4441,#3570,#3571);
#3251=AXIS2_PLACEMENT_3D('',#4444,#3574,#3575);
#3252=AXIS2_PLACEMENT_3D('',#4447,#3576,#3577);
#3253=AXIS2_PLACEMENT_3D('',#4448,#3578,#3579);
#3254=AXIS2_PLACEMENT_3D('',#4449,#3580,#3581);
#3255=AXIS2_PLACEMENT_3D('',#4458,#3586,#3587);
#3256=AXIS2_PLACEMENT_3D('',#4464,#3591,#3592);
#3257=AXIS2_PLACEMENT_3D('',#4470,#3596,#3597);
#3258=AXIS2_PLACEMENT_3D('',#4476,#3601,#3602);
#3259=AXIS2_PLACEMENT_3D('',#4482,#3606,#3607);
#3260=AXIS2_PLACEMENT_3D('',#4485,#3610,#3611);
#3261=AXIS2_PLACEMENT_3D('',#4488,#3612,#3613);
#3262=AXIS2_PLACEMENT_3D('',#4489,#3614,#3615);
#3263=AXIS2_PLACEMENT_3D('',#4490,#3616,#3617);
#3264=AXIS2_PLACEMENT_3D('',#4499,#3622,#3623);
#3265=AXIS2_PLACEMENT_3D('',#4501,#3624,#3625);
#3266=AXIS2_PLACEMENT_3D('',#4503,#3626,#3627);
#3267=AXIS2_PLACEMENT_3D('',#4505,#3629,#3630);
#3268=AXIS2_PLACEMENT_3D('',#4511,#3634,#3635);
#3269=AXIS2_PLACEMENT_3D('',#4512,#3636,#3637);
#3270=AXIS2_PLACEMENT_3D('',#4513,#3638,#3639);
#3271=AXIS2_PLACEMENT_3D('',#4514,#3640,#3641);
#3272=AXIS2_PLACEMENT_3D('',#4523,#3646,#3647);
#3273=AXIS2_PLACEMENT_3D('',#4532,#3652,#3653);
#3274=AXIS2_PLACEMENT_3D('',#4541,#3658,#3659);
#3275=AXIS2_PLACEMENT_3D('',#4550,#3664,#3665);
#3276=AXIS2_PLACEMENT_3D('',#4552,#3666,#3667);
#3277=AXIS2_PLACEMENT_3D('',#4554,#3668,#3669);
#3278=AXIS2_PLACEMENT_3D('',#4556,#3671,#3672);
#3279=AXIS2_PLACEMENT_3D('',#4562,#3676,#3677);
#3280=AXIS2_PLACEMENT_3D('',#4563,#3678,#3679);
#3281=AXIS2_PLACEMENT_3D('',#4564,#3680,#3681);
#3282=AXIS2_PLACEMENT_3D('',#4565,#3682,#3683);
#3283=AXIS2_PLACEMENT_3D('',#4574,#3688,#3689);
#3284=AXIS2_PLACEMENT_3D('',#4583,#3694,#3695);
#3285=AXIS2_PLACEMENT_3D('',#4586,#3696,#3697);
#3286=AXIS2_PLACEMENT_3D('',#4590,#3699,#3700);
#3287=AXIS2_PLACEMENT_3D('',#4592,#3702,#3703);
#3288=AXIS2_PLACEMENT_3D('',#4598,#3707,#3708);
#3289=AXIS2_PLACEMENT_3D('',#4600,#3709,#3710);
#3290=AXIS2_PLACEMENT_3D('',#4603,#3712,#3713);
#3291=AXIS2_PLACEMENT_3D('',#4604,#3714,#3715);
#3292=AXIS2_PLACEMENT_3D('',#4607,#3718,#3719);
#3293=AXIS2_PLACEMENT_3D('',#4616,#3724,#3725);
#3294=AXIS2_PLACEMENT_3D('',#4625,#3730,#3731);
#3295=AXIS2_PLACEMENT_3D('',#4634,#3736,#3737);
#3296=AXIS2_PLACEMENT_3D('',#4637,#3738,#3739);
#3297=AXIS2_PLACEMENT_3D('',#4641,#3741,#3742);
#3298=AXIS2_PLACEMENT_3D('',#4643,#3744,#3745);
#3299=AXIS2_PLACEMENT_3D('',#4649,#3749,#3750);
#3300=AXIS2_PLACEMENT_3D('',#4651,#3751,#3752);
#3301=AXIS2_PLACEMENT_3D('',#4654,#3754,#3755);
#3302=AXIS2_PLACEMENT_3D('',#4655,#3756,#3757);
#3303=AXIS2_PLACEMENT_3D('',#4658,#3760,#3761);
#3304=AXIS2_PLACEMENT_3D('',#4662,#3763,#3764);
#3305=AXIS2_PLACEMENT_3D('',#4668,#3767,#3768);
#3306=AXIS2_PLACEMENT_3D('',#4670,#3770,#3771);
#3307=AXIS2_PLACEMENT_3D('',#4674,#3773,#3774);
#3308=AXIS2_PLACEMENT_3D('',#4680,#3777,#3778);
#3309=AXIS2_PLACEMENT_3D('',#4682,#3780,#3781);
#3310=AXIS2_PLACEMENT_3D('',#4685,#3784,#3785);
#3311=AXIS2_PLACEMENT_3D('',#4689,#3787,#3788);
#3312=AXIS2_PLACEMENT_3D('',#4695,#3791,#3792);
#3313=AXIS2_PLACEMENT_3D('',#4697,#3794,#3795);
#3314=AXIS2_PLACEMENT_3D('',#4701,#3797,#3798);
#3315=AXIS2_PLACEMENT_3D('',#4707,#3801,#3802);
#3316=AXIS2_PLACEMENT_3D('',#4709,#3804,#3805);
#3317=AXIS2_PLACEMENT_3D('',#4713,#3807,#3808);
#3318=AXIS2_PLACEMENT_3D('',#4719,#3811,#3812);
#3319=AXIS2_PLACEMENT_3D('',#4721,#3814,#3815);
#3320=AXIS2_PLACEMENT_3D('',#4724,#3818,#3819);
#3321=AXIS2_PLACEMENT_3D('',#4728,#3822,#3823);
#3322=AXIS2_PLACEMENT_3D('',#4732,#3826,#3827);
#3323=AXIS2_PLACEMENT_3D('',#4735,#3830,#3831);
#3324=AXIS2_PLACEMENT_3D('',#4740,#3835,#3836);
#3325=AXIS2_PLACEMENT_3D('',#4743,#3839,#3840);
#3326=AXIS2_PLACEMENT_3D('',#4745,#3842,#3843);
#3327=AXIS2_PLACEMENT_3D('',#4746,#3844,#3845);
#3328=AXIS2_PLACEMENT_3D('',#4748,#3847,#3848);
#3329=AXIS2_PLACEMENT_3D('',#4751,#3850,#3851);
#3330=AXIS2_PLACEMENT_3D('',#4752,#3852,#3853);
#3331=AXIS2_PLACEMENT_3D('',#4756,#3855,#3856);
#3332=AXIS2_PLACEMENT_3D('',#4758,#3858,#3859);
#3333=AXIS2_PLACEMENT_3D('',#4761,#3862,#3863);
#3334=AXIS2_PLACEMENT_3D('',#4762,#3864,#3865);
#3335=AXIS2_PLACEMENT_3D('',#4772,#3871,#3872);
#3336=AXIS2_PLACEMENT_3D('',#4784,#3879,#3880);
#3337=AXIS2_PLACEMENT_3D('',#4789,#3883,#3884);
#3338=AXIS2_PLACEMENT_3D('',#4790,#3885,#3886);
#3339=AXIS2_PLACEMENT_3D('',#4792,#3888,#3889);
#3340=AXIS2_PLACEMENT_3D('',#4795,#3891,#3892);
#3341=AXIS2_PLACEMENT_3D('',#4796,#3893,#3894);
#3342=AXIS2_PLACEMENT_3D('',#4801,#3897,#3898);
#3343=AXIS2_PLACEMENT_3D('',#4802,#3899,#3900);
#3344=AXIS2_PLACEMENT_3D('',#4804,#3901,#3902);
#3345=AXIS2_PLACEMENT_3D('',#4806,#3904,#3905);
#3346=AXIS2_PLACEMENT_3D('',#4808,#3907,#3908);
#3347=AXIS2_PLACEMENT_3D('',#4812,#3911,#3912);
#3348=AXIS2_PLACEMENT_3D('',#4816,#3915,#3916);
#3349=AXIS2_PLACEMENT_3D('',#4818,#3918,#3919);
#3350=AXIS2_PLACEMENT_3D('',#4828,#3925,#3926);
#3351=AXIS2_PLACEMENT_3D('',#4838,#3932,#3933);
#3352=AXIS2_PLACEMENT_3D('',#4842,#3935,#3936);
#3353=AXIS2_PLACEMENT_3D('',#4843,#3937,#3938);
#3354=AXIS2_PLACEMENT_3D('',#4844,#3939,#3940);
#3355=AXIS2_PLACEMENT_3D('',#4845,#3941,#3942);
#3356=AXIS2_PLACEMENT_3D('',#4849,#3944,#3945);
#3357=AXIS2_PLACEMENT_3D('',#4850,#3946,#3947);
#3358=AXIS2_PLACEMENT_3D('',#4851,#3948,#3949);
#3359=AXIS2_PLACEMENT_3D('',#4852,#3950,#3951);
#3360=AXIS2_PLACEMENT_3D('',#4856,#3953,#3954);
#3361=AXIS2_PLACEMENT_3D('',#4857,#3955,#3956);
#3362=AXIS2_PLACEMENT_3D('',#4858,#3957,#3958);
#3363=AXIS2_PLACEMENT_3D('',#4859,#3959,#3960);
#3364=AXIS2_PLACEMENT_3D('',#4863,#3962,#3963);
#3365=AXIS2_PLACEMENT_3D('',#4864,#3964,#3965);
#3366=AXIS2_PLACEMENT_3D('',#4865,#3966,#3967);
#3367=AXIS2_PLACEMENT_3D('',#4866,#3968,#3969);
#3368=AXIS2_PLACEMENT_3D('',#4872,#3973,#3974);
#3369=AXIS2_PLACEMENT_3D('',#4878,#3978,#3979);
#3370=AXIS2_PLACEMENT_3D('',#4884,#3983,#3984);
#3371=AXIS2_PLACEMENT_3D('',#4890,#3988,#3989);
#3372=AXIS2_PLACEMENT_3D('',#4894,#3991,#3992);
#3373=AXIS2_PLACEMENT_3D('',#4896,#3994,#3995);
#3374=AXIS2_PLACEMENT_3D('',#4902,#3999,#4000);
#3375=AXIS2_PLACEMENT_3D('',#4910,#4005,#4006);
#3376=AXIS2_PLACEMENT_3D('',#4914,#4008,#4009);
#3377=AXIS2_PLACEMENT_3D('',#4916,#4011,#4012);
#3378=AXIS2_PLACEMENT_3D('',#4922,#4016,#4017);
#3379=AXIS2_PLACEMENT_3D('',#4930,#4022,#4023);
#3380=AXIS2_PLACEMENT_3D('',#4933,#4024,#4025);
#3381=AXIS2_PLACEMENT_3D('',#4935,#4026,#4027);
#3382=AXIS2_PLACEMENT_3D('',#4937,#4029,#4030);
#3383=AXIS2_PLACEMENT_3D('',#4940,#4031,#4032);
#3384=AXIS2_PLACEMENT_3D('',#4943,#4034,#4035);
#3385=AXIS2_PLACEMENT_3D('',#4944,#4036,#4037);
#3386=AXIS2_PLACEMENT_3D('',#4950,#4041,#4042);
#3387=AXIS2_PLACEMENT_3D('',#4953,#4043,#4044);
#3388=AXIS2_PLACEMENT_3D('',#4955,#4045,#4046);
#3389=AXIS2_PLACEMENT_3D('',#4957,#4048,#4049);
#3390=AXIS2_PLACEMENT_3D('',#4960,#4050,#4051);
#3391=AXIS2_PLACEMENT_3D('',#4963,#4053,#4054);
#3392=AXIS2_PLACEMENT_3D('',#4964,#4055,#4056);
#3393=AXIS2_PLACEMENT_3D('',#4970,#4060,#4061);
#3394=AXIS2_PLACEMENT_3D('',#4972,#4062,#4063);
#3395=AXIS2_PLACEMENT_3D('',#4973,#4064,#4065);
#3396=AXIS2_PLACEMENT_3D('',#4977,#4067,#4068);
#3397=AXIS2_PLACEMENT_3D('',#4979,#4070,#4071);
#3398=AXIS2_PLACEMENT_3D('',#4981,#4072,#4073);
#3399=AXIS2_PLACEMENT_3D('',#4983,#4075,#4076);
#3400=AXIS2_PLACEMENT_3D('',#4984,#4077,#4078);
#3401=AXIS2_PLACEMENT_3D('',#4992,#4083,#4084);
#3402=AXIS2_PLACEMENT_3D('',#4993,#4085,#4086);
#3403=AXIS2_PLACEMENT_3D('',#4994,#4087,#4088);
#3404=AXIS2_PLACEMENT_3D('',#4997,#4090,#4091);
#3405=AXIS2_PLACEMENT_3D('',#4998,#4092,#4093);
#3406=AXIS2_PLACEMENT_3D('',#5000,#4094,#4095);
#3407=AXIS2_PLACEMENT_3D('',#5002,#4097,#4098);
#3408=AXIS2_PLACEMENT_3D('',#5003,#4099,#4100);
#3409=AXIS2_PLACEMENT_3D('',#5008,#4104,#4105);
#3410=AXIS2_PLACEMENT_3D('',#5009,#4106,#4107);
#3411=AXIS2_PLACEMENT_3D('',#5011,#4109,#4110);
#3412=AXIS2_PLACEMENT_3D('',#5013,#4112,#4113);
#3413=AXIS2_PLACEMENT_3D('',#5023,#4119,#4120);
#3414=AXIS2_PLACEMENT_3D('',#5024,#4121,#4122);
#3415=AXIS2_PLACEMENT_3D('',#5025,#4123,#4124);
#3416=AXIS2_PLACEMENT_3D('',#5031,#4128,#4129);
#3417=AXIS2_PLACEMENT_3D('',#5035,#4132,#4133);
#3418=AXIS2_PLACEMENT_3D('',#5039,#4136,#4137);
#3419=AXIS2_PLACEMENT_3D('',#5045,#4141,#4142);
#3420=AXIS2_PLACEMENT_3D('',#5055,#4148,#4149);
#3421=AXIS2_PLACEMENT_3D('',#5059,#4152,#4153);
#3422=AXIS2_PLACEMENT_3D('',#5061,#4154,#4155);
#3423=AXIS2_PLACEMENT_3D('',#5063,#4157,#4158);
#3424=AXIS2_PLACEMENT_3D('',#5067,#4161,#4162);
#3425=AXIS2_PLACEMENT_3D('',#5073,#4166,#4167);
#3426=AXIS2_PLACEMENT_3D('',#5077,#4170,#4171);
#3427=AXIS2_PLACEMENT_3D('',#5083,#4175,#4176);
#3428=AXIS2_PLACEMENT_3D('',#5085,#4178,#4179);
#3429=AXIS2_PLACEMENT_3D('',#5091,#4183,#4184);
#3430=AXIS2_PLACEMENT_3D('',#5095,#4187,#4188);
#3431=AXIS2_PLACEMENT_3D('',#5097,#4189,#4190);
#3432=AXIS2_PLACEMENT_3D('',#5099,#4192,#4193);
#3433=AXIS2_PLACEMENT_3D('',#5103,#4196,#4197);
#3434=AXIS2_PLACEMENT_3D('',#5107,#4200,#4201);
#3435=AXIS2_PLACEMENT_3D('',#5117,#4207,#4208);
#3436=AXIS2_PLACEMENT_3D('',#5125,#4212,#4213);
#3437=AXIS2_PLACEMENT_3D('',#5129,#4215,#4216);
#3438=AXIS2_PLACEMENT_3D('',#5134,#4219,#4220);
#3439=AXIS2_PLACEMENT_3D('',#5135,#4221,#4222);
#3440=AXIS2_PLACEMENT_3D('',#5138,#4224,#4225);
#3441=AXIS2_PLACEMENT_3D('',#5139,#4226,#4227);
#3442=AXIS2_PLACEMENT_3D('',#5145,#4231,#4232);
#3443=AXIS2_PLACEMENT_3D('',#5149,#4235,#4236);
#3444=AXIS2_PLACEMENT_3D('',#5153,#4239,#4240);
#3445=AXIS2_PLACEMENT_3D('',#5155,#4241,#4242);
#3446=AXIS2_PLACEMENT_3D('',#5157,#4244,#4245);
#3447=AXIS2_PLACEMENT_3D('',#5161,#4248,#4249);
#3448=AXIS2_PLACEMENT_3D('',#5163,#4250,#4251);
#3449=AXIS2_PLACEMENT_3D('',#5165,#4253,#4254);
#3450=AXIS2_PLACEMENT_3D('',#5169,#4257,#4258);
#3451=AXIS2_PLACEMENT_3D('',#5173,#4261,#4262);
#3452=AXIS2_PLACEMENT_3D('',#5179,#4266,#4267);
#3453=AXIS2_PLACEMENT_3D('',#5185,#4271,#4272);
#3454=AXIS2_PLACEMENT_3D('',#5191,#4276,#4277);
#3455=AXIS2_PLACEMENT_3D('',#5193,#4278,#4279);
#3456=AXIS2_PLACEMENT_3D('',#5195,#4280,#4281);
#3457=AXIS2_PLACEMENT_3D('',#5197,#4283,#4284);
#3458=AXIS2_PLACEMENT_3D('',#5203,#4288,#4289);
#3459=AXIS2_PLACEMENT_3D('',#5209,#4293,#4294);
#3460=AXIS2_PLACEMENT_3D('',#5211,#4295,#4296);
#3461=AXIS2_PLACEMENT_3D('',#5213,#4297,#4298);
#3462=AXIS2_PLACEMENT_3D('',#5215,#4300,#4301);
#3463=AXIS2_PLACEMENT_3D('',#5221,#4305,#4306);
#3464=AXIS2_PLACEMENT_3D('',#5227,#4310,#4311);
#3465=AXIS2_PLACEMENT_3D('',#5229,#4312,#4313);
#3466=AXIS2_PLACEMENT_3D('',#5231,#4314,#4315);
#3467=AXIS2_PLACEMENT_3D('',#5233,#4317,#4318);
#3468=AXIS2_PLACEMENT_3D('',#5236,#4321,#4322);
#3469=AXIS2_PLACEMENT_3D('',#5237,#4323,#4324);
#3470=DIRECTION('axis',(0.,0.,1.));
#3471=DIRECTION('refdir',(1.,0.,0.));
#3472=DIRECTION('center_axis',(1.,0.,0.));
#3473=DIRECTION('ref_axis',(0.,0.,-1.));
#3474=DIRECTION('',(0.,0.,1.));
#3475=DIRECTION('',(0.,1.,0.));
#3476=DIRECTION('',(0.,0.,-1.));
#3477=DIRECTION('',(0.,1.,0.));
#3478=DIRECTION('center_axis',(0.500000000000001,0.,0.866025403784438));
#3479=DIRECTION('ref_axis',(0.866025403784438,0.,-0.500000000000001));
#3480=DIRECTION('',(-0.866025403784438,0.,0.500000000000001));
#3481=DIRECTION('',(0.866025403784438,0.,-0.500000000000001));
#3482=DIRECTION('',(0.,1.,0.));
#3483=DIRECTION('center_axis',(-0.5,0.,0.866025403784439));
#3484=DIRECTION('ref_axis',(0.866025403784439,0.,0.499999999999999));
#3485=DIRECTION('',(-0.866025403784439,0.,-0.499999999999999));
#3486=DIRECTION('',(0.866025403784439,0.,0.499999999999999));
#3487=DIRECTION('',(0.,1.,0.));
#3488=DIRECTION('center_axis',(-1.,0.,0.));
#3489=DIRECTION('ref_axis',(0.,0.,1.));
#3490=DIRECTION('',(0.,0.,-1.));
#3491=DIRECTION('',(0.,0.,1.));
#3492=DIRECTION('',(0.,1.,0.));
#3493=DIRECTION('center_axis',(-0.5,0.,-0.866025403784439));
#3494=DIRECTION('ref_axis',(-0.866025403784439,0.,0.5));
#3495=DIRECTION('',(0.866025403784439,0.,-0.5));
#3496=DIRECTION('',(-0.866025403784439,0.,0.5));
#3497=DIRECTION('',(0.,1.,0.));
#3498=DIRECTION('center_axis',(0.500000000000001,0.,-0.866025403784438));
#3499=DIRECTION('ref_axis',(-0.866025403784438,0.,-0.500000000000001));
#3500=DIRECTION('',(0.866025403784438,0.,0.500000000000001));
#3501=DIRECTION('',(-0.866025403784438,0.,-0.500000000000001));
#3502=DIRECTION('center_axis',(0.,1.,0.));
#3503=DIRECTION('ref_axis',(0.,0.,1.));
#3504=DIRECTION('center_axis',(0.,-1.,0.));
#3505=DIRECTION('ref_axis',(-1.,0.,0.));
#3506=DIRECTION('center_axis',(0.,-1.,0.));
#3507=DIRECTION('ref_axis',(-1.,0.,0.));
#3508=DIRECTION('center_axis',(0.499999999999999,0.,0.866025403784439));
#3509=DIRECTION('ref_axis',(0.866025403784439,0.,-0.499999999999999));
#3510=DIRECTION('',(-0.866025403784439,0.,0.499999999999999));
#3511=DIRECTION('',(0.,1.,0.));
#3512=DIRECTION('',(0.866025403784439,0.,-0.499999999999999));
#3513=DIRECTION('',(0.,1.,0.));
#3514=DIRECTION('center_axis',(-0.499999999999999,0.,0.866025403784439));
#3515=DIRECTION('ref_axis',(0.866025403784439,0.,0.499999999999999));
#3516=DIRECTION('',(-0.866025403784439,0.,-0.499999999999999));
#3517=DIRECTION('',(0.866025403784439,0.,0.499999999999999));
#3518=DIRECTION('',(0.,1.,0.));
#3519=DIRECTION('center_axis',(-1.,0.,0.));
#3520=DIRECTION('ref_axis',(0.,0.,1.));
#3521=DIRECTION('',(0.,0.,-1.));
#3522=DIRECTION('',(0.,0.,1.));
#3523=DIRECTION('',(0.,1.,0.));
#3524=DIRECTION('center_axis',(-0.499999999999999,0.,-0.866025403784439));
#3525=DIRECTION('ref_axis',(-0.866025403784439,0.,0.499999999999999));
#3526=DIRECTION('',(0.866025403784439,0.,-0.499999999999999));
#3527=DIRECTION('',(-0.866025403784439,0.,0.499999999999999));
#3528=DIRECTION('',(0.,1.,0.));
#3529=DIRECTION('center_axis',(0.5,0.,-0.866025403784439));
#3530=DIRECTION('ref_axis',(-0.866025403784439,0.,-0.5));
#3531=DIRECTION('',(0.866025403784439,0.,0.5));
#3532=DIRECTION('',(-0.866025403784439,0.,-0.5));
#3533=DIRECTION('',(0.,1.,0.));
#3534=DIRECTION('center_axis',(1.,0.,0.));
#3535=DIRECTION('ref_axis',(0.,0.,-1.));
#3536=DIRECTION('',(0.,0.,1.));
#3537=DIRECTION('',(0.,0.,-1.));
#3538=DIRECTION('center_axis',(0.,1.,0.));
#3539=DIRECTION('ref_axis',(0.,0.,1.));
#3540=DIRECTION('center_axis',(0.,-1.,0.));
#3541=DIRECTION('ref_axis',(-1.,0.,0.));
#3542=DIRECTION('center_axis',(0.,-1.,0.));
#3543=DIRECTION('ref_axis',(-1.,0.,0.));
#3544=DIRECTION('center_axis',(0.5,0.,0.866025403784439));
#3545=DIRECTION('ref_axis',(0.866025403784439,0.,-0.5));
#3546=DIRECTION('',(-0.866025403784439,0.,0.5));
#3547=DIRECTION('',(0.,1.,0.));
#3548=DIRECTION('',(0.866025403784439,0.,-0.5));
#3549=DIRECTION('',(0.,1.,0.));
#3550=DIRECTION('center_axis',(-0.500000000000001,0.,0.866025403784438));
#3551=DIRECTION('ref_axis',(0.866025403784438,0.,0.500000000000001));
#3552=DIRECTION('',(-0.866025403784438,0.,-0.500000000000001));
#3553=DIRECTION('',(0.866025403784438,0.,0.500000000000001));
#3554=DIRECTION('',(0.,1.,0.));
#3555=DIRECTION('center_axis',(-1.,0.,-9.51619735392991E-16));
#3556=DIRECTION('ref_axis',(-9.51619735392991E-16,0.,1.));
#3557=DIRECTION('',(9.51619735392991E-16,0.,-1.));
#3558=DIRECTION('',(-9.51619735392991E-16,0.,1.));
#3559=DIRECTION('',(0.,1.,0.));
#3560=DIRECTION('center_axis',(-0.499999999999999,0.,-0.866025403784439));
#3561=DIRECTION('ref_axis',(-0.866025403784439,0.,0.499999999999999));
#3562=DIRECTION('',(0.866025403784439,0.,-0.499999999999999));
#3563=DIRECTION('',(-0.866025403784439,0.,0.499999999999999));
#3564=DIRECTION('',(0.,1.,0.));
#3565=DIRECTION('center_axis',(0.500000000000001,0.,-0.866025403784438));
#3566=DIRECTION('ref_axis',(-0.866025403784438,0.,-0.500000000000001));
#3567=DIRECTION('',(0.866025403784438,0.,0.500000000000001));
#3568=DIRECTION('',(-0.866025403784438,0.,-0.500000000000001));
#3569=DIRECTION('',(0.,1.,0.));
#3570=DIRECTION('center_axis',(1.,0.,-3.1720657846433E-16));
#3571=DIRECTION('ref_axis',(-3.1720657846433E-16,0.,-1.));
#3572=DIRECTION('',(3.1720657846433E-16,0.,1.));
#3573=DIRECTION('',(-3.1720657846433E-16,0.,-1.));
#3574=DIRECTION('center_axis',(0.,1.,0.));
#3575=DIRECTION('ref_axis',(0.,0.,1.));
#3576=DIRECTION('center_axis',(0.,-1.,0.));
#3577=DIRECTION('ref_axis',(-1.,0.,0.));
#3578=DIRECTION('center_axis',(0.,-1.,0.));
#3579=DIRECTION('ref_axis',(-1.,0.,0.));
#3580=DIRECTION('center_axis',(-0.5,0.,0.866025403784439));
#3581=DIRECTION('ref_axis',(0.866025403784439,0.,0.5));
#3582=DIRECTION('',(-0.866025403784439,0.,-0.5));
#3583=DIRECTION('',(0.,1.,0.));
#3584=DIRECTION('',(0.866025403784439,0.,0.5));
#3585=DIRECTION('',(0.,1.,0.));
#3586=DIRECTION('center_axis',(-1.,0.,-3.1720657846433E-16));
#3587=DIRECTION('ref_axis',(-3.1720657846433E-16,0.,1.));
#3588=DIRECTION('',(3.1720657846433E-16,0.,-1.));
#3589=DIRECTION('',(-3.1720657846433E-16,0.,1.));
#3590=DIRECTION('',(0.,1.,0.));
#3591=DIRECTION('center_axis',(-0.5,0.,-0.866025403784439));
#3592=DIRECTION('ref_axis',(-0.866025403784439,0.,0.5));
#3593=DIRECTION('',(0.866025403784439,0.,-0.5));
#3594=DIRECTION('',(-0.866025403784439,0.,0.5));
#3595=DIRECTION('',(0.,1.,0.));
#3596=DIRECTION('center_axis',(0.5,0.,-0.866025403784439));
#3597=DIRECTION('ref_axis',(-0.866025403784438,0.,-0.5));
#3598=DIRECTION('',(0.866025403784438,0.,0.5));
#3599=DIRECTION('',(-0.866025403784438,0.,-0.5));
#3600=DIRECTION('',(0.,1.,0.));
#3601=DIRECTION('center_axis',(1.,0.,3.1720657846433E-16));
#3602=DIRECTION('ref_axis',(3.1720657846433E-16,0.,-1.));
#3603=DIRECTION('',(-3.1720657846433E-16,0.,1.));
#3604=DIRECTION('',(3.1720657846433E-16,0.,-1.));
#3605=DIRECTION('',(0.,1.,0.));
#3606=DIRECTION('center_axis',(0.5,0.,0.866025403784439));
#3607=DIRECTION('ref_axis',(0.866025403784439,0.,-0.499999999999999));
#3608=DIRECTION('',(-0.866025403784439,0.,0.499999999999999));
#3609=DIRECTION('',(0.866025403784439,0.,-0.499999999999999));
#3610=DIRECTION('center_axis',(0.,1.,0.));
#3611=DIRECTION('ref_axis',(0.,0.,1.));
#3612=DIRECTION('center_axis',(0.,-1.,0.));
#3613=DIRECTION('ref_axis',(-1.,0.,0.));
#3614=DIRECTION('center_axis',(0.,-1.,0.));
#3615=DIRECTION('ref_axis',(-1.,0.,0.));
#3616=DIRECTION('center_axis',(0.,0.,1.));
#3617=DIRECTION('ref_axis',(-1.,0.,0.));
#3618=DIRECTION('',(1.,-2.72530966462143E-16,0.));
#3619=DIRECTION('',(0.,-1.,0.));
#3620=DIRECTION('',(-1.,1.36265483231072E-16,0.));
#3621=DIRECTION('',(0.,-1.,0.));
#3622=DIRECTION('center_axis',(0.,-1.,0.));
#3623=DIRECTION('ref_axis',(1.,0.,0.));
#3624=DIRECTION('center_axis',(2.72530966462143E-16,1.,0.));
#3625=DIRECTION('ref_axis',(1.,0.,0.));
#3626=DIRECTION('center_axis',(-1.36265483231072E-16,-1.,0.));
#3627=DIRECTION('ref_axis',(1.,0.,0.));
#3628=DIRECTION('',(0.,-1.,0.));
#3629=DIRECTION('center_axis',(0.,0.,-1.));
#3630=DIRECTION('ref_axis',(1.,0.,0.));
#3631=DIRECTION('',(-1.,2.72530966462143E-16,0.));
#3632=DIRECTION('',(1.,-1.36265483231072E-16,0.));
#3633=DIRECTION('',(0.,-1.,0.));
#3634=DIRECTION('center_axis',(0.,-1.,0.));
#3635=DIRECTION('ref_axis',(-1.,0.,1.22464679914735E-16));
#3636=DIRECTION('center_axis',(2.72530966462143E-16,1.,0.));
#3637=DIRECTION('ref_axis',(1.,0.,0.));
#3638=DIRECTION('center_axis',(-1.36265483231072E-16,-1.,0.));
#3639=DIRECTION('ref_axis',(1.,0.,0.));
#3640=DIRECTION('center_axis',(-0.707106781186548,0.,-0.707106781186547));
#3641=DIRECTION('ref_axis',(0.707106781186547,0.,-0.707106781186548));
#3642=DIRECTION('',(-0.707106781186547,0.,0.707106781186548));
#3643=DIRECTION('',(0.,-1.,0.));
#3644=DIRECTION('',(0.707106781186547,0.,-0.707106781186548));
#3645=DIRECTION('',(0.,1.,0.));
#3646=DIRECTION('center_axis',(-0.707106781186547,0.,0.707106781186548));
#3647=DIRECTION('ref_axis',(-0.707106781186548,0.,-0.707106781186547));
#3648=DIRECTION('',(0.707106781186548,-1.92708494468705E-16,0.707106781186547));
#3649=DIRECTION('',(0.,-1.,0.));
#3650=DIRECTION('',(-0.707106781186548,9.63542472343526E-17,-0.707106781186547));
#3651=DIRECTION('',(0.,1.,0.));
#3652=DIRECTION('center_axis',(0.707106781186548,0.,0.707106781186548));
#3653=DIRECTION('ref_axis',(-0.707106781186548,0.,0.707106781186548));
#3654=DIRECTION('',(0.707106781186548,4.81771236171763E-17,-0.707106781186548));
#3655=DIRECTION('',(0.,-1.,0.));
#3656=DIRECTION('',(-0.707106781186548,0.,0.707106781186548));
#3657=DIRECTION('',(0.,1.,0.));
#3658=DIRECTION('center_axis',(0.,0.,1.));
#3659=DIRECTION('ref_axis',(-1.,0.,0.));
#3660=DIRECTION('',(1.,-2.04398224846608E-16,0.));
#3661=DIRECTION('',(0.,-1.,0.));
#3662=DIRECTION('',(-1.,0.,0.));
#3663=DIRECTION('',(0.,-1.,0.));
#3664=DIRECTION('center_axis',(0.,-1.,0.));
#3665=DIRECTION('ref_axis',(1.,0.,0.));
#3666=DIRECTION('center_axis',(2.04398224846608E-16,1.,0.));
#3667=DIRECTION('ref_axis',(1.,0.,0.));
#3668=DIRECTION('center_axis',(0.,-1.,0.));
#3669=DIRECTION('ref_axis',(1.,0.,0.));
#3670=DIRECTION('',(0.,-1.,0.));
#3671=DIRECTION('center_axis',(0.,0.,-1.));
#3672=DIRECTION('ref_axis',(1.,0.,0.));
#3673=DIRECTION('',(-1.,2.04398224846608E-16,0.));
#3674=DIRECTION('',(1.,0.,0.));
#3675=DIRECTION('',(0.,-1.,0.));
#3676=DIRECTION('center_axis',(0.,-1.,0.));
#3677=DIRECTION('ref_axis',(-1.,0.,1.22464679914735E-16));
#3678=DIRECTION('center_axis',(2.04398224846608E-16,1.,0.));
#3679=DIRECTION('ref_axis',(1.,0.,0.));
#3680=DIRECTION('center_axis',(0.,-1.,0.));
#3681=DIRECTION('ref_axis',(1.,0.,0.));
#3682=DIRECTION('center_axis',(0.707106781186548,0.,-0.707106781186548));
#3683=DIRECTION('ref_axis',(0.707106781186548,0.,0.707106781186548));
#3684=DIRECTION('',(-0.707106781186548,-4.81771236171763E-17,-0.707106781186548));
#3685=DIRECTION('',(0.,-1.,0.));
#3686=DIRECTION('',(0.707106781186548,0.,0.707106781186548));
#3687=DIRECTION('',(0.,1.,0.));
#3688=DIRECTION('center_axis',(-0.707106781186548,0.,-0.707106781186548));
#3689=DIRECTION('ref_axis',(0.707106781186548,0.,-0.707106781186548));
#3690=DIRECTION('',(-0.707106781186548,1.92708494468705E-16,0.707106781186548));
#3691=DIRECTION('',(0.,-1.,0.));
#3692=DIRECTION('',(0.707106781186548,-9.63542472343526E-17,-0.707106781186548));
#3693=DIRECTION('',(0.,1.,0.));
#3694=DIRECTION('center_axis',(0.,-1.,0.));
#3695=DIRECTION('ref_axis',(1.,0.,0.));
#3696=DIRECTION('center_axis',(0.,1.,0.));
#3697=DIRECTION('ref_axis',(1.,0.,0.));
#3698=DIRECTION('',(0.,-1.,0.));
#3699=DIRECTION('center_axis',(0.,-1.,0.));
#3700=DIRECTION('ref_axis',(1.,0.,0.));
#3701=DIRECTION('',(0.,-1.,0.));
#3702=DIRECTION('center_axis',(0.,0.,1.));
#3703=DIRECTION('ref_axis',(-1.,0.,0.));
#3704=DIRECTION('',(1.,0.,0.));
#3705=DIRECTION('',(0.,-1.,0.));
#3706=DIRECTION('',(-1.,0.,0.));
#3707=DIRECTION('center_axis',(0.,-1.,0.));
#3708=DIRECTION('ref_axis',(-1.,0.,5.66553889764798E-16));
#3709=DIRECTION('center_axis',(0.,1.,0.));
#3710=DIRECTION('ref_axis',(1.,0.,0.));
#3711=DIRECTION('',(0.,-1.,0.));
#3712=DIRECTION('center_axis',(0.,-1.,0.));
#3713=DIRECTION('ref_axis',(1.,0.,0.));
#3714=DIRECTION('center_axis',(-2.32021530747159E-16,0.,-1.));
#3715=DIRECTION('ref_axis',(1.,0.,-2.32021530747159E-16));
#3716=DIRECTION('',(-1.,0.,2.32021530747159E-16));
#3717=DIRECTION('',(1.,0.,-2.32021530747159E-16));
#3718=DIRECTION('center_axis',(-0.707106781186548,0.,0.707106781186548));
#3719=DIRECTION('ref_axis',(-0.707106781186548,0.,-0.707106781186548));
#3720=DIRECTION('',(0.707106781186548,0.,0.707106781186548));
#3721=DIRECTION('',(0.,-1.,0.));
#3722=DIRECTION('',(-0.707106781186548,0.,-0.707106781186548));
#3723=DIRECTION('',(0.,1.,0.));
#3724=DIRECTION('center_axis',(0.707106781186547,0.,-0.707106781186548));
#3725=DIRECTION('ref_axis',(0.707106781186548,0.,0.707106781186547));
#3726=DIRECTION('',(-0.707106781186548,1.44531370851529E-16,-0.707106781186547));
#3727=DIRECTION('',(0.,-1.,0.));
#3728=DIRECTION('',(0.707106781186548,0.,0.707106781186547));
#3729=DIRECTION('',(0.,1.,0.));
#3730=DIRECTION('center_axis',(0.707106781186548,0.,0.707106781186547));
#3731=DIRECTION('ref_axis',(-0.707106781186547,0.,0.707106781186548));
#3732=DIRECTION('',(0.707106781186547,-1.44531370851529E-16,-0.707106781186548));
#3733=DIRECTION('',(0.,-1.,0.));
#3734=DIRECTION('',(-0.707106781186547,0.,0.707106781186548));
#3735=DIRECTION('',(0.,1.,0.));
#3736=DIRECTION('center_axis',(0.,-1.,0.));
#3737=DIRECTION('ref_axis',(-1.,0.,1.22464679914735E-16));
#3738=DIRECTION('center_axis',(-6.81327416155359E-17,1.,0.));
#3739=DIRECTION('ref_axis',(1.,0.,0.));
#3740=DIRECTION('',(0.,-1.,0.));
#3741=DIRECTION('center_axis',(0.,-1.,0.));
#3742=DIRECTION('ref_axis',(1.,0.,0.));
#3743=DIRECTION('',(0.,-1.,0.));
#3744=DIRECTION('center_axis',(-2.32021530747159E-16,0.,-1.));
#3745=DIRECTION('ref_axis',(1.,0.,-2.32021530747159E-16));
#3746=DIRECTION('',(-1.,-6.81327416155359E-17,2.32021530747159E-16));
#3747=DIRECTION('',(0.,-1.,0.));
#3748=DIRECTION('',(1.,0.,-2.32021530747159E-16));
#3749=DIRECTION('center_axis',(0.,-1.,0.));
#3750=DIRECTION('ref_axis',(1.,0.,0.));
#3751=DIRECTION('center_axis',(-6.81327416155359E-17,1.,0.));
#3752=DIRECTION('ref_axis',(1.,0.,0.));
#3753=DIRECTION('',(0.,-1.,0.));
#3754=DIRECTION('center_axis',(0.,-1.,0.));
#3755=DIRECTION('ref_axis',(1.,0.,0.));
#3756=DIRECTION('center_axis',(0.,0.,1.));
#3757=DIRECTION('ref_axis',(-1.,0.,0.));
#3758=DIRECTION('',(1.,6.81327416155359E-17,0.));
#3759=DIRECTION('',(-1.,0.,0.));
#3760=DIRECTION('center_axis',(0.,0.,1.));
#3761=DIRECTION('ref_axis',(1.,2.31296463463574E-16,0.));
#3762=DIRECTION('',(-1.,0.,0.));
#3763=DIRECTION('center_axis',(0.,0.,1.));
#3764=DIRECTION('ref_axis',(1.,0.,0.));
#3765=DIRECTION('',(-1.,0.,0.));
#3766=DIRECTION('',(0.,-1.,0.));
#3767=DIRECTION('center_axis',(0.,0.,-1.));
#3768=DIRECTION('ref_axis',(-1.,0.,0.));
#3769=DIRECTION('',(1.,0.,0.));
#3770=DIRECTION('center_axis',(0.,0.,-1.));
#3771=DIRECTION('ref_axis',(-1.,-2.31296463463574E-16,0.));
#3772=DIRECTION('',(-1.,0.,0.));
#3773=DIRECTION('center_axis',(0.,0.,1.));
#3774=DIRECTION('ref_axis',(1.,0.,0.));
#3775=DIRECTION('',(1.,2.31296463463574E-16,0.));
#3776=DIRECTION('',(3.46944695195361E-16,-1.,0.));
#3777=DIRECTION('center_axis',(0.,0.,-1.));
#3778=DIRECTION('ref_axis',(-1.,0.,0.));
#3779=DIRECTION('',(1.,6.81327416155359E-17,0.));
#3780=DIRECTION('center_axis',(1.,0.,0.));
#3781=DIRECTION('ref_axis',(0.,1.,0.));
#3782=DIRECTION('',(0.,0.,1.));
#3783=DIRECTION('',(0.,0.,1.));
#3784=DIRECTION('center_axis',(0.,0.,1.));
#3785=DIRECTION('ref_axis',(1.,2.31296463463574E-16,0.));
#3786=DIRECTION('',(1.,-1.36265483231072E-16,0.));
#3787=DIRECTION('center_axis',(0.,0.,-1.));
#3788=DIRECTION('ref_axis',(-1.,0.,0.));
#3789=DIRECTION('',(-1.,0.,0.));
#3790=DIRECTION('',(0.,-1.,0.));
#3791=DIRECTION('center_axis',(0.,0.,1.));
#3792=DIRECTION('ref_axis',(1.,0.,0.));
#3793=DIRECTION('',(-1.,2.72530966462143E-16,0.));
#3794=DIRECTION('center_axis',(0.,0.,-1.));
#3795=DIRECTION('ref_axis',(-1.,-2.31296463463574E-16,0.));
#3796=DIRECTION('',(1.,0.,0.));
#3797=DIRECTION('center_axis',(0.,0.,-1.));
#3798=DIRECTION('ref_axis',(-1.,0.,0.));
#3799=DIRECTION('',(0.,1.,0.));
#3800=DIRECTION('',(1.,0.,0.));
#3801=DIRECTION('center_axis',(0.,0.,1.));
#3802=DIRECTION('ref_axis',(1.,0.,0.));
#3803=DIRECTION('',(-1.,0.,0.));
#3804=DIRECTION('center_axis',(0.,0.,-1.));
#3805=DIRECTION('ref_axis',(-1.,-2.31296463463574E-16,0.));
#3806=DIRECTION('',(1.,0.,0.));
#3807=DIRECTION('center_axis',(0.,0.,-1.));
#3808=DIRECTION('ref_axis',(-1.,0.,0.));
#3809=DIRECTION('',(1.,2.31296463463574E-16,0.));
#3810=DIRECTION('',(3.46944695195361E-16,-1.,0.));
#3811=DIRECTION('center_axis',(0.,0.,1.));
#3812=DIRECTION('ref_axis',(1.,0.,0.));
#3813=DIRECTION('',(-1.,2.04398224846608E-16,0.));
#3814=DIRECTION('center_axis',(-1.,0.,0.));
#3815=DIRECTION('ref_axis',(0.,-1.,0.));
#3816=DIRECTION('',(0.,0.,1.));
#3817=DIRECTION('',(0.,0.,1.));
#3818=DIRECTION('center_axis',(-2.72530966462143E-16,-1.,0.));
#3819=DIRECTION('ref_axis',(1.,-2.72530966462143E-16,0.));
#3820=DIRECTION('',(0.,0.,1.));
#3821=DIRECTION('',(-1.,2.72530966462143E-16,0.));
#3822=DIRECTION('center_axis',(-2.04398224846608E-16,-1.,0.));
#3823=DIRECTION('ref_axis',(1.,-2.04398224846608E-16,0.));
#3824=DIRECTION('',(0.,0.,1.));
#3825=DIRECTION('',(-1.,2.04398224846608E-16,0.));
#3826=DIRECTION('center_axis',(0.,1.,0.));
#3827=DIRECTION('ref_axis',(1.,0.,0.));
#3828=DIRECTION('',(0.,0.,-1.));
#3829=DIRECTION('',(0.,0.,-1.));
#3830=DIRECTION('center_axis',(0.,1.,0.));
#3831=DIRECTION('ref_axis',(1.,0.,0.));
#3832=DIRECTION('',(0.,0.,-1.));
#3833=DIRECTION('',(-1.,0.,0.));
#3834=DIRECTION('',(0.,0.,-1.));
#3835=DIRECTION('center_axis',(0.,0.,-1.));
#3836=DIRECTION('ref_axis',(-1.,0.,0.));
#3837=DIRECTION('',(0.,0.,-1.));
#3838=DIRECTION('',(0.,0.,1.));
#3839=DIRECTION('center_axis',(0.,-1.,0.));
#3840=DIRECTION('ref_axis',(-1.,0.,0.));
#3841=DIRECTION('',(0.,0.,-1.));
#3842=DIRECTION('center_axis',(1.,0.,0.));
#3843=DIRECTION('ref_axis',(0.,-1.,0.));
#3844=DIRECTION('center_axis',(0.,0.,-1.));
#3845=DIRECTION('ref_axis',(-0.903006401277235,0.429627093247548,0.));
#3846=DIRECTION('',(0.,0.,-1.));
#3847=DIRECTION('center_axis',(0.,0.,-1.));
#3848=DIRECTION('ref_axis',(1.,0.,0.));
#3849=DIRECTION('',(0.,0.,1.));
#3850=DIRECTION('center_axis',(0.,0.,1.));
#3851=DIRECTION('ref_axis',(1.,0.,0.));
#3852=DIRECTION('center_axis',(0.,0.,-1.));
#3853=DIRECTION('ref_axis',(1.,1.01064309961486E-15,0.));
#3854=DIRECTION('',(0.,0.,-1.));
#3855=DIRECTION('center_axis',(0.,0.,-1.));
#3856=DIRECTION('ref_axis',(-1.,0.,0.));
#3857=DIRECTION('',(0.,0.,-1.));
#3858=DIRECTION('center_axis',(6.81327416155359E-17,-1.,0.));
#3859=DIRECTION('ref_axis',(-1.,-6.81327416155359E-17,0.));
#3860=DIRECTION('',(1.,6.81327416155359E-17,0.));
#3861=DIRECTION('',(0.,0.,-1.));
#3862=DIRECTION('center_axis',(-1.,0.,0.));
#3863=DIRECTION('ref_axis',(0.,1.,0.));
#3864=DIRECTION('center_axis',(0.,-1.,0.));
#3865=DIRECTION('ref_axis',(-1.,0.,0.));
#3866=DIRECTION('',(0.,0.,-1.));
#3867=DIRECTION('',(1.,0.,0.));
#3868=DIRECTION('',(0.,0.,-1.));
#3869=DIRECTION('',(-1.,0.,0.));
#3870=DIRECTION('',(0.,0.,-1.));
#3871=DIRECTION('center_axis',(2.31296463463574E-16,-1.,0.));
#3872=DIRECTION('ref_axis',(-1.,-2.31296463463574E-16,0.));
#3873=DIRECTION('',(-1.,-2.31296463463574E-16,0.));
#3874=DIRECTION('',(0.,0.,-1.));
#3875=DIRECTION('',(-1.,-2.31296463463574E-16,0.));
#3876=DIRECTION('',(0.,0.,1.));
#3877=DIRECTION('',(1.,2.31296463463574E-16,0.));
#3878=DIRECTION('',(0.,0.,-1.));
#3879=DIRECTION('center_axis',(0.,0.,1.));
#3880=DIRECTION('ref_axis',(-1.,0.,0.));
#3881=DIRECTION('',(0.,0.,-1.));
#3882=DIRECTION('',(0.,0.,1.));
#3883=DIRECTION('center_axis',(0.,0.,-1.));
#3884=DIRECTION('ref_axis',(-1.,0.,0.));
#3885=DIRECTION('center_axis',(1.36265483231072E-16,1.,0.));
#3886=DIRECTION('ref_axis',(-1.,1.36265483231072E-16,0.));
#3887=DIRECTION('',(1.,-1.36265483231072E-16,0.));
#3888=DIRECTION('center_axis',(0.,0.,1.));
#3889=DIRECTION('ref_axis',(-1.,-7.6571373978539E-16,0.));
#3890=DIRECTION('',(0.,0.,1.));
#3891=DIRECTION('center_axis',(0.,0.,1.));
#3892=DIRECTION('ref_axis',(1.,0.,0.));
#3893=DIRECTION('center_axis',(0.,0.,1.));
#3894=DIRECTION('ref_axis',(0.903006401277235,0.429627093247547,0.));
#3895=DIRECTION('',(0.,0.,1.));
#3896=DIRECTION('',(0.,0.,1.));
#3897=DIRECTION('center_axis',(0.,0.,-1.));
#3898=DIRECTION('ref_axis',(-1.,0.,0.));
#3899=DIRECTION('center_axis',(0.,0.,1.));
#3900=DIRECTION('ref_axis',(1.,0.,0.));
#3901=DIRECTION('center_axis',(0.,0.,1.));
#3902=DIRECTION('ref_axis',(1.,0.,0.));
#3903=DIRECTION('',(0.,0.,-1.));
#3904=DIRECTION('center_axis',(0.,1.,0.));
#3905=DIRECTION('ref_axis',(-1.,0.,0.));
#3906=DIRECTION('',(1.,0.,0.));
#3907=DIRECTION('center_axis',(0.,0.,-1.));
#3908=DIRECTION('ref_axis',(-1.,-2.31296463463574E-16,0.));
#3909=DIRECTION('',(0.,1.,0.));
#3910=DIRECTION('',(1.,0.,0.));
#3911=DIRECTION('center_axis',(0.,0.,1.));
#3912=DIRECTION('ref_axis',(1.,2.31296463463574E-16,0.));
#3913=DIRECTION('',(-3.46944695195361E-16,1.,0.));
#3914=DIRECTION('',(-1.,-2.31296463463574E-16,0.));
#3915=DIRECTION('center_axis',(0.,0.,1.));
#3916=DIRECTION('ref_axis',(1.,2.31296463463574E-16,0.));
#3917=DIRECTION('',(-3.46944695195361E-16,1.,0.));
#3918=DIRECTION('center_axis',(0.,-1.,0.));
#3919=DIRECTION('ref_axis',(-1.,0.,0.));
#3920=DIRECTION('',(0.,0.,-1.));
#3921=DIRECTION('',(1.,0.,0.));
#3922=DIRECTION('',(0.,0.,-1.));
#3923=DIRECTION('',(-1.,0.,0.));
#3924=DIRECTION('',(0.,0.,-1.));
#3925=DIRECTION('center_axis',(2.31296463463574E-16,-1.,0.));
#3926=DIRECTION('ref_axis',(-1.,-2.31296463463574E-16,0.));
#3927=DIRECTION('',(0.,0.,-1.));
#3928=DIRECTION('',(-1.,-2.31296463463574E-16,0.));
#3929=DIRECTION('',(0.,0.,1.));
#3930=DIRECTION('',(1.,2.31296463463574E-16,0.));
#3931=DIRECTION('',(0.,0.,-1.));
#3932=DIRECTION('center_axis',(0.,-1.,0.));
#3933=DIRECTION('ref_axis',(1.,0.,0.));
#3934=DIRECTION('',(0.,-1.,0.));
#3935=DIRECTION('center_axis',(0.,-1.,0.));
#3936=DIRECTION('ref_axis',(1.,0.,0.));
#3937=DIRECTION('center_axis',(0.,-1.,0.));
#3938=DIRECTION('ref_axis',(1.,0.,0.));
#3939=DIRECTION('center_axis',(0.,1.,0.));
#3940=DIRECTION('ref_axis',(0.,0.,1.));
#3941=DIRECTION('center_axis',(0.,-1.,0.));
#3942=DIRECTION('ref_axis',(1.,0.,0.));
#3943=DIRECTION('',(0.,-1.,0.));
#3944=DIRECTION('center_axis',(0.,-1.,0.));
#3945=DIRECTION('ref_axis',(1.,0.,0.));
#3946=DIRECTION('center_axis',(0.,-1.,0.));
#3947=DIRECTION('ref_axis',(1.,0.,0.));
#3948=DIRECTION('center_axis',(0.,1.,0.));
#3949=DIRECTION('ref_axis',(0.,0.,1.));
#3950=DIRECTION('center_axis',(0.,-1.,0.));
#3951=DIRECTION('ref_axis',(1.,0.,0.));
#3952=DIRECTION('',(0.,-1.,0.));
#3953=DIRECTION('center_axis',(0.,-1.,0.));
#3954=DIRECTION('ref_axis',(1.,0.,0.));
#3955=DIRECTION('center_axis',(0.,-1.,0.));
#3956=DIRECTION('ref_axis',(1.,0.,0.));
#3957=DIRECTION('center_axis',(0.,1.,0.));
#3958=DIRECTION('ref_axis',(0.,0.,1.));
#3959=DIRECTION('center_axis',(0.,-1.,0.));
#3960=DIRECTION('ref_axis',(1.,0.,0.));
#3961=DIRECTION('',(0.,-1.,0.));
#3962=DIRECTION('center_axis',(0.,-1.,0.));
#3963=DIRECTION('ref_axis',(1.,0.,0.));
#3964=DIRECTION('center_axis',(0.,-1.,0.));
#3965=DIRECTION('ref_axis',(1.,0.,0.));
#3966=DIRECTION('center_axis',(0.,1.,0.));
#3967=DIRECTION('ref_axis',(0.,0.,1.));
#3968=DIRECTION('center_axis',(1.,0.,0.));
#3969=DIRECTION('ref_axis',(0.,-1.,0.));
#3970=DIRECTION('',(0.,-1.,0.));
#3971=DIRECTION('',(0.,0.,1.));
#3972=DIRECTION('',(0.,1.,0.));
#3973=DIRECTION('center_axis',(1.,0.,0.));
#3974=DIRECTION('ref_axis',(0.,-1.,0.));
#3975=DIRECTION('',(0.,-1.,0.));
#3976=DIRECTION('',(0.,0.,1.));
#3977=DIRECTION('',(0.,1.,0.));
#3978=DIRECTION('center_axis',(-1.,-3.46944695195361E-16,0.));
#3979=DIRECTION('ref_axis',(-3.46944695195361E-16,1.,0.));
#3980=DIRECTION('',(3.46944695195361E-16,-1.,0.));
#3981=DIRECTION('',(0.,0.,-1.));
#3982=DIRECTION('',(-3.46944695195361E-16,1.,0.));
#3983=DIRECTION('center_axis',(-1.,-3.46944695195361E-16,0.));
#3984=DIRECTION('ref_axis',(-3.46944695195361E-16,1.,0.));
#3985=DIRECTION('',(3.46944695195361E-16,-1.,0.));
#3986=DIRECTION('',(0.,0.,-1.));
#3987=DIRECTION('',(-3.46944695195361E-16,1.,0.));
#3988=DIRECTION('center_axis',(0.,1.,0.));
#3989=DIRECTION('ref_axis',(0.,0.,1.));
#3990=DIRECTION('',(1.,0.,0.));
#3991=DIRECTION('center_axis',(0.,1.,0.));
#3992=DIRECTION('ref_axis',(-1.,0.,0.));
#3993=DIRECTION('',(-1.,0.,0.));
#3994=DIRECTION('center_axis',(0.,0.,-1.));
#3995=DIRECTION('ref_axis',(1.,0.,0.));
#3996=DIRECTION('',(0.,1.,0.));
#3997=DIRECTION('',(1.,0.,0.));
#3998=DIRECTION('',(0.,-1.,0.));
#3999=DIRECTION('center_axis',(0.,0.,1.));
#4000=DIRECTION('ref_axis',(1.,0.,0.));
#4001=DIRECTION('',(0.,1.,0.));
#4002=DIRECTION('',(-1.,0.,0.));
#4003=DIRECTION('',(0.,1.,0.));
#4004=DIRECTION('',(1.,0.,0.));
#4005=DIRECTION('center_axis',(0.,1.,0.));
#4006=DIRECTION('ref_axis',(0.,0.,1.));
#4007=DIRECTION('',(-1.,0.,0.));
#4008=DIRECTION('center_axis',(0.,1.,0.));
#4009=DIRECTION('ref_axis',(-1.,0.,0.));
#4010=DIRECTION('',(1.,0.,0.));
#4011=DIRECTION('center_axis',(0.,0.,1.));
#4012=DIRECTION('ref_axis',(-1.,0.,0.));
#4013=DIRECTION('',(0.,1.,0.));
#4014=DIRECTION('',(-1.,0.,0.));
#4015=DIRECTION('',(0.,-1.,0.));
#4016=DIRECTION('center_axis',(0.,0.,-1.));
#4017=DIRECTION('ref_axis',(-1.,0.,0.));
#4018=DIRECTION('',(0.,1.,0.));
#4019=DIRECTION('',(1.,0.,0.));
#4020=DIRECTION('',(0.,1.,0.));
#4021=DIRECTION('',(-1.,0.,0.));
#4022=DIRECTION('center_axis',(0.,1.,0.));
#4023=DIRECTION('ref_axis',(0.,0.,1.));
#4024=DIRECTION('center_axis',(0.,-1.,0.));
#4025=DIRECTION('ref_axis',(-1.,0.,0.));
#4026=DIRECTION('center_axis',(0.,-1.,0.));
#4027=DIRECTION('ref_axis',(-1.,0.,0.));
#4028=DIRECTION('',(-0.866025403784439,0.,-0.5));
#4029=DIRECTION('center_axis',(0.,1.,0.));
#4030=DIRECTION('ref_axis',(0.,0.,1.));
#4031=DIRECTION('center_axis',(0.,-1.,0.));
#4032=DIRECTION('ref_axis',(-1.,0.,0.));
#4033=DIRECTION('',(-0.866025403784439,0.,0.5));
#4034=DIRECTION('center_axis',(0.,-1.,0.));
#4035=DIRECTION('ref_axis',(-1.,0.,0.));
#4036=DIRECTION('center_axis',(0.,0.,-1.));
#4037=DIRECTION('ref_axis',(-1.,0.,0.));
#4038=DIRECTION('',(0.,1.,0.));
#4039=DIRECTION('',(1.,0.,0.));
#4040=DIRECTION('',(0.,1.,0.));
#4041=DIRECTION('center_axis',(0.,1.,0.));
#4042=DIRECTION('ref_axis',(0.,0.,1.));
#4043=DIRECTION('center_axis',(0.,-1.,0.));
#4044=DIRECTION('ref_axis',(-1.,0.,0.));
#4045=DIRECTION('center_axis',(0.,-1.,0.));
#4046=DIRECTION('ref_axis',(-1.,0.,0.));
#4047=DIRECTION('',(0.866025403784439,0.,0.5));
#4048=DIRECTION('center_axis',(0.,1.,0.));
#4049=DIRECTION('ref_axis',(0.,0.,1.));
#4050=DIRECTION('center_axis',(0.,-1.,0.));
#4051=DIRECTION('ref_axis',(-1.,0.,0.));
#4052=DIRECTION('',(0.866025403784439,0.,-0.5));
#4053=DIRECTION('center_axis',(0.,-1.,0.));
#4054=DIRECTION('ref_axis',(-1.,0.,0.));
#4055=DIRECTION('center_axis',(0.,0.,1.));
#4056=DIRECTION('ref_axis',(1.,0.,0.));
#4057=DIRECTION('',(0.,1.,0.));
#4058=DIRECTION('',(-1.,0.,0.));
#4059=DIRECTION('',(0.,1.,0.));
#4060=DIRECTION('center_axis',(0.,-1.,0.));
#4061=DIRECTION('ref_axis',(1.,0.,-1.22464679914735E-16));
#4062=DIRECTION('center_axis',(0.,1.,0.));
#4063=DIRECTION('ref_axis',(-1.,0.,0.));
#4064=DIRECTION('center_axis',(0.,1.,0.));
#4065=DIRECTION('ref_axis',(-1.,0.,0.));
#4066=DIRECTION('',(0.,-1.,0.));
#4067=DIRECTION('center_axis',(0.,1.,0.));
#4068=DIRECTION('ref_axis',(-1.,0.,0.));
#4069=DIRECTION('',(0.,-1.,0.));
#4070=DIRECTION('center_axis',(0.,-1.,0.));
#4071=DIRECTION('ref_axis',(-1.,0.,0.));
#4072=DIRECTION('center_axis',(0.,1.,0.));
#4073=DIRECTION('ref_axis',(-1.,0.,0.));
#4074=DIRECTION('',(0.,-1.,0.));
#4075=DIRECTION('center_axis',(0.,1.,0.));
#4076=DIRECTION('ref_axis',(-1.,0.,0.));
#4077=DIRECTION('center_axis',(0.,0.,-1.));
#4078=DIRECTION('ref_axis',(1.,0.,0.));
#4079=DIRECTION('',(1.,0.,0.));
#4080=DIRECTION('',(0.,-1.,0.));
#4081=DIRECTION('',(1.,0.,0.));
#4082=DIRECTION('',(0.,-1.,0.));
#4083=DIRECTION('center_axis',(0.,-1.,0.));
#4084=DIRECTION('ref_axis',(-1.,0.,0.));
#4085=DIRECTION('center_axis',(0.,1.,0.));
#4086=DIRECTION('ref_axis',(-1.,0.,0.));
#4087=DIRECTION('center_axis',(0.,1.,0.));
#4088=DIRECTION('ref_axis',(-1.,0.,0.));
#4089=DIRECTION('',(0.,-1.,0.));
#4090=DIRECTION('center_axis',(0.,1.,0.));
#4091=DIRECTION('ref_axis',(-1.,0.,0.));
#4092=DIRECTION('center_axis',(0.,-1.,0.));
#4093=DIRECTION('ref_axis',(1.,0.,-1.22464679914735E-16));
#4094=DIRECTION('center_axis',(0.,1.,0.));
#4095=DIRECTION('ref_axis',(-1.,0.,0.));
#4096=DIRECTION('',(0.,-1.,0.));
#4097=DIRECTION('center_axis',(0.,1.,0.));
#4098=DIRECTION('ref_axis',(-1.,0.,0.));
#4099=DIRECTION('center_axis',(0.,0.,1.));
#4100=DIRECTION('ref_axis',(-1.,0.,0.));
#4101=DIRECTION('',(-1.,0.,0.));
#4102=DIRECTION('',(-1.,0.,0.));
#4103=DIRECTION('',(0.,-1.,0.));
#4104=DIRECTION('center_axis',(0.,1.,0.));
#4105=DIRECTION('ref_axis',(0.,0.,1.));
#4106=DIRECTION('center_axis',(0.,-1.,0.));
#4107=DIRECTION('ref_axis',(1.,0.,0.));
#4108=DIRECTION('',(0.,0.,-1.));
#4109=DIRECTION('center_axis',(0.,-1.,0.));
#4110=DIRECTION('ref_axis',(1.,0.,0.));
#4111=DIRECTION('',(0.,0.,1.));
#4112=DIRECTION('center_axis',(-1.,0.,0.));
#4113=DIRECTION('ref_axis',(0.,0.,1.));
#4114=DIRECTION('',(0.,0.,1.));
#4115=DIRECTION('',(0.,1.,0.));
#4116=DIRECTION('',(0.,0.,-1.));
#4117=DIRECTION('',(0.,-1.,0.));
#4118=DIRECTION('',(0.,0.,1.));
#4119=DIRECTION('center_axis',(0.,1.,0.));
#4120=DIRECTION('ref_axis',(0.,0.,1.));
#4121=DIRECTION('center_axis',(0.,1.,0.));
#4122=DIRECTION('ref_axis',(0.,0.,1.));
#4123=DIRECTION('center_axis',(0.,1.,0.));
#4124=DIRECTION('ref_axis',(0.,0.,1.));
#4125=DIRECTION('',(0.866025403784439,0.,0.5));
#4126=DIRECTION('',(1.,0.,0.));
#4127=DIRECTION('',(0.,0.,-1.));
#4128=DIRECTION('center_axis',(0.,1.,0.));
#4129=DIRECTION('ref_axis',(0.,0.,1.));
#4130=DIRECTION('',(1.,0.,0.));
#4131=DIRECTION('',(0.866025403784439,0.,-0.5));
#4132=DIRECTION('center_axis',(0.,1.,0.));
#4133=DIRECTION('ref_axis',(0.,0.,1.));
#4134=DIRECTION('',(-0.866025403784439,0.,-0.5));
#4135=DIRECTION('',(-1.,0.,0.));
#4136=DIRECTION('center_axis',(0.,1.,0.));
#4137=DIRECTION('ref_axis',(0.,0.,1.));
#4138=DIRECTION('',(0.,0.,-1.));
#4139=DIRECTION('',(-1.,0.,0.));
#4140=DIRECTION('',(-0.866025403784439,0.,0.5));
#4141=DIRECTION('center_axis',(0.,0.,-1.));
#4142=DIRECTION('ref_axis',(-1.,0.,0.));
#4143=DIRECTION('',(0.,-1.,0.));
#4144=DIRECTION('',(1.,0.,0.));
#4145=DIRECTION('',(0.,1.,0.));
#4146=DIRECTION('',(0.,1.,0.));
#4147=DIRECTION('',(1.,0.,0.));
#4148=DIRECTION('center_axis',(-0.5,0.,-0.866025403784439));
#4149=DIRECTION('ref_axis',(-0.866025403784439,0.,0.5));
#4150=DIRECTION('',(0.866025403784439,0.,-0.5));
#4151=DIRECTION('',(0.,1.,0.));
#4152=DIRECTION('center_axis',(0.,1.,0.));
#4153=DIRECTION('ref_axis',(-1.,0.,0.));
#4154=DIRECTION('center_axis',(0.,1.,0.));
#4155=DIRECTION('ref_axis',(-1.,0.,0.));
#4156=DIRECTION('',(0.,1.,0.));
#4157=DIRECTION('center_axis',(0.5,0.,-0.866025403784439));
#4158=DIRECTION('ref_axis',(-0.866025403784439,0.,-0.5));
#4159=DIRECTION('',(0.866025403784439,0.,0.5));
#4160=DIRECTION('',(0.,1.,0.));
#4161=DIRECTION('center_axis',(0.,0.,-1.));
#4162=DIRECTION('ref_axis',(-1.,0.,0.));
#4163=DIRECTION('',(1.,0.,0.));
#4164=DIRECTION('',(0.,1.,0.));
#4165=DIRECTION('',(1.,0.,0.));
#4166=DIRECTION('center_axis',(0.,1.,0.));
#4167=DIRECTION('ref_axis',(0.,0.,1.));
#4168=DIRECTION('',(0.,0.,-1.));
#4169=DIRECTION('',(-1.,0.,0.));
#4170=DIRECTION('center_axis',(0.,1.,0.));
#4171=DIRECTION('ref_axis',(0.,0.,1.));
#4172=DIRECTION('',(0.,0.,1.));
#4173=DIRECTION('',(0.,0.,1.));
#4174=DIRECTION('',(-1.,0.,0.));
#4175=DIRECTION('center_axis',(1.,0.,0.));
#4176=DIRECTION('ref_axis',(0.,0.,-1.));
#4177=DIRECTION('',(0.,1.,0.));
#4178=DIRECTION('center_axis',(0.,0.,1.));
#4179=DIRECTION('ref_axis',(1.,0.,0.));
#4180=DIRECTION('',(0.,1.,0.));
#4181=DIRECTION('',(0.,1.,0.));
#4182=DIRECTION('',(-1.,0.,0.));
#4183=DIRECTION('center_axis',(-0.5,0.,0.866025403784439));
#4184=DIRECTION('ref_axis',(0.866025403784439,0.,0.5));
#4185=DIRECTION('',(-0.866025403784439,0.,-0.5));
#4186=DIRECTION('',(0.,1.,0.));
#4187=DIRECTION('center_axis',(0.,1.,0.));
#4188=DIRECTION('ref_axis',(-1.,0.,0.));
#4189=DIRECTION('center_axis',(0.,1.,0.));
#4190=DIRECTION('ref_axis',(-1.,0.,0.));
#4191=DIRECTION('',(0.,1.,0.));
#4192=DIRECTION('center_axis',(0.5,0.,0.866025403784439));
#4193=DIRECTION('ref_axis',(0.866025403784439,0.,-0.5));
#4194=DIRECTION('',(-0.866025403784439,0.,0.5));
#4195=DIRECTION('',(0.,1.,0.));
#4196=DIRECTION('center_axis',(0.,0.,1.));
#4197=DIRECTION('ref_axis',(1.,0.,0.));
#4198=DIRECTION('',(-1.,0.,0.));
#4199=DIRECTION('',(0.,-1.,0.));
#4200=DIRECTION('center_axis',(1.,0.,0.));
#4201=DIRECTION('ref_axis',(0.,0.,-1.));
#4202=DIRECTION('',(0.,0.,-1.));
#4203=DIRECTION('',(0.,1.,0.));
#4204=DIRECTION('',(0.,0.,-1.));
#4205=DIRECTION('',(0.,1.,0.));
#4206=DIRECTION('',(0.,0.,-1.));
#4207=DIRECTION('center_axis',(0.,1.,0.));
#4208=DIRECTION('ref_axis',(0.,0.,1.));
#4209=DIRECTION('',(0.,0.,1.));
#4210=DIRECTION('',(0.707106781186547,0.,0.707106781186548));
#4211=DIRECTION('',(1.,0.,0.));
#4212=DIRECTION('center_axis',(0.,-1.,0.));
#4213=DIRECTION('ref_axis',(1.,0.,0.));
#4214=DIRECTION('',(1.,0.,0.));
#4215=DIRECTION('center_axis',(0.,-1.,0.));
#4216=DIRECTION('ref_axis',(1.,0.,0.));
#4217=DIRECTION('',(1.,0.,0.));
#4218=DIRECTION('',(0.707106781186548,0.,-0.707106781186548));
#4219=DIRECTION('center_axis',(0.,-1.,0.));
#4220=DIRECTION('ref_axis',(1.,0.,0.));
#4221=DIRECTION('center_axis',(0.,1.,0.));
#4222=DIRECTION('ref_axis',(1.,0.,0.));
#4223=DIRECTION('',(0.,-1.,0.));
#4224=DIRECTION('center_axis',(0.,-1.,0.));
#4225=DIRECTION('ref_axis',(1.,0.,0.));
#4226=DIRECTION('center_axis',(0.707106781186547,0.,-0.707106781186548));
#4227=DIRECTION('ref_axis',(-0.707106781186548,0.,-0.707106781186547));
#4228=DIRECTION('',(-0.707106781186548,0.,-0.707106781186547));
#4229=DIRECTION('',(0.,1.,0.));
#4230=DIRECTION('',(-0.707106781186548,0.,-0.707106781186547));
#4231=DIRECTION('center_axis',(0.707106781186548,0.,0.707106781186548));
#4232=DIRECTION('ref_axis',(0.707106781186548,0.,-0.707106781186548));
#4233=DIRECTION('',(0.707106781186548,0.,-0.707106781186548));
#4234=DIRECTION('',(0.,1.,0.));
#4235=DIRECTION('center_axis',(0.,0.,1.));
#4236=DIRECTION('ref_axis',(1.,0.,0.));
#4237=DIRECTION('',(1.,0.,0.));
#4238=DIRECTION('',(0.,1.,0.));
#4239=DIRECTION('center_axis',(0.,1.,0.));
#4240=DIRECTION('ref_axis',(1.,0.,0.));
#4241=DIRECTION('center_axis',(0.,-1.,0.));
#4242=DIRECTION('ref_axis',(1.,0.,0.));
#4243=DIRECTION('',(0.,1.,0.));
#4244=DIRECTION('center_axis',(0.,0.,1.));
#4245=DIRECTION('ref_axis',(1.,0.,0.));
#4246=DIRECTION('',(1.,0.,0.));
#4247=DIRECTION('',(0.,1.,0.));
#4248=DIRECTION('center_axis',(0.,1.,0.));
#4249=DIRECTION('ref_axis',(1.,0.,0.));
#4250=DIRECTION('center_axis',(0.,-1.,0.));
#4251=DIRECTION('ref_axis',(1.,0.,0.));
#4252=DIRECTION('',(0.,1.,0.));
#4253=DIRECTION('center_axis',(0.,0.,1.));
#4254=DIRECTION('ref_axis',(1.,0.,0.));
#4255=DIRECTION('',(1.,0.,0.));
#4256=DIRECTION('',(0.,1.,0.));
#4257=DIRECTION('center_axis',(-0.707106781186548,0.,0.707106781186547));
#4258=DIRECTION('ref_axis',(0.707106781186547,0.,0.707106781186548));
#4259=DIRECTION('',(0.707106781186547,0.,0.707106781186548));
#4260=DIRECTION('',(0.,1.,0.));
#4261=DIRECTION('center_axis',(-1.,0.,0.));
#4262=DIRECTION('ref_axis',(0.,0.,1.));
#4263=DIRECTION('',(0.,0.,1.));
#4264=DIRECTION('',(0.,1.,0.));
#4265=DIRECTION('',(0.,0.,1.));
#4266=DIRECTION('center_axis',(-0.707106781186548,0.,-0.707106781186548));
#4267=DIRECTION('ref_axis',(-0.707106781186548,0.,0.707106781186548));
#4268=DIRECTION('',(-0.707106781186548,0.,0.707106781186548));
#4269=DIRECTION('',(-0.707106781186548,0.,0.707106781186548));
#4270=DIRECTION('',(0.,1.,0.));
#4271=DIRECTION('center_axis',(0.,0.,-1.));
#4272=DIRECTION('ref_axis',(-1.,0.,0.));
#4273=DIRECTION('',(-1.,0.,0.));
#4274=DIRECTION('',(-1.,0.,0.));
#4275=DIRECTION('',(0.,1.,0.));
#4276=DIRECTION('center_axis',(0.,1.,0.));
#4277=DIRECTION('ref_axis',(1.,0.,0.));
#4278=DIRECTION('center_axis',(0.,-1.,0.));
#4279=DIRECTION('ref_axis',(1.,0.,0.));
#4280=DIRECTION('center_axis',(0.,-1.,0.));
#4281=DIRECTION('ref_axis',(1.,0.,0.));
#4282=DIRECTION('',(0.,1.,0.));
#4283=DIRECTION('center_axis',(0.,0.,-1.));
#4284=DIRECTION('ref_axis',(-1.,0.,0.));
#4285=DIRECTION('',(-1.,0.,0.));
#4286=DIRECTION('',(-1.,0.,0.));
#4287=DIRECTION('',(0.,1.,0.));
#4288=DIRECTION('center_axis',(1.,0.,-7.02228352071573E-17));
#4289=DIRECTION('ref_axis',(-7.02228352071573E-17,0.,-1.));
#4290=DIRECTION('',(-7.02228352071573E-17,0.,-1.));
#4291=DIRECTION('',(-7.02228352071573E-17,0.,-1.));
#4292=DIRECTION('',(0.,1.,0.));
#4293=DIRECTION('center_axis',(0.,1.,0.));
#4294=DIRECTION('ref_axis',(1.,0.,0.));
#4295=DIRECTION('center_axis',(0.,-1.,0.));
#4296=DIRECTION('ref_axis',(1.,0.,0.));
#4297=DIRECTION('center_axis',(0.,-1.,0.));
#4298=DIRECTION('ref_axis',(1.,0.,0.));
#4299=DIRECTION('',(0.,1.,0.));
#4300=DIRECTION('center_axis',(-1.,0.,0.));
#4301=DIRECTION('ref_axis',(0.,0.,1.));
#4302=DIRECTION('',(0.,0.,1.));
#4303=DIRECTION('',(0.,0.,1.));
#4304=DIRECTION('',(0.,1.,0.));
#4305=DIRECTION('center_axis',(0.,0.,-1.));
#4306=DIRECTION('ref_axis',(-1.,0.,0.));
#4307=DIRECTION('',(-1.,0.,0.));
#4308=DIRECTION('',(-1.,0.,0.));
#4309=DIRECTION('',(0.,1.,0.));
#4310=DIRECTION('center_axis',(0.,1.,0.));
#4311=DIRECTION('ref_axis',(1.,0.,0.));
#4312=DIRECTION('center_axis',(0.,-1.,0.));
#4313=DIRECTION('ref_axis',(1.,0.,0.));
#4314=DIRECTION('center_axis',(0.,-1.,0.));
#4315=DIRECTION('ref_axis',(1.,0.,0.));
#4316=DIRECTION('',(0.,1.,0.));
#4317=DIRECTION('center_axis',(0.,0.,-1.));
#4318=DIRECTION('ref_axis',(-1.,0.,0.));
#4319=DIRECTION('',(-1.,0.,0.));
#4320=DIRECTION('',(-1.,0.,0.));
#4321=DIRECTION('center_axis',(0.,1.,0.));
#4322=DIRECTION('ref_axis',(0.,0.,1.));
#4323=DIRECTION('center_axis',(0.,1.,0.));
#4324=DIRECTION('ref_axis',(0.,0.,1.));
#4325=CARTESIAN_POINT('',(0.,0.,0.));
#4326=CARTESIAN_POINT('Origin',(-3.33141108675446,9.26,-5.755));
#4327=CARTESIAN_POINT('',(-3.33141108675446,9.26,-9.255));
#4328=CARTESIAN_POINT('',(-3.33141108675446,9.26,-5.755));
#4329=CARTESIAN_POINT('',(-3.33141108675446,9.26,-2.8775));
#4330=CARTESIAN_POINT('',(-3.33141108675446,9.51,-9.255));
#4331=CARTESIAN_POINT('',(-3.33141108675446,9.26,-9.255));
#4332=CARTESIAN_POINT('',(-3.33141108675446,9.51,-5.755));
#4333=CARTESIAN_POINT('',(-3.33141108675446,9.51,-5.755));
#4334=CARTESIAN_POINT('',(-3.33141108675446,9.26,-5.755));
#4335=CARTESIAN_POINT('Origin',(-6.3625,9.26,-4.005));
#4336=CARTESIAN_POINT('',(-6.3625,9.26,-4.005));
#4337=CARTESIAN_POINT('',(-4.84367043553917,9.26,-4.88189665789462));
#4338=CARTESIAN_POINT('',(-6.3625,9.51,-4.005));
#4339=CARTESIAN_POINT('',(-6.3625,9.51,-4.005));
#4340=CARTESIAN_POINT('',(-6.3625,9.26,-4.005));
#4341=CARTESIAN_POINT('Origin',(-9.39358891324553,9.26,-5.755));
#4342=CARTESIAN_POINT('',(-9.39358891324553,9.26,-5.755));
#4343=CARTESIAN_POINT('',(-4.6249990210836,9.26,-3.00185334210538));
#4344=CARTESIAN_POINT('',(-9.39358891324553,9.51,-5.755));
#4345=CARTESIAN_POINT('',(-9.39358891324553,9.51,-5.755));
#4346=CARTESIAN_POINT('',(-9.39358891324553,9.26,-5.755));
#4347=CARTESIAN_POINT('Origin',(-9.39358891324553,9.26,-9.255));
#4348=CARTESIAN_POINT('',(-9.39358891324553,9.26,-9.255));
#4349=CARTESIAN_POINT('',(-9.39358891324553,9.26,-4.6275));
#4350=CARTESIAN_POINT('',(-9.39358891324553,9.51,-9.255));
#4351=CARTESIAN_POINT('',(-9.39358891324553,9.51,-9.255));
#4352=CARTESIAN_POINT('',(-9.39358891324553,9.26,-9.255));
#4353=CARTESIAN_POINT('Origin',(-6.3625,9.26,-11.005));
#4354=CARTESIAN_POINT('',(-6.3625,9.26,-11.005));
#4355=CARTESIAN_POINT('',(-6.35921489216193,9.26,-11.0068966578946));
#4356=CARTESIAN_POINT('',(-6.3625,9.51,-11.005));
#4357=CARTESIAN_POINT('',(-6.3625,9.51,-11.005));
#4358=CARTESIAN_POINT('',(-6.3625,9.26,-11.005));
#4359=CARTESIAN_POINT('Origin',(-3.33141108675446,9.26,-9.255));
#4360=CARTESIAN_POINT('',(-0.0783656512152925,9.26,-7.37685334210537));
#4361=CARTESIAN_POINT('',(-3.33141108675446,9.51,-9.255));
#4362=CARTESIAN_POINT('Origin',(-6.3625,9.51,-7.505));
#4363=CARTESIAN_POINT('',(-4.3625,9.51,-7.505));
#4364=CARTESIAN_POINT('',(-8.3625,9.51,-7.505));
#4365=CARTESIAN_POINT('Origin',(-6.3625,9.51,-7.505));
#4366=CARTESIAN_POINT('Origin',(-6.3625,9.51,-7.505));
#4367=CARTESIAN_POINT('Origin',(6.3625,9.26,11.005));
#4368=CARTESIAN_POINT('',(9.39358891324553,9.26,9.255));
#4369=CARTESIAN_POINT('',(6.3625,9.26,11.005));
#4370=CARTESIAN_POINT('',(6.35921489216193,9.26,11.0068966578946));
#4371=CARTESIAN_POINT('',(9.39358891324553,9.51,9.255));
#4372=CARTESIAN_POINT('',(9.39358891324553,9.26,9.255));
#4373=CARTESIAN_POINT('',(6.3625,9.51,11.005));
#4374=CARTESIAN_POINT('',(6.3625,9.51,11.005));
#4375=CARTESIAN_POINT('',(6.3625,9.26,11.005));
#4376=CARTESIAN_POINT('Origin',(3.33141108675447,9.26,9.25500000000001));
#4377=CARTESIAN_POINT('',(3.33141108675447,9.26,9.25500000000001));
#4378=CARTESIAN_POINT('',(0.0783656512152978,9.26,7.37685334210539));
#4379=CARTESIAN_POINT('',(3.33141108675447,9.51,9.25500000000001));
#4380=CARTESIAN_POINT('',(3.33141108675447,9.51,9.25500000000001));
#4381=CARTESIAN_POINT('',(3.33141108675447,9.26,9.25500000000001));
#4382=CARTESIAN_POINT('Origin',(3.33141108675447,9.26,5.755));
#4383=CARTESIAN_POINT('',(3.33141108675447,9.26,5.755));
#4384=CARTESIAN_POINT('',(3.33141108675447,9.26,2.8775));
#4385=CARTESIAN_POINT('',(3.33141108675447,9.51,5.755));
#4386=CARTESIAN_POINT('',(3.33141108675447,9.51,5.755));
#4387=CARTESIAN_POINT('',(3.33141108675447,9.26,5.755));
#4388=CARTESIAN_POINT('Origin',(6.3625,9.26,4.005));
#4389=CARTESIAN_POINT('',(6.3625,9.26,4.005));
#4390=CARTESIAN_POINT('',(4.84367043553917,9.26,4.88189665789463));
#4391=CARTESIAN_POINT('',(6.3625,9.51,4.005));
#4392=CARTESIAN_POINT('',(6.3625,9.51,4.005));
#4393=CARTESIAN_POINT('',(6.3625,9.26,4.005));
#4394=CARTESIAN_POINT('Origin',(9.39358891324553,9.26,5.755));
#4395=CARTESIAN_POINT('',(9.39358891324553,9.26,5.755));
#4396=CARTESIAN_POINT('',(4.6249990210836,9.26,3.00185334210538));
#4397=CARTESIAN_POINT('',(9.39358891324553,9.51,5.755));
#4398=CARTESIAN_POINT('',(9.39358891324553,9.51,5.755));
#4399=CARTESIAN_POINT('',(9.39358891324553,9.26,5.755));
#4400=CARTESIAN_POINT('Origin',(9.39358891324553,9.26,9.255));
#4401=CARTESIAN_POINT('',(9.39358891324553,9.26,4.6275));
#4402=CARTESIAN_POINT('',(9.39358891324553,9.51,9.255));
#4403=CARTESIAN_POINT('Origin',(6.3625,9.51,7.505));
#4404=CARTESIAN_POINT('',(8.3625,9.51,7.505));
#4405=CARTESIAN_POINT('',(4.3625,9.51,7.505));
#4406=CARTESIAN_POINT('Origin',(6.3625,9.51,7.505));
#4407=CARTESIAN_POINT('Origin',(6.3625,9.51,7.505));
#4408=CARTESIAN_POINT('Origin',(6.3625,9.26,-4.005));
#4409=CARTESIAN_POINT('',(9.39358891324554,9.26,-5.755));
#4410=CARTESIAN_POINT('',(6.3625,9.26,-4.005));
#4411=CARTESIAN_POINT('',(3.10945456446083,9.26,-2.12685334210538));
#4412=CARTESIAN_POINT('',(9.39358891324554,9.51,-5.755));
#4413=CARTESIAN_POINT('',(9.39358891324554,9.26,-5.755));
#4414=CARTESIAN_POINT('',(6.3625,9.51,-4.005));
#4415=CARTESIAN_POINT('',(6.3625,9.51,-4.005));
#4416=CARTESIAN_POINT('',(6.3625,9.26,-4.005));
#4417=CARTESIAN_POINT('Origin',(3.33141108675446,9.26,-5.755));
#4418=CARTESIAN_POINT('',(3.33141108675446,9.26,-5.755));
#4419=CARTESIAN_POINT('',(3.3281259789164,9.26,-5.75689665789462));
#4420=CARTESIAN_POINT('',(3.33141108675446,9.51,-5.755));
#4421=CARTESIAN_POINT('',(3.33141108675446,9.51,-5.755));
#4422=CARTESIAN_POINT('',(3.33141108675446,9.26,-5.755));
#4423=CARTESIAN_POINT('Origin',(3.33141108675447,9.26,-9.255));
#4424=CARTESIAN_POINT('',(3.33141108675447,9.26,-9.255));
#4425=CARTESIAN_POINT('',(3.33141108675446,9.26,-4.6275));
#4426=CARTESIAN_POINT('',(3.33141108675446,9.51,-9.255));
#4427=CARTESIAN_POINT('',(3.33141108675447,9.51,-9.255));
#4428=CARTESIAN_POINT('',(3.33141108675447,9.26,-9.255));
#4429=CARTESIAN_POINT('Origin',(6.3625,9.26,-11.005));
#4430=CARTESIAN_POINT('',(6.3625,9.26,-11.005));
#4431=CARTESIAN_POINT('',(1.59391010783807,9.26,-8.25185334210538));
#4432=CARTESIAN_POINT('',(6.3625,9.51,-11.005));
#4433=CARTESIAN_POINT('',(6.3625,9.51,-11.005));
#4434=CARTESIAN_POINT('',(6.3625,9.26,-11.005));
#4435=CARTESIAN_POINT('Origin',(9.39358891324553,9.26,-9.255));
#4436=CARTESIAN_POINT('',(9.39358891324553,9.26,-9.255));
#4437=CARTESIAN_POINT('',(7.87475934878471,9.26,-10.1318966578946));
#4438=CARTESIAN_POINT('',(9.39358891324553,9.51,-9.255));
#4439=CARTESIAN_POINT('',(9.39358891324553,9.51,-9.255));
#4440=CARTESIAN_POINT('',(9.39358891324553,9.26,-9.255));
#4441=CARTESIAN_POINT('Origin',(9.39358891324554,9.26,-5.755));
#4442=CARTESIAN_POINT('',(9.39358891324554,9.26,-2.8775));
#4443=CARTESIAN_POINT('',(9.39358891324554,9.51,-5.755));
#4444=CARTESIAN_POINT('Origin',(6.3625,9.51,-7.505));
#4445=CARTESIAN_POINT('',(8.3625,9.51,-7.505));
#4446=CARTESIAN_POINT('',(4.3625,9.51,-7.505));
#4447=CARTESIAN_POINT('Origin',(6.3625,9.51,-7.505));
#4448=CARTESIAN_POINT('Origin',(6.3625,9.51,-7.505));
#4449=CARTESIAN_POINT('Origin',(-9.39358891324554,9.26,9.255));
#4450=CARTESIAN_POINT('',(-6.3625,9.26,11.005));
#4451=CARTESIAN_POINT('',(-9.39358891324554,9.26,9.255));
#4452=CARTESIAN_POINT('',(-7.8747593487847,9.26,10.1318966578946));
#4453=CARTESIAN_POINT('',(-6.3625,9.51,11.005));
#4454=CARTESIAN_POINT('',(-6.3625,9.26,11.005));
#4455=CARTESIAN_POINT('',(-9.39358891324554,9.51,9.255));
#4456=CARTESIAN_POINT('',(-9.39358891324554,9.51,9.255));
#4457=CARTESIAN_POINT('',(-9.39358891324554,9.26,9.255));
#4458=CARTESIAN_POINT('Origin',(-9.39358891324553,9.26,5.755));
#4459=CARTESIAN_POINT('',(-9.39358891324553,9.26,5.755));
#4460=CARTESIAN_POINT('',(-9.39358891324553,9.26,2.8775));
#4461=CARTESIAN_POINT('',(-9.39358891324553,9.51,5.755));
#4462=CARTESIAN_POINT('',(-9.39358891324553,9.51,5.755));
#4463=CARTESIAN_POINT('',(-9.39358891324553,9.26,5.755));
#4464=CARTESIAN_POINT('Origin',(-6.3625,9.26,4.005));
#4465=CARTESIAN_POINT('',(-6.3625,9.26,4.005));
#4466=CARTESIAN_POINT('',(-3.10945456446083,9.26,2.12685334210538));
#4467=CARTESIAN_POINT('',(-6.3625,9.51,4.005));
#4468=CARTESIAN_POINT('',(-6.3625,9.51,4.005));
#4469=CARTESIAN_POINT('',(-6.3625,9.26,4.005));
#4470=CARTESIAN_POINT('Origin',(-3.33141108675446,9.26,5.755));
#4471=CARTESIAN_POINT('',(-3.33141108675446,9.26,5.755));
#4472=CARTESIAN_POINT('',(-3.3281259789164,9.26,5.75689665789463));
#4473=CARTESIAN_POINT('',(-3.33141108675446,9.51,5.755));
#4474=CARTESIAN_POINT('',(-3.33141108675446,9.51,5.755));
#4475=CARTESIAN_POINT('',(-3.33141108675446,9.26,5.755));
#4476=CARTESIAN_POINT('Origin',(-3.33141108675447,9.26,9.25500000000001));
#4477=CARTESIAN_POINT('',(-3.33141108675447,9.26,9.25500000000001));
#4478=CARTESIAN_POINT('',(-3.33141108675446,9.26,4.6275));
#4479=CARTESIAN_POINT('',(-3.33141108675447,9.51,9.25500000000001));
#4480=CARTESIAN_POINT('',(-3.33141108675447,9.51,9.25500000000001));
#4481=CARTESIAN_POINT('',(-3.33141108675447,9.26,9.25500000000001));
#4482=CARTESIAN_POINT('Origin',(-6.3625,9.26,11.005));
#4483=CARTESIAN_POINT('',(-1.59391010783806,9.26,8.25185334210538));
#4484=CARTESIAN_POINT('',(-6.3625,9.51,11.005));
#4485=CARTESIAN_POINT('Origin',(-6.3625,9.51,7.505));
#4486=CARTESIAN_POINT('',(-4.3625,9.51,7.505));
#4487=CARTESIAN_POINT('',(-8.3625,9.51,7.505));
#4488=CARTESIAN_POINT('Origin',(-6.3625,9.51,7.505));
#4489=CARTESIAN_POINT('Origin',(-6.3625,9.51,7.505));
#4490=CARTESIAN_POINT('Origin',(-6.065,11.95,-5.41));
#4491=CARTESIAN_POINT('',(-6.66,11.15,-5.41));
#4492=CARTESIAN_POINT('',(-6.065,11.15,-5.41));
#4493=CARTESIAN_POINT('',(-8.15375,11.15,-5.41));
#4494=CARTESIAN_POINT('',(-6.66,11.95,-5.41));
#4495=CARTESIAN_POINT('',(-6.66,11.95,-5.41));
#4496=CARTESIAN_POINT('',(-6.065,11.95,-5.41));
#4497=CARTESIAN_POINT('',(-4.08,11.95,-5.41));
#4498=CARTESIAN_POINT('',(-6.065,11.95,-5.41));
#4499=CARTESIAN_POINT('Origin',(-6.065,11.95,-7.505));
#4500=CARTESIAN_POINT('',(-6.065,11.15,-9.6));
#4501=CARTESIAN_POINT('Origin',(-6.065,11.15,-7.505));
#4502=CARTESIAN_POINT('',(-6.065,11.95,-9.6));
#4503=CARTESIAN_POINT('Origin',(-6.065,11.95,-7.505));
#4504=CARTESIAN_POINT('',(-6.065,11.95,-9.6));
#4505=CARTESIAN_POINT('Origin',(-6.66,11.95,-9.6));
#4506=CARTESIAN_POINT('',(-6.66,11.15,-9.6));
#4507=CARTESIAN_POINT('',(-8.45125,11.15,-9.6));
#4508=CARTESIAN_POINT('',(-6.66,11.95,-9.6));
#4509=CARTESIAN_POINT('',(-4.3775,11.95,-9.6));
#4510=CARTESIAN_POINT('',(-6.66,11.95,-9.6));
#4511=CARTESIAN_POINT('Origin',(-6.66,11.95,-7.505));
#4512=CARTESIAN_POINT('Origin',(-6.66,11.15,-7.505));
#4513=CARTESIAN_POINT('Origin',(-6.66,11.95,-7.505));
#4514=CARTESIAN_POINT('Origin',(-4.095,11.95,11.505));
#4515=CARTESIAN_POINT('',(-2.095,11.15,9.505));
#4516=CARTESIAN_POINT('',(-4.095,11.15,11.505));
#4517=CARTESIAN_POINT('',(-3.595,11.15,11.005));
#4518=CARTESIAN_POINT('',(-2.095,11.95,9.505));
#4519=CARTESIAN_POINT('',(-2.095,11.95,9.505));
#4520=CARTESIAN_POINT('',(-4.095,11.95,11.505));
#4521=CARTESIAN_POINT('',(-5.631875,11.95,13.041875));
#4522=CARTESIAN_POINT('',(-4.095,10.205,11.505));
#4523=CARTESIAN_POINT('Origin',(-2.095,11.95,-9.505));
#4524=CARTESIAN_POINT('',(-4.095,11.15,-11.505));
#4525=CARTESIAN_POINT('',(-2.095,11.15,-9.505));
#4526=CARTESIAN_POINT('',(-4.631875,11.15,-12.041875));
#4527=CARTESIAN_POINT('',(-4.095,11.95,-11.505));
#4528=CARTESIAN_POINT('',(-4.095,10.205,-11.505));
#4529=CARTESIAN_POINT('',(-2.095,11.95,-9.505));
#4530=CARTESIAN_POINT('',(-2.595,11.95,-10.005));
#4531=CARTESIAN_POINT('',(-2.095,11.55,-9.505));
#4532=CARTESIAN_POINT('Origin',(4.095,11.95,3.505));
#4533=CARTESIAN_POINT('',(2.095,11.15,5.505));
#4534=CARTESIAN_POINT('',(4.095,11.15,3.505));
#4535=CARTESIAN_POINT('',(3.631875,11.15,3.968125));
#4536=CARTESIAN_POINT('',(2.095,11.95,5.505));
#4537=CARTESIAN_POINT('',(2.095,11.55,5.505));
#4538=CARTESIAN_POINT('',(4.095,11.95,3.505));
#4539=CARTESIAN_POINT('',(1.595,11.95,6.005));
#4540=CARTESIAN_POINT('',(4.095,10.205,3.505));
#4541=CARTESIAN_POINT('Origin',(6.66,11.95,-5.40999999999999));
#4542=CARTESIAN_POINT('',(6.06500000000001,11.15,-5.40999999999999));
#4543=CARTESIAN_POINT('',(6.66,11.15,-5.40999999999999));
#4544=CARTESIAN_POINT('',(4.3775,11.15,-5.40999999999999));
#4545=CARTESIAN_POINT('',(6.06500000000001,11.95,-5.40999999999999));
#4546=CARTESIAN_POINT('',(6.06500000000001,11.95,-5.40999999999999));
#4547=CARTESIAN_POINT('',(6.66,11.95,-5.40999999999999));
#4548=CARTESIAN_POINT('',(8.45125,11.95,-5.40999999999999));
#4549=CARTESIAN_POINT('',(6.66,11.95,-5.40999999999999));
#4550=CARTESIAN_POINT('Origin',(6.66,11.95,-7.505));
#4551=CARTESIAN_POINT('',(6.66,11.15,-9.59999999999999));
#4552=CARTESIAN_POINT('Origin',(6.66,11.15,-7.505));
#4553=CARTESIAN_POINT('',(6.66,11.95,-9.59999999999999));
#4554=CARTESIAN_POINT('Origin',(6.66,11.95,-7.505));
#4555=CARTESIAN_POINT('',(6.66,11.95,-9.59999999999999));
#4556=CARTESIAN_POINT('Origin',(6.06500000000001,11.95,-9.59999999999999));
#4557=CARTESIAN_POINT('',(6.06500000000001,11.15,-9.59999999999999));
#4558=CARTESIAN_POINT('',(4.08,11.15,-9.59999999999999));
#4559=CARTESIAN_POINT('',(6.06500000000001,11.95,-9.59999999999999));
#4560=CARTESIAN_POINT('',(8.15375,11.95,-9.59999999999999));
#4561=CARTESIAN_POINT('',(6.06500000000001,11.95,-9.59999999999999));
#4562=CARTESIAN_POINT('Origin',(6.06500000000001,11.95,-7.505));
#4563=CARTESIAN_POINT('Origin',(6.06500000000001,11.15,-7.505));
#4564=CARTESIAN_POINT('Origin',(6.06500000000001,11.95,-7.505));
#4565=CARTESIAN_POINT('Origin',(2.095,11.95,9.505));
#4566=CARTESIAN_POINT('',(4.095,11.15,11.505));
#4567=CARTESIAN_POINT('',(2.095,11.15,9.505));
#4568=CARTESIAN_POINT('',(4.631875,11.15,12.041875));
#4569=CARTESIAN_POINT('',(4.095,11.95,11.505));
#4570=CARTESIAN_POINT('',(4.095,10.205,11.505));
#4571=CARTESIAN_POINT('',(2.095,11.95,9.505));
#4572=CARTESIAN_POINT('',(2.595,11.95,10.005));
#4573=CARTESIAN_POINT('',(2.095,11.55,9.505));
#4574=CARTESIAN_POINT('Origin',(-4.095,11.95,-3.505));
#4575=CARTESIAN_POINT('',(-2.095,11.15,-5.505));
#4576=CARTESIAN_POINT('',(-4.095,11.15,-3.505));
#4577=CARTESIAN_POINT('',(-3.631875,11.15,-3.968125));
#4578=CARTESIAN_POINT('',(-2.095,11.95,-5.505));
#4579=CARTESIAN_POINT('',(-2.095,11.55,-5.505));
#4580=CARTESIAN_POINT('',(-4.095,11.95,-3.505));
#4581=CARTESIAN_POINT('',(-1.595,11.95,-6.005));
#4582=CARTESIAN_POINT('',(-4.095,10.205,-3.505));
#4583=CARTESIAN_POINT('Origin',(-6.065,11.95,7.505));
#4584=CARTESIAN_POINT('',(-6.065,11.15,9.6));
#4585=CARTESIAN_POINT('',(-6.065,11.15,5.41));
#4586=CARTESIAN_POINT('Origin',(-6.065,11.15,7.505));
#4587=CARTESIAN_POINT('',(-6.065,11.95,9.6));
#4588=CARTESIAN_POINT('',(-6.065,11.95,9.6));
#4589=CARTESIAN_POINT('',(-6.065,11.95,5.41));
#4590=CARTESIAN_POINT('Origin',(-6.065,11.95,7.505));
#4591=CARTESIAN_POINT('',(-6.065,11.95,5.41));
#4592=CARTESIAN_POINT('Origin',(-6.065,11.95,9.6));
#4593=CARTESIAN_POINT('',(-6.66000000000001,11.15,9.6));
#4594=CARTESIAN_POINT('',(-4.08,11.15,9.6));
#4595=CARTESIAN_POINT('',(-6.66000000000001,11.95,9.6));
#4596=CARTESIAN_POINT('',(-6.66000000000001,11.95,9.6));
#4597=CARTESIAN_POINT('',(-8.15375,11.95,9.6));
#4598=CARTESIAN_POINT('Origin',(-6.66000000000001,11.95,7.505));
#4599=CARTESIAN_POINT('',(-6.66000000000001,11.15,5.41));
#4600=CARTESIAN_POINT('Origin',(-6.66000000000001,11.15,7.505));
#4601=CARTESIAN_POINT('',(-6.66000000000001,11.95,5.41));
#4602=CARTESIAN_POINT('',(-6.66000000000001,11.95,5.41));
#4603=CARTESIAN_POINT('Origin',(-6.66000000000001,11.95,7.505));
#4604=CARTESIAN_POINT('Origin',(-6.66000000000001,11.95,5.41));
#4605=CARTESIAN_POINT('',(-4.3775,11.15,5.41));
#4606=CARTESIAN_POINT('',(-8.45125000000001,11.95,5.41));
#4607=CARTESIAN_POINT('Origin',(-2.095,11.95,5.505));
#4608=CARTESIAN_POINT('',(-4.095,11.15,3.505));
#4609=CARTESIAN_POINT('',(-2.095,11.15,5.505));
#4610=CARTESIAN_POINT('',(-0.595,11.15,7.005));
#4611=CARTESIAN_POINT('',(-4.095,11.95,3.505));
#4612=CARTESIAN_POINT('',(-4.095,10.205,3.505));
#4613=CARTESIAN_POINT('',(-2.095,11.95,5.505));
#4614=CARTESIAN_POINT('',(-2.631875,11.95,4.968125));
#4615=CARTESIAN_POINT('',(-2.095,11.95,5.505));
#4616=CARTESIAN_POINT('Origin',(2.095,11.95,-5.505));
#4617=CARTESIAN_POINT('',(4.095,11.15,-3.505));
#4618=CARTESIAN_POINT('',(2.095,11.15,-5.505));
#4619=CARTESIAN_POINT('',(0.594999999999999,11.15,-7.005));
#4620=CARTESIAN_POINT('',(4.095,11.95,-3.505));
#4621=CARTESIAN_POINT('',(4.095,10.205,-3.505));
#4622=CARTESIAN_POINT('',(2.095,11.95,-5.505));
#4623=CARTESIAN_POINT('',(2.631875,11.95,-4.968125));
#4624=CARTESIAN_POINT('',(2.095,11.95,-5.505));
#4625=CARTESIAN_POINT('Origin',(4.095,11.95,-11.505));
#4626=CARTESIAN_POINT('',(2.095,11.15,-9.505));
#4627=CARTESIAN_POINT('',(4.095,11.15,-11.505));
#4628=CARTESIAN_POINT('',(3.595,11.15,-11.005));
#4629=CARTESIAN_POINT('',(2.095,11.95,-9.505));
#4630=CARTESIAN_POINT('',(2.095,11.95,-9.505));
#4631=CARTESIAN_POINT('',(4.095,11.95,-11.505));
#4632=CARTESIAN_POINT('',(5.631875,11.95,-13.041875));
#4633=CARTESIAN_POINT('',(4.095,10.205,-11.505));
#4634=CARTESIAN_POINT('Origin',(6.065,11.95,7.505));
#4635=CARTESIAN_POINT('',(6.065,11.15,5.41000000000001));
#4636=CARTESIAN_POINT('',(6.065,11.15,9.6));
#4637=CARTESIAN_POINT('Origin',(6.065,11.15,7.505));
#4638=CARTESIAN_POINT('',(6.065,11.95,5.41000000000001));
#4639=CARTESIAN_POINT('',(6.065,11.95,5.41000000000001));
#4640=CARTESIAN_POINT('',(6.065,11.95,9.6));
#4641=CARTESIAN_POINT('Origin',(6.065,11.95,7.505));
#4642=CARTESIAN_POINT('',(6.065,11.95,9.6));
#4643=CARTESIAN_POINT('Origin',(6.065,11.95,5.41));
#4644=CARTESIAN_POINT('',(6.66,11.15,5.41));
#4645=CARTESIAN_POINT('',(8.15375,11.15,5.41));
#4646=CARTESIAN_POINT('',(6.66,11.95,5.41));
#4647=CARTESIAN_POINT('',(6.66,11.95,5.41));
#4648=CARTESIAN_POINT('',(4.08,11.95,5.41));
#4649=CARTESIAN_POINT('Origin',(6.66,11.95,7.505));
#4650=CARTESIAN_POINT('',(6.66,11.15,9.6));
#4651=CARTESIAN_POINT('Origin',(6.66,11.15,7.505));
#4652=CARTESIAN_POINT('',(6.66,11.95,9.6));
#4653=CARTESIAN_POINT('',(6.66,11.95,9.6));
#4654=CARTESIAN_POINT('Origin',(6.66,11.95,7.505));
#4655=CARTESIAN_POINT('Origin',(6.66,11.95,9.6));
#4656=CARTESIAN_POINT('',(8.45125,11.15,9.6));
#4657=CARTESIAN_POINT('',(4.3775,11.95,9.6));
#4658=CARTESIAN_POINT('Origin',(-11.7425,8.45999999999999,11.505));
#4659=CARTESIAN_POINT('',(-10.2425,11.95,11.505));
#4660=CARTESIAN_POINT('',(-2.095,11.95,11.505));
#4661=CARTESIAN_POINT('',(-11.9029517457608,8.46,11.505));
#4662=CARTESIAN_POINT('Origin',(-10.2425,9.81,11.505));
#4663=CARTESIAN_POINT('',(-10.2425,8.45999999999999,11.505));
#4664=CARTESIAN_POINT('',(-8.740625,8.46,11.505));
#4665=CARTESIAN_POINT('',(-10.2425,8.46999999999999,11.505));
#4666=CARTESIAN_POINT('',(-10.2425,8.86,11.505));
#4667=CARTESIAN_POINT('',(-10.2425,11.15,11.505));
#4668=CARTESIAN_POINT('Origin',(-10.2425,9.81,11.505));
#4669=CARTESIAN_POINT('',(-10.2425,11.15,11.505));
#4670=CARTESIAN_POINT('Origin',(11.7425,8.46,3.505));
#4671=CARTESIAN_POINT('',(10.2425,11.95,3.505));
#4672=CARTESIAN_POINT('',(1.0475,11.95,3.505));
#4673=CARTESIAN_POINT('',(11.9029517457608,8.46,3.505));
#4674=CARTESIAN_POINT('Origin',(10.2425,9.81,3.505));
#4675=CARTESIAN_POINT('',(10.2425,8.46,3.505));
#4676=CARTESIAN_POINT('',(6.32125,8.46,3.505));
#4677=CARTESIAN_POINT('',(10.2425,8.47,3.505));
#4678=CARTESIAN_POINT('',(10.2425,8.46,3.505));
#4679=CARTESIAN_POINT('',(10.2425,11.15,3.505));
#4680=CARTESIAN_POINT('Origin',(10.2425,9.81,3.505));
#4681=CARTESIAN_POINT('',(5.12125,11.15,3.505));
#4682=CARTESIAN_POINT('Origin',(-2.095,11.15,-11.505));
#4683=CARTESIAN_POINT('',(-2.095,11.95,-11.505));
#4684=CARTESIAN_POINT('',(-2.095,11.15,-11.505));
#4685=CARTESIAN_POINT('Origin',(-11.7425,8.45999999999999,-3.505));
#4686=CARTESIAN_POINT('',(-10.2425,11.95,-3.505));
#4687=CARTESIAN_POINT('',(-1.0475,11.95,-3.505));
#4688=CARTESIAN_POINT('',(-11.9029517457608,8.46,-3.505));
#4689=CARTESIAN_POINT('Origin',(-10.2425,9.81,-3.505));
#4690=CARTESIAN_POINT('',(-10.2425,8.45999999999999,-3.505));
#4691=CARTESIAN_POINT('',(-5.12125,8.46,-3.505));
#4692=CARTESIAN_POINT('',(-10.2425,8.46999999999999,-3.505));
#4693=CARTESIAN_POINT('',(-10.2425,8.86,-3.505));
#4694=CARTESIAN_POINT('',(-10.2425,11.15,-3.505));
#4695=CARTESIAN_POINT('Origin',(-10.2425,9.81,-3.505));
#4696=CARTESIAN_POINT('',(-5.12125,11.15,-3.505));
#4697=CARTESIAN_POINT('Origin',(-10.2425,8.45999999999999,3.505));
#4698=CARTESIAN_POINT('',(-10.2425,11.15,3.505));
#4699=CARTESIAN_POINT('',(-1.0475,11.15,3.505));
#4700=CARTESIAN_POINT('',(-10.2425,8.46999999999999,3.505));
#4701=CARTESIAN_POINT('Origin',(-10.2425,9.81,3.505));
#4702=CARTESIAN_POINT('',(-10.2425,8.45999999999999,3.505));
#4703=CARTESIAN_POINT('',(-10.2425,8.86,3.505));
#4704=CARTESIAN_POINT('',(-11.9029517457608,8.46,3.505));
#4705=CARTESIAN_POINT('',(-5.12125,8.46,3.505));
#4706=CARTESIAN_POINT('',(-10.2425,11.95,3.505));
#4707=CARTESIAN_POINT('Origin',(-10.2425,9.81,3.505));
#4708=CARTESIAN_POINT('',(-5.12125,11.95,3.505));
#4709=CARTESIAN_POINT('Origin',(11.7425,8.46,-11.505));
#4710=CARTESIAN_POINT('',(10.2425,11.95,-11.505));
#4711=CARTESIAN_POINT('',(2.095,11.95,-11.505));
#4712=CARTESIAN_POINT('',(11.9029517457608,8.46,-11.505));
#4713=CARTESIAN_POINT('Origin',(10.2425,9.81,-11.505));
#4714=CARTESIAN_POINT('',(10.2425,8.46,-11.505));
#4715=CARTESIAN_POINT('',(12.1925,8.46,-11.505));
#4716=CARTESIAN_POINT('',(10.2425,8.47,-11.505));
#4717=CARTESIAN_POINT('',(10.2425,8.46,-11.505));
#4718=CARTESIAN_POINT('',(10.2425,11.15,-11.505));
#4719=CARTESIAN_POINT('Origin',(10.2425,9.81,-11.505));
#4720=CARTESIAN_POINT('',(10.2425,11.15,-11.505));
#4721=CARTESIAN_POINT('Origin',(2.095,11.95,-11.505));
#4722=CARTESIAN_POINT('',(2.095,11.95,-11.505));
#4723=CARTESIAN_POINT('',(2.095,11.15,-11.505));
#4724=CARTESIAN_POINT('Origin',(-10.2425,11.15,-11.505));
#4725=CARTESIAN_POINT('',(-10.2425,11.15,-11.505));
#4726=CARTESIAN_POINT('',(-10.2425,11.15,-11.505));
#4727=CARTESIAN_POINT('',(-2.095,11.15,-11.505));
#4728=CARTESIAN_POINT('Origin',(2.095,11.15,-11.505));
#4729=CARTESIAN_POINT('',(10.2425,11.15,-3.505));
#4730=CARTESIAN_POINT('',(10.2425,11.15,-11.505));
#4731=CARTESIAN_POINT('',(1.0475,11.15,-3.505));
#4732=CARTESIAN_POINT('Origin',(-10.2425,11.95,11.505));
#4733=CARTESIAN_POINT('',(-2.095,11.95,11.505));
#4734=CARTESIAN_POINT('',(-10.2425,11.95,11.505));
#4735=CARTESIAN_POINT('Origin',(2.095,11.95,11.505));
#4736=CARTESIAN_POINT('',(2.095,11.95,11.505));
#4737=CARTESIAN_POINT('',(10.2425,11.95,11.505));
#4738=CARTESIAN_POINT('',(10.2425,11.95,11.505));
#4739=CARTESIAN_POINT('',(10.2425,11.95,11.505));
#4740=CARTESIAN_POINT('Origin',(-10.2425,9.81,11.505));
#4741=CARTESIAN_POINT('',(-10.2425,11.15,11.505));
#4742=CARTESIAN_POINT('',(-10.2425,8.46999999999999,10.4325));
#4743=CARTESIAN_POINT('Origin',(-2.095,11.15,11.505));
#4744=CARTESIAN_POINT('',(-2.095,11.15,11.505));
#4745=CARTESIAN_POINT('Origin',(-2.095,11.95,11.505));
#4746=CARTESIAN_POINT('Origin',(-10.2425,9.81,11.505));
#4747=CARTESIAN_POINT('',(-11.9029517457608,8.46,11.505));
#4748=CARTESIAN_POINT('Origin',(10.2425,9.81,11.505));
#4749=CARTESIAN_POINT('',(11.9029517457608,8.46,11.505));
#4750=CARTESIAN_POINT('',(11.9029517457608,8.46,11.505));
#4751=CARTESIAN_POINT('Origin',(10.2425,9.81,11.505));
#4752=CARTESIAN_POINT('Origin',(10.2425,9.81,11.505));
#4753=CARTESIAN_POINT('',(10.2425,8.47,11.505));
#4754=CARTESIAN_POINT('',(10.2425,8.47,10.4325));
#4755=CARTESIAN_POINT('',(10.2425,11.15,11.505));
#4756=CARTESIAN_POINT('Origin',(10.2425,9.81,11.505));
#4757=CARTESIAN_POINT('',(10.2425,11.15,11.505));
#4758=CARTESIAN_POINT('Origin',(10.2425,11.15,11.505));
#4759=CARTESIAN_POINT('',(2.095,11.15,11.505));
#4760=CARTESIAN_POINT('',(2.095,11.15,11.505));
#4761=CARTESIAN_POINT('Origin',(2.095,11.15,11.505));
#4762=CARTESIAN_POINT('Origin',(-10.2425,8.46,13.36));
#4763=CARTESIAN_POINT('',(-10.2425,8.46,1.65));
#4764=CARTESIAN_POINT('',(-10.2425,8.46,13.36));
#4765=CARTESIAN_POINT('',(-12.6425,8.46,1.65));
#4766=CARTESIAN_POINT('',(-8.3025,8.46,1.65));
#4767=CARTESIAN_POINT('',(-12.6425,8.46,13.36));
#4768=CARTESIAN_POINT('',(-12.6425,8.46,-1.23));
#4769=CARTESIAN_POINT('',(-10.2425,8.46,13.36));
#4770=CARTESIAN_POINT('',(-11.4425,8.46,13.36));
#4771=CARTESIAN_POINT('',(-10.2425,8.46,13.36));
#4772=CARTESIAN_POINT('Origin',(12.6425,8.46,13.36));
#4773=CARTESIAN_POINT('',(10.2425,8.46,11.505));
#4774=CARTESIAN_POINT('',(9.940625,8.46,11.505));
#4775=CARTESIAN_POINT('',(10.2425,8.46,13.36));
#4776=CARTESIAN_POINT('',(10.2425,8.46,13.36));
#4777=CARTESIAN_POINT('',(12.6425,8.46,13.36));
#4778=CARTESIAN_POINT('',(1.72547161743827E-15,8.46,13.36));
#4779=CARTESIAN_POINT('',(12.6425,8.46,1.65));
#4780=CARTESIAN_POINT('',(12.6425,8.46,14.59));
#4781=CARTESIAN_POINT('',(10.2425,8.46,1.65));
#4782=CARTESIAN_POINT('',(12.6425,8.46,1.65));
#4783=CARTESIAN_POINT('',(10.2425,8.46,13.36));
#4784=CARTESIAN_POINT('Origin',(-10.2425,9.81,-11.505));
#4785=CARTESIAN_POINT('',(-11.9029517457608,8.46,-11.505));
#4786=CARTESIAN_POINT('',(-11.9029517457608,8.46,-11.505));
#4787=CARTESIAN_POINT('',(-10.2425,11.95,-11.505));
#4788=CARTESIAN_POINT('',(-10.2425,11.95,-11.505));
#4789=CARTESIAN_POINT('Origin',(-10.2425,9.81,-11.505));
#4790=CARTESIAN_POINT('Origin',(-2.095,11.95,-11.505));
#4791=CARTESIAN_POINT('',(-10.2425,11.95,-11.505));
#4792=CARTESIAN_POINT('Origin',(-10.2425,9.81,-11.505));
#4793=CARTESIAN_POINT('',(-10.2425,8.46999999999999,-11.505));
#4794=CARTESIAN_POINT('',(-10.2425,8.46999999999999,2.9275));
#4795=CARTESIAN_POINT('Origin',(-10.2425,9.81,-11.505));
#4796=CARTESIAN_POINT('Origin',(10.2425,9.81,-11.505));
#4797=CARTESIAN_POINT('',(11.9029517457608,8.46,-3.505));
#4798=CARTESIAN_POINT('',(11.9029517457608,8.46,-11.505));
#4799=CARTESIAN_POINT('',(10.2425,11.95,-3.505));
#4800=CARTESIAN_POINT('',(10.2425,11.95,-11.505));
#4801=CARTESIAN_POINT('Origin',(10.2425,9.81,-3.505));
#4802=CARTESIAN_POINT('Origin',(10.2425,9.81,-11.505));
#4803=CARTESIAN_POINT('',(10.2425,8.47,-3.505));
#4804=CARTESIAN_POINT('Origin',(10.2425,9.81,-3.505));
#4805=CARTESIAN_POINT('',(10.2425,8.47,2.9275));
#4806=CARTESIAN_POINT('Origin',(10.2425,11.95,-11.505));
#4807=CARTESIAN_POINT('',(5.12125,11.95,-3.505));
#4808=CARTESIAN_POINT('Origin',(-10.2425,8.45999999999999,-11.505));
#4809=CARTESIAN_POINT('',(-10.2425,8.45999999999999,-11.505));
#4810=CARTESIAN_POINT('',(-10.2425,8.86,-11.505));
#4811=CARTESIAN_POINT('',(-8.740625,8.46,-11.505));
#4812=CARTESIAN_POINT('Origin',(10.2425,8.46,-3.505));
#4813=CARTESIAN_POINT('',(10.2425,8.46,-3.505));
#4814=CARTESIAN_POINT('',(10.2425,8.46,-3.505));
#4815=CARTESIAN_POINT('',(11.4425,8.46,-3.505));
#4816=CARTESIAN_POINT('Origin',(10.2425,8.46,11.505));
#4817=CARTESIAN_POINT('',(10.2425,8.46,11.505));
#4818=CARTESIAN_POINT('Origin',(-10.2425,8.46,13.36));
#4819=CARTESIAN_POINT('',(-10.2425,8.46,-13.36));
#4820=CARTESIAN_POINT('',(-10.2425,8.46,13.36));
#4821=CARTESIAN_POINT('',(-12.6425,8.46,-13.36));
#4822=CARTESIAN_POINT('',(1.2,8.46,-13.36));
#4823=CARTESIAN_POINT('',(-12.6425,8.46,-1.65));
#4824=CARTESIAN_POINT('',(-12.6425,8.46,-1.23));
#4825=CARTESIAN_POINT('',(-10.2425,8.46,-1.65));
#4826=CARTESIAN_POINT('',(-11.4425,8.46,-1.65));
#4827=CARTESIAN_POINT('',(-10.2425,8.46,13.36));
#4828=CARTESIAN_POINT('Origin',(12.6425,8.46,13.36));
#4829=CARTESIAN_POINT('',(10.2425,8.46,-1.65000000000001));
#4830=CARTESIAN_POINT('',(10.2425,8.46,13.36));
#4831=CARTESIAN_POINT('',(12.6425,8.46,-1.65000000000001));
#4832=CARTESIAN_POINT('',(9.5025,8.46,-1.65000000000001));
#4833=CARTESIAN_POINT('',(12.6425,8.46,-13.36));
#4834=CARTESIAN_POINT('',(12.6425,8.46,14.59));
#4835=CARTESIAN_POINT('',(10.2425,8.46,-13.36));
#4836=CARTESIAN_POINT('',(12.6425,8.46,-13.36));
#4837=CARTESIAN_POINT('',(10.2425,8.46,13.36));
#4838=CARTESIAN_POINT('Origin',(-6.3625,9.26,-7.505));
#4839=CARTESIAN_POINT('',(-8.3625,6.49,-7.505));
#4840=CARTESIAN_POINT('',(-8.3625,9.26,-7.505));
#4841=CARTESIAN_POINT('',(-4.3625,6.49,-7.505));
#4842=CARTESIAN_POINT('Origin',(-6.3625,6.49,-7.505));
#4843=CARTESIAN_POINT('Origin',(-6.3625,6.49,-7.505));
#4844=CARTESIAN_POINT('Origin',(-6.3625,6.49,-7.505));
#4845=CARTESIAN_POINT('Origin',(-6.3625,9.26,7.505));
#4846=CARTESIAN_POINT('',(-8.3625,6.49,7.505));
#4847=CARTESIAN_POINT('',(-8.3625,9.26,7.505));
#4848=CARTESIAN_POINT('',(-4.3625,6.49,7.505));
#4849=CARTESIAN_POINT('Origin',(-6.3625,6.49,7.505));
#4850=CARTESIAN_POINT('Origin',(-6.3625,6.49,7.505));
#4851=CARTESIAN_POINT('Origin',(-6.3625,6.49,7.505));
#4852=CARTESIAN_POINT('Origin',(6.3625,9.26,-7.505));
#4853=CARTESIAN_POINT('',(4.3625,6.49,-7.505));
#4854=CARTESIAN_POINT('',(4.3625,9.26,-7.505));
#4855=CARTESIAN_POINT('',(8.3625,6.49,-7.505));
#4856=CARTESIAN_POINT('Origin',(6.3625,6.49,-7.505));
#4857=CARTESIAN_POINT('Origin',(6.3625,6.49,-7.505));
#4858=CARTESIAN_POINT('Origin',(6.3625,6.49,-7.505));
#4859=CARTESIAN_POINT('Origin',(6.3625,9.26,7.505));
#4860=CARTESIAN_POINT('',(4.3625,6.49,7.505));
#4861=CARTESIAN_POINT('',(4.3625,9.26,7.505));
#4862=CARTESIAN_POINT('',(8.3625,6.49,7.505));
#4863=CARTESIAN_POINT('Origin',(6.3625,6.49,7.505));
#4864=CARTESIAN_POINT('Origin',(6.3625,6.49,7.505));
#4865=CARTESIAN_POINT('Origin',(6.3625,6.49,7.505));
#4866=CARTESIAN_POINT('Origin',(-10.2425,9.26,13.36));
#4867=CARTESIAN_POINT('',(-10.2425,9.26,13.36));
#4868=CARTESIAN_POINT('',(-10.2425,6.72,13.36));
#4869=CARTESIAN_POINT('',(-10.2425,9.26,1.65));
#4870=CARTESIAN_POINT('',(-10.2425,9.26,6.68));
#4871=CARTESIAN_POINT('',(-10.2425,9.26,1.65));
#4872=CARTESIAN_POINT('Origin',(-10.2425,9.26,13.36));
#4873=CARTESIAN_POINT('',(-10.2425,9.26,-1.65));
#4874=CARTESIAN_POINT('',(-10.2425,9.26,-1.65));
#4875=CARTESIAN_POINT('',(-10.2425,9.26,-13.36));
#4876=CARTESIAN_POINT('',(-10.2425,9.26,6.68));
#4877=CARTESIAN_POINT('',(-10.2425,6.72,-13.36));
#4878=CARTESIAN_POINT('Origin',(10.2425,8.46,13.36));
#4879=CARTESIAN_POINT('',(10.2425,9.26,-13.36));
#4880=CARTESIAN_POINT('',(10.2425,6.32,-13.36));
#4881=CARTESIAN_POINT('',(10.2425,9.26,-1.65000000000001));
#4882=CARTESIAN_POINT('',(10.2425,9.26,6.68));
#4883=CARTESIAN_POINT('',(10.2425,8.86,-1.65000000000001));
#4884=CARTESIAN_POINT('Origin',(10.2425,8.46,13.36));
#4885=CARTESIAN_POINT('',(10.2425,9.26,1.65));
#4886=CARTESIAN_POINT('',(10.2425,8.86,1.65));
#4887=CARTESIAN_POINT('',(10.2425,9.26,13.36));
#4888=CARTESIAN_POINT('',(10.2425,9.26,6.68));
#4889=CARTESIAN_POINT('',(10.2425,6.32,13.36));
#4890=CARTESIAN_POINT('Origin',(2.22044604925031E-15,9.26,2.22044604925031E-15));
#4891=CARTESIAN_POINT('',(-6.3625,9.26,-1.65));
#4892=CARTESIAN_POINT('',(-6.32125,9.26,-1.65));
#4893=CARTESIAN_POINT('',(-6.3625,9.26,-13.36));
#4894=CARTESIAN_POINT('Origin',(-6.3625,9.26,-7.505));
#4895=CARTESIAN_POINT('',(12.6425,9.26,-13.36));
#4896=CARTESIAN_POINT('Origin',(-12.6425,9.26,-1.65));
#4897=CARTESIAN_POINT('',(-12.6425,7.17,-1.65));
#4898=CARTESIAN_POINT('',(-12.6425,5.6575,-1.65));
#4899=CARTESIAN_POINT('',(-6.3625,7.17,-1.65));
#4900=CARTESIAN_POINT('',(-6.3625,7.17,-1.65));
#4901=CARTESIAN_POINT('',(-6.3625,9.26,-1.65));
#4902=CARTESIAN_POINT('Origin',(-12.6425,4.18,13.36));
#4903=CARTESIAN_POINT('',(-12.6425,4.18,13.36));
#4904=CARTESIAN_POINT('',(-12.6425,4.18,13.36));
#4905=CARTESIAN_POINT('',(-6.3625,4.18,13.36));
#4906=CARTESIAN_POINT('',(-6.32125,4.18,13.36));
#4907=CARTESIAN_POINT('',(-6.3625,9.26,13.36));
#4908=CARTESIAN_POINT('',(-6.3625,9.26,13.36));
#4909=CARTESIAN_POINT('',(-12.6425,9.26,13.36));
#4910=CARTESIAN_POINT('Origin',(2.22044604925031E-15,9.26,2.22044604925031E-15));
#4911=CARTESIAN_POINT('',(6.3625,9.26,1.65));
#4912=CARTESIAN_POINT('',(6.32125,9.26,1.65));
#4913=CARTESIAN_POINT('',(6.3625,9.26,13.36));
#4914=CARTESIAN_POINT('Origin',(6.3625,9.26,7.505));
#4915=CARTESIAN_POINT('',(-12.6425,9.26,13.36));
#4916=CARTESIAN_POINT('Origin',(12.6425,9.26,1.65));
#4917=CARTESIAN_POINT('',(12.6425,7.17,1.65));
#4918=CARTESIAN_POINT('',(12.6425,5.6575,1.65));
#4919=CARTESIAN_POINT('',(6.3625,7.17,1.65));
#4920=CARTESIAN_POINT('',(6.3625,7.17,1.65));
#4921=CARTESIAN_POINT('',(6.3625,9.26,1.65));
#4922=CARTESIAN_POINT('Origin',(12.6425,4.18,-13.36));
#4923=CARTESIAN_POINT('',(12.6425,4.18,-13.36));
#4924=CARTESIAN_POINT('',(12.6425,4.18,-13.36));
#4925=CARTESIAN_POINT('',(6.3625,4.18,-13.36));
#4926=CARTESIAN_POINT('',(6.32125,4.18,-13.36));
#4927=CARTESIAN_POINT('',(6.3625,9.26,-13.36));
#4928=CARTESIAN_POINT('',(6.3625,9.26,-13.36));
#4929=CARTESIAN_POINT('',(12.6425,9.26,-13.36));
#4930=CARTESIAN_POINT('Origin',(2.22044604925031E-15,4.18,3.33066907387547E-15));
#4931=CARTESIAN_POINT('',(-5.95270121886024,4.18,-13.3456412284077));
#4932=CARTESIAN_POINT('',(-1.58851195242418,4.18,-10.8946995621446));
#4933=CARTESIAN_POINT('Origin',(-6.3625,4.18,-7.505));
#4934=CARTESIAN_POINT('',(-2.25,4.18,-11.20788568297));
#4935=CARTESIAN_POINT('Origin',(3.26161080645094E-18,4.18,-15.105));
#4936=CARTESIAN_POINT('',(-2.25,4.18,-11.20788568297));
#4937=CARTESIAN_POINT('Origin',(2.22044604925031E-15,4.18,3.33066907387547E-15));
#4938=CARTESIAN_POINT('',(1.58851195242419,4.18,-10.8946995621446));
#4939=CARTESIAN_POINT('',(5.95270121886023,4.18,-13.3456412284077));
#4940=CARTESIAN_POINT('Origin',(6.3625,4.18,-7.505));
#4941=CARTESIAN_POINT('',(2.25,4.18,-11.20788568297));
#4942=CARTESIAN_POINT('',(10.2384163274118,4.18,-15.82));
#4943=CARTESIAN_POINT('Origin',(3.26161080645094E-18,4.18,-15.105));
#4944=CARTESIAN_POINT('Origin',(12.6425,4.18,-13.36));
#4945=CARTESIAN_POINT('',(-6.3625,4.18,-13.36));
#4946=CARTESIAN_POINT('',(-6.3625,9.26,-13.36));
#4947=CARTESIAN_POINT('',(-12.6425,4.18,-13.36));
#4948=CARTESIAN_POINT('',(6.32125,4.18,-13.36));
#4949=CARTESIAN_POINT('',(-12.6425,4.18,-13.36));
#4950=CARTESIAN_POINT('Origin',(2.22044604925031E-15,4.18,3.33066907387547E-15));
#4951=CARTESIAN_POINT('',(5.95270121886025,4.18,13.3456412284078));
#4952=CARTESIAN_POINT('',(1.58851195242418,4.18,10.8946995621446));
#4953=CARTESIAN_POINT('Origin',(6.3625,4.18,7.505));
#4954=CARTESIAN_POINT('',(2.25,4.18,11.20788568297));
#4955=CARTESIAN_POINT('Origin',(-2.1327689283373E-17,4.18,15.105));
#4956=CARTESIAN_POINT('',(2.25,4.18,11.20788568297));
#4957=CARTESIAN_POINT('Origin',(2.22044604925031E-15,4.18,3.33066907387547E-15));
#4958=CARTESIAN_POINT('',(-1.58851195242418,4.18,10.8946995621446));
#4959=CARTESIAN_POINT('',(-5.95270121886025,4.18,13.3456412284077));
#4960=CARTESIAN_POINT('Origin',(-6.3625,4.18,7.505));
#4961=CARTESIAN_POINT('',(-2.25,4.18,11.20788568297));
#4962=CARTESIAN_POINT('',(-10.2384163274117,4.18,15.82));
#4963=CARTESIAN_POINT('Origin',(-2.1327689283373E-17,4.18,15.105));
#4964=CARTESIAN_POINT('Origin',(-12.6425,4.18,13.36));
#4965=CARTESIAN_POINT('',(6.3625,4.18,13.36));
#4966=CARTESIAN_POINT('',(6.3625,9.26,13.36));
#4967=CARTESIAN_POINT('',(12.6425,4.18,13.36));
#4968=CARTESIAN_POINT('',(-6.32125,4.18,13.36));
#4969=CARTESIAN_POINT('',(12.6425,4.18,13.36));
#4970=CARTESIAN_POINT('Origin',(-6.3625,9.26,7.505));
#4971=CARTESIAN_POINT('',(-6.3625,9.26,1.65));
#4972=CARTESIAN_POINT('Origin',(-6.3625,9.26,7.505));
#4973=CARTESIAN_POINT('Origin',(-6.3625,4.18,7.505));
#4974=CARTESIAN_POINT('',(-1.58851195242418,7.17,10.8946995621446));
#4975=CARTESIAN_POINT('',(-1.58851195242418,7.17,10.8946995621446));
#4976=CARTESIAN_POINT('',(-6.3625,7.17,1.65));
#4977=CARTESIAN_POINT('Origin',(-6.3625,7.17,7.505));
#4978=CARTESIAN_POINT('',(-6.3625,9.26,1.65));
#4979=CARTESIAN_POINT('Origin',(6.3625,9.26,7.505));
#4980=CARTESIAN_POINT('',(1.58851195242418,7.17,10.8946995621446));
#4981=CARTESIAN_POINT('Origin',(6.3625,7.17,7.505));
#4982=CARTESIAN_POINT('',(1.58851195242418,7.17,10.8946995621446));
#4983=CARTESIAN_POINT('Origin',(6.3625,4.18,7.505));
#4984=CARTESIAN_POINT('Origin',(6.3625,9.26,-1.65000000000001));
#4985=CARTESIAN_POINT('',(6.3625,9.26,-1.65000000000001));
#4986=CARTESIAN_POINT('',(3.18125,9.26,-1.65000000000001));
#4987=CARTESIAN_POINT('',(6.3625,7.17,-1.65000000000001));
#4988=CARTESIAN_POINT('',(6.3625,9.26,-1.65000000000001));
#4989=CARTESIAN_POINT('',(12.6425,7.17,-1.65000000000001));
#4990=CARTESIAN_POINT('',(12.6425,7.17,-1.65000000000001));
#4991=CARTESIAN_POINT('',(12.6425,5.6575,-1.65000000000001));
#4992=CARTESIAN_POINT('Origin',(6.3625,9.26,-7.505));
#4993=CARTESIAN_POINT('Origin',(6.3625,9.26,-7.505));
#4994=CARTESIAN_POINT('Origin',(6.3625,4.18,-7.505));
#4995=CARTESIAN_POINT('',(1.58851195242419,7.17,-10.8946995621446));
#4996=CARTESIAN_POINT('',(1.58851195242419,7.17,-10.8946995621446));
#4997=CARTESIAN_POINT('Origin',(6.3625,7.17,-7.505));
#4998=CARTESIAN_POINT('Origin',(-6.3625,9.26,-7.505));
#4999=CARTESIAN_POINT('',(-1.58851195242418,7.17,-10.8946995621446));
#5000=CARTESIAN_POINT('Origin',(-6.3625,7.17,-7.505));
#5001=CARTESIAN_POINT('',(-1.58851195242418,7.17,-10.8946995621446));
#5002=CARTESIAN_POINT('Origin',(-6.3625,4.18,-7.505));
#5003=CARTESIAN_POINT('Origin',(-6.3625,9.26,1.65));
#5004=CARTESIAN_POINT('',(-3.18125,9.26,1.65));
#5005=CARTESIAN_POINT('',(-12.6425,7.17,1.65));
#5006=CARTESIAN_POINT('',(-12.6425,7.17,1.65));
#5007=CARTESIAN_POINT('',(-12.6425,5.6575,1.65));
#5008=CARTESIAN_POINT('Origin',(1.11022302462516E-15,7.17,4.44089209850063E-15));
#5009=CARTESIAN_POINT('Origin',(0.,7.17,-15.105));
#5010=CARTESIAN_POINT('',(-12.6425,7.17,-7.91));
#5011=CARTESIAN_POINT('Origin',(0.,7.17,15.105));
#5012=CARTESIAN_POINT('',(12.6425,7.17,7.91));
#5013=CARTESIAN_POINT('Origin',(-12.6425,2.055,-15.82));
#5014=CARTESIAN_POINT('',(-12.6425,4.18,-15.82));
#5015=CARTESIAN_POINT('',(-12.6425,4.18,-15.82));
#5016=CARTESIAN_POINT('',(-12.6425,0.01,-15.82));
#5017=CARTESIAN_POINT('',(-12.6425,2.055,-15.82));
#5018=CARTESIAN_POINT('',(-12.6425,0.01,15.82));
#5019=CARTESIAN_POINT('',(-12.6425,0.01,-15.82));
#5020=CARTESIAN_POINT('',(-12.6425,4.18,15.82));
#5021=CARTESIAN_POINT('',(-12.6425,2.055,15.82));
#5022=CARTESIAN_POINT('',(-12.6425,4.18,-15.82));
#5023=CARTESIAN_POINT('Origin',(2.22044604925031E-15,9.26,2.22044604925031E-15));
#5024=CARTESIAN_POINT('Origin',(2.22044604925031E-15,9.26,2.22044604925031E-15));
#5025=CARTESIAN_POINT('Origin',(0.,4.18,-2.22044604925031E-15));
#5026=CARTESIAN_POINT('',(10.2384163274117,4.18,15.82));
#5027=CARTESIAN_POINT('',(2.25,4.18,11.20788568297));
#5028=CARTESIAN_POINT('',(12.6425,4.18,15.82));
#5029=CARTESIAN_POINT('',(-12.6425,4.18,15.82));
#5030=CARTESIAN_POINT('',(12.6425,4.18,15.82));
#5031=CARTESIAN_POINT('Origin',(0.,4.18,-2.22044604925031E-15));
#5032=CARTESIAN_POINT('',(-10.2384163274117,4.18,15.82));
#5033=CARTESIAN_POINT('',(-12.6425,4.18,15.82));
#5034=CARTESIAN_POINT('',(-10.2384163274117,4.18,15.82));
#5035=CARTESIAN_POINT('Origin',(0.,4.18,-2.22044604925031E-15));
#5036=CARTESIAN_POINT('',(-10.2384163274117,4.18,-15.82));
#5037=CARTESIAN_POINT('',(-2.25,4.18,-11.20788568297));
#5038=CARTESIAN_POINT('',(12.6425,4.18,-15.82));
#5039=CARTESIAN_POINT('Origin',(0.,4.18,-2.22044604925031E-15));
#5040=CARTESIAN_POINT('',(12.6425,4.18,-15.82));
#5041=CARTESIAN_POINT('',(12.6425,4.18,15.82));
#5042=CARTESIAN_POINT('',(10.2384163274118,4.18,-15.82));
#5043=CARTESIAN_POINT('',(12.6425,4.18,-15.82));
#5044=CARTESIAN_POINT('',(10.2384163274118,4.18,-15.82));
#5045=CARTESIAN_POINT('Origin',(12.6425,2.055,-15.82));
#5046=CARTESIAN_POINT('',(12.415,2.055,-15.82));
#5047=CARTESIAN_POINT('',(12.415,0.01,-15.82));
#5048=CARTESIAN_POINT('',(12.415,1.0275,-15.82));
#5049=CARTESIAN_POINT('',(10.2384163274118,2.055,-15.82));
#5050=CARTESIAN_POINT('',(6.32125,2.055,-15.82));
#5051=CARTESIAN_POINT('',(10.2384163274118,2.055,-15.82));
#5052=CARTESIAN_POINT('',(12.6425,0.01,-15.82));
#5053=CARTESIAN_POINT('',(12.6425,2.055,-15.82));
#5054=CARTESIAN_POINT('',(12.6425,0.01,-15.82));
#5055=CARTESIAN_POINT('Origin',(10.2384163274118,2.055,-15.82));
#5056=CARTESIAN_POINT('',(2.25,2.055,-11.20788568297));
#5057=CARTESIAN_POINT('',(2.97387973266488,2.055,-11.625817841485));
#5058=CARTESIAN_POINT('',(2.25,2.055,-11.20788568297));
#5059=CARTESIAN_POINT('Origin',(3.26161080645094E-18,2.055,-15.105));
#5060=CARTESIAN_POINT('',(-2.25,2.055,-11.20788568297));
#5061=CARTESIAN_POINT('Origin',(3.26161080645094E-18,2.055,-15.105));
#5062=CARTESIAN_POINT('',(-2.25,2.055,-11.20788568297));
#5063=CARTESIAN_POINT('Origin',(-2.25,2.055,-11.20788568297));
#5064=CARTESIAN_POINT('',(-10.2384163274117,2.055,-15.82));
#5065=CARTESIAN_POINT('',(1.02032843104099,2.055,-9.31976068297003));
#5066=CARTESIAN_POINT('',(-10.2384163274117,2.055,-15.82));
#5067=CARTESIAN_POINT('Origin',(-10.2384163274117,2.055,-15.82));
#5068=CARTESIAN_POINT('',(-12.415,2.055,-15.82));
#5069=CARTESIAN_POINT('',(-5.11920816370588,2.055,-15.82));
#5070=CARTESIAN_POINT('',(-12.415,0.01,-15.82));
#5071=CARTESIAN_POINT('',(-12.415,1.0275,-15.82));
#5072=CARTESIAN_POINT('',(12.6425,0.01,-15.82));
#5073=CARTESIAN_POINT('Origin',(0.,0.01,-2.22044604925031E-15));
#5074=CARTESIAN_POINT('',(-12.415,0.01,15.82));
#5075=CARTESIAN_POINT('',(-12.415,0.01,-8.52875));
#5076=CARTESIAN_POINT('',(-12.6425,0.01,15.82));
#5077=CARTESIAN_POINT('Origin',(0.,0.01,-2.22044604925031E-15));
#5078=CARTESIAN_POINT('',(12.415,0.01,15.82));
#5079=CARTESIAN_POINT('',(12.415,0.01,8.52875));
#5080=CARTESIAN_POINT('',(12.6425,0.01,15.82));
#5081=CARTESIAN_POINT('',(12.6425,0.01,15.82));
#5082=CARTESIAN_POINT('',(-12.6425,0.01,15.82));
#5083=CARTESIAN_POINT('Origin',(12.6425,2.055,15.82));
#5084=CARTESIAN_POINT('',(12.6425,2.055,15.82));
#5085=CARTESIAN_POINT('Origin',(10.2384163274117,2.055,15.82));
#5086=CARTESIAN_POINT('',(12.415,2.055,15.82));
#5087=CARTESIAN_POINT('',(12.415,1.0275,15.82));
#5088=CARTESIAN_POINT('',(10.2384163274117,2.055,15.82));
#5089=CARTESIAN_POINT('',(10.2384163274117,2.055,15.82));
#5090=CARTESIAN_POINT('',(5.11920816370587,2.055,15.82));
#5091=CARTESIAN_POINT('Origin',(2.25,2.055,11.20788568297));
#5092=CARTESIAN_POINT('',(2.25,2.055,11.20788568297));
#5093=CARTESIAN_POINT('',(-1.02032843104099,2.055,9.31976068297003));
#5094=CARTESIAN_POINT('',(2.25,2.055,11.20788568297));
#5095=CARTESIAN_POINT('Origin',(-2.1327689283373E-17,2.055,15.105));
#5096=CARTESIAN_POINT('',(-2.25,2.055,11.20788568297));
#5097=CARTESIAN_POINT('Origin',(-2.1327689283373E-17,2.055,15.105));
#5098=CARTESIAN_POINT('',(-2.25,2.055,11.20788568297));
#5099=CARTESIAN_POINT('Origin',(-10.2384163274117,2.055,15.82));
#5100=CARTESIAN_POINT('',(-10.2384163274117,2.055,15.82));
#5101=CARTESIAN_POINT('',(-2.97387973266489,2.055,11.625817841485));
#5102=CARTESIAN_POINT('',(-10.2384163274117,2.055,15.82));
#5103=CARTESIAN_POINT('Origin',(-12.6425,2.055,15.82));
#5104=CARTESIAN_POINT('',(-12.415,2.055,15.82));
#5105=CARTESIAN_POINT('',(-6.32125,2.055,15.82));
#5106=CARTESIAN_POINT('',(-12.415,1.0275,15.82));
#5107=CARTESIAN_POINT('Origin',(12.415,0.,17.0575));
#5108=CARTESIAN_POINT('',(12.415,2.055,17.0575));
#5109=CARTESIAN_POINT('',(12.415,2.055,19.0575));
#5110=CARTESIAN_POINT('',(12.415,0.,17.0575));
#5111=CARTESIAN_POINT('',(12.415,0.,17.0575));
#5112=CARTESIAN_POINT('',(12.415,0.,-17.0575));
#5113=CARTESIAN_POINT('',(12.415,0.,19.0575));
#5114=CARTESIAN_POINT('',(12.415,2.055,-17.0575));
#5115=CARTESIAN_POINT('',(12.415,0.,-17.0575));
#5116=CARTESIAN_POINT('',(12.415,2.055,19.0575));
#5117=CARTESIAN_POINT('Origin',(-3.33066907387547E-15,2.055,2.22044604925031E-15));
#5118=CARTESIAN_POINT('',(-12.415,2.055,17.0575));
#5119=CARTESIAN_POINT('',(-12.415,2.055,-19.0575));
#5120=CARTESIAN_POINT('',(-10.415,2.055,19.0575));
#5121=CARTESIAN_POINT('',(-12.415,2.055,17.0575));
#5122=CARTESIAN_POINT('',(-7.915,2.055,19.0575));
#5123=CARTESIAN_POINT('',(-12.415,2.055,19.0575));
#5124=CARTESIAN_POINT('',(-6.915,2.055,19.0575));
#5125=CARTESIAN_POINT('Origin',(-7.415,2.055,19.0575));
#5126=CARTESIAN_POINT('',(6.915,2.055,19.0575));
#5127=CARTESIAN_POINT('',(-12.415,2.055,19.0575));
#5128=CARTESIAN_POINT('',(7.915,2.055,19.0575));
#5129=CARTESIAN_POINT('Origin',(7.415,2.055,19.0575));
#5130=CARTESIAN_POINT('',(10.415,2.055,19.0575));
#5131=CARTESIAN_POINT('',(-12.415,2.055,19.0575));
#5132=CARTESIAN_POINT('',(10.415,2.055,19.0575));
#5133=CARTESIAN_POINT('',(-2.095,2.055,15.105));
#5134=CARTESIAN_POINT('Origin',(-2.1327689283373E-17,2.055,15.105));
#5135=CARTESIAN_POINT('Origin',(-2.1327689283373E-17,0.,15.105));
#5136=CARTESIAN_POINT('',(-2.095,0.,15.105));
#5137=CARTESIAN_POINT('',(-2.095,0.,15.105));
#5138=CARTESIAN_POINT('Origin',(-2.1327689283373E-17,0.,15.105));
#5139=CARTESIAN_POINT('Origin',(12.415,0.,-17.0575));
#5140=CARTESIAN_POINT('',(10.415,0.,-19.0575));
#5141=CARTESIAN_POINT('',(12.415,0.,-17.0575));
#5142=CARTESIAN_POINT('',(10.415,2.055,-19.0575));
#5143=CARTESIAN_POINT('',(10.415,0.,-19.0575));
#5144=CARTESIAN_POINT('',(12.415,2.055,-17.0575));
#5145=CARTESIAN_POINT('Origin',(10.415,0.,19.0575));
#5146=CARTESIAN_POINT('',(10.415,0.,19.0575));
#5147=CARTESIAN_POINT('',(10.415,0.,19.0575));
#5148=CARTESIAN_POINT('',(10.415,0.,19.0575));
#5149=CARTESIAN_POINT('Origin',(7.915,0.,19.0575));
#5150=CARTESIAN_POINT('',(7.915,0.,19.0575));
#5151=CARTESIAN_POINT('',(-12.415,0.,19.0575));
#5152=CARTESIAN_POINT('',(7.915,0.,19.0575));
#5153=CARTESIAN_POINT('Origin',(7.415,0.,19.0575));
#5154=CARTESIAN_POINT('',(6.915,0.,19.0575));
#5155=CARTESIAN_POINT('Origin',(7.415,0.,19.0575));
#5156=CARTESIAN_POINT('',(6.915,0.,19.0575));
#5157=CARTESIAN_POINT('Origin',(-6.915,0.,19.0575));
#5158=CARTESIAN_POINT('',(-6.915,0.,19.0575));
#5159=CARTESIAN_POINT('',(-12.415,0.,19.0575));
#5160=CARTESIAN_POINT('',(-6.915,0.,19.0575));
#5161=CARTESIAN_POINT('Origin',(-7.415,0.,19.0575));
#5162=CARTESIAN_POINT('',(-7.915,0.,19.0575));
#5163=CARTESIAN_POINT('Origin',(-7.415,0.,19.0575));
#5164=CARTESIAN_POINT('',(-7.915,0.,19.0575));
#5165=CARTESIAN_POINT('Origin',(-10.415,0.,19.0575));
#5166=CARTESIAN_POINT('',(-10.415,0.,19.0575));
#5167=CARTESIAN_POINT('',(-12.415,0.,19.0575));
#5168=CARTESIAN_POINT('',(-10.415,0.,19.0575));
#5169=CARTESIAN_POINT('Origin',(-12.415,0.,17.0575));
#5170=CARTESIAN_POINT('',(-12.415,0.,17.0575));
#5171=CARTESIAN_POINT('',(-12.415,0.,17.0575));
#5172=CARTESIAN_POINT('',(-12.415,0.,17.0575));
#5173=CARTESIAN_POINT('Origin',(-12.415,0.,-17.0575));
#5174=CARTESIAN_POINT('',(-12.415,2.055,-17.0575));
#5175=CARTESIAN_POINT('',(-12.415,2.055,-19.0575));
#5176=CARTESIAN_POINT('',(-12.415,0.,-17.0575));
#5177=CARTESIAN_POINT('',(-12.415,0.,-17.0575));
#5178=CARTESIAN_POINT('',(-12.415,0.,-19.0575));
#5179=CARTESIAN_POINT('Origin',(-10.415,0.,-19.0575));
#5180=CARTESIAN_POINT('',(-10.415,0.,-19.0575));
#5181=CARTESIAN_POINT('',(-10.415,0.,-19.0575));
#5182=CARTESIAN_POINT('',(-10.415,2.055,-19.0575));
#5183=CARTESIAN_POINT('',(-10.415,2.055,-19.0575));
#5184=CARTESIAN_POINT('',(-10.415,0.,-19.0575));
#5185=CARTESIAN_POINT('Origin',(-7.91500000000001,0.,-19.0575));
#5186=CARTESIAN_POINT('',(-7.91500000000001,0.,-19.0575));
#5187=CARTESIAN_POINT('',(12.415,0.,-19.0575));
#5188=CARTESIAN_POINT('',(-7.91500000000001,2.055,-19.0575));
#5189=CARTESIAN_POINT('',(12.415,2.055,-19.0575));
#5190=CARTESIAN_POINT('',(-7.91500000000001,0.,-19.0575));
#5191=CARTESIAN_POINT('Origin',(-7.41500000000001,0.,-19.0575));
#5192=CARTESIAN_POINT('',(-6.91500000000001,0.,-19.0575));
#5193=CARTESIAN_POINT('Origin',(-7.41500000000001,0.,-19.0575));
#5194=CARTESIAN_POINT('',(-6.91500000000001,2.055,-19.0575));
#5195=CARTESIAN_POINT('Origin',(-7.41500000000001,2.055,-19.0575));
#5196=CARTESIAN_POINT('',(-6.91500000000001,0.,-19.0575));
#5197=CARTESIAN_POINT('Origin',(-2.095,0.,-19.0575));
#5198=CARTESIAN_POINT('',(-2.095,0.,-19.0575));
#5199=CARTESIAN_POINT('',(12.415,0.,-19.0575));
#5200=CARTESIAN_POINT('',(-2.095,2.055,-19.0575));
#5201=CARTESIAN_POINT('',(12.415,2.055,-19.0575));
#5202=CARTESIAN_POINT('',(-2.095,0.,-19.0575));
#5203=CARTESIAN_POINT('Origin',(-2.095,0.,-15.105));
#5204=CARTESIAN_POINT('',(-2.095,0.,-15.105));
#5205=CARTESIAN_POINT('',(-2.095,0.,-15.105));
#5206=CARTESIAN_POINT('',(-2.095,2.055,-15.105));
#5207=CARTESIAN_POINT('',(-2.095,2.055,-15.105));
#5208=CARTESIAN_POINT('',(-2.095,0.,-15.105));
#5209=CARTESIAN_POINT('Origin',(3.26161080645094E-18,0.,-15.105));
#5210=CARTESIAN_POINT('',(2.095,0.,-15.105));
#5211=CARTESIAN_POINT('Origin',(3.26161080645094E-18,0.,-15.105));
#5212=CARTESIAN_POINT('',(2.095,2.055,-15.105));
#5213=CARTESIAN_POINT('Origin',(3.26161080645094E-18,2.055,-15.105));
#5214=CARTESIAN_POINT('',(2.095,0.,-15.105));
#5215=CARTESIAN_POINT('Origin',(2.095,0.,-19.0575));
#5216=CARTESIAN_POINT('',(2.095,0.,-19.0575));
#5217=CARTESIAN_POINT('',(2.095,0.,-19.0575));
#5218=CARTESIAN_POINT('',(2.095,2.055,-19.0575));
#5219=CARTESIAN_POINT('',(2.095,2.055,-19.0575));
#5220=CARTESIAN_POINT('',(2.095,0.,-19.0575));
#5221=CARTESIAN_POINT('Origin',(6.91499999999999,0.,-19.0575));
#5222=CARTESIAN_POINT('',(6.91499999999999,0.,-19.0575));
#5223=CARTESIAN_POINT('',(12.415,0.,-19.0575));
#5224=CARTESIAN_POINT('',(6.91499999999999,2.055,-19.0575));
#5225=CARTESIAN_POINT('',(12.415,2.055,-19.0575));
#5226=CARTESIAN_POINT('',(6.91499999999999,0.,-19.0575));
#5227=CARTESIAN_POINT('Origin',(7.41499999999999,0.,-19.0575));
#5228=CARTESIAN_POINT('',(7.91499999999999,0.,-19.0575));
#5229=CARTESIAN_POINT('Origin',(7.41499999999999,0.,-19.0575));
#5230=CARTESIAN_POINT('',(7.91499999999999,2.055,-19.0575));
#5231=CARTESIAN_POINT('Origin',(7.41499999999999,2.055,-19.0575));
#5232=CARTESIAN_POINT('',(7.91499999999999,0.,-19.0575));
#5233=CARTESIAN_POINT('Origin',(10.415,0.,-19.0575));
#5234=CARTESIAN_POINT('',(12.415,0.,-19.0575));
#5235=CARTESIAN_POINT('',(12.415,2.055,-19.0575));
#5236=CARTESIAN_POINT('Origin',(-3.33066907387547E-15,2.055,2.22044604925031E-15));
#5237=CARTESIAN_POINT('Origin',(-3.33066907387547E-15,0.,2.22044604925031E-15));
#5238=UNCERTAINTY_MEASURE_WITH_UNIT(LENGTH_MEASURE(0.01),#5242,
'DISTANCE_ACCURACY_VALUE',
'Maximum model space distance between geometric entities at asserted c
onnectivities');
#5239=UNCERTAINTY_MEASURE_WITH_UNIT(LENGTH_MEASURE(0.01),#5242,
'DISTANCE_ACCURACY_VALUE',
'Maximum model space distance between geometric entities at asserted c
onnectivities');
#5240=(
GEOMETRIC_REPRESENTATION_CONTEXT(3)
GLOBAL_UNCERTAINTY_ASSIGNED_CONTEXT((#5238))
GLOBAL_UNIT_ASSIGNED_CONTEXT((#5242,#5244,#5245))
REPRESENTATION_CONTEXT('','3D')
);
#5241=(
GEOMETRIC_REPRESENTATION_CONTEXT(3)
GLOBAL_UNCERTAINTY_ASSIGNED_CONTEXT((#5239))
GLOBAL_UNIT_ASSIGNED_CONTEXT((#5242,#5244,#5245))
REPRESENTATION_CONTEXT('','3D')
);
#5242=(
LENGTH_UNIT()
NAMED_UNIT(*)
SI_UNIT(.MILLI.,.METRE.)
);
#5243=(
LENGTH_UNIT()
NAMED_UNIT(*)
SI_UNIT(.CENTI.,.METRE.)
);
#5244=(
NAMED_UNIT(*)
PLANE_ANGLE_UNIT()
SI_UNIT($,.RADIAN.)
);
#5245=(
NAMED_UNIT(*)
SI_UNIT($,.STERADIAN.)
SOLID_ANGLE_UNIT()
);
#5246=SHAPE_DEFINITION_REPRESENTATION(#5247,#5248);
#5247=PRODUCT_DEFINITION_SHAPE('',$,#5250);
#5248=SHAPE_REPRESENTATION('',(#3226),#5240);
#5249=PRODUCT_DEFINITION_CONTEXT('part definition',#5254,'design');
#5250=PRODUCT_DEFINITION('SOT-227_B','SOT-227_B',#5251,#5249);
#5251=PRODUCT_DEFINITION_FORMATION('',$,#5256);
#5252=PRODUCT_RELATED_PRODUCT_CATEGORY('SOT-227_B','SOT-227_B',(#5256));
#5253=APPLICATION_PROTOCOL_DEFINITION('international standard',
'automotive_design',2009,#5254);
#5254=APPLICATION_CONTEXT(
'Core Data for Automotive Mechanical Design Process');
#5255=PRODUCT_CONTEXT('part definition',#5254,'mechanical');
#5256=PRODUCT('SOT-227_B','SOT-227_B',$,(#5255));
#5257=PRESENTATION_STYLE_ASSIGNMENT((#5259));
#5258=PRESENTATION_STYLE_ASSIGNMENT((#5260));
#5259=SURFACE_STYLE_USAGE(.BOTH.,#5265);
#5260=SURFACE_STYLE_USAGE(.BOTH.,#5266);
#5261=SURFACE_STYLE_RENDERING_WITH_PROPERTIES($,#5273,(#5263));
#5262=SURFACE_STYLE_RENDERING_WITH_PROPERTIES($,#5274,(#5264));
#5263=SURFACE_STYLE_TRANSPARENT(0.);
#5264=SURFACE_STYLE_TRANSPARENT(0.);
#5265=SURFACE_SIDE_STYLE('',(#5267,#5261));
#5266=SURFACE_SIDE_STYLE('',(#5268,#5262));
#5267=SURFACE_STYLE_FILL_AREA(#5269);
#5268=SURFACE_STYLE_FILL_AREA(#5270);
#5269=FILL_AREA_STYLE('',(#5271));
#5270=FILL_AREA_STYLE('',(#5272));
#5271=FILL_AREA_STYLE_COLOUR('',#5273);
#5272=FILL_AREA_STYLE_COLOUR('',#5274);
#5273=COLOUR_RGB('',0.749019607843137,0.749019607843137,0.749019607843137);
#5274=COLOUR_RGB('',0.411764705882353,0.411764705882353,0.411764705882353);
ENDSEC;
END-ISO-10303-21;
