ISO-10303-21;
HEADER;
FILE_DESCRIPTION (( 'STEP AP214' ),
    '1' );
FILE_NAME ('0154003.DRT.STEP',
    '2024-08-05T14:39:13',
    ( '' ),
    ( '' ),
    'SwSTEP 2.0',
    'SolidWorks 2024',
    '' );
FILE_SCHEMA (( 'AUTOMOTIVE_DESIGN' ));
ENDSEC;

DATA;
#1 = ORIENTED_EDGE ( 'NONE', *, *, #5218, .F. ) ;
#2 = CIRCLE ( 'NONE', #4505, 0.2999999999999999334 ) ;
#3 = ORIENTED_EDGE ( 'NONE', *, *, #5650, .F. ) ;
#4 = SHAPE_DEFINITION_REPRESENTATION ( #4614, #1565 ) ;
#5 = VERTEX_POINT ( 'NONE', #5831 ) ;
#6 = LINE ( 'NONE', #3013, #3039 ) ;
#7 = DIRECTION ( 'NONE',  ( 1.000000000000000000, 5.551115123125782702E-17, 0.000000000000000000 ) ) ;
#8 = EDGE_CURVE ( 'NONE', #1210, #3895, #3094, .T. ) ;
#9 = VECTOR ( 'NONE', #2431, 1000.000000000000000 ) ;
#10 = CIRCLE ( 'NONE', #414, 0.2999999999999999334 ) ;
#11 = ORIENTED_EDGE ( 'NONE', *, *, #4962, .T. ) ;
#12 = ORIENTED_EDGE ( 'NONE', *, *, #1460, .T. ) ;
#13 = VECTOR ( 'NONE', #2426, 1000.000000000000000 ) ;
#14 = EDGE_CURVE ( 'NONE', #5537, #4136, #3523, .T. ) ;
#15 = DIRECTION ( 'NONE',  ( 0.000000000000000000, -1.000000000000000000, -1.224646799147351235E-16 ) ) ;
#16 = VERTEX_POINT ( 'NONE', #1040 ) ;
#17 = CARTESIAN_POINT ( 'NONE',  ( -4.664999999999999147, 1.611566968151564305, -1.000000000000000444 ) ) ;
#18 = ORIENTED_EDGE ( 'NONE', *, *, #2711, .T. ) ;
#19 = EDGE_CURVE ( 'NONE', #2232, #3973, #2461, .T. ) ;
#20 = EDGE_CURVE ( 'NONE', #5399, #3638, #1490, .T. ) ;
#21 = EDGE_CURVE ( 'NONE', #1210, #1434, #5897, .T. ) ;
#22 = DIRECTION ( 'NONE',  ( 0.000000000000000000, -0.000000000000000000, 1.000000000000000000 ) ) ;
#23 = ORIENTED_EDGE ( 'NONE', *, *, #3028, .T. ) ;
#24 = CARTESIAN_POINT ( 'NONE',  ( 3.127778409939248938, -1.452381048782462436, 0.7448702942612743794 ) ) ;
#25 = CARTESIAN_POINT ( 'NONE',  ( 1.126143534192405093, 3.132929601890217963, -1.294448767816122281 ) ) ;
#26 = LINE ( 'NONE', #2071, #1222 ) ;
#27 = FACE_OUTER_BOUND ( 'NONE', #3433, .T. ) ;
#28 = DIRECTION ( 'NONE',  ( -0.000000000000000000, 0.3272455802922021872, 0.9449393261893695994 ) ) ;
#29 = CARTESIAN_POINT ( 'NONE',  ( 1.875000000000000888, 3.810000000000000053, 1.825224324045338076 ) ) ;
#30 = ORIENTED_EDGE ( 'NONE', *, *, #2266, .F. ) ;
#31 = LINE ( 'NONE', #4936, #5049 ) ;
#32 = LINE ( 'NONE', #3459, #3034 ) ;
#33 = EDGE_CURVE ( 'NONE', #5110, #16, #5764, .T. ) ;
#34 = DIRECTION ( 'NONE',  ( -1.000000000000000000, -3.441691376337985670E-15, 0.000000000000000000 ) ) ;
#35 = CARTESIAN_POINT ( 'NONE',  ( 1.627778409939250048, 2.302283963551872592, -1.849169417213810229 ) ) ;
#36 = LINE ( 'NONE', #4330, #2468 ) ;
#37 = CARTESIAN_POINT ( 'NONE',  ( -1.126143534192405093, 2.883781308246195163, 1.409093428756794886 ) ) ;
#38 = VERTEX_POINT ( 'NONE', #1911 ) ;
#39 = AXIS2_PLACEMENT_3D ( 'NONE', #6020, #653, #2586 ) ;
#40 = ORIENTED_EDGE ( 'NONE', *, *, #751, .T. ) ;
#41 = CONTEXT_DEPENDENT_SHAPE_REPRESENTATION ( #3776, #1693 ) ;
#42 = FACE_OUTER_BOUND ( 'NONE', #1677, .T. ) ;
#43 = LINE ( 'NONE', #5428, #1028 ) ;
#44 = VECTOR ( 'NONE', #5602, 1000.000000000000000 ) ;
#45 = ORIENTED_EDGE ( 'NONE', *, *, #3995, .F. ) ;
#46 = VECTOR ( 'NONE', #1076, 1000.000000000000000 ) ;
#47 = ORIENTED_EDGE ( 'NONE', *, *, #3860, .T. ) ;
#48 = CARTESIAN_POINT ( 'NONE',  ( 1.126143534192404871, 2.883781308246195163, 1.409093428756794886 ) ) ;
#49 = CARTESIAN_POINT ( 'NONE',  ( -1.874999999999999112, 3.810000000000000053, 1.825224324045338076 ) ) ;
#50 = ORIENTED_EDGE ( 'NONE', *, *, #2554, .F. ) ;
#51 = AXIS2_PLACEMENT_3D ( 'NONE', #1575, #3789, #3758 ) ;
#52 = CARTESIAN_POINT ( 'NONE',  ( 4.336808689942021680E-16, 0.1999999999999840794, -1.000000000000000444 ) ) ;
#53 = ORIENTED_EDGE ( 'NONE', *, *, #2674, .F. ) ;
#54 = VECTOR ( 'NONE', #2649, 1000.000000000000000 ) ;
#55 = EDGE_CURVE ( 'NONE', #3567, #4129, #31, .T. ) ;
#56 = FILL_AREA_STYLE ('',( #151 ) ) ;
#57 = CARTESIAN_POINT ( 'NONE',  ( 4.336808689942017736E-16, 0.1999999999999841904, 2.449293598294452623E-17 ) ) ;
#58 = CARTESIAN_POINT ( 'NONE',  ( 1.894460780100799324, 2.919136647305522470, -1.444448767816122192 ) ) ;
#59 = SURFACE_STYLE_FILL_AREA ( #3871 ) ;
#60 = ORIENTED_EDGE ( 'NONE', *, *, #4131, .F. ) ;
#61 = UNCERTAINTY_MEASURE_WITH_UNIT (LENGTH_MEASURE( 1.000000000000000082E-05 ), #447, 'distance_accuracy_value', 'NONE');
#62 = ADVANCED_FACE ( 'NONE', ( #4967 ), #4449, .T. ) ;
#63 = PLANE ( 'NONE',  #5253 ) ;
#64 = CARTESIAN_POINT ( 'NONE',  ( 3.873634909763690626, 3.810000000000000053, 1.294448767816125390 ) ) ;
#65 = EDGE_LOOP ( 'NONE', ( #678, #3249, #5494, #398, #1942, #1224 ) ) ;
#66 = ORIENTED_EDGE ( 'NONE', *, *, #6118, .F. ) ;
#67 = ADVANCED_FACE ( 'NONE', ( #5928 ), #3909, .F. ) ;
#68 = CARTESIAN_POINT ( 'NONE',  ( 4.664999999999999147, 1.633217365692808620, -0.4184320681164753752 ) ) ;
#69 = ADVANCED_FACE ( 'NONE', ( #1006 ), #2970, .F. ) ;
#70 = DIRECTION ( 'NONE',  ( -1.000000000000000000, 2.465190328815661892E-32, -3.350313119968968612E-16 ) ) ;
#71 = DIRECTION ( 'NONE',  ( -1.000000000000000000, 8.341116186757545944E-17, 8.341116186757570595E-17 ) ) ;
#72 = DIRECTION ( 'NONE',  ( 1.000000000000000000, -0.000000000000000000, -3.350313119968968612E-16 ) ) ;
#73 = ORIENTED_EDGE ( 'NONE', *, *, #5256, .T. ) ;
#74 = ORIENTED_EDGE ( 'NONE', *, *, #1923, .T. ) ;
#75 = CARTESIAN_POINT ( 'NONE',  ( 4.864999999999998437, 1.611566968151564527, -1.000000000000000444 ) ) ;
#76 = DIRECTION ( 'NONE',  ( 9.860761315262646473E-32, -3.448507939549354122E-46, 1.000000000000000000 ) ) ;
#77 = VECTOR ( 'NONE', #1246, 1000.000000000000000 ) ;
#78 = VECTOR ( 'NONE', #2462, 1000.000000000000000 ) ;
#79 = ORIENTED_EDGE ( 'NONE', *, *, #4405, .F. ) ;
#80 = ORIENTED_EDGE ( 'NONE', *, *, #3176, .F. ) ;
#81 = VECTOR ( 'NONE', #5214, 1000.000000000000000 ) ;
#82 = LINE ( 'NONE', #2030, #3445 ) ;
#83 = CARTESIAN_POINT ( 'NONE',  ( -2.986176789632888351, 3.510000000000000231, 1.194448767816123080 ) ) ;
#84 = ORIENTED_EDGE ( 'NONE', *, *, #6171, .T. ) ;
#85 = PLANE ( 'NONE',  #1777 ) ;
#86 = DIRECTION ( 'NONE',  ( -1.088685050709304949E-16, 1.000000000000000000, 0.000000000000000000 ) ) ;
#87 = VECTOR ( 'NONE', #4893, 1000.000000000000000 ) ;
#88 = ORIENTED_EDGE ( 'NONE', *, *, #714, .T. ) ;
#89 =( NAMED_UNIT ( * ) SI_UNIT ( $, .STERADIAN. ) SOLID_ANGLE_UNIT ( ) );
#90 = FACE_OUTER_BOUND ( 'NONE', #5714, .T. ) ;
#91 = LINE ( 'NONE', #4441, #1234 ) ;
#92 = SURFACE_STYLE_USAGE ( .BOTH. , #3936 ) ;
#93 = ORIENTED_EDGE ( 'NONE', *, *, #4559, .F. ) ;
#94 = DIRECTION ( 'NONE',  ( -1.000000000000000000, 0.000000000000000000, -2.911116689277473781E-16 ) ) ;
#95 = ADVANCED_FACE ( 'NONE', ( #566 ), #2523, .T. ) ;
#96 = AXIS2_PLACEMENT_3D ( 'NONE', #3400, #3019, #2956 ) ;
#97 = DIRECTION ( 'NONE',  ( 0.000000000000000000, 0.000000000000000000, -1.000000000000000000 ) ) ;
#98 = ORIENTED_EDGE ( 'NONE', *, *, #3208, .T. ) ;
#99 = DIRECTION ( 'NONE',  ( 1.000000000000000000, 0.000000000000000000, 0.000000000000000000 ) ) ;
#100 = PLANE ( 'NONE',  #5912 ) ;
#101 = EDGE_CURVE ( 'NONE', #1903, #3568, #5991, .T. ) ;
#102 = CARTESIAN_POINT ( 'NONE',  ( 1.874999999999999334, 3.373604387190460407, 1.294448767816122281 ) ) ;
#103 = EDGE_CURVE ( 'NONE', #4008, #4073, #1111, .T. ) ;
#104 = CARTESIAN_POINT ( 'NONE',  ( -3.752267713333899302, 0.2000000000000132783, -1.400000000000000133 ) ) ;
#105 = SHAPE_REPRESENTATION ( '0154002.DR', ( #1731 ), #3465 ) ;
#106 = EDGE_CURVE ( 'NONE', #1434, #4596, #334, .T. ) ;
#107 = ORIENTED_EDGE ( 'NONE', *, *, #625, .F. ) ;
#108 = CARTESIAN_POINT ( 'NONE',  ( -3.127778409939248494, 3.509999999999999343, -1.170184699104194870 ) ) ;
#109 = VERTEX_POINT ( 'NONE', #5516 ) ;
#110 = CONTEXT_DEPENDENT_SHAPE_REPRESENTATION ( #812, #4163 ) ;
#111 = EDGE_LOOP ( 'NONE', ( #1621, #1532, #3749, #5547 ) ) ;
#112 = DIRECTION ( 'NONE',  ( 0.000000000000000000, 0.000000000000000000, -1.000000000000000000 ) ) ;
#113 = DIRECTION ( 'NONE',  ( 0.000000000000000000, -3.885780586188045919E-16, 1.000000000000000000 ) ) ;
#114 = VECTOR ( 'NONE', #1194, 1000.000000000000000 ) ;
#115 = ORIENTED_EDGE ( 'NONE', *, *, #292, .T. ) ;
#116 = AXIS2_PLACEMENT_3D ( 'NONE', #1002, #1585, #1034 ) ;
#117 = PLANE ( 'NONE',  #1818 ) ;
#118 = PLANE ( 'NONE',  #6274 ) ;
#119 = CARTESIAN_POINT ( 'NONE',  ( -4.664999999999999147, 1.818235399615123038, 2.515000000000000124 ) ) ;
#120 = ORIENTED_EDGE ( 'NONE', *, *, #4560, .F. ) ;
#121 = CARTESIAN_POINT ( 'NONE',  ( -4.865000000000000213, 1.818235399615123038, 2.515000000000000124 ) ) ;
#122 = ORIENTED_EDGE ( 'NONE', *, *, #4526, .F. ) ;
#123 = VECTOR ( 'NONE', #1505, 1000.000000000000000 ) ;
#124 = CARTESIAN_POINT ( 'NONE',  ( 1.366818319492648204, 3.132929601890217963, 1.394448767816122592 ) ) ;
#125 = PLANE ( 'NONE',  #6150 ) ;
#126 =( LENGTH_UNIT ( ) NAMED_UNIT ( * ) SI_UNIT ( .MILLI., .METRE. ) );
#127 = CARTESIAN_POINT ( 'NONE',  ( -3.127778409939248938, -1.452381048782462436, 0.7448702942612707156 ) ) ;
#128 = PRESENTATION_LAYER_ASSIGNMENT (  '', '', ( #5643 ) ) ;
#129 = CARTESIAN_POINT ( 'NONE',  ( 3.873634909763689738, 3.810000000000000053, -1.825224324045338076 ) ) ;
#130 = DIRECTION ( 'NONE',  ( 4.214856327685356333E-31, -1.224646799147351235E-16, 1.000000000000000000 ) ) ;
#131 = ORIENTED_EDGE ( 'NONE', *, *, #106, .T. ) ;
#132 = FACE_OUTER_BOUND ( 'NONE', #5034, .T. ) ;
#133 = EDGE_CURVE ( 'NONE', #3156, #5552, #3037, .T. ) ;
#134 = DIRECTION ( 'NONE',  ( 0.000000000000000000, -0.000000000000000000, -1.000000000000000000 ) ) ;
#135 = PLANE ( 'NONE',  #962 ) ;
#136 = ORIENTED_EDGE ( 'NONE', *, *, #5690, .T. ) ;
#137 = LINE ( 'NONE', #1085, #915 ) ;
#138 = ORIENTED_EDGE ( 'NONE', *, *, #2753, .T. ) ;
#139 = ADVANCED_FACE ( 'NONE', ( #3125 ), #5081, .F. ) ;
#140 = CARTESIAN_POINT ( 'NONE',  ( -2.986176789632889239, 3.710000000000000409, -0.9944487678161203492 ) ) ;
#141 = CARTESIAN_POINT ( 'NONE',  ( 4.864999999999998437, 1.611566968151564527, 1.000000000000000000 ) ) ;
#142 = ORIENTED_EDGE ( 'NONE', *, *, #4527, .T. ) ;
#143 = ORIENTED_EDGE ( 'NONE', *, *, #1879, .F. ) ;
#144 = CLOSED_SHELL ( 'NONE', ( #209, #1381, #5031, #5140, #5504, #667, #4745, #875, #62, #4708 ) ) ;
#145 = EDGE_CURVE ( 'NONE', #3311, #4295, #5596, .T. ) ;
#146 = DIRECTION ( 'NONE',  ( 1.000000000000000000, 3.441691376337985670E-15, -0.000000000000000000 ) ) ;
#147 = LINE ( 'NONE', #3149, #3209 ) ;
#148 = CARTESIAN_POINT ( 'NONE',  ( -1.126143534192404871, 2.302283963551872592, -1.849169417213810229 ) ) ;
#149 = VECTOR ( 'NONE', #4005, 999.9999999999998863 ) ;
#150 = ORIENTED_EDGE ( 'NONE', *, *, #282, .F. ) ;
#151 = FILL_AREA_STYLE_COLOUR ( '', #1993 ) ;
#152 = CARTESIAN_POINT ( 'NONE',  ( -3.873634909763690182, -1.452381048782462436, -0.7448702942612720479 ) ) ;
#153 = DIRECTION ( 'NONE',  ( -2.911116689277479698E-16, 0.000000000000000000, -1.000000000000000000 ) ) ;
#154 = VERTEX_POINT ( 'NONE', #3553 ) ;
#155 = VECTOR ( 'NONE', #6067, 1000.000000000000000 ) ;
#156 = DIRECTION ( 'NONE',  ( 0.000000000000000000, 0.000000000000000000, -1.000000000000000000 ) ) ;
#157 = CIRCLE ( 'NONE', #3730, 0.1999999999999998723 ) ;
#158 =( LENGTH_UNIT ( ) NAMED_UNIT ( * ) SI_UNIT ( .MILLI., .METRE. ) );
#159 = VECTOR ( 'NONE', #319, 1000.000000000000000 ) ;
#160 = CARTESIAN_POINT ( 'NONE',  ( 1.627778409939249826, 2.372994641670527205, -1.919880095332464842 ) ) ;
#161 = ORIENTED_EDGE ( 'NONE', *, *, #3032, .F. ) ;
#162 = CARTESIAN_POINT ( 'NONE',  ( -1.874999999999999556, 3.373604387190460852, 1.394448767816122592 ) ) ;
#163 = AXIS2_PLACEMENT_3D ( 'NONE', #4051, #5451, #3429 ) ;
#164 = DIRECTION ( 'NONE',  ( -4.214856327685356333E-31, 1.224646799147351235E-16, -1.000000000000000000 ) ) ;
#165 = DIRECTION ( 'NONE',  ( 0.000000000000000000, 1.445602896647339508E-15, -1.000000000000000000 ) ) ;
#166 = VERTEX_POINT ( 'NONE', #2109 ) ;
#167 = CARTESIAN_POINT ( 'NONE',  ( -1.591125123973731181, 0.1999999999999995393, -1.400000000000000577 ) ) ;
#168 = EDGE_LOOP ( 'NONE', ( #306, #4299, #5662, #4812 ) ) ;
#169 = DIRECTION ( 'NONE',  ( 1.000000000000000000, -0.000000000000000000, -3.350313119968968612E-16 ) ) ;
#170 = CARTESIAN_POINT ( 'NONE',  ( -4.664999999999999147, 1.633217365692808620, -0.4184320681164753752 ) ) ;
#171 = EDGE_CURVE ( 'NONE', #3889, #5723, #1201, .T. ) ;
#172 = ORIENTED_EDGE ( 'NONE', *, *, #1415, .F. ) ;
#173 = EDGE_CURVE ( 'NONE', #5691, #1479, #2384, .T. ) ;
#174 = FACE_OUTER_BOUND ( 'NONE', #1753, .T. ) ;
#175 = LINE ( 'NONE', #4499, #348 ) ;
#176 = LINE ( 'NONE', #119, #1608 ) ;
#177 = VECTOR ( 'NONE', #4166, 1000.000000000000000 ) ;
#178 = ADVANCED_FACE ( 'NONE', ( #1713 ), #4164, .F. ) ;
#179 = ADVANCED_FACE ( 'NONE', ( #6079 ), #717, .F. ) ;
#180 = ORIENTED_EDGE ( 'NONE', *, *, #1886, .T. ) ;
#181 = LINE ( 'NONE', #2128, #5525 ) ;
#182 = ORIENTED_EDGE ( 'NONE', *, *, #6283, .T. ) ;
#183 = DIRECTION ( 'NONE',  ( 0.000000000000000000, -3.885780586188046905E-16, -1.000000000000000000 ) ) ;
#184 = CARTESIAN_POINT ( 'NONE',  ( -4.665000000000000036, 0.5499999999999989342, 0.9999999999999995559 ) ) ;
#185 = CARTESIAN_POINT ( 'NONE',  ( 1.874999999999999334, 3.061149402765582561, -1.394448767816122592 ) ) ;
#187 = FACE_BOUND ( 'NONE', #5097, .T. ) ;
#186 = AXIS2_PLACEMENT_3D ( 'NONE', #5350, #1341, #3850 ) ;
#188 = ORIENTED_EDGE ( 'NONE', *, *, #1177, .F. ) ;
#189 = CARTESIAN_POINT ( 'NONE',  ( -1.627778409939248716, 3.510000000000000231, -0.9944487678161214594 ) ) ;
#190 = FACE_OUTER_BOUND ( 'NONE', #5815, .T. ) ;
#191 = CARTESIAN_POINT ( 'NONE',  ( 2.827778409939250004, 3.810000000000000497, 1.170184699104192205 ) ) ;
#192 = STYLED_ITEM ( 'NONE', ( #3153 ), #3974 ) ;
#193 = ORIENTED_EDGE ( 'NONE', *, *, #4832, .T. ) ;
#194 = LINE ( 'NONE', #3653, #1017 ) ;
#195 = VERTEX_POINT ( 'NONE', #688 ) ;
#196 = VERTEX_POINT ( 'NONE', #3161 ) ;
#197 = DIRECTION ( 'NONE',  ( -0.7071067811865526798, -0.7071067811865423547, 0.000000000000000000 ) ) ;
#198 = LINE ( 'NONE', #5582, #4826 ) ;
#199 = ORIENTED_EDGE ( 'NONE', *, *, #3700, .F. ) ;
#200 = ORIENTED_EDGE ( 'NONE', *, *, #2686, .F. ) ;
#201 = LINE ( 'NONE', #3206, #4671 ) ;
#202 = EDGE_CURVE ( 'NONE', #1163, #5099, #2651, .T. ) ;
#203 = FACE_OUTER_BOUND ( 'NONE', #2157, .T. ) ;
#204 = LINE ( 'NONE', #5071, #4057 ) ;
#205 = VERTEX_POINT ( 'NONE', #219 ) ;
#206 = DIRECTION ( 'NONE',  ( 0.000000000000000000, 0.7071067811865487940, 0.7071067811865463515 ) ) ;
#207 = EDGE_CURVE ( 'NONE', #4387, #2785, #4997, .T. ) ;
#208 = PLANE ( 'NONE',  #3055 ) ;
#209 = ADVANCED_FACE ( 'NONE', ( #1626 ), #4511, .F. ) ;
#210 =( NAMED_UNIT ( * ) PLANE_ANGLE_UNIT ( ) SI_UNIT ( $, .RADIAN. ) );
#211 = EDGE_LOOP ( 'NONE', ( #50, #2021, #2771, #1632, #1048 ) ) ;
#212 = ADVANCED_FACE ( 'NONE', ( #5540 ), #1139, .T. ) ;
#213 = ADVANCED_FACE ( 'NONE', ( #4576, #187 ), #5568, .T. ) ;
#214 = DIRECTION ( 'NONE',  ( -1.000000000000000000, -1.595945597898661294E-16, -0.000000000000000000 ) ) ;
#215 = AXIS2_PLACEMENT_3D ( 'NONE', #1147, #3098, #659 ) ;
#216 = FACE_OUTER_BOUND ( 'NONE', #3831, .T. ) ;
#217 = PRODUCT_DEFINITION_SHAPE ( 'NONE', 'NONE',  #6332 ) ;
#218 = VECTOR ( 'NONE', #1116, 1000.000000000000000 ) ;
#219 = CARTESIAN_POINT ( 'NONE',  ( -1.627778409939248716, 3.510000000000000231, -1.194448767816121526 ) ) ;
#220 = EDGE_LOOP ( 'NONE', ( #1691, #5123, #1709, #5089, #4807 ) ) ;
#221 = EDGE_LOOP ( 'NONE', ( #1835, #478, #1832, #199, #6208, #4062, #1856, #3603, #5726, #2060, #2428, #3071 ) ) ;
#222 = CARTESIAN_POINT ( 'NONE',  ( 3.127778409939248494, 3.510000000000000231, -0.9944487678161229027 ) ) ;
#223 = CIRCLE ( 'NONE', #2159, 0.2406747853002429993 ) ;
#224 =( GEOMETRIC_REPRESENTATION_CONTEXT ( 3 ) GLOBAL_UNCERTAINTY_ASSIGNED_CONTEXT ( ( #1838 ) ) GLOBAL_UNIT_ASSIGNED_CONTEXT ( ( #3375, #2896, #6229 ) ) REPRESENTATION_CONTEXT ( 'NONE', 'WORKASPACE' ) );
#225 = LINE ( 'NONE', #1205, #3105 ) ;
#226 = AXIS2_PLACEMENT_3D ( 'NONE', #1439, #3396, #7 ) ;
#227 = CARTESIAN_POINT ( 'NONE',  ( 3.752267713333899302, 0.2000000000000033418, -1.400000000000000133 ) ) ;
#228 = ADVANCED_FACE ( 'NONE', ( #3711 ), #6199, .T. ) ;
#229 = VERTEX_POINT ( 'NONE', #5661 ) ;
#230 = CARTESIAN_POINT ( 'NONE',  ( -4.315000000000001279, -1.406475701107863154E-15, 0.9999999999999995559 ) ) ;
#231 = LINE ( 'NONE', #4642, #5951 ) ;
#232 = ORIENTED_EDGE ( 'NONE', *, *, #2961, .T. ) ;
#233 = SHAPE_REPRESENTATION_RELATIONSHIP ( 'NONE' , 'NONE' ,  #4232, #6017 ) ;
#234 = ORIENTED_EDGE ( 'NONE', *, *, #2864, .F. ) ;
#235 = ORIENTED_EDGE ( 'NONE', *, *, #525, .F. ) ;
#236 = CARTESIAN_POINT ( 'NONE',  ( 4.164999999999995595, 0.2000000000000000944, 2.515000000000000124 ) ) ;
#237 = FACE_OUTER_BOUND ( 'NONE', #4779, .T. ) ;
#238 = VERTEX_POINT ( 'NONE', #309 ) ;
#239 = LINE ( 'NONE', #4714, #5355 ) ;
#240 = PLANE ( 'NONE',  #1306 ) ;
#241 = DIRECTION ( 'NONE',  ( 3.469446951953616038E-17, -1.000000000000000000, -1.444447458290427061E-33 ) ) ;
#242 = ORIENTED_EDGE ( 'NONE', *, *, #329, .T. ) ;
#243 = AXIS2_PLACEMENT_3D ( 'NONE', #2362, #4353, #3316 ) ;
#244 = CARTESIAN_POINT ( 'NONE',  ( 3.873634909763690626, -1.452381048782462436, 1.294448767816125390 ) ) ;
#245 = EDGE_CURVE ( 'NONE', #1549, #5805, #1834, .T. ) ;
#246 = DIRECTION ( 'NONE',  ( 0.7071067811865462405, -0.7071067811865489050, -0.000000000000000000 ) ) ;
#247 = CARTESIAN_POINT ( 'NONE',  ( 1.874999999999999556, 3.132929601890217963, 1.294448767816122281 ) ) ;
#248 = VERTEX_POINT ( 'NONE', #1258 ) ;
#249 = FACE_OUTER_BOUND ( 'NONE', #1101, .T. ) ;
#250 = ADVANCED_FACE ( 'NONE', ( #3192 ), #4255, .F. ) ;
#251 = CARTESIAN_POINT ( 'NONE',  ( -1.627778409939248716, 3.510000000000000231, -0.9944487678161223476 ) ) ;
#252 = VECTOR ( 'NONE', #5700, 1000.000000000000000 ) ;
#253 = VECTOR ( 'NONE', #2386, 1000.000000000000000 ) ;
#254 = PLANE ( 'NONE',  #5124 ) ;
#255 = EDGE_CURVE ( 'NONE', #4882, #6271, #1741, .T. ) ;
#256 = ORIENTED_EDGE ( 'NONE', *, *, #362, .F. ) ;
#257 = CIRCLE ( 'NONE', #2705, 0.3500000000000001998 ) ;
#258 = EDGE_CURVE ( 'NONE', #4019, #3889, #3803, .T. ) ;
#259 = DIRECTION ( 'NONE',  ( 1.000000000000000000, -0.000000000000000000, 0.000000000000000000 ) ) ;
#260 = CARTESIAN_POINT ( 'NONE',  ( 1.627778409939248716, 1.818235399615123482, -0.9944487678161233468 ) ) ;
#261 = VERTEX_POINT ( 'NONE', #2255 ) ;
#262 = VERTEX_POINT ( 'NONE', #5172 ) ;
#263 =( BOUNDED_SURFACE ( )  B_SPLINE_SURFACE ( 3, 3, ( 
 ( #3719, #4673, #4328, #760 ),
 ( #1721, #3198, #5155, #2718 ),
 ( #4206, #6146, #1270, #318 ),
 ( #6265, #1494, #5931, #1529 ) ),
 .UNSPECIFIED., .F., .F., .F. ) 
 B_SPLINE_SURFACE_WITH_KNOTS ( ( 4, 4 ),
 ( 4, 4 ),
 ( 0.000000000000000000, 1.000000000000000000 ),
 ( 0.000000000000000000, 1.000000000000000000 ),
 .UNSPECIFIED. ) 
 GEOMETRIC_REPRESENTATION_ITEM ( )  RATIONAL_B_SPLINE_SURFACE ( (
 ( 1.000000000000000000, 0.8047378541219561976, 0.8047378541219561976, 1.000000000000000000),
 ( 0.8047378541243649375, 0.6476030138587492990, 0.6476030138587492990, 0.8047378541243649375),
 ( 0.8047378541243649375, 0.6476030138587492990, 0.6476030138587492990, 0.8047378541243649375),
 ( 1.000000000000000000, 0.8047378541219561976, 0.8047378541219561976, 1.000000000000000000) ) ) 
 REPRESENTATION_ITEM ( '' )  SURFACE ( )  );
#264 =( NAMED_UNIT ( * ) SI_UNIT ( $, .STERADIAN. ) SOLID_ANGLE_UNIT ( ) );
#265 = VERTEX_POINT ( 'NONE', #778 ) ;
#266 = ORIENTED_EDGE ( 'NONE', *, *, #5610, .F. ) ;
#267 = CARTESIAN_POINT ( 'NONE',  ( 4.605170157222079119, 3.733238380785896648, -1.851807936270673194 ) ) ;
#268 = CARTESIAN_POINT ( 'NONE',  ( -8.673617379884035472E-16, -1.615461237003401607E-14, -1.540743955509788682E-30 ) ) ;
#269 = PRODUCT_DEFINITION_SHAPE ( 'NONE', 'NONE',  #6036 ) ;
#270 = ORIENTED_EDGE ( 'NONE', *, *, #6187, .F. ) ;
#271 = DIRECTION ( 'NONE',  ( 0.000000000000000000, 1.972152263052529514E-31, -1.000000000000000000 ) ) ;
#272 = VECTOR ( 'NONE', #2558, 1000.000000000000000 ) ;
#273 = CARTESIAN_POINT ( 'NONE',  ( 1.627778409939249826, 3.061149402765582561, -1.294448767816122281 ) ) ;
#274 = ORIENTED_EDGE ( 'NONE', *, *, #1719, .F. ) ;
#275 = DIRECTION ( 'NONE',  ( -1.000000000000000000, 0.000000000000000000, 0.000000000000000000 ) ) ;
#276 = VECTOR ( 'NONE', #6243, 1000.000000000000000 ) ;
#277 = CARTESIAN_POINT ( 'NONE',  ( -4.665000000000000036, 0.1999999999999878264, -1.000000000000000444 ) ) ;
#278 = LINE ( 'NONE', #2770, #1154 ) ;
#279 = DIRECTION ( 'NONE',  ( 1.000000000000000000, 0.000000000000000000, 1.972152263052529514E-31 ) ) ;
#280 = CARTESIAN_POINT ( 'NONE',  ( -3.003514341227319751, 1.818235399615123482, -0.9944487678161212374 ) ) ;
#281 = AXIS2_PLACEMENT_3D ( 'NONE', #4586, #5581, #4615 ) ;
#282 = EDGE_CURVE ( 'NONE', #3930, #5302, #805, .T. ) ;
#283 = FACE_OUTER_BOUND ( 'NONE', #4473, .T. ) ;
#284 = ORIENTED_EDGE ( 'NONE', *, *, #2590, .F. ) ;
#285 = PLANE ( 'NONE',  #1326 ) ;
#286 = CARTESIAN_POINT ( 'NONE',  ( 1.875000000000000888, 3.810000000000000053, 1.611637779048592956 ) ) ;
#287 = VECTOR ( 'NONE', #5109, 1000.000000000000000 ) ;
#288 = ORIENTED_EDGE ( 'NONE', *, *, #5811, .F. ) ;
#289 = EDGE_CURVE ( 'NONE', #4809, #5038, #3205, .T. ) ;
#290 = LINE ( 'NONE', #4264, #1093 ) ;
#291 = CARTESIAN_POINT ( 'NONE',  ( 2.827778409939249560, 3.509999999999999787, 0.9944487678161212374 ) ) ;
#292 = EDGE_CURVE ( 'NONE', #4704, #3890, #4196, .T. ) ;
#293 = VECTOR ( 'NONE', #5328, 1000.000000000000000 ) ;
#294 = VERTEX_POINT ( 'NONE', #1771 ) ;
#295 =( NAMED_UNIT ( * ) SI_UNIT ( $, .STERADIAN. ) SOLID_ANGLE_UNIT ( ) );
#296 = ORIENTED_EDGE ( 'NONE', *, *, #3896, .T. ) ;
#297 = CIRCLE ( 'NONE', #3881, 0.2406747853002429993 ) ;
#298 =( REPRESENTATION_RELATIONSHIP ('NONE','NONE', #2023, #2221 ) REPRESENTATION_RELATIONSHIP_WITH_TRANSFORMATION ( #2022 )SHAPE_REPRESENTATION_RELATIONSHIP( ) );
#299 = EDGE_CURVE ( 'NONE', #5173, #425, #5756, .T. ) ;
#300 = LINE ( 'NONE', #3724, #5910 ) ;
#301 = CYLINDRICAL_SURFACE ( 'NONE', #6180, 0.2999999999999999334 ) ;
#302 = EDGE_LOOP ( 'NONE', ( #6064, #953, #3531, #1928 ) ) ;
#303 = DIRECTION ( 'NONE',  ( -1.555753819465285427E-61, -1.000000000000000000, -1.972152263052529514E-31 ) ) ;
#304 = LINE ( 'NONE', #4098, #1206 ) ;
#305 = LINE ( 'NONE', #1284, #684 ) ;
#306 = ORIENTED_EDGE ( 'NONE', *, *, #4031, .F. ) ;
#307 = CARTESIAN_POINT ( 'NONE',  ( -8.673617379884031528E-16, -1.603214769011928092E-14, -1.000000000000000444 ) ) ;
#308 = VECTOR ( 'NONE', #6282, 1000.000000000000000 ) ;
#309 = CARTESIAN_POINT ( 'NONE',  ( 1.627778409939249826, 2.919136647305522914, -1.294448767816122281 ) ) ;
#310 = ORIENTED_EDGE ( 'NONE', *, *, #5650, .T. ) ;
#311 = CARTESIAN_POINT ( 'NONE',  ( 3.127778409939248938, 3.685735931288071754, -0.9944487678161222366 ) ) ;
#312 = DIRECTION ( 'NONE',  ( -4.214856327685356333E-31, 1.224646799147351235E-16, -1.000000000000000000 ) ) ;
#313 = CARTESIAN_POINT ( 'NONE',  ( 3.127778409939249826, 3.509999999999999343, 1.170184699104192649 ) ) ;
#314 = CARTESIAN_POINT ( 'NONE',  ( -3.127778409939248494, 1.818235399615123482, -0.9944487678161237909 ) ) ;
#315 = ADVANCED_FACE ( 'NONE', ( #337 ), #3740, .T. ) ;
#316 = ORIENTED_EDGE ( 'NONE', *, *, #4551, .F. ) ;
#317 = PRODUCT_DEFINITION_SHAPE ( 'NONE', 'NONE',  #6336 ) ;
#318 = CARTESIAN_POINT ( 'NONE',  ( -3.127778409939249826, 3.509999999998204778, 1.170184699104192649 ) ) ;
#319 = DIRECTION ( 'NONE',  ( 1.000000000000000000, 3.441691376337985670E-15, -0.000000000000000000 ) ) ;
#320 = CARTESIAN_POINT ( 'NONE',  ( 1.591125123973731403, 0.2000000000000056732, -1.400000000000000577 ) ) ;
#321 = EDGE_CURVE ( 'NONE', #5133, #3078, #3834, .T. ) ;
#322 = VERTEX_POINT ( 'NONE', #1355 ) ;
#323 = PRODUCT_CONTEXT ( 'NONE', #2625, 'mechanical' ) ;
#324 = ORIENTED_EDGE ( 'NONE', *, *, #321, .T. ) ;
#325 = CARTESIAN_POINT ( 'NONE',  ( -2.827778409939248672, 1.818235399615123704, 0.9944487678161207933 ) ) ;
#326 = CARTESIAN_POINT ( 'NONE',  ( 1.627778409939249382, 3.810000000000000053, -6.112362009258933832E-16 ) ) ;
#327 = ORIENTED_EDGE ( 'NONE', *, *, #5184, .T. ) ;
#328 = FACE_OUTER_BOUND ( 'NONE', #459, .T. ) ;
#329 = EDGE_CURVE ( 'NONE', #5243, #4019, #278, .T. ) ;
#330 = LINE ( 'NONE', #6221, #2545 ) ;
#331 = DIRECTION ( 'NONE',  ( 2.958228394578794270E-31, -3.097720492815728645E-16, 1.000000000000000000 ) ) ;
#332 = ORIENTED_EDGE ( 'NONE', *, *, #5898, .T. ) ;
#333 = LINE ( 'NONE', #3830, #1364 ) ;
#334 = CIRCLE ( 'NONE', #739, 0.2406747853002429993 ) ;
#335 = ORIENTED_EDGE ( 'NONE', *, *, #1760, .F. ) ;
#336 = CARTESIAN_POINT ( 'NONE',  ( -4.314999999999999503, 0.5499999999999986011, 0.9999999999999997780 ) ) ;
#337 = FACE_OUTER_BOUND ( 'NONE', #5113, .T. ) ;
#338 = DIRECTION ( 'NONE',  ( 0.000000000000000000, -1.972152263052529514E-31, 1.000000000000000000 ) ) ;
#339 = VECTOR ( 'NONE', #1169, 1000.000000000000000 ) ;
#340 = CYLINDRICAL_SURFACE ( 'NONE', #3524, 0.6251840078416682767 ) ;
#341 = VECTOR ( 'NONE', #5134, 1000.000000000000000 ) ;
#342 = AXIS2_PLACEMENT_3D ( 'NONE', #5725, #1803, #2708 ) ;
#343 = DIRECTION ( 'NONE',  ( 0.000000000000000000, -0.7071067811865464625, -0.7071067811865486830 ) ) ;
#344 = ORIENTED_EDGE ( 'NONE', *, *, #2852, .F. ) ;
#345 = CARTESIAN_POINT ( 'NONE',  ( -1.064999999999999059, 0.2000000000000052847, 0.9999999999999993339 ) ) ;
#346 = DIRECTION ( 'NONE',  ( -0.000000000000000000, -0.000000000000000000, 1.000000000000000000 ) ) ;
#347 = CARTESIAN_POINT ( 'NONE',  ( -4.864999999999998437, 1.611566968151564083, -0.3748159921583320564 ) ) ;
#348 = VECTOR ( 'NONE', #4155, 1000.000000000000000 ) ;
#349 = ORIENTED_EDGE ( 'NONE', *, *, #1254, .F. ) ;
#350 = PRODUCT_RELATED_PRODUCT_CATEGORY ( 'part', '', ( #1847 ) ) ;
#351 = VECTOR ( 'NONE', #4656, 1000.000000000000000 ) ;
#352 = CARTESIAN_POINT ( 'NONE',  ( 0.000000000000000000, 0.000000000000000000, 0.000000000000000000 ) ) ;
#353 = VECTOR ( 'NONE', #982, 1000.000000000000000 ) ;
#354 = EDGE_LOOP ( 'NONE', ( #131, #2916, #2653, #2084 ) ) ;
#355 = LINE ( 'NONE', #1824, #777 ) ;
#356 = CARTESIAN_POINT ( 'NONE',  ( -3.752267713333900190, 5.410561852801697650E-15, -1.400000000000000133 ) ) ;
#357 = EDGE_LOOP ( 'NONE', ( #3383, #4209, #968, #2755 ) ) ;
#358 = PLANE ( 'NONE',  #4793 ) ;
#359 = DIRECTION ( 'NONE',  ( 7.778769097326426270E-62, -1.000000000000000000, -1.534091707905539378E-92 ) ) ;
#360 = VERTEX_POINT ( 'NONE', #3281 ) ;
#361 = AXIS2_PLACEMENT_3D ( 'NONE', #5822, #1833, #2833 ) ;
#362 = EDGE_CURVE ( 'NONE', #4392, #5440, #5238, .T. ) ;
#363 = EDGE_CURVE ( 'NONE', #4915, #523, #4721, .T. ) ;
#364 = DIRECTION ( 'NONE',  ( 3.350313119968968612E-16, -2.239890198972934436E-32, 1.000000000000000000 ) ) ;
#365 = ORIENTED_EDGE ( 'NONE', *, *, #3988, .F. ) ;
#366 = DIRECTION ( 'NONE',  ( 1.000000000000000000, 0.000000000000000000, 0.000000000000000000 ) ) ;
#367 = PRODUCT_DEFINITION_SHAPE ( 'NONE', 'NONE',  #3966 ) ;
#368 = DIRECTION ( 'NONE',  ( -1.000000000000000000, -3.441691376337985670E-15, 0.000000000000000000 ) ) ;
#369 = ORIENTED_EDGE ( 'NONE', *, *, #1656, .F. ) ;
#370 = DIRECTION ( 'NONE',  ( -1.000000000000000000, 0.000000000000000000, -2.911116689277474274E-16 ) ) ;
#371 = LINE ( 'NONE', #4224, #252 ) ;
#372 = CIRCLE ( 'NONE', #2822, 0.2999999999999999334 ) ;
#373 = CARTESIAN_POINT ( 'NONE',  ( -3.127778409939249382, 2.118235399615123082, 1.294448767816121171 ) ) ;
#374 = APPLICATION_CONTEXT ( 'automotive_design' ) ;
#375 = PLANE ( 'NONE',  #3182 ) ;
#376 = ORIENTED_EDGE ( 'NONE', *, *, #1415, .T. ) ;
#377 = AXIS2_PLACEMENT_3D ( 'NONE', #4912, #1049, #4425 ) ;
#378 = AXIS2_PLACEMENT_3D ( 'NONE', #4217, #2795, #1252 ) ;
#379 = LINE ( 'NONE', #4869, #2058 ) ;
#380 = FACE_OUTER_BOUND ( 'NONE', #2624, .T. ) ;
#381 = FACE_OUTER_BOUND ( 'NONE', #3920, .T. ) ;
#382 = CARTESIAN_POINT ( 'NONE',  ( 1.875000000000000888, 3.608173674087660654, -1.895119576905404335 ) ) ;
#383 = VERTEX_POINT ( 'NONE', #2288 ) ;
#384 = CARTESIAN_POINT ( 'NONE',  ( -2.827778409939249560, 1.942499468327051559, 1.294448767816120949 ) ) ;
#385 = DIRECTION ( 'NONE',  ( 0.000000000000000000, -3.481703215984523352E-32, 1.000000000000000000 ) ) ;
#386 =( GEOMETRIC_REPRESENTATION_CONTEXT ( 3 ) GLOBAL_UNCERTAINTY_ASSIGNED_CONTEXT ( ( #2488 ) ) GLOBAL_UNIT_ASSIGNED_CONTEXT ( ( #3640, #6103, #2673 ) ) REPRESENTATION_CONTEXT ( 'NONE', 'WORKASPACE' ) );
#387 = ORIENTED_EDGE ( 'NONE', *, *, #4176, .T. ) ;
#388 = DIRECTION ( 'NONE',  ( 1.972152263052529514E-31, -1.094764425253763337E-47, 1.000000000000000000 ) ) ;
#389 = EDGE_CURVE ( 'NONE', #1112, #4073, #642, .T. ) ;
#390 = DIRECTION ( 'NONE',  ( 0.000000000000000000, 0.000000000000000000, -1.000000000000000000 ) ) ;
#391 = CYLINDRICAL_SURFACE ( 'NONE', #1295, 0.5500000000000003775 ) ;
#392 = ORIENTED_EDGE ( 'NONE', *, *, #4918, .F. ) ;
#393 = CARTESIAN_POINT ( 'NONE',  ( -1.064999999999998614, -7.874501362812867573E-15, -1.000000000000000444 ) ) ;
#394 = VERTEX_POINT ( 'NONE', #4792 ) ;
#395 = LINE ( 'NONE', #3409, #2302 ) ;
#396 = CARTESIAN_POINT ( 'NONE',  ( -2.827778409939248672, 3.510000000000000231, -0.9944487678161227917 ) ) ;
#397 = ADVANCED_FACE ( 'NONE', ( #6254 ), #2225, .F. ) ;
#398 = ORIENTED_EDGE ( 'NONE', *, *, #2961, .F. ) ;
#399 = ADVANCED_FACE ( 'NONE', ( #90 ), #5335, .F. ) ;
#400 = FACE_OUTER_BOUND ( 'NONE', #2406, .T. ) ;
#401 = DIRECTION ( 'NONE',  ( -7.891154582329502122E-16, 0.000000000000000000, 1.000000000000000000 ) ) ;
#402 = CARTESIAN_POINT ( 'NONE',  ( 1.627778409939248716, 2.118235399615123082, -0.9944487678161227917 ) ) ;
#403 = VECTOR ( 'NONE', #2965, 1000.000000000000000 ) ;
#404 = ORIENTED_EDGE ( 'NONE', *, *, #3460, .T. ) ;
#405 = EDGE_CURVE ( 'NONE', #3895, #2855, #3867, .T. ) ;
#406 = DIRECTION ( 'NONE',  ( 0.000000000000000000, -0.9449393261893695994, 0.3272455802922021872 ) ) ;
#407 = FACE_OUTER_BOUND ( 'NONE', #4263, .T. ) ;
#408 = CARTESIAN_POINT ( 'NONE',  ( 1.366818319492648204, 3.132929601890217963, -1.294448767816122281 ) ) ;
#409 = CARTESIAN_POINT ( 'NONE',  ( 3.127778409939248938, 1.942499468327051559, 1.097392492968407129 ) ) ;
#410 = ORIENTED_EDGE ( 'NONE', *, *, #3183, .F. ) ;
#411 = EDGE_CURVE ( 'NONE', #1005, #2858, #1485, .T. ) ;
#412 = APPLICATION_PROTOCOL_DEFINITION ( 'draft international standard', 'automotive_design', 1998, #3943 ) ;
#413 = VERTEX_POINT ( 'NONE', #1965 ) ;
#414 = AXIS2_PLACEMENT_3D ( 'NONE', #4977, #5064, #2631 ) ;
#415 = CARTESIAN_POINT ( 'NONE',  ( -3.003514341227320195, 1.818235399615123038, 0.9944487678161207933 ) ) ;
#416 = DIRECTION ( 'NONE',  ( 1.000000000000000000, -0.000000000000000000, 0.000000000000000000 ) ) ;
#417 = AXIS2_PLACEMENT_3D ( 'NONE', #3874, #5894, #1488 ) ;
#418 = VECTOR ( 'NONE', #498, 1000.000000000000000 ) ;
#419 = AXIS2_PLACEMENT_3D ( 'NONE', #4397, #6244, #4845 ) ;
#420 = ORIENTED_EDGE ( 'NONE', *, *, #3263, .T. ) ;
#421 = CARTESIAN_POINT ( 'NONE',  ( 0.000000000000000000, 0.000000000000000000, 0.000000000000000000 ) ) ;
#422 = ORIENTED_EDGE ( 'NONE', *, *, #672, .T. ) ;
#423 = CARTESIAN_POINT ( 'NONE',  ( -1.591125123973731847, -1.059012556479415856E-14, -1.540743955509788682E-30 ) ) ;
#424 = DIRECTION ( 'NONE',  ( -1.000000000000000000, 0.000000000000000000, 3.350313119968968612E-16 ) ) ;
#425 = VERTEX_POINT ( 'NONE', #5823 ) ;
#426 = PLANE ( 'NONE',  #4855 ) ;
#427 = VERTEX_POINT ( 'NONE', #3901 ) ;
#428 = DIRECTION ( 'NONE',  ( -2.911116689277479698E-16, 0.000000000000000000, -1.000000000000000000 ) ) ;
#429 = DIRECTION ( 'NONE',  ( -0.000000000000000000, -0.000000000000000000, -1.000000000000000000 ) ) ;
#430 = EDGE_LOOP ( 'NONE', ( #2557, #4424, #2840, #4037 ) ) ;
#431 = SURFACE_SIDE_STYLE ('',( #5857 ) ) ;
#432 = DIRECTION ( 'NONE',  ( 3.191891195797326040E-16, -1.038076240024720344E-31, -1.000000000000000000 ) ) ;
#433 = EDGE_CURVE ( 'NONE', #4392, #1163, #5667, .T. ) ;
#434 = DIRECTION ( 'NONE',  ( 0.000000000000000000, 0.000000000000000000, -1.000000000000000000 ) ) ;
#435 = DIRECTION ( 'NONE',  ( -1.000000000000000000, 0.000000000000000000, -1.972152263052529514E-31 ) ) ;
#436 = ORIENTED_EDGE ( 'NONE', *, *, #815, .T. ) ;
#437 = ORIENTED_EDGE ( 'NONE', *, *, #2674, .T. ) ;
#438 = EDGE_CURVE ( 'NONE', #261, #3293, #3344, .T. ) ;
#439 = DIRECTION ( 'NONE',  ( 1.000000000000000000, -0.000000000000000000, -3.350313119968968612E-16 ) ) ;
#440 = FACE_OUTER_BOUND ( 'NONE', #3016, .T. ) ;
#441 = FACE_OUTER_BOUND ( 'NONE', #3475, .T. ) ;
#442 = DIRECTION ( 'NONE',  ( 2.911116689277473781E-16, -0.000000000000000000, -1.000000000000000000 ) ) ;
#443 = VECTOR ( 'NONE', #4660, 1000.000000000000000 ) ;
#444 = ADVANCED_FACE ( 'NONE', ( #4471 ), #2419, .T. ) ;
#445 = ORIENTED_EDGE ( 'NONE', *, *, #2312, .F. ) ;
#446 = ADVANCED_FACE ( 'NONE', ( #2036, #3449 ), #5788, .T. ) ;
#447 =( LENGTH_UNIT ( ) NAMED_UNIT ( * ) SI_UNIT ( .MILLI., .METRE. ) );
#448 = ORIENTED_EDGE ( 'NONE', *, *, #1800, .F. ) ;
#449 = AXIS2_PLACEMENT_3D ( 'NONE', #268, #1278, #4710 ) ;
#450 = DIRECTION ( 'NONE',  ( -0.000000000000000000, 0.000000000000000000, -1.000000000000000000 ) ) ;
#451 = DIRECTION ( 'NONE',  ( 2.457523583496800609E-32, -1.000000000000000000, -1.224646799147363314E-16 ) ) ;
#452 = VERTEX_POINT ( 'NONE', #1420 ) ;
#453 = CARTESIAN_POINT ( 'NONE',  ( -3.752267713333899302, 0.2000000000000132783, -1.400000000000000133 ) ) ;
#454 = ORIENTED_EDGE ( 'NONE', *, *, #3145, .T. ) ;
#455 = AXIS2_PLACEMENT_3D ( 'NONE', #3527, #2563, #4517 ) ;
#456 = CARTESIAN_POINT ( 'NONE',  ( 4.864999999999998437, 1.633217365692808620, 0.4184320681164753197 ) ) ;
#457 = ORIENTED_EDGE ( 'NONE', *, *, #3106, .T. ) ;
#458 = FACE_OUTER_BOUND ( 'NONE', #635, .T. ) ;
#459 = EDGE_LOOP ( 'NONE', ( #4841, #5460, #3167, #2796 ) ) ;
#460 = LINE ( 'NONE', #496, #663 ) ;
#461 = FACE_OUTER_BOUND ( 'NONE', #4181, .T. ) ;
#462 = ORIENTED_EDGE ( 'NONE', *, *, #4333, .T. ) ;
#463 = CARTESIAN_POINT ( 'NONE',  ( 2.827778409939249560, 3.510000000000000231, 0.9944487678161212374 ) ) ;
#464 = LINE ( 'NONE', #2425, #4444 ) ;
#465 = CYLINDRICAL_SURFACE ( 'NONE', #4120, 0.2406747853002429993 ) ;
#466 = ORIENTED_EDGE ( 'NONE', *, *, #2859, .T. ) ;
#467 = CARTESIAN_POINT ( 'NONE',  ( -2.986176789632888351, 3.510000000000000231, 0.9944487678161231248 ) ) ;
#468 = LINE ( 'NONE', #848, #5220 ) ;
#469 = EDGE_CURVE ( 'NONE', #4401, #1253, #4381, .T. ) ;
#470 = VECTOR ( 'NONE', #2621, 1000.000000000000000 ) ;
#471 = CARTESIAN_POINT ( 'NONE',  ( 2.827778409939249560, 1.818235399615123482, 0.9944487678161212374 ) ) ;
#472 = CARTESIAN_POINT ( 'NONE',  ( -2.827778409939249560, 1.818235399615123482, 1.294448767816121393 ) ) ;
#473 = LINE ( 'NONE', #3322, #1645 ) ;
#474 = ORIENTED_EDGE ( 'NONE', *, *, #3618, .T. ) ;
#475 = AXIS2_PLACEMENT_3D ( 'NONE', #4740, #6186, #5193 ) ;
#476 = ADVANCED_FACE ( 'NONE', ( #4857 ), #1936, .T. ) ;
#477 = EDGE_LOOP ( 'NONE', ( #5992, #376, #5466, #4888 ) ) ;
#478 = ORIENTED_EDGE ( 'NONE', *, *, #3369, .T. ) ;
#479 = EDGE_CURVE ( 'NONE', #4394, #3156, #6291, .T. ) ;
#480 = ADVANCED_FACE ( 'NONE', ( #461 ), #1389, .F. ) ;
#481 = CARTESIAN_POINT ( 'NONE',  ( -3.127778409939249382, 1.818235399615123482, 0.7448702942612706046 ) ) ;
#483 = DIRECTION ( 'NONE',  ( -0.000000000000000000, 1.000000000000000000, 1.110223024625156294E-16 ) ) ;
#482 = PRODUCT_DEFINITION_FORMATION_WITH_SPECIFIED_SOURCE ( 'ANY', '', #1333, .NOT_KNOWN. ) ;
#484 = VECTOR ( 'NONE', #4500, 1000.000000000000000 ) ;
#485 = ORIENTED_EDGE ( 'NONE', *, *, #5973, .F. ) ;
#486 = DIRECTION ( 'NONE',  ( 1.000000000000000000, -4.622231866529364679E-33, 4.163336342344337027E-17 ) ) ;
#487 = ORIENTED_EDGE ( 'NONE', *, *, #4244, .T. ) ;
#488 = EDGE_CURVE ( 'NONE', #1253, #3567, #4435, .T. ) ;
#489 = CARTESIAN_POINT ( 'NONE',  ( -1.366818319492648204, 3.132929601890217963, 1.294448767816122281 ) ) ;
#490 = ORIENTED_EDGE ( 'NONE', *, *, #3574, .T. ) ;
#491 = LINE ( 'NONE', #4949, #5601 ) ;
#492 = ORIENTED_EDGE ( 'NONE', *, *, #2009, .T. ) ;
#493 = FACE_OUTER_BOUND ( 'NONE', #3003, .T. ) ;
#494 = ADVANCED_FACE ( 'NONE', ( #970 ), #2996, .F. ) ;
#495 = EDGE_LOOP ( 'NONE', ( #3959, #2657, #490, #3505 ) ) ;
#496 = CARTESIAN_POINT ( 'NONE',  ( -3.873634909763690626, 3.810000000000000053, -1.825224324045338076 ) ) ;
#497 = DIRECTION ( 'NONE',  ( -1.972152263052529514E-31, 0.000000000000000000, -1.000000000000000000 ) ) ;
#498 = DIRECTION ( 'NONE',  ( -0.000000000000000000, -0.000000000000000000, -1.000000000000000000 ) ) ;
#499 = CARTESIAN_POINT ( 'NONE',  ( 2.827778409939248672, 1.818235399615123482, -1.294448767816123613 ) ) ;
#500 = LINE ( 'NONE', #3415, #3832 ) ;
#501 = DIRECTION ( 'NONE',  ( 0.000000000000000000, -1.000000000000000000, 0.000000000000000000 ) ) ;
#502 = ORIENTED_EDGE ( 'NONE', *, *, #3057, .T. ) ;
#503 = DIRECTION ( 'NONE',  ( 0.000000000000000000, -1.000000000000000000, 0.000000000000000000 ) ) ;
#504 = DIRECTION ( 'NONE',  ( 1.000000000000000000, -3.122502256758263863E-17, -3.122502256758252770E-17 ) ) ;
#505 = CARTESIAN_POINT ( 'NONE',  ( -1.064999999999998614, -1.235990476633475055E-14, -1.000000000000000666 ) ) ;
#506 = CARTESIAN_POINT ( 'NONE',  ( 4.864999999999998437, 1.611566968151564527, -0.3748159921583320564 ) ) ;
#507 = LINE ( 'NONE', #4806, #4712 ) ;
#508 = CARTESIAN_POINT ( 'NONE',  ( -4.864999999999998437, 1.633217365692808620, 0.4184320681164753752 ) ) ;
#509 = ORIENTED_EDGE ( 'NONE', *, *, #2474, .F. ) ;
#510 = ORIENTED_EDGE ( 'NONE', *, *, #2715, .F. ) ;
#511 = VERTEX_POINT ( 'NONE', #2001 ) ;
#512 = LINE ( 'NONE', #3956, #5281 ) ;
#513 = CYLINDRICAL_SURFACE ( 'NONE', #5957, 0.2999999999999999334 ) ;
#514 = AXIS2_PLACEMENT_3D ( 'NONE', #2873, #3319, #3424 ) ;
#515 = EDGE_CURVE ( 'NONE', #895, #4782, #5920, .T. ) ;
#516 = ORIENTED_EDGE ( 'NONE', *, *, #4631, .T. ) ;
#517 = ORIENTED_EDGE ( 'NONE', *, *, #1347, .F. ) ;
#518 = FACE_OUTER_BOUND ( 'NONE', #623, .T. ) ;
#519 = ORIENTED_EDGE ( 'NONE', *, *, #1569, .F. ) ;
#520 = ORIENTED_EDGE ( 'NONE', *, *, #4322, .T. ) ;
#521 = DIRECTION ( 'NONE',  ( 4.163336342344335794E-17, -1.110223024625156294E-16, 1.000000000000000000 ) ) ;
#522 = EDGE_CURVE ( 'NONE', #1090, #5732, #1033, .T. ) ;
#523 = VERTEX_POINT ( 'NONE', #1551 ) ;
#524 = DIRECTION ( 'NONE',  ( 0.7071067811865462405, -0.7071067811865489050, -0.000000000000000000 ) ) ;
#525 = EDGE_CURVE ( 'NONE', #4169, #5786, #5473, .T. ) ;
#526 = DIRECTION ( 'NONE',  ( -1.000000000000000000, 6.245004513516505540E-17, 0.000000000000000000 ) ) ;
#527 = CARTESIAN_POINT ( 'NONE',  ( 1.875000000000000888, 3.510000000000000231, -1.611637779048593400 ) ) ;
#528 = CARTESIAN_POINT ( 'NONE',  ( 1.894460780100799324, 2.919136647305523358, 1.294448767816122281 ) ) ;
#529 = DIRECTION ( 'NONE',  ( 0.000000000000000000, 0.7071067811865462405, -0.7071067811865489050 ) ) ;
#530 = DIRECTION ( 'NONE',  ( 0.000000000000000000, 1.000000000000000000, 0.000000000000000000 ) ) ;
#531 = VERTEX_POINT ( 'NONE', #3617 ) ;
#532 = CARTESIAN_POINT ( 'NONE',  ( -1.627778409939249826, 3.810000000000000053, 1.294448767816121615 ) ) ;
#533 = CARTESIAN_POINT ( 'NONE',  ( 4.864999999999999325, 0.9000000000000036859, 0.4000000000000000222 ) ) ;
#534 = CARTESIAN_POINT ( 'NONE',  ( -1.126143534192404871, 2.372994641670527205, 1.919880095332465064 ) ) ;
#535 = LINE ( 'NONE', #948, #4249 ) ;
#536 = LINE ( 'NONE', #2112, #4312 ) ;
#537 = DIRECTION ( 'NONE',  ( -1.000000000000000000, 0.000000000000000000, 2.911116689277473781E-16 ) ) ;
#538 =( BOUNDED_SURFACE ( )  B_SPLINE_SURFACE ( 3, 3, ( 
 ( #6114, #5633, #191, #4694 ),
 ( #2142, #658, #3587, #4111 ),
 ( #313, #2623, #6056, #1174 ),
 ( #3130, #1688, #1662, #1235 ) ),
 .UNSPECIFIED., .F., .F., .F. ) 
 B_SPLINE_SURFACE_WITH_KNOTS ( ( 4, 4 ),
 ( 4, 4 ),
 ( 0.000000000000000000, 1.000000000000000000 ),
 ( 0.000000000000000000, 1.000000000000000000 ),
 .UNSPECIFIED. ) 
 GEOMETRIC_REPRESENTATION_ITEM ( )  RATIONAL_B_SPLINE_SURFACE ( (
 ( 1.000000000000000000, 0.8047378541243649375, 0.8047378541243649375, 1.000000000000000000),
 ( 0.8047378541243649375, 0.6476030138606876374, 0.6476030138606876374, 0.8047378541243649375),
 ( 0.8047378541243649375, 0.6476030138606876374, 0.6476030138606876374, 0.8047378541243649375),
 ( 1.000000000000000000, 0.8047378541243649375, 0.8047378541243649375, 1.000000000000000000) ) ) 
 REPRESENTATION_ITEM ( '' )  SURFACE ( )  );
#539 = ORIENTED_EDGE ( 'NONE', *, *, #3988, .T. ) ;
#540 = EDGE_LOOP ( 'NONE', ( #1671, #951, #2764, #6041 ) ) ;
#541 = ITEM_DEFINED_TRANSFORMATION ( 'NONE', 'NONE', #1299,  #1731 ) ;
#542 = DIRECTION ( 'NONE',  ( 1.000000000000000000, -4.930380657631323784E-32, -2.911116689277473781E-16 ) ) ;
#543 = CARTESIAN_POINT ( 'NONE',  ( -3.752267713333900190, -3.032172238846238581E-15, -1.540743955509788682E-30 ) ) ;
#544 = CIRCLE ( 'NONE', #4955, 0.2999999999999999334 ) ;
#545 = ORIENTED_EDGE ( 'NONE', *, *, #1145, .T. ) ;
#546 = SHAPE_REPRESENTATION_RELATIONSHIP ( 'NONE' , 'NONE' ,  #2221, #3721 ) ;
#547 = ORIENTED_EDGE ( 'NONE', *, *, #3858, .F. ) ;
#548 = DIRECTION ( 'NONE',  ( 1.000000000000000000, 0.000000000000000000, 1.972152263052529514E-31 ) ) ;
#549 = DIRECTION ( 'NONE',  ( -1.000000000000000000, 4.930380657631323784E-32, 2.911116689277473781E-16 ) ) ;
#550 = ORIENTED_EDGE ( 'NONE', *, *, #3365, .T. ) ;
#551 = CIRCLE ( 'NONE', #4151, 0.2999999999999999334 ) ;
#552 = FACE_OUTER_BOUND ( 'NONE', #354, .T. ) ;
#553 = ORIENTED_EDGE ( 'NONE', *, *, #5505, .T. ) ;
#554 = VECTOR ( 'NONE', #2048, 1000.000000000000000 ) ;
#555 = FACE_OUTER_BOUND ( 'NONE', #1963, .T. ) ;
#556 = EDGE_CURVE ( 'NONE', #5541, #3795, #693, .T. ) ;
#557 = DIRECTION ( 'NONE',  ( -1.595945597898661294E-16, 1.000000000000000000, 5.758530533717826443E-32 ) ) ;
#558 = EDGE_CURVE ( 'NONE', #718, #3469, #3682, .T. ) ;
#559 = CARTESIAN_POINT ( 'NONE',  ( -2.827778409939248672, 2.118235399615123082, -0.9944487678161237909 ) ) ;
#560 = DIRECTION ( 'NONE',  ( 3.231404370754218088E-48, 1.000000000000000000, 1.110022275182736856E-32 ) ) ;
#561 = VERTEX_POINT ( 'NONE', #4581 ) ;
#562 = EDGE_CURVE ( 'NONE', #1184, #3868, #5574, .T. ) ;
#563 = FACE_OUTER_BOUND ( 'NONE', #3423, .T. ) ;
#564 = CYLINDRICAL_SURFACE ( 'NONE', #3256, 0.2999999999999999334 ) ;
#565 = EDGE_LOOP ( 'NONE', ( #5896, #4003, #3583, #1231, #5960 ) ) ;
#566 = FACE_OUTER_BOUND ( 'NONE', #4469, .T. ) ;
#567 = ADVANCED_FACE ( 'NONE', ( #283 ), #538, .T. ) ;
#568 = LINE ( 'NONE', #4418, #3448 ) ;
#569 = CARTESIAN_POINT ( 'NONE',  ( 4.648481797856809372, 3.608173674087660654, 1.895119576905404335 ) ) ;
#570 = DIRECTION ( 'NONE',  ( -1.000000000000000000, 4.930380657631323784E-32, 2.911116689277473781E-16 ) ) ;
#571 = ORIENTED_EDGE ( 'NONE', *, *, #1853, .T. ) ;
#572 = CARTESIAN_POINT ( 'NONE',  ( -2.827778409939248672, 3.510000000000000231, -1.294448767816123391 ) ) ;
#573 = ORIENTED_EDGE ( 'NONE', *, *, #1219, .F. ) ;
#574 = DIRECTION ( 'NONE',  ( -1.000000000000000000, 0.000000000000000000, -0.000000000000000000 ) ) ;
#575 = CARTESIAN_POINT ( 'NONE',  ( 4.864999999999999325, 1.583607624610294806, -0.4000000000000000222 ) ) ;
#576 = EDGE_LOOP ( 'NONE', ( #4149, #5132, #5916, #4974, #3297, #4047, #2702, #6239 ) ) ;
#577 = ORIENTED_EDGE ( 'NONE', *, *, #1879, .T. ) ;
#578 = AXIS2_PLACEMENT_3D ( 'NONE', #4146, #5120, #4174 ) ;
#579 = DIRECTION ( 'NONE',  ( -0.000000000000000000, -0.000000000000000000, -1.000000000000000000 ) ) ;
#580 = FACE_OUTER_BOUND ( 'NONE', #3091, .T. ) ;
#581 = DIRECTION ( 'NONE',  ( 0.000000000000000000, 0.000000000000000000, -1.000000000000000000 ) ) ;
#582 = ORIENTED_EDGE ( 'NONE', *, *, #1998, .F. ) ;
#583 = LINE ( 'NONE', #1029, #5674 ) ;
#584 = EDGE_CURVE ( 'NONE', #1362, #3431, #6075, .T. ) ;
#585 = ORIENTED_EDGE ( 'NONE', *, *, #3379, .F. ) ;
#586 = CARTESIAN_POINT ( 'NONE',  ( -2.827778409939249560, 3.510000000000000231, 1.294448767816121171 ) ) ;
#587 = SURFACE_STYLE_USAGE ( .BOTH. , #3029 ) ;
#588 = DIRECTION ( 'NONE',  ( 2.958228394578794270E-31, -3.097720492815728645E-16, 1.000000000000000000 ) ) ;
#589 = VERTEX_POINT ( 'NONE', #2712 ) ;
#590 = CARTESIAN_POINT ( 'NONE',  ( 4.605170157222079119, 3.733238380785896648, 1.851807936270672750 ) ) ;
#591 = ADVANCED_FACE ( 'NONE', ( #3096, #5149 ), #1631, .F. ) ;
#592 = EDGE_CURVE ( 'NONE', #4770, #2948, #2655, .T. ) ;
#593 = COLOUR_RGB ( '',1.000000000000000000, 1.000000000000000000, 1.000000000000000000 ) ;
#594 = LINE ( 'NONE', #129, #2442 ) ;
#595 = MECHANICAL_DESIGN_GEOMETRIC_PRESENTATION_REPRESENTATION (  '', ( #2845 ), #1409 ) ;
#596 = EDGE_CURVE ( 'NONE', #1564, #3868, #225, .T. ) ;
#597 = DIRECTION ( 'NONE',  ( 0.000000000000000000, -1.000000000000000000, 0.000000000000000000 ) ) ;
#598 = DIRECTION ( 'NONE',  ( -1.000000000000000000, 0.000000000000000000, 0.000000000000000000 ) ) ;
#599 = DIRECTION ( 'NONE',  ( -0.000000000000000000, 1.000000000000000000, 1.022147887843897708E-11 ) ) ;
#600 = PLANE ( 'NONE',  #455 ) ;
#601 = ORIENTED_EDGE ( 'NONE', *, *, #5261, .T. ) ;
#602 = CARTESIAN_POINT ( 'NONE',  ( -4.497352102650421735, 3.810000000000000053, -1.743989881699015809 ) ) ;
#603 = EDGE_CURVE ( 'NONE', #2257, #5805, #2229, .T. ) ;
#604 = EDGE_LOOP ( 'NONE', ( #5058, #6105, #3143, #5431 ) ) ;
#605 = CARTESIAN_POINT ( 'NONE',  ( -4.865000000000000213, 3.608173674087660654, -1.895119576905404335 ) ) ;
#606 = CARTESIAN_POINT ( 'NONE',  ( 1.627778409939249826, 2.372994641670527205, 1.919880095332464842 ) ) ;
#607 = AXIS2_PLACEMENT_3D ( 'NONE', #4189, #680, #2643 ) ;
#608 = ORIENTED_EDGE ( 'NONE', *, *, #3512, .T. ) ;
#609 = ORIENTED_EDGE ( 'NONE', *, *, #6002, .T. ) ;
#610 = LINE ( 'NONE', #4400, #3154 ) ;
#611 = PLANE ( 'NONE',  #5987 ) ;
#612 = APPLICATION_CONTEXT ( 'automotive_design' ) ;
#613 = VERTEX_POINT ( 'NONE', #4168 ) ;
#614 = DIRECTION ( 'NONE',  ( 1.000000000000000000, 0.000000000000000000, -2.006720292910411831E-16 ) ) ;
#615 = CARTESIAN_POINT ( 'NONE',  ( -1.627778409939249826, 3.510000000000000231, 1.294448767816121837 ) ) ;
#616 = CARTESIAN_POINT ( 'NONE',  ( -4.664999999999999147, 1.583607624610294806, -0.4000000000000000222 ) ) ;
#617 = VERTEX_POINT ( 'NONE', #4200 ) ;
#618 = UNCERTAINTY_MEASURE_WITH_UNIT (LENGTH_MEASURE( 1.000000000000000082E-05 ), #4030, 'distance_accuracy_value', 'NONE');
#619 = DIRECTION ( 'NONE',  ( 1.000000000000000000, -0.000000000000000000, -6.509656168952008597E-16 ) ) ;
#620 = AXIS2_PLACEMENT_3D ( 'NONE', #58, #2002, #1070 ) ;
#621 = LINE ( 'NONE', #5989, #2340 ) ;
#622 = CARTESIAN_POINT ( 'NONE',  ( 1.591125123973732292, -1.089529118667601957E-14, -2.022226441606597646E-30 ) ) ;
#623 = EDGE_LOOP ( 'NONE', ( #539, #1481, #4813, #12 ) ) ;
#624 = LINE ( 'NONE', #3067, #2721 ) ;
#625 = EDGE_CURVE ( 'NONE', #5805, #2863, #5057, .T. ) ;
#626 = LINE ( 'NONE', #2528, #218 ) ;
#627 = CARTESIAN_POINT ( 'NONE',  ( -1.627778409939248716, 2.118235399615123082, -1.294448767816122947 ) ) ;
#628 = EDGE_LOOP ( 'NONE', ( #2835, #1202, #4461, #3691 ) ) ;
#629 = DIRECTION ( 'NONE',  ( -1.000000000000000000, 0.000000000000000000, -2.911116689277474274E-16 ) ) ;
#630 = EDGE_CURVE ( 'NONE', #154, #5110, #3225, .T. ) ;
#631 = VERTEX_POINT ( 'NONE', #3165 ) ;
#632 = DIRECTION ( 'NONE',  ( -0.000000000000000000, -3.885780586188046905E-16, -1.000000000000000000 ) ) ;
#633 = CARTESIAN_POINT ( 'NONE',  ( 4.664999999999999147, 2.236750975993232249, 0.3748159921583313348 ) ) ;
#634 = EDGE_CURVE ( 'NONE', #5144, #531, #2684, .T. ) ;
#635 = EDGE_LOOP ( 'NONE', ( #3671, #4589, #5118, #6123, #5076, #2234, #4095, #3522, #5154, #4850 ) ) ;
#636 =( LENGTH_UNIT ( ) NAMED_UNIT ( * ) SI_UNIT ( .MILLI., .METRE. ) );
#637 = AXIS2_PLACEMENT_3D ( 'NONE', #2011, #3487, #503 ) ;
#638 = CARTESIAN_POINT ( 'NONE',  ( 3.873634909763690626, -1.452381048782462436, 0.7448702942612743794 ) ) ;
#639 = CYLINDRICAL_SURFACE ( 'NONE', #4052, 0.2999999999999999334 ) ;
#640 = LINE ( 'NONE', #2124, #5404 ) ;
#641 = VECTOR ( 'NONE', #4926, 1000.000000000000000 ) ;
#642 = CIRCLE ( 'NONE', #4141, 0.2999999999999999334 ) ;
#643 = EDGE_LOOP ( 'NONE', ( #2884, #1819, #3443, #4883 ) ) ;
#644 = PLANE ( 'NONE',  #1073 ) ;
#645 = DIRECTION ( 'NONE',  ( -4.415885040048125899E-17, -0.7071067811865489050, -0.7071067811865462405 ) ) ;
#646 = ORIENTED_EDGE ( 'NONE', *, *, #4276, .T. ) ;
#647 = CARTESIAN_POINT ( 'NONE',  ( 4.314999999999999503, 0.5499999999999986011, 0.9999999999999995559 ) ) ;
#648 = VECTOR ( 'NONE', #4684, 1000.000000000000000 ) ;
#649 = CARTESIAN_POINT ( 'NONE',  ( -1.627778409939248938, 3.710000000000000409, -0.9944487678161216815 ) ) ;
#650 = VECTOR ( 'NONE', #5364, 1000.000000000000000 ) ;
#651 = DIRECTION ( 'NONE',  ( -0.000000000000000000, -0.000000000000000000, -1.000000000000000000 ) ) ;
#652 = AXIS2_PLACEMENT_3D ( 'NONE', #2154, #3355, #6178 ) ;
#653 = DIRECTION ( 'NONE',  ( 1.000000000000000000, -0.000000000000000000, 2.911116689277474274E-16 ) ) ;
#654 = ORIENTED_EDGE ( 'NONE', *, *, #4962, .F. ) ;
#655 = DIRECTION ( 'NONE',  ( -3.350313119968968612E-16, 1.022693426037462838E-32, 1.000000000000000000 ) ) ;
#656 = PRODUCT_RELATED_PRODUCT_CATEGORY ( 'part', '', ( #768 ) ) ;
#657 = DIRECTION ( 'NONE',  ( -1.000000000000000000, 0.000000000000000000, -3.010080439365626374E-16 ) ) ;
#658 = CARTESIAN_POINT ( 'NONE',  ( 3.003514341227321527, 3.685735931288071754, 1.294448767816120949 ) ) ;
#659 = DIRECTION ( 'NONE',  ( -1.000000000000000000, 0.000000000000000000, -0.000000000000000000 ) ) ;
#660 = ADVANCED_FACE ( 'NONE', ( #5666 ), #5178, .T. ) ;
#661 = ORIENTED_EDGE ( 'NONE', *, *, #1460, .F. ) ;
#662 = VERTEX_POINT ( 'NONE', #5339 ) ;
#663 = VECTOR ( 'NONE', #5886, 1000.000000000000000 ) ;
#664 = DIRECTION ( 'NONE',  ( 3.552713678800500140E-15, -1.000000000000000000, -0.000000000000000000 ) ) ;
#665 = CARTESIAN_POINT ( 'NONE',  ( 1.126143534192405093, 2.919136647305522914, -1.294448767816122281 ) ) ;
#666 = ADVANCED_FACE ( 'NONE', ( #4800 ), #2806, .F. ) ;
#667 = ADVANCED_FACE ( 'NONE', ( #1810 ), #4865, .F. ) ;
#668 = ADVANCED_FACE ( 'NONE', ( #1394 ), #5273, .F. ) ;
#669 = ORIENTED_EDGE ( 'NONE', *, *, #4527, .F. ) ;
#670 = SHAPE_REPRESENTATION_RELATIONSHIP ( 'NONE' , 'NONE' ,  #105, #6155 ) ;
#671 = EDGE_CURVE ( 'NONE', #5562, #3843, #544, .T. ) ;
#672 = EDGE_CURVE ( 'NONE', #3568, #6281, #4323, .T. ) ;
#673 = CARTESIAN_POINT ( 'NONE',  ( -3.873634909763690626, 3.810000000000000053, 0.7448702942612706046 ) ) ;
#674 = FACE_OUTER_BOUND ( 'NONE', #3066, .T. ) ;
#675 = CARTESIAN_POINT ( 'NONE',  ( -1.126143534192404871, 3.132929601890217963, -1.294448767816122281 ) ) ;
#676 = VECTOR ( 'NONE', #1629, 1000.000000000000000 ) ;
#677 = ADVANCED_FACE ( 'NONE', ( #2899 ), #340, .T. ) ;
#678 = ORIENTED_EDGE ( 'NONE', *, *, #3421, .F. ) ;
#679 = AXIS2_PLACEMENT_3D ( 'NONE', #5427, #2054, #4027 ) ;
#680 = DIRECTION ( 'NONE',  ( -4.163336342344335178E-17, -3.885780586188045919E-16, 1.000000000000000000 ) ) ;
#681 = DIRECTION ( 'NONE',  ( -1.000000000000000000, 3.469446951953559878E-18, -3.469446951953549092E-18 ) ) ;
#682 = VERTEX_POINT ( 'NONE', #2260 ) ;
#683 = DIRECTION ( 'NONE',  ( 0.000000000000000000, -0.7071067811865464625, -0.7071067811865486830 ) ) ;
#684 = VECTOR ( 'NONE', #3706, 1000.000000000000000 ) ;
#685 = FACE_OUTER_BOUND ( 'NONE', #1314, .T. ) ;
#686 = EDGE_CURVE ( 'NONE', #5280, #4672, #5241, .T. ) ;
#687 = CARTESIAN_POINT ( 'NONE',  ( 4.864999999999998437, 1.611566968151564527, 0.3748159921583313348 ) ) ;
#688 = CARTESIAN_POINT ( 'NONE',  ( -4.664999999999999147, 1.818235399615122816, 2.515000000000000124 ) ) ;
#689 = ITEM_DEFINED_TRANSFORMATION ( 'NONE', 'NONE', #4280,  #1731 ) ;
#690 = VERTEX_POINT ( 'NONE', #4225 ) ;
#691 = ORIENTED_EDGE ( 'NONE', *, *, #2274, .F. ) ;
#692 = CYLINDRICAL_SURFACE ( 'NONE', #4772, 0.5500000000000002665 ) ;
#693 = LINE ( 'NONE', #1716, #1359 ) ;
#694 = AXIS2_PLACEMENT_3D ( 'NONE', #3440, #2447, #3924 ) ;
#695 = CARTESIAN_POINT ( 'NONE',  ( -2.827778409939249560, 3.810000000000000941, -1.170184699104195314 ) ) ;
#696 = ORIENTED_EDGE ( 'NONE', *, *, #2862, .T. ) ;
#697 = FACE_OUTER_BOUND ( 'NONE', #5839, .T. ) ;
#698 = CARTESIAN_POINT ( 'NONE',  ( 3.873634909763690182, -1.452381048782462436, -0.7448702942612651645 ) ) ;
#699 = APPLICATION_CONTEXT ( 'automotive_design' ) ;
#700 = ORIENTED_EDGE ( 'NONE', *, *, #3854, .F. ) ;
#701 = EDGE_LOOP ( 'NONE', ( #5033, #1140, #122, #931 ) ) ;
#702 = ORIENTED_EDGE ( 'NONE', *, *, #3374, .F. ) ;
#703 = CARTESIAN_POINT ( 'NONE',  ( 1.591125123973731403, 0.2000000000000055622, -1.400000000000000577 ) ) ;
#704 = DIRECTION ( 'NONE',  ( -4.163336342344340108E-17, 1.000000000000000000, 0.000000000000000000 ) ) ;
#705 = EDGE_CURVE ( 'NONE', #3151, #758, #4725, .T. ) ;
#706 = VERTEX_POINT ( 'NONE', #877 ) ;
#707 = DIRECTION ( 'NONE',  ( -1.000000000000000000, -7.376470667572146093E-33, 6.023345402697287394E-17 ) ) ;
#708 = EDGE_CURVE ( 'NONE', #1597, #2115, #3350, .T. ) ;
#709 = DIRECTION ( 'NONE',  ( 0.000000000000000000, -0.7071067811865486830, 0.7071067811865464625 ) ) ;
#710 = ORIENTED_EDGE ( 'NONE', *, *, #2776, .T. ) ;
#711 = EDGE_CURVE ( 'NONE', #2174, #5552, #810, .T. ) ;
#712 = CARTESIAN_POINT ( 'NONE',  ( -3.873634909763690626, -1.452381048782462436, 1.294448767816122059 ) ) ;
#713 = CIRCLE ( 'NONE', #5119, 0.2406747853002429993 ) ;
#714 = EDGE_CURVE ( 'NONE', #3078, #5795, #6260, .T. ) ;
#715 = PRODUCT ( '0154002.DR_2', '0154002.DR_2', '', ( #4975 ) ) ;
#716 = AXIS2_PLACEMENT_3D ( 'NONE', #4546, #1530, #657 ) ;
#717 = PLANE ( 'NONE',  #4043 ) ;
#718 = VERTEX_POINT ( 'NONE', #5730 ) ;
#719 = ORIENTED_EDGE ( 'NONE', *, *, #4601, .F. ) ;
#720 = CARTESIAN_POINT ( 'NONE',  ( 4.864999999999998437, 1.611566968151564527, 0.9999999999999997780 ) ) ;
#721 = VECTOR ( 'NONE', #4202, 1000.000000000000000 ) ;
#722 = CARTESIAN_POINT ( 'NONE',  ( -4.864999999999999325, 1.611566968151564083, 0.3748159921583313348 ) ) ;
#723 = AXIS2_PLACEMENT_3D ( 'NONE', #2148, #1637, #1150 ) ;
#724 = ORIENTED_EDGE ( 'NONE', *, *, #3784, .T. ) ;
#725 = CARTESIAN_POINT ( 'NONE',  ( 1.591125123973731403, 0.2000000000000056732, 0.9999999999999995559 ) ) ;
#726 = EDGE_LOOP ( 'NONE', ( #5779, #448, #6320, #365 ) ) ;
#727 = ADVANCED_BREP_SHAPE_REPRESENTATION ( '', ( #1561, #1731 ), #3987 ) ;
#728 = FACE_OUTER_BOUND ( 'NONE', #1854, .T. ) ;
#729 = DIRECTION ( 'NONE',  ( 0.000000000000000000, 0.000000000000000000, -1.000000000000000000 ) ) ;
#730 = VERTEX_POINT ( 'NONE', #4260 ) ;
#731 = EDGE_LOOP ( 'NONE', ( #6110, #1378, #120, #3955 ) ) ;
#732 = DIRECTION ( 'NONE',  ( 1.000000000000000000, 0.000000000000000000, 0.000000000000000000 ) ) ;
#733 = EDGE_LOOP ( 'NONE', ( #5025, #2661, #1960, #2241 ) ) ;
#734 = DIRECTION ( 'NONE',  ( 0.000000000000000000, 0.000000000000000000, -1.000000000000000000 ) ) ;
#735 = CARTESIAN_POINT ( 'NONE',  ( 1.627778409939249826, 2.883781308246195163, -1.409093428756794886 ) ) ;
#736 = EDGE_CURVE ( 'NONE', #3795, #3311, #3380, .T. ) ;
#737 = ORIENTED_EDGE ( 'NONE', *, *, #1113, .F. ) ;
#738 = ORIENTED_EDGE ( 'NONE', *, *, #1723, .F. ) ;
#739 = AXIS2_PLACEMENT_3D ( 'NONE', #2165, #5024, #597 ) ;
#740 = CARTESIAN_POINT ( 'NONE',  ( -3.752267713333900190, 1.084202172485504311E-16, -1.000000000000000444 ) ) ;
#741 = EDGE_CURVE ( 'NONE', #4956, #1178, #6206, .T. ) ;
#742 = LINE ( 'NONE', #6133, #3976 ) ;
#743 = ORIENTED_EDGE ( 'NONE', *, *, #6311, .T. ) ;
#744 = VECTOR ( 'NONE', #1425, 1000.000000000000000 ) ;
#745 = CARTESIAN_POINT ( 'NONE',  ( -1.874999999999999556, 3.810000000000000053, -2.515000000000000124 ) ) ;
#746 = EDGE_CURVE ( 'NONE', #2110, #3430, #3284, .T. ) ;
#747 = FACE_OUTER_BOUND ( 'NONE', #1151, .T. ) ;
#748 = EDGE_CURVE ( 'NONE', #5173, #3300, #2332, .T. ) ;
#749 = CARTESIAN_POINT ( 'NONE',  ( 4.664999999999999147, 0.7000000000000022871, 0.000000000000000000 ) ) ;
#750 = ORIENTED_EDGE ( 'NONE', *, *, #3436, .T. ) ;
#751 = EDGE_CURVE ( 'NONE', #1112, #4885, #5311, .T. ) ;
#752 = LINE ( 'NONE', #4662, #3232 ) ;
#753 = DIRECTION ( 'NONE',  ( -1.526556658859590983E-16, -1.000000000000000000, 5.508159640947493445E-32 ) ) ;
#754 = AXIS2_PLACEMENT_3D ( 'NONE', #4689, #4281, #6164 ) ;
#755 = DIRECTION ( 'NONE',  ( 1.000000000000000000, -6.245004513516505540E-17, -0.000000000000000000 ) ) ;
#756 = AXIS2_PLACEMENT_3D ( 'NONE', #4265, #5215, #4731 ) ;
#757 = LINE ( 'NONE', #725, #2767 ) ;
#758 = VERTEX_POINT ( 'NONE', #2868 ) ;
#759 = AXIS2_PLACEMENT_3D ( 'NONE', #4941, #3041, #4547 ) ;
#760 = CARTESIAN_POINT ( 'NONE',  ( -2.827778409939249560, 3.509999999996934683, 1.294448767816121171 ) ) ;
#761 = CARTESIAN_POINT ( 'NONE',  ( -1.126143534192405316, 2.372994641670527205, 1.919880095332465064 ) ) ;
#762 = AXIS2_PLACEMENT_3D ( 'NONE', #4437, #4957, #3968 ) ;
#763 = ORIENTED_EDGE ( 'NONE', *, *, #3325, .F. ) ;
#764 = DIRECTION ( 'NONE',  ( 1.000000000000000000, 0.000000000000000000, 0.000000000000000000 ) ) ;
#765 = ORIENTED_EDGE ( 'NONE', *, *, #4294, .F. ) ;
#766 = DIRECTION ( 'NONE',  ( 1.000000000000000000, -4.930380657631323784E-32, -2.911116689277473781E-16 ) ) ;
#767 = FACE_OUTER_BOUND ( 'NONE', #5763, .T. ) ;
#768 = PRODUCT ( '0154002.DR_8', '0154002.DR_8', '', ( #5969 ) ) ;
#769 = VERTEX_POINT ( 'NONE', #4414 ) ;
#770 = CARTESIAN_POINT ( 'NONE',  ( 1.627778409939249826, 2.118235399615123082, 1.294448767816121615 ) ) ;
#771 = VECTOR ( 'NONE', #1232, 1000.000000000000000 ) ;
#772 = CARTESIAN_POINT ( 'NONE',  ( 1.627778409939249826, 2.118235399615123082, 1.394448767816122592 ) ) ;
#773 = CARTESIAN_POINT ( 'NONE',  ( -1.064999999999998614, 1.084202172485504187E-16, -1.000000000000000222 ) ) ;
#774 = VERTEX_POINT ( 'NONE', #5478 ) ;
#775 = CARTESIAN_POINT ( 'NONE',  ( -4.865000000000000213, 3.608173674087660654, -1.895119576905404335 ) ) ;
#776 = ADVANCED_FACE ( 'NONE', ( #1590 ), #1972, .T. ) ;
#777 = VECTOR ( 'NONE', #4775, 1000.000000000000000 ) ;
#778 = CARTESIAN_POINT ( 'NONE',  ( -1.627778409939249826, 3.710000000000000409, 0.9944487678161221256 ) ) ;
#779 = ORIENTED_EDGE ( 'NONE', *, *, #5105, .F. ) ;
#780 = DIRECTION ( 'NONE',  ( 1.000000000000000000, -0.000000000000000000, 0.000000000000000000 ) ) ;
#781 = FACE_OUTER_BOUND ( 'NONE', #5306, .T. ) ;
#782 = VECTOR ( 'NONE', #4716, 1000.000000000000000 ) ;
#783 = EDGE_CURVE ( 'NONE', #3245, #5848, #3001, .T. ) ;
#784 = CARTESIAN_POINT ( 'NONE',  ( 1.894460780100799324, 2.919136647305522470, 1.394448767816122370 ) ) ;
#785 =( GEOMETRIC_REPRESENTATION_CONTEXT ( 3 ) GLOBAL_UNCERTAINTY_ASSIGNED_CONTEXT ( ( #4537 ) ) GLOBAL_UNIT_ASSIGNED_CONTEXT ( ( #5190, #1699, #2723 ) ) REPRESENTATION_CONTEXT ( 'NONE', 'WORKASPACE' ) );
#786 = CARTESIAN_POINT ( 'NONE',  ( -1.126143534192405093, 2.813070630127540550, 1.338382750638140051 ) ) ;
#787 = VECTOR ( 'NONE', #800, 1000.000000000000000 ) ;
#788 = EDGE_LOOP ( 'NONE', ( #193, #3242, #2063, #2917 ) ) ;
#789 = LINE ( 'NONE', #345, #5511 ) ;
#790 = DIRECTION ( 'NONE',  ( 0.000000000000000000, 0.000000000000000000, 1.000000000000000000 ) ) ;
#791 = CARTESIAN_POINT ( 'NONE',  ( 1.627778409939249826, 3.061149402765582561, -1.394448767816122592 ) ) ;
#792 = ADVANCED_FACE ( 'NONE', ( #563 ), #2041, .F. ) ;
#793 = ORIENTED_EDGE ( 'NONE', *, *, #5022, .T. ) ;
#794 = ORIENTED_EDGE ( 'NONE', *, *, #5027, .T. ) ;
#795 = LINE ( 'NONE', #1989, #2212 ) ;
#796 = DIRECTION ( 'NONE',  ( 1.088685050709305688E-16, -1.000000000000000000, 0.000000000000000000 ) ) ;
#797 = ORIENTED_EDGE ( 'NONE', *, *, #4631, .F. ) ;
#798 = PLANE ( 'NONE',  #2794 ) ;
#799 = FACE_OUTER_BOUND ( 'NONE', #357, .T. ) ;
#800 = DIRECTION ( 'NONE',  ( -0.000000000000000000, 1.000000000000000000, 1.224646799147349263E-16 ) ) ;
#801 = ORIENTED_EDGE ( 'NONE', *, *, #3502, .F. ) ;
#802 = DIRECTION ( 'NONE',  ( 9.860761315262647568E-32, -3.097720492815724700E-16, 1.000000000000000000 ) ) ;
#803 = ORIENTED_EDGE ( 'NONE', *, *, #433, .F. ) ;
#804 = DIRECTION ( 'NONE',  ( 1.000000000000000000, -3.469446951953615421E-17, -3.851859888774472390E-33 ) ) ;
#805 = LINE ( 'NONE', #4221, #2087 ) ;
#806 = EDGE_LOOP ( 'NONE', ( #1955, #4577, #2025, #1421 ) ) ;
#807 = FACE_OUTER_BOUND ( 'NONE', #2448, .T. ) ;
#808 = DIRECTION ( 'NONE',  ( -1.000000000000000000, 5.782411586589357392E-17, -0.000000000000000000 ) ) ;
#809 = VECTOR ( 'NONE', #5417, 1000.000000000000000 ) ;
#810 = LINE ( 'NONE', #843, #4339 ) ;
#811 = CIRCLE ( 'NONE', #4018, 0.2999999999999999334 ) ;
#812 =( REPRESENTATION_RELATIONSHIP ('NONE','NONE', #2023, #5514 ) REPRESENTATION_RELATIONSHIP_WITH_TRANSFORMATION ( #5569 )SHAPE_REPRESENTATION_RELATIONSHIP( ) );
#813 = DIRECTION ( 'NONE',  ( -0.000000000000000000, 1.000000000000000000, -1.321701948486275810E-32 ) ) ;
#814 = ORIENTED_EDGE ( 'NONE', *, *, #389, .T. ) ;
#815 = EDGE_CURVE ( 'NONE', #4713, #631, #3454, .T. ) ;
#816 = CIRCLE ( 'NONE', #4931, 0.1500000000000001887 ) ;
#817 = PRODUCT_DEFINITION_SHAPE ( 'NONE', 'NONE',  #3602 ) ;
#818 = LINE ( 'NONE', #1240, #3864 ) ;
#819 = CIRCLE ( 'NONE', #1650, 0.1500000000000001887 ) ;
#820 = DIRECTION ( 'NONE',  ( 0.000000000000000000, -1.000000000000000000, 0.000000000000000000 ) ) ;
#821 = CARTESIAN_POINT ( 'NONE',  ( -1.874999999999999556, 3.061149402765582561, -1.394448767816122592 ) ) ;
#822 = VERTEX_POINT ( 'NONE', #4476 ) ;
#823 = PRODUCT_CONTEXT ( 'NONE', #5699, 'mechanical' ) ;
#824 = VERTEX_POINT ( 'NONE', #4963 ) ;
#825 = ADVANCED_FACE ( 'NONE', ( #1003 ), #1108, .F. ) ;
#826 = EDGE_CURVE ( 'NONE', #5492, #3360, #3323, .T. ) ;
#827 = CARTESIAN_POINT ( 'NONE',  ( -4.664999999999999147, 0.6053979116170363772, -0.4184320681164753752 ) ) ;
#828 = CARTESIAN_POINT ( 'NONE',  ( 0.000000000000000000, 0.000000000000000000, 0.4000000000000000222 ) ) ;
#829 = ORIENTED_EDGE ( 'NONE', *, *, #2955, .F. ) ;
#830 = DIRECTION ( 'NONE',  ( 0.000000000000000000, -1.000000000000000000, 0.000000000000000000 ) ) ;
#831 = ADVANCED_FACE ( 'NONE', ( #2458 ), #974, .T. ) ;
#832 = LINE ( 'NONE', #2824, #1514 ) ;
#833 = CYLINDRICAL_SURFACE ( 'NONE', #378, 0.6251840078416682767 ) ;
#834 = ORIENTED_EDGE ( 'NONE', *, *, #1107, .F. ) ;
#835 = CARTESIAN_POINT ( 'NONE',  ( 3.752267713333900190, -3.457305373838383592E-15, -2.022226441606597646E-30 ) ) ;
#836 = ORIENTED_EDGE ( 'NONE', *, *, #1839, .F. ) ;
#837 = PLANE ( 'NONE',  #5307 ) ;
#838 = DIRECTION ( 'NONE',  ( 4.214856327685356333E-31, -1.224646799147351235E-16, 1.000000000000000000 ) ) ;
#839 = ORIENTED_EDGE ( 'NONE', *, *, #2904, .T. ) ;
#840 = CARTESIAN_POINT ( 'NONE',  ( 2.827778409939249560, 1.818235399615123482, 1.294448767816120949 ) ) ;
#841 = DIRECTION ( 'NONE',  ( -1.000000000000000000, -4.163336342344337027E-17, -4.163336342344337027E-17 ) ) ;
#842 = AXIS2_PLACEMENT_3D ( 'NONE', #2387, #2861, #4347 ) ;
#843 = CARTESIAN_POINT ( 'NONE',  ( 3.873634909763689738, 1.818235399615122816, -1.294448767816116286 ) ) ;
#844 = VECTOR ( 'NONE', #5919, 1000.000000000000000 ) ;
#845 = AXIS2_PLACEMENT_3D ( 'NONE', #1455, #5410, #529 ) ;
#846 = DIRECTION ( 'NONE',  ( -1.000000000000000000, -0.000000000000000000, -0.000000000000000000 ) ) ;
#847 = ORIENTED_EDGE ( 'NONE', *, *, #6002, .F. ) ;
#848 = CARTESIAN_POINT ( 'NONE',  ( 1.627778409939248716, 2.118235399615123082, -1.294448767816123169 ) ) ;
#849 = PLANE ( 'NONE',  #4272 ) ;
#850 = LINE ( 'NONE', #2811, #6280 ) ;
#851 = VECTOR ( 'NONE', #841, 1000.000000000000000 ) ;
#852 = ORIENTED_EDGE ( 'NONE', *, *, #2441, .F. ) ;
#853 = EDGE_CURVE ( 'NONE', #1640, #822, #1554, .T. ) ;
#854 = AXIS2_PLACEMENT_3D ( 'NONE', #1623, #3158, #2678 ) ;
#855 = APPLICATION_PROTOCOL_DEFINITION ( 'draft international standard', 'automotive_design', 1998, #2912 ) ;
#856 = ORIENTED_EDGE ( 'NONE', *, *, #5153, .T. ) ;
#857 = CYLINDRICAL_SURFACE ( 'NONE', #1906, 0.2999999999999999334 ) ;
#858 = DIRECTION ( 'NONE',  ( 1.000000000000000000, -1.526556658859590983E-16, 3.191891195797326533E-16 ) ) ;
#859 = EDGE_CURVE ( 'NONE', #1078, #360, #4932, .T. ) ;
#860 = ADVANCED_FACE ( 'NONE', ( #3977 ), #5513, .T. ) ;
#861 = EDGE_CURVE ( 'NONE', #4523, #2226, #464, .T. ) ;
#862 = ORIENTED_EDGE ( 'NONE', *, *, #3888, .T. ) ;
#863 = ORIENTED_EDGE ( 'NONE', *, *, #2677, .F. ) ;
#864 = CARTESIAN_POINT ( 'NONE',  ( -3.873634909763690182, 3.810000000000000053, -0.7448702942612719369 ) ) ;
#865 = CARTESIAN_POINT ( 'NONE',  ( -1.627778409939249382, 3.810000000000000053, -6.112362009258934818E-16 ) ) ;
#866 = ORIENTED_EDGE ( 'NONE', *, *, #299, .T. ) ;
#867 = CARTESIAN_POINT ( 'NONE',  ( 1.126143534192405093, 3.132929601890217963, 1.294448767816122281 ) ) ;
#868 = ORIENTED_EDGE ( 'NONE', *, *, #469, .T. ) ;
#869 = LINE ( 'NONE', #6226, #3115 ) ;
#870 = DIRECTION ( 'NONE',  ( 1.000000000000000000, 0.000000000000000000, -0.000000000000000000 ) ) ;
#871 = ORIENTED_EDGE ( 'NONE', *, *, #905, .T. ) ;
#872 = FACE_OUTER_BOUND ( 'NONE', #3848, .T. ) ;
#873 = CARTESIAN_POINT ( 'NONE',  ( 4.864999999999998437, 0.6053979116170363772, 0.4184320681164753197 ) ) ;
#874 = VECTOR ( 'NONE', #574, 1000.000000000000000 ) ;
#875 = ADVANCED_FACE ( 'NONE', ( #2490 ), #63, .F. ) ;
#876 = UNCERTAINTY_MEASURE_WITH_UNIT (LENGTH_MEASURE( 1.000000000000000082E-05 ), #5493, 'distance_accuracy_value', 'NONE');
#877 = CARTESIAN_POINT ( 'NONE',  ( -1.627778409939249826, 3.061149402765582561, 1.394448767816122592 ) ) ;
#878 = DIRECTION ( 'NONE',  ( -0.000000000000000000, -1.000000000000000000, -1.321701948486275810E-32 ) ) ;
#879 = ORIENTED_EDGE ( 'NONE', *, *, #2213, .T. ) ;
#880 = AXIS2_PLACEMENT_3D ( 'NONE', #2750, #1334, #5246 ) ;
#881 = PLANE ( 'NONE',  #3489 ) ;
#882 = DIRECTION ( 'NONE',  ( -0.7071067811865482389, 0.7071067811865469066, 0.000000000000000000 ) ) ;
#883 = DIRECTION ( 'NONE',  ( 0.000000000000000000, -1.000000000000000000, 0.000000000000000000 ) ) ;
#884 = CARTESIAN_POINT ( 'NONE',  ( 3.127778409939249382, 1.942499468327051781, 0.9944487678161212374 ) ) ;
#885 = MECHANICAL_DESIGN_GEOMETRIC_PRESENTATION_REPRESENTATION (  '', ( #5605 ), #1100 ) ;
#886 = ORIENTED_EDGE ( 'NONE', *, *, #2052, .F. ) ;
#887 = CARTESIAN_POINT ( 'NONE',  ( 0.000000000000000000, 0.000000000000000000, 0.000000000000000000 ) ) ;
#888 = ORIENTED_EDGE ( 'NONE', *, *, #4821, .F. ) ;
#889 = CARTESIAN_POINT ( 'NONE',  ( -2.986176789632889239, 2.118235399615123082, -1.194448767816121082 ) ) ;
#890 = CARTESIAN_POINT ( 'NONE',  ( 1.627778409939249826, 3.061149402765582561, 1.394448767816122592 ) ) ;
#891 = VECTOR ( 'NONE', #3366, 1000.000000000000000 ) ;
#892 = VERTEX_POINT ( 'NONE', #4509 ) ;
#893 = EDGE_CURVE ( 'NONE', #2304, #5280, #4044, .T. ) ;
#894 = DIRECTION ( 'NONE',  ( 1.000000000000000000, 3.469446951953614805E-17, 4.163336342344338259E-17 ) ) ;
#895 = VERTEX_POINT ( 'NONE', #4894 ) ;
#896 = CARTESIAN_POINT ( 'NONE',  ( -3.873634909763690182, 1.818235399615123704, -0.7448702942612720479 ) ) ;
#897 = EDGE_CURVE ( 'NONE', #322, #2403, #5860, .T. ) ;
#898 = ORIENTED_EDGE ( 'NONE', *, *, #1628, .F. ) ;
#899 = DIRECTION ( 'NONE',  ( 1.000000000000000000, -0.000000000000000000, 0.000000000000000000 ) ) ;
#900 = DIRECTION ( 'NONE',  ( 1.000000000000000000, 2.200720768989609748E-17, 6.125951915699055677E-17 ) ) ;
#901 = ORIENTED_EDGE ( 'NONE', *, *, #5580, .F. ) ;
#902 = CARTESIAN_POINT ( 'NONE',  ( 4.864999999999998437, 1.611566968151564527, 0.3748159921583313348 ) ) ;
#903 = CARTESIAN_POINT ( 'NONE',  ( -1.366818319492648204, 3.132929601890217963, 1.394448767816122592 ) ) ;
#904 = EDGE_CURVE ( 'NONE', #5133, #5144, #500, .T. ) ;
#905 = EDGE_CURVE ( 'NONE', #5038, #1899, #1199, .T. ) ;
#906 =( GEOMETRIC_REPRESENTATION_CONTEXT ( 3 ) GLOBAL_UNCERTAINTY_ASSIGNED_CONTEXT ( ( #5760 ) ) GLOBAL_UNIT_ASSIGNED_CONTEXT ( ( #3398, #3299, #2921 ) ) REPRESENTATION_CONTEXT ( 'NONE', 'WORKASPACE' ) );
#907 = DIRECTION ( 'NONE',  ( -4.318084277547222313E-78, -1.000000000000000000, 2.189528850507526673E-47 ) ) ;
#908 = DIRECTION ( 'NONE',  ( 1.000000000000000000, -0.000000000000000000, 0.000000000000000000 ) ) ;
#909 = ORIENTED_EDGE ( 'NONE', *, *, #1115, .T. ) ;
#910 = DIRECTION ( 'NONE',  ( 3.497202527569243102E-15, 1.000000000000000000, 1.224646799147345565E-16 ) ) ;
#911 = DIRECTION ( 'NONE',  ( -0.000000000000000000, -0.7071067811865487940, -0.7071067811865463515 ) ) ;
#912 = CARTESIAN_POINT ( 'NONE',  ( -1.591125123973732070, -1.059012556479415856E-14, -1.540743955509788682E-30 ) ) ;
#913 = CARTESIAN_POINT ( 'NONE',  ( -4.864999999999999325, 0.000000000000000000, 0.4000000000000000222 ) ) ;
#914 = ORIENTED_EDGE ( 'NONE', *, *, #3341, .T. ) ;
#915 = VECTOR ( 'NONE', #2144, 1000.000000000000000 ) ;
#916 = APPLICATION_PROTOCOL_DEFINITION ( 'draft international standard', 'automotive_design', 1998, #3236 ) ;
#917 = ORIENTED_EDGE ( 'NONE', *, *, #4251, .F. ) ;
#918 = VECTOR ( 'NONE', #3658, 1000.000000000000000 ) ;
#919 = CARTESIAN_POINT ( 'NONE',  ( -1.627778409939249382, 2.372994641670527205, 1.919880095332465508 ) ) ;
#920 = LINE ( 'NONE', #5393, #2471 ) ;
#921 = VECTOR ( 'NONE', #435, 1000.000000000000000 ) ;
#922 = COLOUR_RGB ( '',1.000000000000000000, 1.000000000000000000, 1.000000000000000000 ) ;
#923 = ORIENTED_EDGE ( 'NONE', *, *, #2827, .T. ) ;
#924 = LINE ( 'NONE', #2819, #1424 ) ;
#925 = VERTEX_POINT ( 'NONE', #3190 ) ;
#926 = CARTESIAN_POINT ( 'NONE',  ( -1.126143534192404871, 3.019781114811264544, -1.131672265954415391 ) ) ;
#927 = DIRECTION ( 'NONE',  ( -1.000000000000000000, 0.000000000000000000, 0.000000000000000000 ) ) ;
#928 = ORIENTED_EDGE ( 'NONE', *, *, #438, .T. ) ;
#929 = DIRECTION ( 'NONE',  ( -3.552713678800500140E-15, 1.000000000000000000, 0.000000000000000000 ) ) ;
#930 = EDGE_CURVE ( 'NONE', #1564, #5598, #1166, .T. ) ;
#931 = ORIENTED_EDGE ( 'NONE', *, *, #905, .F. ) ;
#932 = CARTESIAN_POINT ( 'NONE',  ( -4.865000000000000213, 3.510000000000000231, 1.611637779048592956 ) ) ;
#933 = DIRECTION ( 'NONE',  ( -3.441691376337985670E-15, 1.000000000000000000, 1.224646799147351235E-16 ) ) ;
#934 = EDGE_LOOP ( 'NONE', ( #1797, #4256, #2691, #737 ) ) ;
#935 = FACE_OUTER_BOUND ( 'NONE', #643, .T. ) ;
#937 = FACE_OUTER_BOUND ( 'NONE', #4398, .T. ) ;
#936 = APPLICATION_CONTEXT ( 'automotive_design' ) ;
#938 = DIRECTION ( 'NONE',  ( -1.000000000000000000, 0.000000000000000000, -7.891154582329502122E-16 ) ) ;
#939 = EDGE_CURVE ( 'NONE', #1992, #1686, #3643, .T. ) ;
#940 = ADVANCED_FACE ( 'NONE', ( #6135 ), #4161, .F. ) ;
#941 = CARTESIAN_POINT ( 'NONE',  ( 4.864999999999998437, 0.6053979116170363772, 0.4184320681164753197 ) ) ;
#942 = ADVANCED_FACE ( 'NONE', ( #2617 ), #5050, .T. ) ;
#943 = ORIENTED_EDGE ( 'NONE', *, *, #2330, .T. ) ;
#944 = DIRECTION ( 'NONE',  ( -0.000000000000000000, -0.7071067811865462405, 0.7071067811865489050 ) ) ;
#945 = AXIS2_PLACEMENT_3D ( 'NONE', #467, #4356, #3876 ) ;
#946 = CARTESIAN_POINT ( 'NONE',  ( 1.126143534192404871, 2.883781308246195163, 1.409093428756794886 ) ) ;
#947 = DIRECTION ( 'NONE',  ( -3.497202527569243102E-15, -1.000000000000000000, 0.000000000000000000 ) ) ;
#948 = CARTESIAN_POINT ( 'NONE',  ( 1.627778409939249826, 2.118235399615123082, -1.394448767816122592 ) ) ;
#949 = DIRECTION ( 'NONE',  ( -0.000000000000000000, 1.000000000000000000, 0.000000000000000000 ) ) ;
#950 = VECTOR ( 'NONE', #1840, 1000.000000000000000 ) ;
#951 = ORIENTED_EDGE ( 'NONE', *, *, #2711, .F. ) ;
#952 = ORIENTED_EDGE ( 'NONE', *, *, #5709, .T. ) ;
#953 = ORIENTED_EDGE ( 'NONE', *, *, #3690, .F. ) ;
#954 = CARTESIAN_POINT ( 'NONE',  ( -3.873634909763690626, 1.818235399615123704, 0.7448702942612706046 ) ) ;
#955 = LINE ( 'NONE', #3329, #5228 ) ;
#956 = EDGE_CURVE ( 'NONE', #3795, #1788, #5078, .T. ) ;
#957 = VECTOR ( 'NONE', #5235, 1000.000000000000000 ) ;
#958 = AXIS2_PLACEMENT_3D ( 'NONE', #4298, #6237, #3813 ) ;
#959 = ORIENTED_EDGE ( 'NONE', *, *, #2749, .F. ) ;
#960 = CARTESIAN_POINT ( 'NONE',  ( 1.627778409939250048, 2.813070630127540550, -1.338382750638140051 ) ) ;
#961 = ORIENTED_EDGE ( 'NONE', *, *, #3995, .T. ) ;
#962 = AXIS2_PLACEMENT_3D ( 'NONE', #3492, #1044, #3008 ) ;
#963 = LINE ( 'NONE', #4498, #5305 ) ;
#964 = ORIENTED_EDGE ( 'NONE', *, *, #3512, .F. ) ;
#965 = CARTESIAN_POINT ( 'NONE',  ( -4.864999999999999325, 0.6053979116170363772, 0.3748159921583313348 ) ) ;
#966 = EDGE_LOOP ( 'NONE', ( #2642, #492, #4717, #1226 ) ) ;
#967 = LINE ( 'NONE', #3964, #650 ) ;
#968 = ORIENTED_EDGE ( 'NONE', *, *, #2402, .T. ) ;
#969 = CARTESIAN_POINT ( 'NONE',  ( -1.874999999999999556, 3.373604387190460852, 1.394448767816122592 ) ) ;
#970 = FACE_OUTER_BOUND ( 'NONE', #5695, .T. ) ;
#971 = CARTESIAN_POINT ( 'NONE',  ( -4.664999999999999147, 3.810000000000000053, -1.825224324045338076 ) ) ;
#972 = CARTESIAN_POINT ( 'NONE',  ( -1.366818319492648204, 3.373604387190460407, -1.294448767816122281 ) ) ;
#973 = EDGE_CURVE ( 'NONE', #5585, #1479, #6106, .T. ) ;
#974 = PLANE ( 'NONE',  #3628 ) ;
#975 = DIRECTION ( 'NONE',  ( 1.000000000000000000, 0.000000000000000000, 0.000000000000000000 ) ) ;
#976 = ORIENTED_EDGE ( 'NONE', *, *, #1845, .F. ) ;
#977 = VERTEX_POINT ( 'NONE', #649 ) ;
#978 = LINE ( 'NONE', #5832, #4015 ) ;
#979 = EDGE_CURVE ( 'NONE', #6074, #1317, #1711, .T. ) ;
#980 = VECTOR ( 'NONE', #3488, 1000.000000000000000 ) ;
#981 = CARTESIAN_POINT ( 'NONE',  ( -1.627778409939249826, 3.061149402765582561, 1.294448767816122281 ) ) ;
#982 = DIRECTION ( 'NONE',  ( -0.000000000000000000, 0.000000000000000000, -1.000000000000000000 ) ) ;
#983 = CARTESIAN_POINT ( 'NONE',  ( -1.126143534192404871, 2.883781308246195163, -1.409093428756794886 ) ) ;
#984 = DIRECTION ( 'NONE',  ( -2.958228394578794270E-31, 3.097720492815728645E-16, -1.000000000000000000 ) ) ;
#985 = ORIENTED_EDGE ( 'NONE', *, *, #5623, .T. ) ;
#986 = VECTOR ( 'NONE', #1783, 1000.000000000000000 ) ;
#987 = VERTEX_POINT ( 'NONE', #3709 ) ;
#988 = CONTEXT_DEPENDENT_SHAPE_REPRESENTATION ( #4226, #5638 ) ;
#989 = EDGE_LOOP ( 'NONE', ( #3233, #1949, #2322, #3051, #4503, #2954 ) ) ;
#990 = DIRECTION ( 'NONE',  ( 0.000000000000000000, 0.000000000000000000, -1.000000000000000000 ) ) ;
#991 = CARTESIAN_POINT ( 'NONE',  ( 2.827778409939249560, 2.118235399615123082, 1.294448767816121171 ) ) ;
#992 = AXIS2_PLACEMENT_3D ( 'NONE', #4125, #4034, #1129 ) ;
#993 = ADVANCED_FACE ( 'NONE', ( #685 ), #4630, .F. ) ;
#994 = ADVANCED_FACE ( 'NONE', ( #2190 ), #6076, .T. ) ;
#995 = VERTEX_POINT ( 'NONE', #5626 ) ;
#996 = ORIENTED_EDGE ( 'NONE', *, *, #2480, .T. ) ;
#997 = DIRECTION ( 'NONE',  ( 1.000000000000000000, 6.938893903907228378E-17, -2.696301922142129647E-32 ) ) ;
#998 = VERTEX_POINT ( 'NONE', #1227 ) ;
#999 = DIRECTION ( 'NONE',  ( 3.944304526105059027E-31, 1.401298464324816760E-45, -1.000000000000000000 ) ) ;
#1000 = ORIENTED_EDGE ( 'NONE', *, *, #4952, .F. ) ;
#1001 = CARTESIAN_POINT ( 'NONE',  ( 1.875000000000000666, 3.810000000000000053, -1.294448767816115176 ) ) ;
#1002 = CARTESIAN_POINT ( 'NONE',  ( 4.314999999999999503, 0.5499999999999992673, -1.000000000000000444 ) ) ;
#1003 = FACE_OUTER_BOUND ( 'NONE', #3655, .T. ) ;
#1004 = CARTESIAN_POINT ( 'NONE',  ( -1.366818319492648204, 3.373604387190460407, -1.294448767816122281 ) ) ;
#1005 = VERTEX_POINT ( 'NONE', #5021 ) ;
#1006 = FACE_OUTER_BOUND ( 'NONE', #731, .T. ) ;
#1007 = CARTESIAN_POINT ( 'NONE',  ( 2.827778409939248672, 3.685735931288073974, -1.294448767816122725 ) ) ;
#1008 = FACE_OUTER_BOUND ( 'NONE', #5884, .T. ) ;
#1009 = PLANE ( 'NONE',  #5888 ) ;
#1010 = DIRECTION ( 'NONE',  ( 0.000000000000000000, 1.000000000000000000, -0.000000000000000000 ) ) ;
#1011 = DIRECTION ( 'NONE',  ( -4.956352788505160310E-15, -1.000000000000000000, -6.195440985631450387E-16 ) ) ;
#1012 = VERTEX_POINT ( 'NONE', #5141 ) ;
#1013 = ORIENTED_EDGE ( 'NONE', *, *, #2776, .F. ) ;
#1014 = ITEM_DEFINED_TRANSFORMATION ( 'NONE', 'NONE', #4787,  #1731 ) ;
#1015 = CYLINDRICAL_SURFACE ( 'NONE', #2216, 0.2999999999999999334 ) ;
#1016 = DIRECTION ( 'NONE',  ( -0.000000000000000000, 0.000000000000000000, -1.000000000000000000 ) ) ;
#1017 = VECTOR ( 'NONE', #846, 1000.000000000000000 ) ;
#1018 = EDGE_CURVE ( 'NONE', #4394, #3422, #3123, .T. ) ;
#1019 = AXIS2_PLACEMENT_3D ( 'NONE', #3007, #3526, #5028 ) ;
#1020 = ORIENTED_EDGE ( 'NONE', *, *, #5425, .T. ) ;
#1021 =( NAMED_UNIT ( * ) SI_UNIT ( $, .STERADIAN. ) SOLID_ANGLE_UNIT ( ) );
#1022 = VERTEX_POINT ( 'NONE', #4602 ) ;
#1023 = EDGE_CURVE ( 'NONE', #617, #4606, #2163, .T. ) ;
#1024 = VECTOR ( 'NONE', #3382, 1000.000000000000000 ) ;
#1025 = DIRECTION ( 'NONE',  ( -0.000000000000000000, -1.000000000000000000, 1.321701948486275810E-32 ) ) ;
#1026 = FILL_AREA_STYLE_COLOUR ( '', #5188 ) ;
#1027 = VERTEX_POINT ( 'NONE', #4104 ) ;
#1028 = VECTOR ( 'NONE', #2440, 1000.000000000000000 ) ;
#1029 = CARTESIAN_POINT ( 'NONE',  ( -4.315000000000000391, -1.064183463572734904E-15, -1.540743955509788682E-30 ) ) ;
#1030 = EDGE_CURVE ( 'NONE', #1118, #1005, #2106, .T. ) ;
#1031 = ORIENTED_EDGE ( 'NONE', *, *, #4063, .T. ) ;
#1032 = FACE_OUTER_BOUND ( 'NONE', #2125, .T. ) ;
#1033 = LINE ( 'NONE', #3515, #2494 ) ;
#1034 = DIRECTION ( 'NONE',  ( 0.000000000000000000, -1.000000000000000000, -3.942553354492740573E-16 ) ) ;
#1035 = PLANE ( 'NONE',  #4781 ) ;
#1036 = EDGE_LOOP ( 'NONE', ( #1404, #5221, #2687, #5168 ) ) ;
#1037 = DIRECTION ( 'NONE',  ( -1.000000000000000000, -3.469446951953614805E-17, -4.163336342344338259E-17 ) ) ;
#1038 = LINE ( 'NONE', #4510, #5526 ) ;
#1039 = EDGE_LOOP ( 'NONE', ( #5013, #2507, #3342, #1805 ) ) ;
#1040 = CARTESIAN_POINT ( 'NONE',  ( 1.627778409939248716, 3.510000000000000231, -1.194448767816122636 ) ) ;
#1041 = LINE ( 'NONE', #2525, #272 ) ;
#1042 = CARTESIAN_POINT ( 'NONE',  ( -1.366818319492648204, 2.813070630127540550, -1.338382750638140051 ) ) ;
#1043 = CARTESIAN_POINT ( 'NONE',  ( -4.165000000000000036, 0.2000000000000000944, 2.515000000000000124 ) ) ;
#1044 = DIRECTION ( 'NONE',  ( 1.177569344012826013E-16, -0.7071067811865487940, -0.7071067811865463515 ) ) ;
#1045 = ORIENTED_EDGE ( 'NONE', *, *, #5583, .T. ) ;
#1046 = VECTOR ( 'NONE', #1592, 1000.000000000000000 ) ;
#1047 = DIRECTION ( 'NONE',  ( 1.000000000000000000, 0.000000000000000000, 0.000000000000000000 ) ) ;
#1048 = ORIENTED_EDGE ( 'NONE', *, *, #1998, .T. ) ;
#1049 = DIRECTION ( 'NONE',  ( -1.000000000000000000, 0.000000000000000000, 3.350313119968968612E-16 ) ) ;
#1050 = CARTESIAN_POINT ( 'NONE',  ( 2.827778409939249560, 1.818235399615123482, 1.294448767816121393 ) ) ;
#1051 = AXIS2_PLACEMENT_3D ( 'NONE', #5761, #938, #401 ) ;
#1052 = EDGE_CURVE ( 'NONE', #2388, #1749, #4074, .T. ) ;
#1053 = VERTEX_POINT ( 'NONE', #1256 ) ;
#1054 = VECTOR ( 'NONE', #1294, 1000.000000000000000 ) ;
#1055 = VERTEX_POINT ( 'NONE', #1682 ) ;
#1056 = LINE ( 'NONE', #1542, #5411 ) ;
#1057 = DIRECTION ( 'NONE',  ( 0.000000000000000000, 1.000000000000000000, -1.321701948486275810E-32 ) ) ;
#1058 = LINE ( 'NONE', #3999, #4676 ) ;
#1059 = VECTOR ( 'NONE', #6045, 1000.000000000000000 ) ;
#1060 = ORIENTED_EDGE ( 'NONE', *, *, #6158, .T. ) ;
#1061 = EDGE_CURVE ( 'NONE', #3598, #2343, #4130, .T. ) ;
#1062 = EDGE_CURVE ( 'NONE', #5592, #987, #5778, .T. ) ;
#1063 = AXIS2_PLACEMENT_3D ( 'NONE', #3635, #2123, #5070 ) ;
#1064 = ADVANCED_FACE ( 'NONE', ( #3216 ), #4344, .T. ) ;
#1065 = CARTESIAN_POINT ( 'NONE',  ( 4.664999999999999147, 0.000000000000000000, 0.000000000000000000 ) ) ;
#1066 = ORIENTED_EDGE ( 'NONE', *, *, #3731, .T. ) ;
#1067 = STYLED_ITEM ( 'NONE', ( #5890 ), #1561 ) ;
#1068 = CARTESIAN_POINT ( 'NONE',  ( -1.627778409939249826, 3.061149402765582561, 1.394448767816122592 ) ) ;
#1069 = CARTESIAN_POINT ( 'NONE',  ( 1.126143534192404871, 2.372994641670527205, 1.919880095332464842 ) ) ;
#1070 = DIRECTION ( 'NONE',  ( 0.000000000000000000, 0.000000000000000000, 1.000000000000000000 ) ) ;
#1071 = DIRECTION ( 'NONE',  ( 0.000000000000000000, 1.000000000000000000, -3.481703215984523352E-32 ) ) ;
#1072 = ORIENTED_EDGE ( 'NONE', *, *, #5856, .F. ) ;
#1073 = AXIS2_PLACEMENT_3D ( 'NONE', #3604, #2514, #614 ) ;
#1074 = UNCERTAINTY_MEASURE_WITH_UNIT (LENGTH_MEASURE( 1.000000000000000082E-05 ), #5108, 'distance_accuracy_value', 'NONE');
#1075 = EDGE_CURVE ( 'NONE', #4253, #2232, #2354, .T. ) ;
#1076 = DIRECTION ( 'NONE',  ( 1.000000000000000000, -3.497202527569243102E-15, -0.000000000000000000 ) ) ;
#1077 = CARTESIAN_POINT ( 'NONE',  ( 4.664999999999999147, 0.7000000000000022871, 0.000000000000000000 ) ) ;
#1078 = VERTEX_POINT ( 'NONE', #4219 ) ;
#1079 = DIRECTION ( 'NONE',  ( -1.000000000000000000, 0.000000000000000000, 3.350313119968968612E-16 ) ) ;
#1080 = CARTESIAN_POINT ( 'NONE',  ( -3.127778409939248494, 2.118235399615123082, -0.9944487678161237909 ) ) ;
#1081 = EDGE_CURVE ( 'NONE', #4107, #4386, #2766, .T. ) ;
#1082 = CARTESIAN_POINT ( 'NONE',  ( -4.664999999999999147, 0.000000000000000000, -0.4000000000000000222 ) ) ;
#1083 = CYLINDRICAL_SURFACE ( 'NONE', #3737, 0.1999999999999998723 ) ;
#1084 = ORIENTED_EDGE ( 'NONE', *, *, #2951, .F. ) ;
#1085 = CARTESIAN_POINT ( 'NONE',  ( -4.865000000000000213, 3.810000000000000053, 1.611637779048593400 ) ) ;
#1086 = ORIENTED_EDGE ( 'NONE', *, *, #1541, .T. ) ;
#1087 = VECTOR ( 'NONE', #1558, 1000.000000000000000 ) ;
#1088 = CARTESIAN_POINT ( 'NONE',  ( -2.986176789632889239, 3.510000000000000231, -0.9944487678161210154 ) ) ;
#1089 = CARTESIAN_POINT ( 'NONE',  ( 3.127778409939248938, 3.610000000000001208, 0.7448702942612743794 ) ) ;
#1090 = VERTEX_POINT ( 'NONE', #867 ) ;
#1091 =( NAMED_UNIT ( * ) SI_UNIT ( $, .STERADIAN. ) SOLID_ANGLE_UNIT ( ) );
#1092 = EDGE_LOOP ( 'NONE', ( #2593, #1522, #738, #1502 ) ) ;
#1093 = VECTOR ( 'NONE', #3687, 1000.000000000000000 ) ;
#1094 = VECTOR ( 'NONE', #1995, 1000.000000000000000 ) ;
#1095 = CARTESIAN_POINT ( 'NONE',  ( -1.627778409939249826, 2.919136647305522470, -1.394448767816122370 ) ) ;
#1096 = DIRECTION ( 'NONE',  ( 1.088685050709305688E-16, -1.000000000000000000, 0.000000000000000000 ) ) ;
#1097 = CARTESIAN_POINT ( 'NONE',  ( -1.366818319492648204, 2.883781308246195163, 1.409093428756795108 ) ) ;
#1098 = DIRECTION ( 'NONE',  ( 0.000000000000000000, 0.000000000000000000, -1.000000000000000000 ) ) ;
#1099 = PRODUCT_DEFINITION_FORMATION_WITH_SPECIFIED_SOURCE ( 'ANY', '', #3177, .NOT_KNOWN. ) ;
#1100 =( GEOMETRIC_REPRESENTATION_CONTEXT ( 3 ) GLOBAL_UNCERTAINTY_ASSIGNED_CONTEXT ( ( #3122 ) ) GLOBAL_UNIT_ASSIGNED_CONTEXT ( ( #126, #5985, #2582 ) ) REPRESENTATION_CONTEXT ( 'NONE', 'WORKASPACE' ) );
#1101 = EDGE_LOOP ( 'NONE', ( #5584, #6013, #3239, #5073 ) ) ;
#1102 = EDGE_CURVE ( 'NONE', #1581, #2010, #1768, .T. ) ;
#1103 = DIRECTION ( 'NONE',  ( 3.350313119968968612E-16, -1.022693426037462838E-32, -1.000000000000000000 ) ) ;
#1104 = DIRECTION ( 'NONE',  ( 0.000000000000000000, -1.000000000000000000, 0.000000000000000000 ) ) ;
#1105 = DIRECTION ( 'NONE',  ( 0.000000000000000000, -1.000000000000000000, -3.942553354492741559E-16 ) ) ;
#1106 = ORIENTED_EDGE ( 'NONE', *, *, #1734, .T. ) ;
#1107 = EDGE_CURVE ( 'NONE', #4704, #5102, #3736, .T. ) ;
#1108 = PLANE ( 'NONE',  #5571 ) ;
#1109 = AXIS2_PLACEMENT_3D ( 'NONE', #1896, #390, #3335 ) ;
#1110 = AXIS2_PLACEMENT_3D ( 'NONE', #687, #5480, #1624 ) ;
#1111 = LINE ( 'NONE', #2138, #1046 ) ;
#1112 = VERTEX_POINT ( 'NONE', #3247 ) ;
#1113 = EDGE_CURVE ( 'NONE', #2115, #1210, #1864, .T. ) ;
#1114 = CARTESIAN_POINT ( 'NONE',  ( 1.627778409939249382, 1.818235399615123482, -6.112362009258933832E-16 ) ) ;
#1115 = EDGE_CURVE ( 'NONE', #3915, #2573, #1351, .T. ) ;
#1116 = DIRECTION ( 'NONE',  ( -0.000000000000000000, -1.000000000000000000, -1.224646799147349263E-16 ) ) ;
#1117 = LINE ( 'NONE', #5996, #4352 ) ;
#1118 = VERTEX_POINT ( 'NONE', #5301 ) ;
#1119 = DIRECTION ( 'NONE',  ( -0.000000000000000000, -1.000000000000000000, -0.000000000000000000 ) ) ;
#1120 = ORIENTED_EDGE ( 'NONE', *, *, #2107, .T. ) ;
#1121 = ADVANCED_BREP_SHAPE_REPRESENTATION ( '', ( #3974, #1731 ), #906 ) ;
#1122 = CARTESIAN_POINT ( 'NONE',  ( -1.591125123973731181, 0.2000000000000056732, 1.399999999999999245 ) ) ;
#1123 = DIRECTION ( 'NONE',  ( 0.000000000000000000, 1.000000000000000000, 1.224646799147349263E-16 ) ) ;
#1124 = AXIS2_PLACEMENT_3D ( 'NONE', #5590, #6191, #2217 ) ;
#1125 = ORIENTED_EDGE ( 'NONE', *, *, #1113, .T. ) ;
#1126 = SHAPE_REPRESENTATION_RELATIONSHIP ( 'NONE' , 'NONE' ,  #5289, #5710 ) ;
#1127 = DIRECTION ( 'NONE',  ( 0.000000000000000000, 0.000000000000000000, -1.000000000000000000 ) ) ;
#1128 = CARTESIAN_POINT ( 'NONE',  ( -1.366818319492648204, 3.373604387190460852, 1.394448767816122592 ) ) ;
#1129 = DIRECTION ( 'NONE',  ( 4.163336342344335178E-17, 0.000000000000000000, 1.000000000000000000 ) ) ;
#1130 = ORIENTED_EDGE ( 'NONE', *, *, #1052, .T. ) ;
#1131 = SURFACE_STYLE_FILL_AREA ( #56 ) ;
#1132 = VECTOR ( 'NONE', #2877, 1000.000000000000000 ) ;
#1133 = DIRECTION ( 'NONE',  ( -7.778769097326426270E-62, 1.000000000000000000, 1.534091707905539378E-92 ) ) ;
#1134 = FILL_AREA_STYLE ('',( #3576 ) ) ;
#1135 = EDGE_LOOP ( 'NONE', ( #2552, #2277, #188, #3477, #5842 ) ) ;
#1136 = DIRECTION ( 'NONE',  ( -1.000000000000000000, 5.782411586589357392E-17, -0.000000000000000000 ) ) ;
#1137 = EDGE_CURVE ( 'NONE', #2785, #2832, #333, .T. ) ;
#1138 = CARTESIAN_POINT ( 'NONE',  ( 1.366818319492648204, 2.302283963551872592, 1.849169417213810229 ) ) ;
#1139 = PLANE ( 'NONE',  #3923 ) ;
#1140 = ORIENTED_EDGE ( 'NONE', *, *, #3667, .F. ) ;
#1141 = LINE ( 'NONE', #4968, #676 ) ;
#1142 = EDGE_CURVE ( 'NONE', #5362, #4179, #2285, .T. ) ;
#1143 = FACE_OUTER_BOUND ( 'NONE', #2286, .T. ) ;
#1144 = ADVANCED_FACE ( 'NONE', ( #1799 ), #6288, .F. ) ;
#1145 = EDGE_CURVE ( 'NONE', #2416, #4623, #4754, .T. ) ;
#1146 = ORIENTED_EDGE ( 'NONE', *, *, #133, .F. ) ;
#1147 = CARTESIAN_POINT ( 'NONE',  ( 0.000000000000000000, 0.000000000000000000, -0.4000000000000000222 ) ) ;
#1148 = ORIENTED_EDGE ( 'NONE', *, *, #1301, .T. ) ;
#1149 = PLANE ( 'NONE',  #1705 ) ;
#1150 = DIRECTION ( 'NONE',  ( 0.000000000000000000, 0.000000000000000000, -1.000000000000000000 ) ) ;
#1151 = EDGE_LOOP ( 'NONE', ( #4612, #18, #3188, #1197 ) ) ;
#1152 = DIRECTION ( 'NONE',  ( 1.000000000000000000, 0.000000000000000000, 0.000000000000000000 ) ) ;
#1153 = ORIENTED_EDGE ( 'NONE', *, *, #1186, .T. ) ;
#1154 = VECTOR ( 'NONE', #5268, 1000.000000000000000 ) ;
#1155 = DIRECTION ( 'NONE',  ( 0.000000000000000000, -0.7071067811865464625, -0.7071067811865486830 ) ) ;
#1156 = ADVANCED_FACE ( 'NONE', ( #2318 ), #5785, .F. ) ;
#1157 = PLANE ( 'NONE',  #4548 ) ;
#1158 = LINE ( 'NONE', #1097, #4584 ) ;
#1159 = VECTOR ( 'NONE', #1281, 1000.000000000000000 ) ;
#1160 = VECTOR ( 'NONE', #3195, 1000.000000000000000 ) ;
#1161 = ORIENTED_EDGE ( 'NONE', *, *, #2242, .F. ) ;
#1162 = LINE ( 'NONE', #740, #1159 ) ;
#1163 = VERTEX_POINT ( 'NONE', #4788 ) ;
#1164 = DIRECTION ( 'NONE',  ( -4.906538933386712655E-18, -0.7071067811865486830, 0.7071067811865464625 ) ) ;
#1165 = VECTOR ( 'NONE', #1543, 1000.000000000000000 ) ;
#1166 = LINE ( 'NONE', #5111, #1683 ) ;
#1167 = VECTOR ( 'NONE', #5565, 1000.000000000000000 ) ;
#1168 = CARTESIAN_POINT ( 'NONE',  ( -2.827778409939249560, 2.118235399615123082, 0.9944487678161212374 ) ) ;
#1169 = DIRECTION ( 'NONE',  ( -6.077163357286268500E-64, 1.094764425253763094E-47, -1.000000000000000000 ) ) ;
#1170 = APPLICATION_PROTOCOL_DEFINITION ( 'draft international standard', 'automotive_design', 1998, #2056 ) ;
#1171 = ORIENTED_EDGE ( 'NONE', *, *, #1247, .T. ) ;
#1172 = CARTESIAN_POINT ( 'NONE',  ( 3.003514341227320639, 3.510000000000001563, -1.294448767816123613 ) ) ;
#1173 = CARTESIAN_POINT ( 'NONE',  ( 4.864999999999999325, 0.5499999999999987121, 1.000000000000000000 ) ) ;
#1174 = CARTESIAN_POINT ( 'NONE',  ( 3.127778409939249826, 3.685735931288070866, 0.9944487678161207933 ) ) ;
#1175 = CARTESIAN_POINT ( 'NONE',  ( -3.127778409939248494, 3.510000000000000231, -0.9944487678161233468 ) ) ;
#1176 = VERTEX_POINT ( 'NONE', #393 ) ;
#1177 = EDGE_CURVE ( 'NONE', #3810, #4591, #3338, .T. ) ;
#1178 = VERTEX_POINT ( 'NONE', #4819 ) ;
#1179 = AXIS2_PLACEMENT_3D ( 'NONE', #3343, #6253, #1388 ) ;
#1180 = PRODUCT ( '0154002.DR_3', '0154002.DR_3', '', ( #823 ) ) ;
#1181 = LINE ( 'NONE', #1122, #5397 ) ;
#1182 = LINE ( 'NONE', #3137, #3381 ) ;
#1183 = ADVANCED_FACE ( 'NONE', ( #2251 ), #426, .F. ) ;
#1184 = VERTEX_POINT ( 'NONE', #5819 ) ;
#1185 = ORIENTED_EDGE ( 'NONE', *, *, #5686, .T. ) ;
#1186 = EDGE_CURVE ( 'NONE', #3215, #3144, #5169, .T. ) ;
#1187 = CARTESIAN_POINT ( 'NONE',  ( -1.126143534192404871, 2.813070630127540550, -1.338382750638140051 ) ) ;
#1188 = AXIS2_PLACEMENT_3D ( 'NONE', #4948, #4432, #2508 ) ;
#1189 = PLANE ( 'NONE',  #4646 ) ;
#1190 = VECTOR ( 'NONE', #3982, 1000.000000000000000 ) ;
#1191 = EDGE_CURVE ( 'NONE', #4248, #1599, #4886, .T. ) ;
#1192 = ORIENTED_EDGE ( 'NONE', *, *, #4996, .T. ) ;
#1193 = VECTOR ( 'NONE', #197, 1000.000000000000000 ) ;
#1194 = DIRECTION ( 'NONE',  ( 0.000000000000000000, 0.000000000000000000, 1.000000000000000000 ) ) ;
#1195 = STYLED_ITEM ( 'NONE', ( #1829 ), #1813 ) ;
#1196 = DIRECTION ( 'NONE',  ( 6.245004513516505540E-17, 1.000000000000000000, -0.000000000000000000 ) ) ;
#1197 = ORIENTED_EDGE ( 'NONE', *, *, #939, .F. ) ;
#1198 = AXIS2_PLACEMENT_3D ( 'NONE', #421, #5975, #1510 ) ;
#1199 = LINE ( 'NONE', #4572, #1167 ) ;
#1200 = CARTESIAN_POINT ( 'NONE',  ( -1.366818319492648204, 3.132929601890217963, -1.394448767816122592 ) ) ;
#1201 = LINE ( 'NONE', #622, #5147 ) ;
#1202 = ORIENTED_EDGE ( 'NONE', *, *, #5212, .F. ) ;
#1203 = VERTEX_POINT ( 'NONE', #1417 ) ;
#1204 = CARTESIAN_POINT ( 'NONE',  ( -4.864999999999998437, 1.611566968151564083, 0.3748159921583313348 ) ) ;
#1205 = CARTESIAN_POINT ( 'NONE',  ( -1.874999999999999334, 1.818235399615123260, -2.515000000000000124 ) ) ;
#1206 = VECTOR ( 'NONE', #1133, 1000.000000000000000 ) ;
#1207 = COLOUR_RGB ( '',1.000000000000000000, 1.000000000000000000, 1.000000000000000000 ) ;
#1208 = ORIENTED_EDGE ( 'NONE', *, *, #4667, .T. ) ;
#1209 = CARTESIAN_POINT ( 'NONE',  ( 4.664999999999999147, 1.818235399615122816, 2.515000000000000124 ) ) ;
#1210 = VERTEX_POINT ( 'NONE', #3478 ) ;
#1211 = CARTESIAN_POINT ( 'NONE',  ( 3.752267713333899302, 0.2000000000000132505, 1.399999999999999467 ) ) ;
#1212 = CARTESIAN_POINT ( 'NONE',  ( -1.627778409939249826, 1.818235399615123482, -0.9944487678161214594 ) ) ;
#1213 = ORIENTED_EDGE ( 'NONE', *, *, #3416, .T. ) ;
#1214 = EDGE_CURVE ( 'NONE', #1870, #3787, #967, .T. ) ;
#1215 = ORIENTED_EDGE ( 'NONE', *, *, #3248, .T. ) ;
#1216 = ORIENTED_EDGE ( 'NONE', *, *, #1372, .F. ) ;
#1217 = CARTESIAN_POINT ( 'NONE',  ( 4.659442577457641121, 3.576523829706961255, -1.906080356506235640 ) ) ;
#1218 = DIRECTION ( 'NONE',  ( -1.000000000000000000, -1.088685050709305688E-16, 0.000000000000000000 ) ) ;
#1219 = EDGE_CURVE ( 'NONE', #1176, #4386, #4378, .T. ) ;
#1220 = EDGE_CURVE ( 'NONE', #2010, #4774, #583, .T. ) ;
#1221 = ORIENTED_EDGE ( 'NONE', *, *, #2206, .F. ) ;
#1222 = VECTOR ( 'NONE', #2456, 1000.000000000000000 ) ;
#1223 = EDGE_CURVE ( 'NONE', #3868, #195, #4502, .T. ) ;
#1224 = ORIENTED_EDGE ( 'NONE', *, *, #3619, .F. ) ;
#1225 = FACE_OUTER_BOUND ( 'NONE', #2410, .T. ) ;
#1226 = ORIENTED_EDGE ( 'NONE', *, *, #5219, .T. ) ;
#1227 = CARTESIAN_POINT ( 'NONE',  ( 3.127778409939248938, 1.818235399615122816, 0.7448702942612743794 ) ) ;
#1228 = VECTOR ( 'NONE', #3388, 1000.000000000000000 ) ;
#1229 = CIRCLE ( 'NONE', #2765, 0.1499999999999999667 ) ;
#1230 = CARTESIAN_POINT ( 'NONE',  ( -4.864999999999999325, 1.633217365692808620, -0.4184320681164753752 ) ) ;
#1231 = ORIENTED_EDGE ( 'NONE', *, *, #5387, .T. ) ;
#1232 = DIRECTION ( 'NONE',  ( 1.000000000000000000, -9.429513897205261378E-48, -2.426671729927916627E-32 ) ) ;
#1233 = AXIS2_PLACEMENT_3D ( 'NONE', #1329, #5242, #3257 ) ;
#1234 = VECTOR ( 'NONE', #1967, 1000.000000000000000 ) ;
#1235 = CARTESIAN_POINT ( 'NONE',  ( 3.127778409939249382, 3.510000000000000231, 0.9944487678161207933 ) ) ;
#1236 = VECTOR ( 'NONE', #4587, 1000.000000000000000 ) ;
#1237 = ORIENTED_EDGE ( 'NONE', *, *, #2441, .T. ) ;
#1238 = CARTESIAN_POINT ( 'NONE',  ( -1.126143534192404871, 2.372994641670527205, -1.919880095332464842 ) ) ;
#1239 = ORIENTED_EDGE ( 'NONE', *, *, #2879, .T. ) ;
#1240 = CARTESIAN_POINT ( 'NONE',  ( 1.366818319492648204, 2.883781308246195163, 1.409093428756795108 ) ) ;
#1241 = DIRECTION ( 'NONE',  ( 1.000000000000000000, -5.551115123125782702E-17, 1.972152263052529514E-31 ) ) ;
#1242 = ORIENTED_EDGE ( 'NONE', *, *, #2088, .F. ) ;
#1243 = CARTESIAN_POINT ( 'NONE',  ( 0.000000000000000000, 0.000000000000000000, 0.000000000000000000 ) ) ;
#1244 = ORIENTED_EDGE ( 'NONE', *, *, #5433, .T. ) ;
#1245 = EDGE_LOOP ( 'NONE', ( #2937, #6214, #1570, #1647 ) ) ;
#1246 = DIRECTION ( 'NONE',  ( -0.000000000000000000, 0.000000000000000000, 1.000000000000000000 ) ) ;
#1247 = EDGE_CURVE ( 'NONE', #2081, #2053, #5432, .T. ) ;
#1248 = CARTESIAN_POINT ( 'NONE',  ( -4.864999999999999325, 2.236750975993232249, 0.3748159921583313348 ) ) ;
#1249 = ORIENTED_EDGE ( 'NONE', *, *, #4300, .F. ) ;
#1250 = VECTOR ( 'NONE', #4417, 1000.000000000000000 ) ;
#1251 = LINE ( 'NONE', #4158, #2598 ) ;
#1252 = DIRECTION ( 'NONE',  ( 0.000000000000000000, -1.000000000000000000, 0.000000000000000000 ) ) ;
#1253 = VERTEX_POINT ( 'NONE', #2068 ) ;
#1254 = EDGE_CURVE ( 'NONE', #1899, #690, #157, .T. ) ;
#1255 = VECTOR ( 'NONE', #1874, 1000.000000000000000 ) ;
#1256 = CARTESIAN_POINT ( 'NONE',  ( -1.126143534192405093, 2.919136647305522914, 1.294448767816122281 ) ) ;
#1257 = CARTESIAN_POINT ( 'NONE',  ( 1.874999999999999334, 3.373604387190460407, -1.394448767816122592 ) ) ;
#1258 = CARTESIAN_POINT ( 'NONE',  ( -4.864999999999999325, 0.9000000000000034639, 0.3999999999999998557 ) ) ;
#1259 = VERTEX_POINT ( 'NONE', #4923 ) ;
#1260 = LINE ( 'NONE', #4636, #3135 ) ;
#1261 = CARTESIAN_POINT ( 'NONE',  ( -1.894460780100799324, 2.919136647305523358, -1.294448767816122059 ) ) ;
#1262 = EDGE_CURVE ( 'NONE', #5297, #5391, #6321, .T. ) ;
#1263 = VECTOR ( 'NONE', #2857, 1000.000000000000000 ) ;
#1264 = DIRECTION ( 'NONE',  ( -1.972152263052529514E-31, 0.000000000000000000, -1.000000000000000000 ) ) ;
#1265 = VECTOR ( 'NONE', #1366, 1000.000000000000000 ) ;
#1266 =( REPRESENTATION_RELATIONSHIP ('NONE','NONE', #2023, #1565 ) REPRESENTATION_RELATIONSHIP_WITH_TRANSFORMATION ( #1014 )SHAPE_REPRESENTATION_RELATIONSHIP( ) );
#1267 = LINE ( 'NONE', #4293, #6245 ) ;
#1268 = EDGE_LOOP ( 'NONE', ( #5589, #4423, #2475, #5429, #3018, #6313, #2201, #803 ) ) ;
#1269 = CIRCLE ( 'NONE', #1582, 0.2999999999999999334 ) ;
#1270 = CARTESIAN_POINT ( 'NONE',  ( -3.127778409939250270, 3.612943725151325225, 1.170184699105244253 ) ) ;
#1271 = CARTESIAN_POINT ( 'NONE',  ( -4.605170157222079119, 3.733238380785896648, 1.851807936270672750 ) ) ;
#1272 = LINE ( 'NONE', #821, #3796 ) ;
#1273 = STYLED_ITEM ( 'NONE', ( #1615 ), #6052 ) ;
#1274 = EDGE_LOOP ( 'NONE', ( #4193, #5456, #1013, #2777, #4986, #573, #3467, #1593, #5678, #2634, #4897, #288 ) ) ;
#1275 =( NAMED_UNIT ( * ) PLANE_ANGLE_UNIT ( ) SI_UNIT ( $, .RADIAN. ) );
#1276 = VERTEX_POINT ( 'NONE', #2547 ) ;
#1277 = DIRECTION ( 'NONE',  ( -0.000000000000000000, 1.000000000000000000, -3.481703215984523352E-32 ) ) ;
#1278 = DIRECTION ( 'NONE',  ( 3.497202527569243102E-15, 1.000000000000000000, 1.224646799147345565E-16 ) ) ;
#1279 = PRODUCT ( '0154002.DR_6', '0154002.DR_6', '', ( #1821 ) ) ;
#1280 = VERTEX_POINT ( 'NONE', #4853 ) ;
#1281 = DIRECTION ( 'NONE',  ( -0.000000000000000000, 1.000000000000000000, 1.224646799147349263E-16 ) ) ;
#1282 = CIRCLE ( 'NONE', #4881, 0.2000000000000000944 ) ;
#1283 = CARTESIAN_POINT ( 'NONE',  ( 4.664999999999999147, 0.6053979116170363772, -0.4184320681164754308 ) ) ;
#1284 = CARTESIAN_POINT ( 'NONE',  ( -1.126143534192405093, 3.132929601890217963, -1.394448767816122592 ) ) ;
#1285 = ORIENTED_EDGE ( 'NONE', *, *, #1760, .T. ) ;
#1286 = DIRECTION ( 'NONE',  ( -3.608224830031756291E-16, 0.000000000000000000, -1.000000000000000000 ) ) ;
#1287 = ADVANCED_FACE ( 'NONE', ( #493 ), #85, .T. ) ;
#1288 = ORIENTED_EDGE ( 'NONE', *, *, #1956, .T. ) ;
#1289 = LINE ( 'NONE', #1740, #4492 ) ;
#1290 = CARTESIAN_POINT ( 'NONE',  ( 1.627778409939249826, 1.818235399615123482, 0.9944487678161214594 ) ) ;
#1291 = ORIENTED_EDGE ( 'NONE', *, *, #5496, .T. ) ;
#1292 = LINE ( 'NONE', #6083, #1600 ) ;
#1293 = PRODUCT_DEFINITION_FORMATION_WITH_SPECIFIED_SOURCE ( 'ANY', '', #768, .NOT_KNOWN. ) ;
#1294 = DIRECTION ( 'NONE',  ( -1.000000000000000000, 0.000000000000000000, -0.000000000000000000 ) ) ;
#1295 = AXIS2_PLACEMENT_3D ( 'NONE', #1763, #2701, #5720 ) ;
#1296 = ADVANCED_FACE ( 'NONE', ( #3404 ), #4404, .T. ) ;
#1297 = DIRECTION ( 'NONE',  ( 5.551115123125782702E-17, 1.000000000000000000, -0.000000000000000000 ) ) ;
#1298 = ADVANCED_FACE ( 'NONE', ( #5330 ), #3444, .F. ) ;
#1299 = AXIS2_PLACEMENT_3D ( 'NONE', #1243, #3108, #1726 ) ;
#1300 = LINE ( 'NONE', #1238, #5227 ) ;
#1301 = EDGE_CURVE ( 'NONE', #2510, #4506, #1516, .T. ) ;
#1302 = ORIENTED_EDGE ( 'NONE', *, *, #3948, .F. ) ;
#1303 = DIRECTION ( 'NONE',  ( 0.000000000000000000, 0.7071067811865487940, 0.7071067811865463515 ) ) ;
#1304 = CARTESIAN_POINT ( 'NONE',  ( 4.314999999999999503, 0.5499999999999986011, 0.9999999999999995559 ) ) ;
#1305 = DIRECTION ( 'NONE',  ( 0.7071067811865526798, 0.7071067811865423547, -0.000000000000000000 ) ) ;
#1306 = AXIS2_PLACEMENT_3D ( 'NONE', #2614, #645, #4568 ) ;
#1307 = ADVANCED_FACE ( 'NONE', ( #458 ), #1547, .T. ) ;
#1308 = EDGE_LOOP ( 'NONE', ( #2698, #654, #422, #3278 ) ) ;
#1309 = APPLICATION_PROTOCOL_DEFINITION ( 'draft international standard', 'automotive_design', 1998, #699 ) ;
#1310 = ORIENTED_EDGE ( 'NONE', *, *, #2872, .T. ) ;
#1311 = VECTOR ( 'NONE', #2555, 1000.000000000000000 ) ;
#1312 = CARTESIAN_POINT ( 'NONE',  ( -3.127778409939250270, 1.942499468327051337, 1.097392492968406907 ) ) ;
#1313 = CYLINDRICAL_SURFACE ( 'NONE', #3109, 0.2999999999999999334 ) ;
#1314 = EDGE_LOOP ( 'NONE', ( #3927, #5043, #2145, #3146 ) ) ;
#1315 = LINE ( 'NONE', #926, #5007 ) ;
#1316 = DIRECTION ( 'NONE',  ( 3.350313119968968612E-16, -0.000000000000000000, -1.000000000000000000 ) ) ;
#1317 = VERTEX_POINT ( 'NONE', #5882 ) ;
#1318 = DIRECTION ( 'NONE',  ( -1.000000000000000000, 4.622231866529364679E-33, -4.163336342344337027E-17 ) ) ;
#1319 = ORIENTED_EDGE ( 'NONE', *, *, #2792, .T. ) ;
#1320 = CARTESIAN_POINT ( 'NONE',  ( -4.165000000000000036, 0.2000000000000000944, 2.515000000000000124 ) ) ;
#1321 = DIRECTION ( 'NONE',  ( 1.000000000000000000, -0.000000000000000000, 2.911116689277474274E-16 ) ) ;
#1322 = EDGE_LOOP ( 'NONE', ( #232, #2239, #1161, #73 ) ) ;
#1323 = DIRECTION ( 'NONE',  ( 0.000000000000000000, 0.000000000000000000, -1.000000000000000000 ) ) ;
#1324 = CARTESIAN_POINT ( 'NONE',  ( -3.127778409939248494, 2.118235399615123526, -0.9944487678161237909 ) ) ;
#1325 = EDGE_CURVE ( 'NONE', #2539, #2367, #1482, .T. ) ;
#1326 = AXIS2_PLACEMENT_3D ( 'NONE', #5865, #1462, #3425 ) ;
#1327 = DIRECTION ( 'NONE',  ( -1.000000000000000000, -0.000000000000000000, 5.814534955400682504E-16 ) ) ;
#1328 = AXIS2_PLACEMENT_3D ( 'NONE', #291, #2466, #1464 ) ;
#1329 = CARTESIAN_POINT ( 'NONE',  ( 1.894460780100799324, 2.919136647305522470, 1.444448767816122192 ) ) ;
#1330 = ORIENTED_EDGE ( 'NONE', *, *, #5055, .F. ) ;
#1331 = AXIS2_PLACEMENT_3D ( 'NONE', #402, #2459, #2365 ) ;
#1332 = LINE ( 'NONE', #5864, #4514 ) ;
#1333 = PRODUCT ( '0154003.DRT', '0154003.DRT', '', ( #2342 ) ) ;
#1334 = DIRECTION ( 'NONE',  ( -6.023345402697267673E-17, -1.224646799147349263E-16, 1.000000000000000000 ) ) ;
#1335 = VECTOR ( 'NONE', #483, 1000.000000000000000 ) ;
#1336 = CARTESIAN_POINT ( 'NONE',  ( 1.874999999999999334, 3.373604387190460407, -1.294448767816122281 ) ) ;
#1337 = CARTESIAN_POINT ( 'NONE',  ( 2.827778409939249560, 1.818235399615123260, -0.9944487678161235689 ) ) ;
#1338 = ADVANCED_FACE ( 'NONE', ( #552 ), #2960, .T. ) ;
#1339 = EDGE_CURVE ( 'NONE', #2029, #2920, #3024, .T. ) ;
#1340 = VERTEX_POINT ( 'NONE', #5500 ) ;
#1341 = DIRECTION ( 'NONE',  ( 0.000000000000000000, 0.000000000000000000, 1.000000000000000000 ) ) ;
#1342 = ORIENTED_EDGE ( 'NONE', *, *, #1223, .T. ) ;
#1343 = LINE ( 'NONE', #889, #4374 ) ;
#1344 = DIRECTION ( 'NONE',  ( 0.000000000000000000, 0.000000000000000000, -1.000000000000000000 ) ) ;
#1345 = EDGE_LOOP ( 'NONE', ( #1414, #2722, #80, #4029 ) ) ;
#1346 = SHAPE_REPRESENTATION_RELATIONSHIP ( 'NONE' , 'NONE' ,  #4638, #2412 ) ;
#1347 = EDGE_CURVE ( 'NONE', #5904, #5264, #6092, .T. ) ;
#1348 = CARTESIAN_POINT ( 'NONE',  ( -1.366818319492648204, 2.883781308246195163, -1.409093428756794886 ) ) ;
#1349 = LINE ( 'NONE', #2219, #3458 ) ;
#1350 = ORIENTED_EDGE ( 'NONE', *, *, #1382, .T. ) ;
#1351 = LINE ( 'NONE', #4718, #4749 ) ;
#1352 = CLOSED_SHELL ( 'NONE', ( #825, #2564, #4706, #1499, #6053, #4603, #2597, #1580, #4479, #2744, #3218, #4987, #567, #1064, #3578, #3815, #5855, #4783 ) ) ;
#1353 = ORIENTED_EDGE ( 'NONE', *, *, #4595, .F. ) ;
#1354 = DIRECTION ( 'NONE',  ( 0.000000000000000000, -1.000000000000000000, 0.000000000000000000 ) ) ;
#1355 = CARTESIAN_POINT ( 'NONE',  ( 3.873634909763690626, 1.818235399615122816, 0.7448702942612743794 ) ) ;
#1356 = EDGE_LOOP ( 'NONE', ( #5413, #5323, #1457, #4165 ) ) ;
#1357 = CARTESIAN_POINT ( 'NONE',  ( -4.865000000000000213, 1.818235399615123038, 2.515000000000000124 ) ) ;
#1358 = CARTESIAN_POINT ( 'NONE',  ( 1.875000000000000888, 1.818235399615123038, 1.294448767816125390 ) ) ;
#1359 = VECTOR ( 'NONE', #5544, 1000.000000000000000 ) ;
#1360 = DIRECTION ( 'NONE',  ( -3.964047900805198963E-48, -1.000000000000000000, 1.361693234560466069E-32 ) ) ;
#1361 = CARTESIAN_POINT ( 'NONE',  ( -1.126143534192404871, 2.919136647305522470, -1.444448767816122192 ) ) ;
#1362 = VERTEX_POINT ( 'NONE', #4017 ) ;
#1363 = PLANE ( 'NONE',  #514 ) ;
#1364 = VECTOR ( 'NONE', #5722, 999.9999999999998863 ) ;
#1365 = LINE ( 'NONE', #2263, #2830 ) ;
#1366 = DIRECTION ( 'NONE',  ( 0.000000000000000000, -0.000000000000000000, 1.000000000000000000 ) ) ;
#1367 = CARTESIAN_POINT ( 'NONE',  ( 3.003514341227321527, 1.818235399615122816, 1.170184699104192871 ) ) ;
#1368 = VECTOR ( 'NONE', #451, 1000.000000000000000 ) ;
#1369 = AXIS2_PLACEMENT_3D ( 'NONE', #932, #899, #2860 ) ;
#1370 = ORIENTED_EDGE ( 'NONE', *, *, #2864, .T. ) ;
#1371 = VECTOR ( 'NONE', #5386, 1000.000000000000000 ) ;
#1372 = EDGE_CURVE ( 'NONE', #2359, #5083, #3306, .T. ) ;
#1373 = APPLICATION_PROTOCOL_DEFINITION ( 'draft international standard', 'automotive_design', 1998, #5656 ) ;
#1374 = ORIENTED_EDGE ( 'NONE', *, *, #1700, .T. ) ;
#1375 = CARTESIAN_POINT ( 'NONE',  ( -3.127778409939250270, 2.015291674462837079, 1.170184699104193093 ) ) ;
#1376 = LINE ( 'NONE', #4945, #2160 ) ;
#1377 = EDGE_CURVE ( 'NONE', #6003, #2081, #3986, .T. ) ;
#1378 = ORIENTED_EDGE ( 'NONE', *, *, #103, .F. ) ;
#1379 = DIRECTION ( 'NONE',  ( -1.000000000000000000, 3.497202527569243102E-15, 9.860761315262646473E-32 ) ) ;
#1380 = ORIENTED_EDGE ( 'NONE', *, *, #1634, .F. ) ;
#1381 = ADVANCED_FACE ( 'NONE', ( #5868 ), #1083, .T. ) ;
#1382 = EDGE_CURVE ( 'NONE', #5502, #6080, #5994, .T. ) ;
#1383 = LINE ( 'NONE', #1283, #5824 ) ;
#1384 = CARTESIAN_POINT ( 'NONE',  ( -1.126143534192405093, 3.132929601890217963, 1.294448767816122281 ) ) ;
#1385 = EDGE_LOOP ( 'NONE', ( #5965, #2583, #1987, #6190 ) ) ;
#1386 = DIRECTION ( 'NONE',  ( 0.000000000000000000, -1.000000000000000000, 0.000000000000000000 ) ) ;
#1387 = VERTEX_POINT ( 'NONE', #2592 ) ;
#1388 = DIRECTION ( 'NONE',  ( 0.000000000000000000, -1.000000000000000000, 0.000000000000000000 ) ) ;
#1389 = PLANE ( 'NONE',  #1672 ) ;
#1390 = ORIENTED_EDGE ( 'NONE', *, *, #1062, .T. ) ;
#1391 = DIRECTION ( 'NONE',  ( 1.000000000000000000, -3.497202527569243102E-15, -9.860761315262646473E-32 ) ) ;
#1392 = AXIS2_PLACEMENT_3D ( 'NONE', #6317, #5430, #15 ) ;
#1393 = PRODUCT_DEFINITION_CONTEXT ( 'detailed design', #1798, 'design' ) ;
#1394 = FACE_OUTER_BOUND ( 'NONE', #1999, .T. ) ;
#1395 = CARTESIAN_POINT ( 'NONE',  ( -4.865000000000000213, 1.818235399615123038, -2.515000000000000124 ) ) ;
#1396 = ORIENTED_EDGE ( 'NONE', *, *, #2717, .T. ) ;
#1397 = CIRCLE ( 'NONE', #6112, 0.2406747853002429993 ) ;
#1398 = STYLED_ITEM ( 'NONE', ( #5817 ), #1823 ) ;
#1399 = CARTESIAN_POINT ( 'NONE',  ( 4.336808689942017736E-16, 0.1999999999999839406, 2.449293598294577731E-17 ) ) ;
#1400 = CARTESIAN_POINT ( 'NONE',  ( -4.664999999999999147, 0.000000000000000000, 0.4000000000000000222 ) ) ;
#1401 = CYLINDRICAL_SURFACE ( 'NONE', #2608, 0.2999999999999999334 ) ;
#1402 = CARTESIAN_POINT ( 'NONE',  ( 3.127778409939249382, 2.118235399615123082, 0.9944487678161212374 ) ) ;
#1403 = AXIS2_PLACEMENT_3D ( 'NONE', #4072, #1652, #6012 ) ;
#1404 = ORIENTED_EDGE ( 'NONE', *, *, #4551, .T. ) ;
#1405 = ORIENTED_EDGE ( 'NONE', *, *, #1646, .F. ) ;
#1406 = LINE ( 'NONE', #3361, #1604 ) ;
#1407 = DIRECTION ( 'NONE',  ( 0.000000000000000000, -0.000000000000000000, 1.000000000000000000 ) ) ;
#1408 = EDGE_CURVE ( 'NONE', #3286, #1870, #1466, .T. ) ;
#1409 =( GEOMETRIC_REPRESENTATION_CONTEXT ( 3 ) GLOBAL_UNCERTAINTY_ASSIGNED_CONTEXT ( ( #3378 ) ) GLOBAL_UNIT_ASSIGNED_CONTEXT ( ( #158, #6108, #2738 ) ) REPRESENTATION_CONTEXT ( 'NONE', 'WORKASPACE' ) );
#1410 = VERTEX_POINT ( 'NONE', #37 ) ;
#1411 = ORIENTED_EDGE ( 'NONE', *, *, #1804, .T. ) ;
#1412 = EDGE_CURVE ( 'NONE', #892, #1112, #2915, .T. ) ;
#1413 = DIRECTION ( 'NONE',  ( 0.000000000000000000, 0.000000000000000000, 1.000000000000000000 ) ) ;
#1414 = ORIENTED_EDGE ( 'NONE', *, *, #3416, .F. ) ;
#1415 = EDGE_CURVE ( 'NONE', #3843, #294, #5485, .T. ) ;
#1416 = EDGE_CURVE ( 'NONE', #2092, #1572, #1117, .T. ) ;
#1417 = CARTESIAN_POINT ( 'NONE',  ( -4.664999999999999147, 0.7000000000000003997, 2.515000000000000124 ) ) ;
#1418 = ORIENTED_EDGE ( 'NONE', *, *, #3473, .F. ) ;
#1419 = DIRECTION ( 'NONE',  ( -0.000000000000000000, -1.000000000000000000, 0.000000000000000000 ) ) ;
#1420 = CARTESIAN_POINT ( 'NONE',  ( -4.315000000000001279, 0.1999999999999986511, 0.9999999999999997780 ) ) ;
#1421 = ORIENTED_EDGE ( 'NONE', *, *, #3807, .T. ) ;
#1422 = PRESENTATION_STYLE_ASSIGNMENT (( #4860 ) ) ;
#1423 = LINE ( 'NONE', #2517, #5163 ) ;
#1424 = VECTOR ( 'NONE', #388, 1000.000000000000000 ) ;
#1425 = DIRECTION ( 'NONE',  ( -0.000000000000000000, 1.000000000000000000, 1.110223024625156294E-16 ) ) ;
#1426 = DIRECTION ( 'NONE',  ( 0.000000000000000000, 0.000000000000000000, -1.000000000000000000 ) ) ;
#1427 = ORIENTED_EDGE ( 'NONE', *, *, #3099, .T. ) ;
#1428 = VERTEX_POINT ( 'NONE', #1984 ) ;
#1429 = DIRECTION ( 'NONE',  ( -0.000000000000000000, -0.000000000000000000, -1.000000000000000000 ) ) ;
#1430 = CARTESIAN_POINT ( 'NONE',  ( -1.627778409939249382, 0.000000000000000000, -6.112362009258934818E-16 ) ) ;
#1431 = DIRECTION ( 'NONE',  ( -1.000000000000000000, 0.000000000000000000, -2.911116689277474274E-16 ) ) ;
#1432 = CARTESIAN_POINT ( 'NONE',  ( 3.752267713333900190, -3.457305373838383592E-15, -2.022226441606597646E-30 ) ) ;
#1433 = ORIENTED_EDGE ( 'NONE', *, *, #672, .F. ) ;
#1434 = VERTEX_POINT ( 'NONE', #5903 ) ;
#1435 = APPLICATION_PROTOCOL_DEFINITION ( 'draft international standard', 'automotive_design', 1998, #5365 ) ;
#1436 = ORIENTED_EDGE ( 'NONE', *, *, #711, .F. ) ;
#1437 = AXIS2_PLACEMENT_3D ( 'NONE', #606, #2569, #1602 ) ;
#1438 = CARTESIAN_POINT ( 'NONE',  ( 1.875000000000000888, 3.810000000000000053, -1.611637779048593400 ) ) ;
#1439 = CARTESIAN_POINT ( 'NONE',  ( 4.864999999999998437, 2.236750975993232249, 0.3748159921583313348 ) ) ;
#1440 = VECTOR ( 'NONE', #4829, 1000.000000000000000 ) ;
#1441 = ORIENTED_EDGE ( 'NONE', *, *, #671, .F. ) ;
#1442 = SHAPE_REPRESENTATION_RELATIONSHIP ( 'NONE' , 'NONE' ,  #1565, #1121 ) ;
#1443 = EDGE_CURVE ( 'NONE', #3407, #3716, #5374, .T. ) ;
#1444 = DIRECTION ( 'NONE',  ( -7.891154582329502122E-16, 0.000000000000000000, 1.000000000000000000 ) ) ;
#1445 = ORIENTED_EDGE ( 'NONE', *, *, #3208, .F. ) ;
#1446 = DIRECTION ( 'NONE',  ( -3.313426411101296887E-47, -1.000000000000000000, 1.038076240024720344E-31 ) ) ;
#1447 = ORIENTED_EDGE ( 'NONE', *, *, #5208, .F. ) ;
#1448 = CARTESIAN_POINT ( 'NONE',  ( 4.364999999999999325, 3.510000000000000231, 0.000000000000000000 ) ) ;
#1449 = ORIENTED_EDGE ( 'NONE', *, *, #103, .T. ) ;
#1450 = DIRECTION ( 'NONE',  ( 0.000000000000000000, 0.7071067811865462405, -0.7071067811865489050 ) ) ;
#1451 = DIRECTION ( 'NONE',  ( -1.000000000000000000, -3.441691376337985670E-15, 0.000000000000000000 ) ) ;
#1452 = CARTESIAN_POINT ( 'NONE',  ( 1.126143534192404871, 2.919136647305522470, 1.444448767816122192 ) ) ;
#1453 = DIRECTION ( 'NONE',  ( 1.000000000000000000, 0.000000000000000000, -2.911116689277473781E-16 ) ) ;
#1454 = UNCERTAINTY_MEASURE_WITH_UNIT (LENGTH_MEASURE( 1.000000000000000082E-05 ), #5296, 'distance_accuracy_value', 'NONE');
#1455 = CARTESIAN_POINT ( 'NONE',  ( 1.366818319492648204, 3.019781114811264544, 1.131672265954415391 ) ) ;
#1456 = CARTESIAN_POINT ( 'NONE',  ( -4.648481797856809372, 3.608173674087660654, 1.895119576905404113 ) ) ;
#1457 = ORIENTED_EDGE ( 'NONE', *, *, #4907, .T. ) ;
#1458 = EDGE_LOOP ( 'NONE', ( #888, #5017, #5266, #1020 ) ) ;
#1459 = CLOSED_SHELL ( 'NONE', ( #6192, #5148, #1156, #1889, #179, #5130, #2173, #3931, #1338, #6156, #1969, #3073, #1548 ) ) ;
#1460 = EDGE_CURVE ( 'NONE', #3787, #2567, #2017, .T. ) ;
#1461 = FACE_OUTER_BOUND ( 'NONE', #4382, .T. ) ;
#1462 = DIRECTION ( 'NONE',  ( 0.000000000000000000, 0.3272455802922021872, -0.9449393261893695994 ) ) ;
#1463 = CARTESIAN_POINT ( 'NONE',  ( -4.664999999999999147, 1.611566968151564083, -0.3748159921583320564 ) ) ;
#1464 = DIRECTION ( 'NONE',  ( -1.000000000000000000, 0.000000000000000000, 0.000000000000000000 ) ) ;
#1465 = AXIS2_PLACEMENT_3D ( 'NONE', #3672, #5165, #6071 ) ;
#1466 = LINE ( 'NONE', #508, #1782 ) ;
#1467 = VECTOR ( 'NONE', #4958, 1000.000000000000000 ) ;
#1468 = VERTEX_POINT ( 'NONE', #1498 ) ;
#1469 = EDGE_LOOP ( 'NONE', ( #3358, #30, #1213, #5252 ) ) ;
#1470 = ORIENTED_EDGE ( 'NONE', *, *, #3948, .T. ) ;
#1471 = AXIS2_PLACEMENT_3D ( 'NONE', #5255, #5681, #5194 ) ;
#1472 = CARTESIAN_POINT ( 'NONE',  ( 4.864999999999998437, 1.633217365692808620, -0.4184320681164753752 ) ) ;
#1473 = LINE ( 'NONE', #4337, #5444 ) ;
#1474 = AXIS2_PLACEMENT_3D ( 'NONE', #4466, #521, #2482 ) ;
#1475 = AXIS2_PLACEMENT_3D ( 'NONE', #506, #3913, #4939 ) ;
#1476 = ORIENTED_EDGE ( 'NONE', *, *, #4477, .T. ) ;
#1477 =( NAMED_UNIT ( * ) PLANE_ANGLE_UNIT ( ) SI_UNIT ( $, .RADIAN. ) );
#1478 = LINE ( 'NONE', #5845, #2645 ) ;
#1479 = VERTEX_POINT ( 'NONE', #5029 ) ;
#1480 = CARTESIAN_POINT ( 'NONE',  ( -4.664999999999999147, 1.611566968151564083, 0.3748159921583313348 ) ) ;
#1481 = ORIENTED_EDGE ( 'NONE', *, *, #1408, .T. ) ;
#1482 = LINE ( 'NONE', #5402, #3637 ) ;
#1483 = ORIENTED_EDGE ( 'NONE', *, *, #592, .T. ) ;
#1484 = DIRECTION ( 'NONE',  ( 0.000000000000000000, -0.7071067811865464625, -0.7071067811865486830 ) ) ;
#1485 = LINE ( 'NONE', #3480, #5875 ) ;
#1486 = CARTESIAN_POINT ( 'NONE',  ( -1.126143534192404871, 2.919136647305522914, -1.394448767816122370 ) ) ;
#1487 = DIRECTION ( 'NONE',  ( 1.000000000000000000, 4.930380657631323236E-32, -3.350313119968968612E-16 ) ) ;
#1488 = DIRECTION ( 'NONE',  ( 3.350313119968968612E-16, 0.000000000000000000, 1.000000000000000000 ) ) ;
#1489 = ORIENTED_EDGE ( 'NONE', *, *, #556, .T. ) ;
#1490 = LINE ( 'NONE', #3980, #2891 ) ;
#1491 = CARTESIAN_POINT ( 'NONE',  ( 2.827778409939248672, 3.810000000000000497, -0.9944487678161219035 ) ) ;
#1492 = AXIS2_PLACEMENT_3D ( 'NONE', #4123, #4530, #1127 ) ;
#1493 = VECTOR ( 'NONE', #5899, 1000.000000000000000 ) ;
#1494 = CARTESIAN_POINT ( 'NONE',  ( -3.127778409939249382, 3.510000000000000231, 0.9944487678161207933 ) ) ;
#1495 = DIRECTION ( 'NONE',  ( 3.350313119968968612E-16, -1.022693426037462838E-32, -1.000000000000000000 ) ) ;
#1496 = CARTESIAN_POINT ( 'NONE',  ( 2.827778409939249560, 3.810000000000000053, 0.9944487678165045974 ) ) ;
#1497 = EDGE_CURVE ( 'NONE', #452, #6074, #257, .T. ) ;
#1498 = CARTESIAN_POINT ( 'NONE',  ( 3.327778409939250892, 3.810000000000000053, 0.7448702942612743794 ) ) ;
#1499 = ADVANCED_FACE ( 'NONE', ( #3070 ), #2113, .F. ) ;
#1500 = VERTEX_POINT ( 'NONE', #627 ) ;
#1501 = PRESENTATION_LAYER_ASSIGNMENT (  '', '', ( #1195 ) ) ;
#1502 = ORIENTED_EDGE ( 'NONE', *, *, #979, .F. ) ;
#1503 = ITEM_DEFINED_TRANSFORMATION ( 'NONE', 'NONE', #6019,  #1731 ) ;
#1504 = CARTESIAN_POINT ( 'NONE',  ( -1.627778409939248716, 2.118235399615123082, -0.9944487678161216815 ) ) ;
#1505 = DIRECTION ( 'NONE',  ( -1.000000000000000000, 9.429513897205261378E-48, 2.426671729927916627E-32 ) ) ;
#1506 = LINE ( 'NONE', #3853, #5126 ) ;
#1507 = CIRCLE ( 'NONE', #4475, 0.2999999999999999334 ) ;
#1508 = AXIS2_PLACEMENT_3D ( 'NONE', #5645, #5159, #764 ) ;
#1509 = ORIENTED_EDGE ( 'NONE', *, *, #5416, .F. ) ;
#1510 = DIRECTION ( 'NONE',  ( 1.000000000000000000, 0.000000000000000000, 0.000000000000000000 ) ) ;
#1511 = EDGE_LOOP ( 'NONE', ( #923, #5293, #1659, #794, #1086, #1216 ) ) ;
#1512 = CARTESIAN_POINT ( 'NONE',  ( 1.126143534192404871, 2.372994641670527205, 1.919880095332464842 ) ) ;
#1513 = ORIENTED_EDGE ( 'NONE', *, *, #405, .T. ) ;
#1514 = VECTOR ( 'NONE', #2350, 1000.000000000000000 ) ;
#1515 = AXIS2_PLACEMENT_3D ( 'NONE', #1168, #4995, #3124 ) ;
#1516 = LINE ( 'NONE', #52, #2607 ) ;
#1517 = ORIENTED_EDGE ( 'NONE', *, *, #2363, .T. ) ;
#1518 = CARTESIAN_POINT ( 'NONE',  ( -3.873634909763690626, 3.810000000000000053, 1.294448767816122059 ) ) ;
#1519 = DIRECTION ( 'NONE',  ( 1.000000000000000000, 7.778769097326426270E-62, -1.972152263052529514E-31 ) ) ;
#1520 = CARTESIAN_POINT ( 'NONE',  ( 3.873634909763690182, 1.818235399615122816, -0.7448702942612651645 ) ) ;
#1521 = DIRECTION ( 'NONE',  ( -0.000000000000000000, -1.000000000000000000, 3.481703215984523352E-32 ) ) ;
#1522 = ORIENTED_EDGE ( 'NONE', *, *, #3860, .F. ) ;
#1523 = DIRECTION ( 'NONE',  ( -0.000000000000000000, 1.000000000000000000, 0.000000000000000000 ) ) ;
#1524 = CARTESIAN_POINT ( 'NONE',  ( 2.827778409939248672, 2.118235399615123082, -0.9944487678161235689 ) ) ;
#1525 = ORIENTED_EDGE ( 'NONE', *, *, #5911, .F. ) ;
#1526 = DIRECTION ( 'NONE',  ( 0.000000000000000000, -1.000000000000000000, -1.321701948486275810E-32 ) ) ;
#1527 = LINE ( 'NONE', #5000, #1190 ) ;
#1528 = ADVANCED_FACE ( 'NONE', ( #1560 ), #600, .F. ) ;
#1529 = CARTESIAN_POINT ( 'NONE',  ( -3.127778409939249382, 3.510000000000001119, 0.9944487678161212374 ) ) ;
#1530 = DIRECTION ( 'NONE',  ( 3.010080439365626374E-16, 1.224646799147367012E-16, -1.000000000000000000 ) ) ;
#1531 = FACE_OUTER_BOUND ( 'NONE', #495, .T. ) ;
#1532 = ORIENTED_EDGE ( 'NONE', *, *, #4176, .F. ) ;
#1533 = ORIENTED_EDGE ( 'NONE', *, *, #4097, .F. ) ;
#1534 = ADVANCED_FACE ( 'NONE', ( #1531 ), #135, .T. ) ;
#1535 = EDGE_CURVE ( 'NONE', #4591, #1917, #2080, .T. ) ;
#1536 = EDGE_CURVE ( 'NONE', #3930, #2647, #4905, .T. ) ;
#1537 = CARTESIAN_POINT ( 'NONE',  ( 4.664999999999999147, 1.583607624610294806, 0.000000000000000000 ) ) ;
#1538 = LINE ( 'NONE', #6030, #4928 ) ;
#1539 = AXIS2_PLACEMENT_3D ( 'NONE', #4556, #3014, #4086 ) ;
#1540 = VERTEX_POINT ( 'NONE', #4350 ) ;
#1541 = EDGE_CURVE ( 'NONE', #2250, #5083, #4383, .T. ) ;
#1542 = CARTESIAN_POINT ( 'NONE',  ( 1.627778409939249826, 3.061149402765582561, 1.394448767816122592 ) ) ;
#1543 = DIRECTION ( 'NONE',  ( -0.000000000000000000, 0.7071067811865464625, 0.7071067811865486830 ) ) ;
#1544 = CARTESIAN_POINT ( 'NONE',  ( 3.127778409939248494, 3.610000000000001208, -0.7448702942612648314 ) ) ;
#1545 = EDGE_LOOP ( 'NONE', ( #2627, #3394, #1926, #4497 ) ) ;
#1546 = VECTOR ( 'NONE', #2537, 1000.000000000000000 ) ;
#1547 = PLANE ( 'NONE',  #6181 ) ;
#1548 = ADVANCED_FACE ( 'NONE', ( #937 ), #5403, .F. ) ;
#1549 = VERTEX_POINT ( 'NONE', #3482 ) ;
#1550 = PLANE ( 'NONE',  #4233 ) ;
#1551 = CARTESIAN_POINT ( 'NONE',  ( -4.664999999999999147, 1.611566968151564305, 0.9999999999999997780 ) ) ;
#1552 = LINE ( 'NONE', #5474, #403 ) ;
#1553 = ORIENTED_EDGE ( 'NONE', *, *, #6127, .F. ) ;
#1554 = LINE ( 'NONE', #5442, #2797 ) ;
#1555 = DIRECTION ( 'NONE',  ( -1.000000000000000000, 3.122502256758263863E-17, 3.122502256758252770E-17 ) ) ;
#1556 = ORIENTED_EDGE ( 'NONE', *, *, #3145, .F. ) ;
#1557 = CARTESIAN_POINT ( 'NONE',  ( -4.364999999999999325, 3.510000000000000231, -1.825224324045338076 ) ) ;
#1558 = DIRECTION ( 'NONE',  ( 1.972152263052529514E-31, -0.000000000000000000, 1.000000000000000000 ) ) ;
#1559 = CARTESIAN_POINT ( 'NONE',  ( -1.894460780100799324, 2.919136647305522470, -1.444448767816122192 ) ) ;
#1560 = FACE_OUTER_BOUND ( 'NONE', #2724, .T. ) ;
#1561 = MANIFOLD_SOLID_BREP ( 'Mirror3', #4138 ) ;
#1562 = ORIENTED_EDGE ( 'NONE', *, *, #4366, .T. ) ;
#1563 = CARTESIAN_POINT ( 'NONE',  ( 3.873634909763689738, -1.452381048782462436, -1.294448767816116508 ) ) ;
#1564 = VERTEX_POINT ( 'NONE', #2487 ) ;
#1565 = SHAPE_REPRESENTATION ( '0154002.DR_8', ( #1731 ), #906 ) ;
#1566 = CARTESIAN_POINT ( 'NONE',  ( 3.127778409939249382, 2.118235399615123082, 0.9944487678161212374 ) ) ;
#1567 = CARTESIAN_POINT ( 'NONE',  ( -1.627778409939249826, 3.061149402765582561, -1.394448767816122592 ) ) ;
#1568 = VECTOR ( 'NONE', #1908, 1000.000000000000000 ) ;
#1569 = EDGE_CURVE ( 'NONE', #662, #109, #1269, .T. ) ;
#1570 = ORIENTED_EDGE ( 'NONE', *, *, #4363, .T. ) ;
#1571 = AXIS2_PLACEMENT_3D ( 'NONE', #4693, #3838, #4663 ) ;
#1572 = VERTEX_POINT ( 'NONE', #3903 ) ;
#1573 = EDGE_CURVE ( 'NONE', #1549, #6252, #2866, .T. ) ;
#1574 = LINE ( 'NONE', #4463, #2339 ) ;
#1575 = CARTESIAN_POINT ( 'NONE',  ( 1.366818319492648204, 3.132929601890217963, 1.294448767816122281 ) ) ;
#1576 = CARTESIAN_POINT ( 'NONE',  ( 1.627778409939248716, 2.118235399615123082, -1.294448767816123169 ) ) ;
#1577 = VECTOR ( 'NONE', #214, 1000.000000000000000 ) ;
#1578 = VECTOR ( 'NONE', #1816, 1000.000000000000000 ) ;
#1579 = DIRECTION ( 'NONE',  ( 2.911116689277479698E-16, -0.000000000000000000, 1.000000000000000000 ) ) ;
#1580 = ADVANCED_FACE ( 'NONE', ( #3348 ), #2422, .F. ) ;
#1581 = VERTEX_POINT ( 'NONE', #2038 ) ;
#1582 = AXIS2_PLACEMENT_3D ( 'NONE', #463, #1521, #3452 ) ;
#1583 = DIRECTION ( 'NONE',  ( 0.000000000000000000, 0.000000000000000000, -1.000000000000000000 ) ) ;
#1584 = EDGE_CURVE ( 'NONE', #2232, #3716, #1423, .T. ) ;
#1585 = DIRECTION ( 'NONE',  ( 9.860761315262647568E-32, -3.097720492815724700E-16, 1.000000000000000000 ) ) ;
#1586 = FILL_AREA_STYLE ('',( #3517 ) ) ;
#1587 = EDGE_LOOP ( 'NONE', ( #3738, #856, #60, #4462 ) ) ;
#1588 =( GEOMETRIC_REPRESENTATION_CONTEXT ( 3 ) GLOBAL_UNCERTAINTY_ASSIGNED_CONTEXT ( ( #4681 ) ) GLOBAL_UNIT_ASSIGNED_CONTEXT ( ( #2612, #4533, #89 ) ) REPRESENTATION_CONTEXT ( 'NONE', 'WORKASPACE' ) );
#1589 = UNCERTAINTY_MEASURE_WITH_UNIT (LENGTH_MEASURE( 1.000000000000000082E-05 ), #636, 'distance_accuracy_value', 'NONE');
#1590 = FACE_OUTER_BOUND ( 'NONE', #211, .T. ) ;
#1591 = PRESENTATION_STYLE_ASSIGNMENT (( #3485 ) ) ;
#1592 = DIRECTION ( 'NONE',  ( 0.000000000000000000, 1.321701948486275810E-32, -1.000000000000000000 ) ) ;
#1593 = ORIENTED_EDGE ( 'NONE', *, *, #515, .F. ) ;
#1594 = FACE_OUTER_BOUND ( 'NONE', #1545, .T. ) ;
#1595 = DIRECTION ( 'NONE',  ( 0.000000000000000000, 0.000000000000000000, -1.000000000000000000 ) ) ;
#1596 = CARTESIAN_POINT ( 'NONE',  ( 4.664999999999999147, 1.611566968151564527, 0.3748159921583313348 ) ) ;
#1597 = VERTEX_POINT ( 'NONE', #5372 ) ;
#1598 = CARTESIAN_POINT ( 'NONE',  ( -3.127778409939248494, 3.509999999999999787, -0.9944487678161239019 ) ) ;
#1599 = VERTEX_POINT ( 'NONE', #972 ) ;
#1600 = VECTOR ( 'NONE', #2709, 1000.000000000000000 ) ;
#1601 = LINE ( 'NONE', #3103, #2531 ) ;
#1602 = DIRECTION ( 'NONE',  ( -7.047733403467682675E-17, 0.000000000000000000, 1.000000000000000000 ) ) ;
#1603 =( REPRESENTATION_RELATIONSHIP ('NONE','NONE', #2023, #3120 ) REPRESENTATION_RELATIONSHIP_WITH_TRANSFORMATION ( #541 )SHAPE_REPRESENTATION_RELATIONSHIP( ) );
#1604 = VECTOR ( 'NONE', #4683, 1000.000000000000000 ) ;
#1605 = EDGE_LOOP ( 'NONE', ( #332, #4087, #6306, #136 ) ) ;
#1606 =( BOUNDED_CURVE ( )  B_SPLINE_CURVE ( 3, ( #6034, #1217, #1641, #3695 ),
 .UNSPECIFIED., .F., .F. ) 
 B_SPLINE_CURVE_WITH_KNOTS ( ( 4, 4 ),
 ( 1.237409145536914279, 1.570796326794896336 ),
 .UNSPECIFIED. ) 
 CURVE ( )  GEOMETRIC_REPRESENTATION_ITEM ( )  RATIONAL_B_SPLINE_CURVE ( ( 1.000000000000000000, 0.9907591764161811643, 0.9907591764161811643, 1.000000000000000000 ) ) 
 REPRESENTATION_ITEM ( '' )  );
#1607 = EDGE_LOOP ( 'NONE', ( #2758, #4228, #4917, #2676 ) ) ;
#1608 = VECTOR ( 'NONE', #3571, 1000.000000000000000 ) ;
#1609 = LINE ( 'NONE', #703, #3334 ) ;
#1610 = EDGE_CURVE ( 'NONE', #3138, #1253, #2931, .T. ) ;
#1611 = CARTESIAN_POINT ( 'NONE',  ( -1.064999999999999059, -1.257674520083185143E-14, 0.9999999999999993339 ) ) ;
#1612 = DIRECTION ( 'NONE',  ( 1.000000000000000000, -0.000000000000000000, -3.350313119968968612E-16 ) ) ;
#1613 =( GEOMETRIC_REPRESENTATION_CONTEXT ( 3 ) GLOBAL_UNCERTAINTY_ASSIGNED_CONTEXT ( ( #4351 ) ) GLOBAL_UNIT_ASSIGNED_CONTEXT ( ( #5614, #3202, #264 ) ) REPRESENTATION_CONTEXT ( 'NONE', 'WORKASPACE' ) );
#1614 = EDGE_LOOP ( 'NONE', ( #2979, #2267, #3589, #6241, #1244, #1866, #996 ) ) ;
#1615 = PRESENTATION_STYLE_ASSIGNMENT (( #5471 ) ) ;
#1616 = ADVANCED_FACE ( 'NONE', ( #27 ), #3376, .F. ) ;
#1617 = EDGE_CURVE ( 'NONE', #1792, #6080, #5439, .T. ) ;
#1618 = PRESENTATION_STYLE_ASSIGNMENT (( #587 ) ) ;
#1619 = EDGE_CURVE ( 'NONE', #154, #265, #5338, .T. ) ;
#1620 = LINE ( 'NONE', #773, #787 ) ;
#1621 = ORIENTED_EDGE ( 'NONE', *, *, #4743, .F. ) ;
#1622 = ADVANCED_FACE ( 'NONE', ( #1968 ), #1035, .F. ) ;
#1623 = CARTESIAN_POINT ( 'NONE',  ( -4.865000000000000213, 3.810000000000000053, -1.825224324045338076 ) ) ;
#1624 = DIRECTION ( 'NONE',  ( -5.551115123125782702E-17, -1.000000000000000000, 0.000000000000000000 ) ) ;
#1625 = VECTOR ( 'NONE', #4575, 1000.000000000000000 ) ;
#1626 = FACE_OUTER_BOUND ( 'NONE', #701, .T. ) ;
#1627 = ORIENTED_EDGE ( 'NONE', *, *, #1412, .F. ) ;
#1628 = EDGE_CURVE ( 'NONE', #3197, #561, #2675, .T. ) ;
#1629 = DIRECTION ( 'NONE',  ( -4.214856327685356333E-31, 1.224646799147351235E-16, -1.000000000000000000 ) ) ;
#1630 = LINE ( 'NONE', #1082, #3493 ) ;
#1631 = PLANE ( 'NONE',  #3005 ) ;
#1632 = ORIENTED_EDGE ( 'NONE', *, *, #1728, .T. ) ;
#1633 = CARTESIAN_POINT ( 'NONE',  ( 1.126143534192404871, 2.813070630127540550, 1.338382750638140051 ) ) ;
#1634 = EDGE_CURVE ( 'NONE', #4623, #662, #3606, .T. ) ;
#1635 = ORIENTED_EDGE ( 'NONE', *, *, #3176, .T. ) ;
#1636 = LINE ( 'NONE', #605, #5808 ) ;
#1637 = DIRECTION ( 'NONE',  ( 1.000000000000000000, -4.930380657631323784E-32, -2.911116689277473781E-16 ) ) ;
#1638 = ORIENTED_EDGE ( 'NONE', *, *, #2120, .F. ) ;
#1639 = CARTESIAN_POINT ( 'NONE',  ( 0.000000000000000000, 0.000000000000000000, 0.000000000000000000 ) ) ;
#1640 = VERTEX_POINT ( 'NONE', #3030 ) ;
#1641 = CARTESIAN_POINT ( 'NONE',  ( 4.664999999999999147, 3.543494049304026117, -1.917519027069848780 ) ) ;
#1642 = DIRECTION ( 'NONE',  ( 0.000000000000000000, 1.000000000000000000, 1.224646799147349263E-16 ) ) ;
#1643 = LINE ( 'NONE', #4566, #4887 ) ;
#1644 = VECTOR ( 'NONE', #1119, 1000.000000000000000 ) ;
#1645 = VECTOR ( 'NONE', #6326, 1000.000000000000000 ) ;
#1646 = EDGE_CURVE ( 'NONE', #995, #3908, #3155, .T. ) ;
#1647 = ORIENTED_EDGE ( 'NONE', *, *, #2398, .T. ) ;
#1648 = LINE ( 'NONE', #2102, #641 ) ;
#1649 = AXIS2_PLACEMENT_3D ( 'NONE', #4801, #4896, #501 ) ;
#1650 = AXIS2_PLACEMENT_3D ( 'NONE', #4059, #3536, #2119 ) ;
#1651 = CARTESIAN_POINT ( 'NONE',  ( 3.752267713333899746, 8.861547161752310254E-16, -1.400000000000000133 ) ) ;
#1652 = DIRECTION ( 'NONE',  ( 1.000000000000000000, -0.000000000000000000, 2.911116689277474274E-16 ) ) ;
#1653 = ORIENTED_EDGE ( 'NONE', *, *, #5135, .F. ) ;
#1654 = CARTESIAN_POINT ( 'NONE',  ( -4.864999999999999325, 0.9000000000000036859, -0.4000000000000000222 ) ) ;
#1655 = DIRECTION ( 'NONE',  ( -3.552713678800500140E-15, 1.000000000000000000, 0.000000000000000000 ) ) ;
#1656 = EDGE_CURVE ( 'NONE', #1340, #2359, #4040, .T. ) ;
#1657 = CARTESIAN_POINT ( 'NONE',  ( -1.627778409939249826, 2.372994641670527205, -1.919880095332464842 ) ) ;
#1658 = DIRECTION ( 'NONE',  ( -1.000000000000000000, 5.551115123125782702E-17, 1.972152263052529514E-31 ) ) ;
#1659 = ORIENTED_EDGE ( 'NONE', *, *, #3142, .T. ) ;
#1660 = LINE ( 'NONE', #720, #2314 ) ;
#1661 = DIRECTION ( 'NONE',  ( 1.000000000000000000, -1.526556658859590983E-16, -3.608224830031756291E-16 ) ) ;
#1662 = CARTESIAN_POINT ( 'NONE',  ( 3.127778409939249826, 3.510000000000000231, 0.9944487678161207933 ) ) ;
#1663 = CARTESIAN_POINT ( 'NONE',  ( -4.648481797856809372, 3.608173674087660654, -1.895119576905404335 ) ) ;
#1664 = EDGE_CURVE ( 'NONE', #5348, #2010, #4682, .T. ) ;
#1665 = ORIENTED_EDGE ( 'NONE', *, *, #2266, .T. ) ;
#1666 = EDGE_CURVE ( 'NONE', #6131, #5737, #2646, .T. ) ;
#1667 = ORIENTED_EDGE ( 'NONE', *, *, #3436, .F. ) ;
#1668 = LINE ( 'NONE', #6119, #5085 ) ;
#1669 = CARTESIAN_POINT ( 'NONE',  ( 1.126143534192404871, 2.372994641670527205, -1.919880095332465064 ) ) ;
#1670 = CLOSED_SHELL ( 'NONE', ( #1534, #4914, #2495, #2527, #4657, #4677, #4172, #3222, #2409, #5967, #3406, #399, #1616 ) ) ;
#1671 = ORIENTED_EDGE ( 'NONE', *, *, #5062, .F. ) ;
#1672 = AXIS2_PLACEMENT_3D ( 'NONE', #5369, #900, #4827 ) ;
#1673 = CARTESIAN_POINT ( 'NONE',  ( -1.126143534192405093, 3.132929601890217963, -1.294448767816122281 ) ) ;
#1674 = CARTESIAN_POINT ( 'NONE',  ( 1.627778409939250048, 3.019781114811264544, -1.131672265954415391 ) ) ;
#1675 = CARTESIAN_POINT ( 'NONE',  ( -4.664999999999998259, 3.543494049304025673, 1.917519027069848558 ) ) ;
#1676 = VECTOR ( 'NONE', #3063, 1000.000000000000000 ) ;
#1677 = EDGE_LOOP ( 'NONE', ( #898, #5651, #1830, #5004 ) ) ;
#1678 = FACE_OUTER_BOUND ( 'NONE', #5625, .T. ) ;
#1679 = FACE_OUTER_BOUND ( 'NONE', #5615, .T. ) ;
#1680 = CARTESIAN_POINT ( 'NONE',  ( -1.126143534192404871, 3.132929601890217963, -1.394448767816122592 ) ) ;
#1681 = ORIENTED_EDGE ( 'NONE', *, *, #1536, .F. ) ;
#1682 = CARTESIAN_POINT ( 'NONE',  ( 4.364999999999999325, 3.810000000000000053, -1.611637779048593400 ) ) ;
#1683 = VECTOR ( 'NONE', #1136, 1000.000000000000000 ) ;
#1684 = CARTESIAN_POINT ( 'NONE',  ( 4.664999999999999147, 1.633217365692808620, -0.4184320681164754308 ) ) ;
#1685 = APPLICATION_CONTEXT ( 'automotive_design' ) ;
#1686 = VERTEX_POINT ( 'NONE', #616 ) ;
#1687 = CARTESIAN_POINT ( 'NONE',  ( -4.314999999999999503, 0.5499999999999986011, 0.9999999999999995559 ) ) ;
#1688 = CARTESIAN_POINT ( 'NONE',  ( 3.127778409939249826, 3.509999999999999343, 0.9944487678161212374 ) ) ;
#1689 = MANIFOLD_SOLID_BREP ( 'Mirror2[2]', #1352 ) ;
#1690 = CARTESIAN_POINT ( 'NONE',  ( -4.605170157222079119, 3.733238380785896648, -1.851807936270673194 ) ) ;
#1691 = ORIENTED_EDGE ( 'NONE', *, *, #4288, .F. ) ;
#1692 = EDGE_CURVE ( 'NONE', #998, #4274, #2072, .T. ) ;
#1693 = PRODUCT_DEFINITION_SHAPE ( 'NONE', 'NONE',  #6334 ) ;
#1694 = PLANE ( 'NONE',  #578 ) ;
#1695 = LINE ( 'NONE', #1212, #918 ) ;
#1696 = EDGE_CURVE ( 'NONE', #5585, #4885, #2538, .T. ) ;
#1697 = MANIFOLD_SOLID_BREP ( 'Fillet2', #2177 ) ;
#1698 = ORIENTED_EDGE ( 'NONE', *, *, #2827, .F. ) ;
#1699 =( NAMED_UNIT ( * ) PLANE_ANGLE_UNIT ( ) SI_UNIT ( $, .RADIAN. ) );
#1700 = EDGE_CURVE ( 'NONE', #1176, #1022, #1620, .T. ) ;
#1701 = DIRECTION ( 'NONE',  ( 0.000000000000000000, 0.000000000000000000, 1.000000000000000000 ) ) ;
#1702 = VECTOR ( 'NONE', #5321, 999.9999999999998863 ) ;
#1703 = CARTESIAN_POINT ( 'NONE',  ( -2.827778409939249560, 3.510000000000000231, 0.9944487678161212374 ) ) ;
#1704 = VERTEX_POINT ( 'NONE', #5263 ) ;
#1705 = AXIS2_PLACEMENT_3D ( 'NONE', #5608, #2658, #4084 ) ;
#1706 = DIRECTION ( 'NONE',  ( 1.000000000000000000, 4.906538933386787997E-17, -4.906538933386805870E-17 ) ) ;
#1707 = FACE_OUTER_BOUND ( 'NONE', #5620, .T. ) ;
#1708 = SURFACE_STYLE_USAGE ( .BOTH. , #6222 ) ;
#1709 = ORIENTED_EDGE ( 'NONE', *, *, #4951, .T. ) ;
#1710 = VECTOR ( 'NONE', #241, 1000.000000000000000 ) ;
#1711 = LINE ( 'NONE', #184, #351 ) ;
#1712 = DIRECTION ( 'NONE',  ( 0.000000000000000000, 0.000000000000000000, -1.000000000000000000 ) ) ;
#1713 = FACE_OUTER_BOUND ( 'NONE', #4314, .T. ) ;
#1714 = EDGE_LOOP ( 'NONE', ( #2565, #601, #1436, #4041 ) ) ;
#1715 = PLANE ( 'NONE',  #3969 ) ;
#1716 = CARTESIAN_POINT ( 'NONE',  ( 1.874999999999999556, 3.061149402765582561, 1.394448767816122592 ) ) ;
#1717 = VECTOR ( 'NONE', #1555, 1000.000000000000000 ) ;
#1718 = DIRECTION ( 'NONE',  ( 1.000000000000000000, 0.000000000000000000, 1.972152263052529076E-31 ) ) ;
#1719 = EDGE_CURVE ( 'NONE', #427, #1362, #4247, .T. ) ;
#1720 = ORIENTED_EDGE ( 'NONE', *, *, #5736, .T. ) ;
#1721 = CARTESIAN_POINT ( 'NONE',  ( -3.003514341227321527, 3.810000000000000053, 0.9944487678161207933 ) ) ;
#1722 = PLANE ( 'NONE',  #4818 ) ;
#1723 = EDGE_CURVE ( 'NONE', #1317, #4506, #3981, .T. ) ;
#1724 = EDGE_CURVE ( 'NONE', #977, #265, #2282, .T. ) ;
#1725 = ORIENTED_EDGE ( 'NONE', *, *, #33, .F. ) ;
#1726 = DIRECTION ( 'NONE',  ( 1.000000000000000000, 0.000000000000000000, 0.000000000000000000 ) ) ;
#1727 = ORIENTED_EDGE ( 'NONE', *, *, #289, .T. ) ;
#1728 = EDGE_CURVE ( 'NONE', #1012, #5621, #2825, .T. ) ;
#1729 = DIRECTION ( 'NONE',  ( -6.023345402697267673E-17, -1.224646799147349263E-16, 1.000000000000000000 ) ) ;
#1730 = FACE_OUTER_BOUND ( 'NONE', #4332, .T. ) ;
#1731 = AXIS2_PLACEMENT_3D ( 'NONE', #5291, #4372, #5750 ) ;
#1732 = EDGE_LOOP ( 'NONE', ( #3397, #4979, #3836, #2469 ) ) ;
#1733 = DIRECTION ( 'NONE',  ( 0.000000000000000000, -0.7071067811865464625, -0.7071067811865486830 ) ) ;
#1734 = EDGE_CURVE ( 'NONE', #1428, #6080, #1507, .T. ) ;
#1735 = SURFACE_STYLE_USAGE ( .BOTH. , #4190 ) ;
#1736 = SURFACE_STYLE_FILL_AREA ( #4159 ) ;
#1737 = ORIENTED_EDGE ( 'NONE', *, *, #4393, .T. ) ;
#1738 = DIRECTION ( 'NONE',  ( -1.000000000000000000, 0.000000000000000000, 0.000000000000000000 ) ) ;
#1739 = EDGE_CURVE ( 'NONE', #4443, #995, #305, .T. ) ;
#1740 = CARTESIAN_POINT ( 'NONE',  ( 4.664999999999999147, 0.7000000000000022871, -0.4000000000000000222 ) ) ;
#1741 = LINE ( 'NONE', #1290, #3405 ) ;
#1742 = VERTEX_POINT ( 'NONE', #273 ) ;
#1743 = CARTESIAN_POINT ( 'NONE',  ( -4.865000000000000213, 3.810000000000000053, -1.611637779048593400 ) ) ;
#1744 = CARTESIAN_POINT ( 'NONE',  ( -3.873634909763690626, 1.818235399615123704, 0.7448702942612707156 ) ) ;
#1745 = CIRCLE ( 'NONE', #1844, 0.2999999999999999334 ) ;
#1746 = AXIS2_PLACEMENT_3D ( 'NONE', #6256, #5790, #1323 ) ;
#1747 = CARTESIAN_POINT ( 'NONE',  ( 1.064999999999998836, 0.1999999999999878264, -1.000000000000000444 ) ) ;
#1748 = CARTESIAN_POINT ( 'NONE',  ( -4.864999999999998437, 1.611566968151564083, -0.3748159921583320564 ) ) ;
#1749 = VERTEX_POINT ( 'NONE', #6194 ) ;
#1750 = CARTESIAN_POINT ( 'NONE',  ( -1.064999999999999059, -1.257674520083185143E-14, 0.9999999999999993339 ) ) ;
#1751 = CARTESIAN_POINT ( 'NONE',  ( 3.127778409939248938, 3.610000000000001208, 0.7448702942612743794 ) ) ;
#1752 = ORIENTED_EDGE ( 'NONE', *, *, #4250, .F. ) ;
#1753 = EDGE_LOOP ( 'NONE', ( #4338, #976, #1353, #2100, #3857 ) ) ;
#1754 = DIRECTION ( 'NONE',  ( 0.000000000000000000, 0.000000000000000000, 1.000000000000000000 ) ) ;
#1755 = PLANE ( 'NONE',  #449 ) ;
#1756 = ADVANCED_FACE ( 'NONE', ( #5138 ), #391, .T. ) ;
#1757 = ORIENTED_EDGE ( 'NONE', *, *, #4405, .T. ) ;
#1758 = VECTOR ( 'NONE', #5629, 1000.000000000000000 ) ;
#1759 = CARTESIAN_POINT ( 'NONE',  ( 4.864999999999998437, 1.633217365692808620, -0.4184320681164754308 ) ) ;
#1760 = EDGE_CURVE ( 'NONE', #4448, #3728, #5654, .T. ) ;
#1761 = DIRECTION ( 'NONE',  ( -2.006720292910416268E-16, -1.224646799147363314E-16, 1.000000000000000000 ) ) ;
#1762 = AXIS2_PLACEMENT_3D ( 'NONE', #5436, #2994, #5949 ) ;
#1763 = CARTESIAN_POINT ( 'NONE',  ( 4.314999999999999503, 0.5499999999999986011, 0.9999999999999995559 ) ) ;
#1764 = ORIENTED_EDGE ( 'NONE', *, *, #1656, .T. ) ;
#1765 =( BOUNDED_CURVE ( )  B_SPLINE_CURVE ( 3, ( #3079, #267, #3599, #4564 ),
 .UNSPECIFIED., .F., .F. ) 
 B_SPLINE_CURVE_WITH_KNOTS ( ( 4, 4 ),
 ( 3.474979834847775173, 4.712388980384689674 ),
 .UNSPECIFIED. ) 
 CURVE ( )  GEOMETRIC_REPRESENTATION_ITEM ( )  RATIONAL_B_SPLINE_CURVE ( ( 1.000000000000000000, 0.8764203082159538472, 0.8764203082159538472, 1.000000000000000000 ) ) 
 REPRESENTATION_ITEM ( '' )  );
#1766 = VECTOR ( 'NONE', #1360, 1000.000000000000000 ) ;
#1767 = EDGE_CURVE ( 'NONE', #5770, #6152, #1349, .T. ) ;
#1768 = LINE ( 'NONE', #307, #5260 ) ;
#1769 = ORIENTED_EDGE ( 'NONE', *, *, #6202, .F. ) ;
#1770 = CARTESIAN_POINT ( 'NONE',  ( 3.127778409939248494, 2.118235399615123082, -0.9944487678161233468 ) ) ;
#1771 = CARTESIAN_POINT ( 'NONE',  ( -1.627778409939249826, 3.510000000000000231, 1.294448767816121615 ) ) ;
#1772 = VECTOR ( 'NONE', #5041, 1000.000000000000000 ) ;
#1773 = ORIENTED_EDGE ( 'NONE', *, *, #4789, .F. ) ;
#1774 = CARTESIAN_POINT ( 'NONE',  ( 3.127778409939248938, 3.510000000000000675, -0.9944487678161230138 ) ) ;
#1775 = DIRECTION ( 'NONE',  ( -3.552713678800500140E-15, 1.000000000000000000, 0.000000000000000000 ) ) ;
#1776 = AXIS2_PLACEMENT_3D ( 'NONE', #24, #4315, #428 ) ;
#1777 = AXIS2_PLACEMENT_3D ( 'NONE', #2890, #4035, #4954 ) ;
#1778 = DIRECTION ( 'NONE',  ( 0.000000000000000000, -0.7071067811865462405, -0.7071067811865489050 ) ) ;
#1779 = AXIS2_PLACEMENT_3D ( 'NONE', #408, #2371, #4329 ) ;
#1780 = DIRECTION ( 'NONE',  ( 3.552713678800500140E-15, -1.000000000000000000, 0.000000000000000000 ) ) ;
#1781 = ORIENTED_EDGE ( 'NONE', *, *, #4103, .T. ) ;
#1782 = VECTOR ( 'NONE', #5521, 1000.000000000000000 ) ;
#1783 = DIRECTION ( 'NONE',  ( -4.214856327685356333E-31, 1.224646799147351235E-16, -1.000000000000000000 ) ) ;
#1784 = CARTESIAN_POINT ( 'NONE',  ( -4.864999999999999325, 1.583607624610294806, 0.4000000000000000222 ) ) ;
#1785 = PLANE ( 'NONE',  #3701 ) ;
#1786 = VERTEX_POINT ( 'NONE', #2249 ) ;
#1787 = SHAPE_DEFINITION_REPRESENTATION ( #269, #2023 ) ;
#1788 = VERTEX_POINT ( 'NONE', #5233 ) ;
#1789 = FACE_OUTER_BOUND ( 'NONE', #1039, .T. ) ;
#1790 = FACE_OUTER_BOUND ( 'NONE', #540, .T. ) ;
#1791 = PRODUCT_DEFINITION ( 'UNKNOWN', '', #4273, #4863 ) ;
#1792 = VERTEX_POINT ( 'NONE', #3733 ) ;
#1793 = LINE ( 'NONE', #4243, #114 ) ;
#1794 = ADVANCED_FACE ( 'NONE', ( #5167 ), #833, .T. ) ;
#1795 = VECTOR ( 'NONE', #2047, 1000.000000000000000 ) ;
#1796 = DIRECTION ( 'NONE',  ( 0.000000000000000000, 0.000000000000000000, 1.000000000000000000 ) ) ;
#1797 = ORIENTED_EDGE ( 'NONE', *, *, #4907, .F. ) ;
#1798 = APPLICATION_CONTEXT ( 'automotive_design' ) ;
#1799 = FACE_OUTER_BOUND ( 'NONE', #5870, .T. ) ;
#1800 = EDGE_CURVE ( 'NONE', #1986, #2210, #4192, .T. ) ;
#1801 = ORIENTED_EDGE ( 'NONE', *, *, #5810, .F. ) ;
#1802 = CARTESIAN_POINT ( 'NONE',  ( 3.127778409939248494, 1.942499468327051559, -0.9944487678161232358 ) ) ;
#1803 = DIRECTION ( 'NONE',  ( 1.000000000000000000, -0.000000000000000000, -3.350313119968968612E-16 ) ) ;
#1804 = EDGE_CURVE ( 'NONE', #4077, #2304, #742, .T. ) ;
#1805 = ORIENTED_EDGE ( 'NONE', *, *, #3417, .F. ) ;
#1806 = EDGE_CURVE ( 'NONE', #5297, #3360, #2061, .T. ) ;
#1807 = CARTESIAN_POINT ( 'NONE',  ( 1.874999999999999334, 3.373604387190460407, 1.394448767816122592 ) ) ;
#1808 = DIRECTION ( 'NONE',  ( 0.000000000000000000, 1.000000000000000000, -0.000000000000000000 ) ) ;
#1809 = VECTOR ( 'NONE', #1612, 1000.000000000000000 ) ;
#1810 = FACE_OUTER_BOUND ( 'NONE', #6122, .T. ) ;
#1811 = AXIS2_PLACEMENT_3D ( 'NONE', #3597, #5551, #1152 ) ;
#1812 = CARTESIAN_POINT ( 'NONE',  ( 1.627778409939248938, 0.000000000000000000, -1.294448767816123169 ) ) ;
#1813 = MANIFOLD_SOLID_BREP ( 'Mirror4[1]', #5665 ) ;
#1814 = ORIENTED_EDGE ( 'NONE', *, *, #4326, .T. ) ;
#1815 = CARTESIAN_POINT ( 'NONE',  ( -4.864999999999999325, 1.611566968151564305, 0.9999999999999995559 ) ) ;
#1816 = DIRECTION ( 'NONE',  ( 4.282837881357679770E-31, 1.224646799147345565E-16, -1.000000000000000000 ) ) ;
#1817 = CARTESIAN_POINT ( 'NONE',  ( 1.366818319492648204, 2.302283963551872592, -1.849169417213810007 ) ) ;
#1818 = AXIS2_PLACEMENT_3D ( 'NONE', #489, #3052, #4884 ) ;
#1819 = ORIENTED_EDGE ( 'NONE', *, *, #2911, .T. ) ;
#1820 = EDGE_CURVE ( 'NONE', #1055, #5492, #5624, .T. ) ;
#1821 = PRODUCT_CONTEXT ( 'NONE', #3943, 'mechanical' ) ;
#1822 = ORIENTED_EDGE ( 'NONE', *, *, #2046, .F. ) ;
#1823 = MANIFOLD_SOLID_BREP ( 'Combine1', #144 ) ;
#1824 = CARTESIAN_POINT ( 'NONE',  ( 1.627778409939249604, 1.918235399615123127, 0.9944487678161231248 ) ) ;
#1825 = FACE_OUTER_BOUND ( 'NONE', #4089, .T. ) ;
#1826 = ORIENTED_EDGE ( 'NONE', *, *, #2760, .T. ) ;
#1827 =( NAMED_UNIT ( * ) SI_UNIT ( $, .STERADIAN. ) SOLID_ANGLE_UNIT ( ) );
#1828 = LINE ( 'NONE', #4277, #293 ) ;
#1829 = PRESENTATION_STYLE_ASSIGNMENT (( #1708 ) ) ;
#1830 = ORIENTED_EDGE ( 'NONE', *, *, #6096, .F. ) ;
#1831 = DIRECTION ( 'NONE',  ( -4.163336342344340108E-17, 1.000000000000000000, 0.000000000000000000 ) ) ;
#1832 = ORIENTED_EDGE ( 'NONE', *, *, #1023, .T. ) ;
#1833 = DIRECTION ( 'NONE',  ( 1.000000000000000000, 4.163336342344337027E-17, 4.163336342344337027E-17 ) ) ;
#1834 = LINE ( 'NONE', #1868, #2594 ) ;
#1835 = ORIENTED_EDGE ( 'NONE', *, *, #2749, .T. ) ;
#1836 = LINE ( 'NONE', #1744, #1054 ) ;
#1837 = AXIS2_PLACEMENT_3D ( 'NONE', #4899, #3287, #2809 ) ;
#1838 = UNCERTAINTY_MEASURE_WITH_UNIT (LENGTH_MEASURE( 1.000000000000000082E-05 ), #3375, 'distance_accuracy_value', 'NONE');
#1839 = EDGE_CURVE ( 'NONE', #1428, #5502, #2533, .T. ) ;
#1840 = DIRECTION ( 'NONE',  ( 1.000000000000000000, -5.782411586589357392E-17, 0.000000000000000000 ) ) ;
#1841 = VECTOR ( 'NONE', #4147, 1000.000000000000114 ) ;
#1842 = DIRECTION ( 'NONE',  ( 4.282837881357679770E-31, 1.224646799147345565E-16, -1.000000000000000000 ) ) ;
#1843 = EDGE_LOOP ( 'NONE', ( #4972, #2004, #93, #5379, #143, #2530, #2356, #2301 ) ) ;
#1844 = AXIS2_PLACEMENT_3D ( 'NONE', #5377, #878, #975 ) ;
#1845 = EDGE_CURVE ( 'NONE', #998, #2920, #491, .T. ) ;
#1846 = CARTESIAN_POINT ( 'NONE',  ( -3.873634909763689738, 1.818235399615123038, -1.294448767816123391 ) ) ;
#1847 = PRODUCT ( '0154002.DR_1', '0154002.DR_1', '', ( #3393 ) ) ;
#1848 = VECTOR ( 'NONE', #4989, 1000.000000000000000 ) ;
#1849 = CARTESIAN_POINT ( 'NONE',  ( 4.314999999999999503, 0.1999999999999990397, 2.449293598294452623E-17 ) ) ;
#1850 = CARTESIAN_POINT ( 'NONE',  ( 4.664999999999999147, 0.7000000000000025091, -2.515000000000000124 ) ) ;
#1851 = CARTESIAN_POINT ( 'NONE',  ( 2.827778409939249560, 1.818235399615122816, 0.9944487678161212374 ) ) ;
#1852 = EDGE_CURVE ( 'NONE', #690, #4809, #4816, .T. ) ;
#1853 = EDGE_CURVE ( 'NONE', #3915, #523, #3340, .T. ) ;
#1854 = EDGE_LOOP ( 'NONE', ( #2220, #3023, #1826, #2334 ) ) ;
#1855 = ADVANCED_FACE ( 'NONE', ( #2888 ), #4310, .T. ) ;
#1856 = ORIENTED_EDGE ( 'NONE', *, *, #5218, .T. ) ;
#1857 = CARTESIAN_POINT ( 'NONE',  ( -1.874999999999999556, 3.810000000000000053, 1.294448767816122059 ) ) ;
#1858 = LINE ( 'NONE', #5841, #4933 ) ;
#1859 = VERTEX_POINT ( 'NONE', #17 ) ;
#1860 =( LENGTH_UNIT ( ) NAMED_UNIT ( * ) SI_UNIT ( .MILLI., .METRE. ) );
#1861 = CARTESIAN_POINT ( 'NONE',  ( 1.627778409939249826, 2.118235399615123082, 1.294448767816121393 ) ) ;
#1862 =( NAMED_UNIT ( * ) PLANE_ANGLE_UNIT ( ) SI_UNIT ( $, .RADIAN. ) );
#1863 = VERTEX_POINT ( 'NONE', #1929 ) ;
#1864 = LINE ( 'NONE', #5201, #6084 ) ;
#1865 = VECTOR ( 'NONE', #3646, 1000.000000000000000 ) ;
#1866 = ORIENTED_EDGE ( 'NONE', *, *, #5508, .T. ) ;
#1867 = FACE_OUTER_BOUND ( 'NONE', #4622, .T. ) ;
#1868 = CARTESIAN_POINT ( 'NONE',  ( -1.627778409939249826, 3.061149402765582561, -1.394448767816122148 ) ) ;
#1869 = ORIENTED_EDGE ( 'NONE', *, *, #708, .T. ) ;
#1870 = VERTEX_POINT ( 'NONE', #3894 ) ;
#1871 = PLANE ( 'NONE',  #4825 ) ;
#1872 = CARTESIAN_POINT ( 'NONE',  ( -1.126143534192405093, 2.919136647305522470, 1.444448767816122414 ) ) ;
#1873 = AXIS2_PLACEMENT_3D ( 'NONE', #5304, #1902, #2894 ) ;
#1874 = DIRECTION ( 'NONE',  ( 2.426671729927916627E-32, -1.515457590622274628E-48, -1.000000000000000000 ) ) ;
#1875 = LINE ( 'NONE', #4385, #5642 ) ;
#1876 = VECTOR ( 'NONE', #3313, 1000.000000000000000 ) ;
#1877 = EDGE_LOOP ( 'NONE', ( #410, #3885, #420, #5752 ) ) ;
#1878 = CARTESIAN_POINT ( 'NONE',  ( 1.366818319492648204, 3.061149402765582561, 1.294448767816122281 ) ) ;
#1879 = EDGE_CURVE ( 'NONE', #2858, #1053, #5847, .T. ) ;
#1880 = VECTOR ( 'NONE', #5593, 1000.000000000000000 ) ;
#1881 = CARTESIAN_POINT ( 'NONE',  ( -1.627778409939249160, 1.918235399615123127, 0.9944487678161221256 ) ) ;
#1882 = FACE_OUTER_BOUND ( 'NONE', #3119, .T. ) ;
#1883 = DIRECTION ( 'NONE',  ( 3.608224830031756291E-16, -0.000000000000000000, 1.000000000000000000 ) ) ;
#1884 = VECTOR ( 'NONE', #5247, 999.9999999999998863 ) ;
#1885 = ORIENTED_EDGE ( 'NONE', *, *, #6278, .T. ) ;
#1886 = EDGE_CURVE ( 'NONE', #2210, #2567, #3402, .T. ) ;
#1887 = DIRECTION ( 'NONE',  ( 0.000000000000000000, 0.000000000000000000, 1.000000000000000000 ) ) ;
#1888 = ORIENTED_EDGE ( 'NONE', *, *, #4067, .T. ) ;
#1889 = ADVANCED_FACE ( 'NONE', ( #4402 ), #1959, .T. ) ;
#1890 = EDGE_CURVE ( 'NONE', #3868, #1012, #2958, .T. ) ;
#1891 = DIRECTION ( 'NONE',  ( 1.000000000000000000, 0.000000000000000000, -0.000000000000000000 ) ) ;
#1892 = DIRECTION ( 'NONE',  ( 0.000000000000000000, -0.000000000000000000, 1.000000000000000000 ) ) ;
#1893 = EDGE_LOOP ( 'NONE', ( #1769, #1553, #3446, #5358, #2886, #5236, #3779, #2308 ) ) ;
#1894 = FACE_OUTER_BOUND ( 'NONE', #1877, .T. ) ;
#1895 = VERTEX_POINT ( 'NONE', #3962 ) ;
#1896 = CARTESIAN_POINT ( 'NONE',  ( -3.873634909763690626, -1.452381048782462436, 0.7448702942612707156 ) ) ;
#1897 =( NAMED_UNIT ( * ) SI_UNIT ( $, .STERADIAN. ) SOLID_ANGLE_UNIT ( ) );
#1898 = DIRECTION ( 'NONE',  ( 0.7071067811865489050, 0.7071067811865462405, 0.000000000000000000 ) ) ;
#1899 = VERTEX_POINT ( 'NONE', #5532 ) ;
#1900 = DIRECTION ( 'NONE',  ( -0.000000000000000000, 0.000000000000000000, 1.000000000000000000 ) ) ;
#1901 = VECTOR ( 'NONE', #5929, 1000.000000000000000 ) ;
#1902 = DIRECTION ( 'NONE',  ( -5.782411586589357392E-17, -1.000000000000000000, 0.000000000000000000 ) ) ;
#1903 = VERTEX_POINT ( 'NONE', #3636 ) ;
#1904 = CARTESIAN_POINT ( 'NONE',  ( -1.591125123973731181, 0.2000000000000056732, -1.400000000000000577 ) ) ;
#1905 = DIRECTION ( 'NONE',  ( 0.000000000000000000, -1.000000000000000000, -1.110223024625156294E-16 ) ) ;
#1906 = AXIS2_PLACEMENT_3D ( 'NONE', #2243, #766, #2725 ) ;
#1907 = PRODUCT_DEFINITION_CONTEXT ( 'detailed design', #2379, 'design' ) ;
#1908 = DIRECTION ( 'NONE',  ( 1.000000000000000000, 3.441691376337985670E-15, -0.000000000000000000 ) ) ;
#1909 = CARTESIAN_POINT ( 'NONE',  ( 3.127778409939248494, -1.452381048782462436, -0.7448702942612648314 ) ) ;
#1910 = ORIENTED_EDGE ( 'NONE', *, *, #4573, .F. ) ;
#1911 = CARTESIAN_POINT ( 'NONE',  ( -1.627778409939249604, 2.372994641670527205, 1.919880095332465508 ) ) ;
#1912 = AXIS2_PLACEMENT_3D ( 'NONE', #140, #2147, #2568 ) ;
#1913 = CARTESIAN_POINT ( 'NONE',  ( -2.986176789632889239, 2.118235399615123082, -0.9944487678161212374 ) ) ;
#1914 = PLANE ( 'NONE',  #4308 ) ;
#1915 = CYLINDRICAL_SURFACE ( 'NONE', #5370, 0.1499999999999999667 ) ;
#1916 = LINE ( 'NONE', #913, #6242 ) ;
#1917 = VERTEX_POINT ( 'NONE', #5555 ) ;
#1918 = EDGE_CURVE ( 'NONE', #690, #4373, #6037, .T. ) ;
#1919 =( NAMED_UNIT ( * ) SI_UNIT ( $, .STERADIAN. ) SOLID_ANGLE_UNIT ( ) );
#1920 = ORIENTED_EDGE ( 'NONE', *, *, #3858, .T. ) ;
#1921 = CARTESIAN_POINT ( 'NONE',  ( 3.873634909763690626, 1.818235399615122816, 0.7448702942612743794 ) ) ;
#1922 = DIRECTION ( 'NONE',  ( 0.000000000000000000, 1.000000000000000000, 0.000000000000000000 ) ) ;
#1923 = EDGE_CURVE ( 'NONE', #2203, #4122, #1058, .T. ) ;
#1924 = CIRCLE ( 'NONE', #5717, 0.1499999999999999667 ) ;
#1925 = AXIS2_PLACEMENT_3D ( 'NONE', #3833, #1900, #5853 ) ;
#1926 = ORIENTED_EDGE ( 'NONE', *, *, #748, .T. ) ;
#1927 = DIRECTION ( 'NONE',  ( 0.000000000000000000, -1.321701948486275810E-32, 1.000000000000000000 ) ) ;
#1928 = ORIENTED_EDGE ( 'NONE', *, *, #5508, .F. ) ;
#1929 = CARTESIAN_POINT ( 'NONE',  ( -4.165000000000000036, 0.2000000000000000944, 2.515000000000000124 ) ) ;
#1930 = ORIENTED_EDGE ( 'NONE', *, *, #3294, .F. ) ;
#1931 = EDGE_CURVE ( 'NONE', #769, #4443, #2031, .T. ) ;
#1932 = DIRECTION ( 'NONE',  ( -0.000000000000000000, 0.000000000000000000, -1.000000000000000000 ) ) ;
#1933 = ADVANCED_FACE ( 'NONE', ( #5498 ), #4594, .F. ) ;
#1934 = EDGE_LOOP ( 'NONE', ( #3791, #2460, #2215, #2240 ) ) ;
#1935 = CARTESIAN_POINT ( 'NONE',  ( -4.865000000000000213, 0.9000000000000029088, 2.515000000000000124 ) ) ;
#1936 = PLANE ( 'NONE',  #842 ) ;
#1937 = CARTESIAN_POINT ( 'NONE',  ( 4.315000000000001279, -1.688871335762126532E-15, 0.9999999999999995559 ) ) ;
#1938 = CIRCLE ( 'NONE', #4205, 0.1499999999999999667 ) ;
#1939 = CARTESIAN_POINT ( 'NONE',  ( 1.591125123973731403, 0.2000000000000056732, -1.400000000000000577 ) ) ;
#1940 = LINE ( 'NONE', #1909, #1024 ) ;
#1941 = VERTEX_POINT ( 'NONE', #1576 ) ;
#1942 = ORIENTED_EDGE ( 'NONE', *, *, #3028, .F. ) ;
#1943 = CYLINDRICAL_SURFACE ( 'NONE', #6144, 0.1999999999999998723 ) ;
#1944 = VECTOR ( 'NONE', #4357, 1000.000000000000000 ) ;
#1945 = CARTESIAN_POINT ( 'NONE',  ( 3.127778409939249382, 3.510000000000000231, 1.294448767816121171 ) ) ;
#1946 = DIRECTION ( 'NONE',  ( 3.964047900805198963E-48, 1.000000000000000000, -1.361693234560466069E-32 ) ) ;
#1947 = CARTESIAN_POINT ( 'NONE',  ( -1.366818319492648204, 3.373604387190460852, 1.394448767816122592 ) ) ;
#1948 = ORIENTED_EDGE ( 'NONE', *, *, #2648, .T. ) ;
#1949 = ORIENTED_EDGE ( 'NONE', *, *, #1806, .F. ) ;
#1950 = ORIENTED_EDGE ( 'NONE', *, *, #1107, .T. ) ;
#1951 = VECTOR ( 'NONE', #76, 1000.000000000000000 ) ;
#1952 = FACE_OUTER_BOUND ( 'NONE', #5711, .T. ) ;
#1953 = DIRECTION ( 'NONE',  ( 1.000000000000000000, -1.526556658859590983E-16, 3.191891195797326533E-16 ) ) ;
#1954 = PRODUCT_RELATED_PRODUCT_CATEGORY ( 'part', '', ( #6145 ) ) ;
#1955 = ORIENTED_EDGE ( 'NONE', *, *, #4952, .T. ) ;
#1956 = EDGE_CURVE ( 'NONE', #195, #1203, #176, .T. ) ;
#1957 = FACE_OUTER_BOUND ( 'NONE', #6159, .T. ) ;
#1958 = VERTEX_POINT ( 'NONE', #5016 ) ;
#1959 = CYLINDRICAL_SURFACE ( 'NONE', #3241, 0.1499999999999999667 ) ;
#1960 = ORIENTED_EDGE ( 'NONE', *, *, #1619, .T. ) ;
#1961 = DIRECTION ( 'NONE',  ( 1.000000000000000000, 0.000000000000000000, 0.000000000000000000 ) ) ;
#1962 = EDGE_CURVE ( 'NONE', #109, #3197, #2636, .T. ) ;
#1963 = EDGE_LOOP ( 'NONE', ( #387, #1489, #5401, #1653, #743, #1483, #5313 ) ) ;
#1964 = CARTESIAN_POINT ( 'NONE',  ( -4.864999999999998437, 0.6053979116170364883, -0.4184320681164754308 ) ) ;
#1965 = CARTESIAN_POINT ( 'NONE',  ( -4.165000000000000036, 0.2000000000000000944, -2.515000000000000568 ) ) ;
#1966 = EDGE_CURVE ( 'NONE', #631, #589, #1643, .T. ) ;
#1967 = DIRECTION ( 'NONE',  ( -0.000000000000000000, -1.000000000000000000, -0.000000000000000000 ) ) ;
#1968 = FACE_OUTER_BOUND ( 'NONE', #4403, .T. ) ;
#1969 = ADVANCED_FACE ( 'NONE', ( #5944 ), #5979, .F. ) ;
#1970 = PRODUCT_DEFINITION_CONTEXT ( 'detailed design', #5421, 'design' ) ;
#1971 = VECTOR ( 'NONE', #2396, 1000.000000000000000 ) ;
#1972 = PLANE ( 'NONE',  #4739 ) ;
#1973 = CARTESIAN_POINT ( 'NONE',  ( 1.875000000000000888, 3.510000000000000231, 1.611637779048592956 ) ) ;
#1974 = ORIENTED_EDGE ( 'NONE', *, *, #2992, .T. ) ;
#1975 = DIRECTION ( 'NONE',  ( 2.958228394578794270E-31, -3.097720492815728645E-16, 1.000000000000000000 ) ) ;
#1976 = VECTOR ( 'NONE', #2964, 1000.000000000000000 ) ;
#1977 = EDGE_CURVE ( 'NONE', #3269, #1410, #1158, .T. ) ;
#1978 = CARTESIAN_POINT ( 'NONE',  ( 4.664999999999999147, 1.633217365692808620, 0.4184320681164753197 ) ) ;
#1979 = LINE ( 'NONE', #5900, #2933 ) ;
#1980 = DIRECTION ( 'NONE',  ( 0.000000000000000000, 0.000000000000000000, -1.000000000000000000 ) ) ;
#1981 = LINE ( 'NONE', #1947, #4518 ) ;
#1982 = VECTOR ( 'NONE', #707, 1000.000000000000000 ) ;
#1983 =( BOUNDED_CURVE ( )  B_SPLINE_CURVE ( 3, ( #5800, #2844, #6238, #4769 ),
 .UNSPECIFIED., .F., .F. ) 
 B_SPLINE_CURVE_WITH_KNOTS ( ( 4, 4 ),
 ( 1.237409145536914279, 1.570796326794896558 ),
 .UNSPECIFIED. ) 
 CURVE ( )  GEOMETRIC_REPRESENTATION_ITEM ( )  RATIONAL_B_SPLINE_CURVE ( ( 1.000000000000000000, 0.9907591764161811643, 0.9907591764161811643, 1.000000000000000000 ) ) 
 REPRESENTATION_ITEM ( '' )  );
#1984 = CARTESIAN_POINT ( 'NONE',  ( 3.127778409939248494, 3.510000000000000231, -0.9944487678161231248 ) ) ;
#1985 = AXIS2_PLACEMENT_3D ( 'NONE', #127, #94, #2967 ) ;
#1986 = VERTEX_POINT ( 'NONE', #5042 ) ;
#1987 = ORIENTED_EDGE ( 'NONE', *, *, #893, .F. ) ;
#1988 = CONTEXT_DEPENDENT_SHAPE_REPRESENTATION ( #5010, #3645 ) ;
#1989 = CARTESIAN_POINT ( 'NONE',  ( 1.875000000000000888, 3.810000000000000053, -1.825224324045338076 ) ) ;
#1990 = CARTESIAN_POINT ( 'NONE',  ( -1.627778409939248938, 0.000000000000000000, -1.294448767816122725 ) ) ;
#1991 = VECTOR ( 'NONE', #4434, 1000.000000000000000 ) ;
#1992 = VERTEX_POINT ( 'NONE', #2577 ) ;
#1993 = COLOUR_RGB ( '',0.8431372549019607865, 0.8156862745098039102, 0.7529411764705882248 ) ;
#1994 = PLANE ( 'NONE',  #694 ) ;
#1995 = DIRECTION ( 'NONE',  ( -0.000000000000000000, 0.9449393261893695994, -0.3272455802922021872 ) ) ;
#1996 = VERTEX_POINT ( 'NONE', #148 ) ;
#1997 = DIRECTION ( 'NONE',  ( -1.000000000000000000, 3.497202527569243102E-15, 0.000000000000000000 ) ) ;
#1998 = EDGE_CURVE ( 'NONE', #5621, #1280, #2256, .T. ) ;
#1999 = EDGE_LOOP ( 'NONE', ( #2043, #2246, #3685, #3707 ) ) ;
#2000 = DIRECTION ( 'NONE',  ( 1.000000000000000000, 0.000000000000000000, 0.000000000000000000 ) ) ;
#2001 = CARTESIAN_POINT ( 'NONE',  ( -4.648481797856809372, 3.608173674087660654, -1.895119576905404335 ) ) ;
#2002 = DIRECTION ( 'NONE',  ( -1.000000000000000000, -3.469446951953614805E-17, -4.163336342344338259E-17 ) ) ;
#2003 =( NAMED_UNIT ( * ) PLANE_ANGLE_UNIT ( ) SI_UNIT ( $, .RADIAN. ) );
#2004 = ORIENTED_EDGE ( 'NONE', *, *, #5001, .T. ) ;
#2005 = CARTESIAN_POINT ( 'NONE',  ( -2.986176789632889239, 2.118235399615123082, -1.194448767816121082 ) ) ;
#2006 = EDGE_CURVE ( 'NONE', #5621, #2802, #5748, .T. ) ;
#2007 = EDGE_CURVE ( 'NONE', #1895, #4373, #4066, .T. ) ;
#2008 = DIRECTION ( 'NONE',  ( 1.000000000000000000, -0.000000000000000000, 2.911116689277474274E-16 ) ) ;
#2009 = EDGE_CURVE ( 'NONE', #2977, #3058, #640, .T. ) ;
#2010 = VERTEX_POINT ( 'NONE', #3114 ) ;
#2011 = CARTESIAN_POINT ( 'NONE',  ( 1.366818319492648204, 3.132929601890217963, -1.294448767816122281 ) ) ;
#2012 = LINE ( 'NONE', #3525, #78 ) ;
#2013 = VECTOR ( 'NONE', #2918, 1000.000000000000000 ) ;
#2014 = AXIS2_PLACEMENT_3D ( 'NONE', #1559, #3985, #1595 ) ;
#2015 = DIRECTION ( 'NONE',  ( -3.350313119968968612E-16, 0.000000000000000000, 1.000000000000000000 ) ) ;
#2016 = LINE ( 'NONE', #5932, #5499 ) ;
#2017 = LINE ( 'NONE', #3953, #1371 ) ;
#2018 =( REPRESENTATION_RELATIONSHIP ('NONE','NONE', #2023, #4232 ) REPRESENTATION_RELATIONSHIP_WITH_TRANSFORMATION ( #4458 )SHAPE_REPRESENTATION_RELATIONSHIP( ) );
#2019 = EDGE_LOOP ( 'NONE', ( #5874, #2540, #4519, #4222 ) ) ;
#2020 = AXIS2_PLACEMENT_3D ( 'NONE', #5489, #3047, #5095 ) ;
#2021 = ORIENTED_EDGE ( 'NONE', *, *, #1223, .F. ) ;
#2022 = ITEM_DEFINED_TRANSFORMATION ( 'NONE', 'NONE', #2944,  #1731 ) ;
#2023 = SHAPE_REPRESENTATION ( '0154003.DRT', ( #1198, #6019, #4787, #1811, #1299, #1508, #2944, #4892, #186, #5409, #4280 ), #3150 ) ;
#2024 = FACE_OUTER_BOUND ( 'NONE', #1732, .T. ) ;
#2025 = ORIENTED_EDGE ( 'NONE', *, *, #592, .F. ) ;
#2026 = FACE_OUTER_BOUND ( 'NONE', #5646, .T. ) ;
#2027 = VECTOR ( 'NONE', #1071, 1000.000000000000000 ) ;
#2028 = EDGE_CURVE ( 'NONE', #5502, #3197, #204, .T. ) ;
#2029 = VERTEX_POINT ( 'NONE', #1544 ) ;
#2030 = CARTESIAN_POINT ( 'NONE',  ( 1.126143534192405093, 3.132929601890217963, -1.394448767816122592 ) ) ;
#2031 = LINE ( 'NONE', #675, #2732 ) ;
#2032 = ORIENTED_EDGE ( 'NONE', *, *, #2648, .F. ) ;
#2033 = CARTESIAN_POINT ( 'NONE',  ( -8.673617379884031528E-16, -1.603214769011928092E-14, -1.000000000000000666 ) ) ;
#2034 = ORIENTED_EDGE ( 'NONE', *, *, #6233, .T. ) ;
#2035 = FACE_OUTER_BOUND ( 'NONE', #5053, .T. ) ;
#2036 = FACE_OUTER_BOUND ( 'NONE', #5913, .T. ) ;
#2037 = FILL_AREA_STYLE ('',( #3481 ) ) ;
#2038 = CARTESIAN_POINT ( 'NONE',  ( -3.752267713333900190, 5.601603292151256374E-15, -1.000000000000000444 ) ) ;
#2039 = ORIENTED_EDGE ( 'NONE', *, *, #5696, .F. ) ;
#2040 = UNCERTAINTY_MEASURE_WITH_UNIT (LENGTH_MEASURE( 1.000000000000000082E-05 ), #2062, 'distance_accuracy_value', 'NONE');
#2041 = PLANE ( 'NONE',  #1985 ) ;
#2042 = LINE ( 'NONE', #2618, #1625 ) ;
#2043 = ORIENTED_EDGE ( 'NONE', *, *, #4322, .F. ) ;
#2044 = ORIENTED_EDGE ( 'NONE', *, *, #5040, .F. ) ;
#2045 = DIRECTION ( 'NONE',  ( 7.778769097326426270E-62, -1.000000000000000000, -1.534091707905539378E-92 ) ) ;
#2046 = EDGE_CURVE ( 'NONE', #1027, #1203, #5465, .T. ) ;
#2047 = DIRECTION ( 'NONE',  ( 0.000000000000000000, 1.000000000000000000, 0.000000000000000000 ) ) ;
#2048 = DIRECTION ( 'NONE',  ( -3.497202527569243102E-15, -1.000000000000000000, 0.000000000000000000 ) ) ;
#2049 = CIRCLE ( 'NONE', #3387, 0.2999999999999999334 ) ;
#2050 = ORIENTED_EDGE ( 'NONE', *, *, #1734, .F. ) ;
#2051 = CARTESIAN_POINT ( 'NONE',  ( -4.864999999999998437, 1.611566968151564527, -1.000000000000000222 ) ) ;
#2052 = EDGE_CURVE ( 'NONE', #4008, #3823, #5160, .T. ) ;
#2053 = VERTEX_POINT ( 'NONE', #3260 ) ;
#2054 = DIRECTION ( 'NONE',  ( 1.177569344012826013E-16, -0.7071067811865487940, -0.7071067811865463515 ) ) ;
#2055 = CARTESIAN_POINT ( 'NONE',  ( -1.126143534192405093, 3.132929601890217963, 1.294448767816122281 ) ) ;
#2056 = APPLICATION_CONTEXT ( 'automotive_design' ) ;
#2057 = EDGE_CURVE ( 'NONE', #1992, #1387, #3289, .T. ) ;
#2058 = VECTOR ( 'NONE', #2397, 1000.000000000000000 ) ;
#2059 = EDGE_CURVE ( 'NONE', #413, #925, #3846, .T. ) ;
#2060 = ORIENTED_EDGE ( 'NONE', *, *, #207, .T. ) ;
#2061 =( BOUNDED_CURVE ( )  B_SPLINE_CURVE ( 3, ( #3244, #6104, #5198, #4751 ),
 .UNSPECIFIED., .F., .F. ) 
 B_SPLINE_CURVE_WITH_KNOTS ( ( 4, 4 ),
 ( 1.570796326794896558, 1.904183508052879059 ),
 .UNSPECIFIED. ) 
 CURVE ( )  GEOMETRIC_REPRESENTATION_ITEM ( )  RATIONAL_B_SPLINE_CURVE ( ( 1.000000000000000000, 0.9907591764161810532, 0.9907591764161810532, 1.000000000000000000 ) ) 
 REPRESENTATION_ITEM ( '' )  );
#2062 =( LENGTH_UNIT ( ) NAMED_UNIT ( * ) SI_UNIT ( .MILLI., .METRE. ) );
#2063 = ORIENTED_EDGE ( 'NONE', *, *, #19, .T. ) ;
#2064 = VECTOR ( 'NONE', #4834, 1000.000000000000000 ) ;
#2065 = FACE_OUTER_BOUND ( 'NONE', #4843, .T. ) ;
#2066 = DIRECTION ( 'NONE',  ( -1.000000000000000000, -1.088685050709305688E-16, 0.000000000000000000 ) ) ;
#2067 = CARTESIAN_POINT ( 'NONE',  ( 1.627778409939249826, 2.118235399615123082, 1.194448767816121526 ) ) ;
#2068 = CARTESIAN_POINT ( 'NONE',  ( 1.627778409939249826, 2.919136647305522914, 1.294448767816122281 ) ) ;
#2069 = ORIENTED_EDGE ( 'NONE', *, *, #2446, .F. ) ;
#2070 = DIRECTION ( 'NONE',  ( 1.000000000000000000, -0.000000000000000000, -3.350313119968968612E-16 ) ) ;
#2071 = CARTESIAN_POINT ( 'NONE',  ( 4.864999999999998437, 1.611566968151564527, 1.000000000000000000 ) ) ;
#2072 = LINE ( 'NONE', #4535, #5292 ) ;
#2073 = ORIENTED_EDGE ( 'NONE', *, *, #4880, .F. ) ;
#2074 = CARTESIAN_POINT ( 'NONE',  ( 1.627778409939249382, 0.000000000000000000, -6.112362009258933832E-16 ) ) ;
#2075 = DIRECTION ( 'NONE',  ( -1.000000000000000000, -0.000000000000000000, -0.000000000000000000 ) ) ;
#2076 = CARTESIAN_POINT ( 'NONE',  ( -2.986176789632888351, 1.918235399615123127, 0.9944487678161231248 ) ) ;
#2077 = ORIENTED_EDGE ( 'NONE', *, *, #4025, .T. ) ;
#2078 = LINE ( 'NONE', #4049, #1901 ) ;
#2079 = DIRECTION ( 'NONE',  ( 1.000000000000000000, 7.376470667572146093E-33, -6.023345402697287394E-17 ) ) ;
#2080 = LINE ( 'NONE', #4971, #2101 ) ;
#2081 = VERTEX_POINT ( 'NONE', #1850 ) ;
#2082 = CARTESIAN_POINT ( 'NONE',  ( 1.126143534192405093, 2.919136647305522470, -1.444448767816122192 ) ) ;
#2083 = EDGE_CURVE ( 'NONE', #1012, #2544, #5677, .T. ) ;
#2084 = ORIENTED_EDGE ( 'NONE', *, *, #21, .T. ) ;
#2085 = DIRECTION ( 'NONE',  ( 1.000000000000000000, -0.000000000000000000, 0.000000000000000000 ) ) ;
#2086 = LINE ( 'NONE', #1751, #6049 ) ;
#2087 = VECTOR ( 'NONE', #3308, 1000.000000000000000 ) ;
#2088 = EDGE_CURVE ( 'NONE', #4867, #2858, #3735, .T. ) ;
#2089 = ADVANCED_FACE ( 'NONE', ( #441 ), #4701, .F. ) ;
#2090 = ORIENTED_EDGE ( 'NONE', *, *, #748, .F. ) ;
#2091 = CIRCLE ( 'NONE', #1063, 0.2999999999999999334 ) ;
#2092 = VERTEX_POINT ( 'NONE', #5834 ) ;
#2093 = EDGE_CURVE ( 'NONE', #5737, #1597, #2400, .T. ) ;
#2094 = CARTESIAN_POINT ( 'NONE',  ( -1.591125123973731625, 1.530158088537198409E-15, -1.000000000000000444 ) ) ;
#2095 = LINE ( 'NONE', #3080, #5477 ) ;
#2096 = CARTESIAN_POINT ( 'NONE',  ( -4.648481797856809372, 3.608173674087660654, 1.895119576905404113 ) ) ;
#2097 = VECTOR ( 'NONE', #3511, 1000.000000000000000 ) ;
#2098 = VECTOR ( 'NONE', #2639, 1000.000000000000000 ) ;
#2099 = EDGE_CURVE ( 'NONE', #4480, #4253, #2779, .T. ) ;
#2100 = ORIENTED_EDGE ( 'NONE', *, *, #897, .T. ) ;
#2101 = VECTOR ( 'NONE', #2943, 1000.000000000000000 ) ;
#2102 = CARTESIAN_POINT ( 'NONE',  ( -1.366818319492648204, 3.061149402765582561, 1.294448767816122281 ) ) ;
#2103 = CARTESIAN_POINT ( 'NONE',  ( 4.864999999999999325, 0.5499999999999994893, -1.000000000000000444 ) ) ;
#2104 = CARTESIAN_POINT ( 'NONE',  ( 1.627778409939249826, 3.810000000000000053, 0.9944487678161216815 ) ) ;
#2105 = ORIENTED_EDGE ( 'NONE', *, *, #6305, .F. ) ;
#2106 = LINE ( 'NONE', #2134, #54 ) ;
#2107 = EDGE_CURVE ( 'NONE', #360, #895, #5799, .T. ) ;
#2108 = LINE ( 'NONE', #3521, #1311 ) ;
#2109 = CARTESIAN_POINT ( 'NONE',  ( 4.664999999999999147, 0.6053979116170365993, 0.4184320681164753197 ) ) ;
#2110 = VERTEX_POINT ( 'NONE', #3781 ) ;
#2111 = LINE ( 'NONE', #1114, #980 ) ;
#2112 = CARTESIAN_POINT ( 'NONE',  ( -1.126143534192404871, 2.372994641670527205, -1.919880095332464842 ) ) ;
#2113 = PLANE ( 'NONE',  #4864 ) ;
#2114 = CARTESIAN_POINT ( 'NONE',  ( -4.364999999999999325, 3.810000000000000053, -1.825224324045338076 ) ) ;
#2115 = VERTEX_POINT ( 'NONE', #1336 ) ;
#2116 = CIRCLE ( 'NONE', #5079, 0.6251840078416682767 ) ;
#2117 = ORIENTED_EDGE ( 'NONE', *, *, #3896, .F. ) ;
#2118 = LINE ( 'NONE', #2175, #1193 ) ;
#2119 = DIRECTION ( 'NONE',  ( 0.000000000000000000, 0.000000000000000000, -1.000000000000000000 ) ) ;
#2120 = EDGE_CURVE ( 'NONE', #3930, #2510, #850, .T. ) ;
#2121 = VERTEX_POINT ( 'NONE', #6301 ) ;
#2122 = LINE ( 'NONE', #6128, #6304 ) ;
#2123 = DIRECTION ( 'NONE',  ( -1.000000000000000000, 0.000000000000000000, -2.911116689277474274E-16 ) ) ;
#2124 = CARTESIAN_POINT ( 'NONE',  ( 1.627778409939249826, 1.818235399615123482, -0.9944487678161235689 ) ) ;
#2125 = EDGE_LOOP ( 'NONE', ( #6062, #5524, #696, #1319 ) ) ;
#2126 = CARTESIAN_POINT ( 'NONE',  ( -4.864999999999999325, 0.9000000000000036859, 0.4000000000000000222 ) ) ;
#2127 = ORIENTED_EDGE ( 'NONE', *, *, #4560, .T. ) ;
#2128 = CARTESIAN_POINT ( 'NONE',  ( -1.591125123973731181, 0.2000000000000132783, -1.400000000000000799 ) ) ;
#2129 = VECTOR ( 'NONE', #3793, 1000.000000000000000 ) ;
#2130 = DIRECTION ( 'NONE',  ( 1.179611963664229317E-16, 0.7071067811865464625, 0.7071067811865486830 ) ) ;
#2131 = ORIENTED_EDGE ( 'NONE', *, *, #4139, .T. ) ;
#2132 = FACE_OUTER_BOUND ( 'NONE', #1607, .T. ) ;
#2133 = ADVANCED_FACE ( 'NONE', ( #381 ), #2337, .F. ) ;
#2134 = CARTESIAN_POINT ( 'NONE',  ( -1.126143534192405093, 3.132929601890217963, 1.394448767816122592 ) ) ;
#2135 = EDGE_CURVE ( 'NONE', #1178, #1468, #2876, .T. ) ;
#2136 = CARTESIAN_POINT ( 'NONE',  ( 1.591125123973732070, -2.991362224123835219E-15, -1.000000000000000444 ) ) ;
#2137 = CIRCLE ( 'NONE', #1515, 0.2999999999999999334 ) ;
#2138 = CARTESIAN_POINT ( 'NONE',  ( -2.827778409939249560, 3.810000000000000053, 1.294448767816121615 ) ) ;
#2139 = EDGE_LOOP ( 'NONE', ( #2588, #520, #2373, #5947 ) ) ;
#2140 = DIRECTION ( 'NONE',  ( -1.000000000000000000, -0.000000000000000000, 0.000000000000000000 ) ) ;
#2141 = LINE ( 'NONE', #5419, #3855 ) ;
#2142 = CARTESIAN_POINT ( 'NONE',  ( 3.003514341227321527, 3.509999999999999343, 1.294448767816121171 ) ) ;
#2143 = ORIENTED_EDGE ( 'NONE', *, *, #5892, .T. ) ;
#2144 = DIRECTION ( 'NONE',  ( -1.000000000000000000, 0.000000000000000000, -0.000000000000000000 ) ) ;
#2145 = ORIENTED_EDGE ( 'NONE', *, *, #4063, .F. ) ;
#2146 = ORIENTED_EDGE ( 'NONE', *, *, #4526, .T. ) ;
#2147 = DIRECTION ( 'NONE',  ( 0.000000000000000000, -1.000000000000000000, 0.000000000000000000 ) ) ;
#2148 = CARTESIAN_POINT ( 'NONE',  ( 1.627778409939249826, 3.510000000000000231, 0.9944487678161216815 ) ) ;
#2149 = ORIENTED_EDGE ( 'NONE', *, *, #1535, .T. ) ;
#2150 = ORIENTED_EDGE ( 'NONE', *, *, #3537, .T. ) ;
#2151 = CARTESIAN_POINT ( 'NONE',  ( -3.873634909763690626, 1.818235399615123704, 1.294448767816122059 ) ) ;
#2152 = CARTESIAN_POINT ( 'NONE',  ( -1.627778409939249826, 1.818235399615123482, 0.9944487678161212374 ) ) ;
#2153 = PRODUCT_RELATED_PRODUCT_CATEGORY ( 'part', '', ( #3177 ) ) ;
#2154 = CARTESIAN_POINT ( 'NONE',  ( -2.827778409939249560, 3.510000000000000231, 0.9944487678161214594 ) ) ;
#2155 = VECTOR ( 'NONE', #5077, 1000.000000000000000 ) ;
#2156 = AXIS2_PLACEMENT_3D ( 'NONE', #347, #5640, #729 ) ;
#2157 = EDGE_LOOP ( 'NONE', ( #437, #3754, #5918, #3648 ) ) ;
#2158 = CARTESIAN_POINT ( 'NONE',  ( 1.366818319492648204, 3.019781114811264544, -1.131672265954415391 ) ) ;
#2159 = AXIS2_PLACEMENT_3D ( 'NONE', #2685, #4639, #5210 ) ;
#2160 = VECTOR ( 'NONE', #1953, 1000.000000000000000 ) ;
#2161 = CARTESIAN_POINT ( 'NONE',  ( 3.752267713333899302, 0.2000000000000128897, 1.399999999999999467 ) ) ;
#2162 = ORIENTED_EDGE ( 'NONE', *, *, #258, .T. ) ;
#2163 = LINE ( 'NONE', #745, #5479 ) ;
#2164 = DIRECTION ( 'NONE',  ( -1.000000000000000000, 4.930380657631323784E-32, 2.911116689277473781E-16 ) ) ;
#2165 = CARTESIAN_POINT ( 'NONE',  ( 1.366818319492648204, 3.132929601890217963, -1.394448767816122592 ) ) ;
#2166 = ORIENTED_EDGE ( 'NONE', *, *, #1696, .F. ) ;
#2167 = EDGE_LOOP ( 'NONE', ( #4943, #3004, #79, #3851 ) ) ;
#2168 = ADVANCED_FACE ( 'NONE', ( #4839 ), #1915, .T. ) ;
#2169 = CARTESIAN_POINT ( 'NONE',  ( 3.127778409939248938, 3.510000000000001563, -0.9944487678161230138 ) ) ;
#2170 = CARTESIAN_POINT ( 'NONE',  ( -1.627778409939249826, 3.132929601890217963, -1.294448767816122281 ) ) ;
#2171 = ORIENTED_EDGE ( 'NONE', *, *, #3584, .T. ) ;
#2172 = LINE ( 'NONE', #4142, #5738 ) ;
#2173 = ADVANCED_FACE ( 'NONE', ( #2843 ), #4805, .T. ) ;
#2174 = VERTEX_POINT ( 'NONE', #6266 ) ;
#2175 = CARTESIAN_POINT ( 'NONE',  ( 3.127778409939248938, 3.610000000000001652, -0.7448702942612648314 ) ) ;
#2176 = LINE ( 'NONE', #1817, #4616 ) ;
#2177 = CLOSED_SHELL ( 'NONE', ( #5037, #4145, #4143, #5385, #3725, #69, #2191, #4036, #5300, #1855, #2321, #2560, #5299, #6085, #4969, #2513, #4522, #6264 ) ) ;
#2178 = ORIENTED_EDGE ( 'NONE', *, *, #3379, .T. ) ;
#2179 = VECTOR ( 'NONE', #2324, 1000.000000000000000 ) ;
#2180 = CARTESIAN_POINT ( 'NONE',  ( -1.627778409939249604, 2.813070630127540550, 1.338382750638140051 ) ) ;
#2181 = DIRECTION ( 'NONE',  ( -1.000000000000000000, 0.000000000000000000, 0.000000000000000000 ) ) ;
#2182 = ORIENTED_EDGE ( 'NONE', *, *, #5736, .F. ) ;
#2183 = CARTESIAN_POINT ( 'NONE',  ( 1.874999999999999334, 3.373604387190460407, -1.394448767816122592 ) ) ;
#2184 = AXIS2_PLACEMENT_3D ( 'NONE', #244, #3678, #156 ) ;
#2185 = LINE ( 'NONE', #5560, #3771 ) ;
#2186 = SURFACE_STYLE_USAGE ( .BOTH. , #6042 ) ;
#2187 = ORIENTED_EDGE ( 'NONE', *, *, #2452, .F. ) ;
#2188 = AXIS2_PLACEMENT_3D ( 'NONE', #5588, #4565, #2181 ) ;
#2189 = VECTOR ( 'NONE', #4380, 1000.000000000000000 ) ;
#2190 = FACE_OUTER_BOUND ( 'NONE', #6195, .T. ) ;
#2191 = ADVANCED_FACE ( 'NONE', ( #1882 ), #1401, .T. ) ;
#2192 = VECTOR ( 'NONE', #2467, 1000.000000000000000 ) ;
#2193 = CARTESIAN_POINT ( 'NONE',  ( -4.664999999999999147, 2.236750975993232249, -0.3748159921583319454 ) ) ;
#2194 = CARTESIAN_POINT ( 'NONE',  ( -3.873634909763690626, 3.810000000000000053, 0.7448702942612707156 ) ) ;
#2195 = ORIENTED_EDGE ( 'NONE', *, *, #5375, .T. ) ;
#2196 = CARTESIAN_POINT ( 'NONE',  ( 3.127778409939248938, 3.612943725152287566, -1.170184699104193982 ) ) ;
#2197 = ADVANCED_FACE ( 'NONE', ( #2264 ), #2751, .F. ) ;
#2198 = DIRECTION ( 'NONE',  ( -1.000000000000000000, 0.000000000000000000, -2.911116689277474274E-16 ) ) ;
#2199 = EDGE_CURVE ( 'NONE', #5691, #3823, #4872, .T. ) ;
#2200 = EDGE_CURVE ( 'NONE', #2977, #2416, #5990, .T. ) ;
#2201 = ORIENTED_EDGE ( 'NONE', *, *, #202, .F. ) ;
#2202 = FACE_OUTER_BOUND ( 'NONE', #1322, .T. ) ;
#2203 = VERTEX_POINT ( 'NONE', #35 ) ;
#2204 = CARTESIAN_POINT ( 'NONE',  ( -1.064999999999998614, -1.251648788152149138E-14, 0.9999999999999995559 ) ) ;
#2205 = LINE ( 'NONE', #6211, #3178 ) ;
#2206 = EDGE_CURVE ( 'NONE', #196, #1640, #535, .T. ) ;
#2207 = VECTOR ( 'NONE', #3586, 1000.000000000000000 ) ;
#2208 = ORIENTED_EDGE ( 'NONE', *, *, #5775, .T. ) ;
#2209 = ORIENTED_EDGE ( 'NONE', *, *, #5898, .F. ) ;
#2210 = VERTEX_POINT ( 'NONE', #5346 ) ;
#2211 = FACE_OUTER_BOUND ( 'NONE', #3510, .T. ) ;
#2212 = VECTOR ( 'NONE', #2882, 1000.000000000000000 ) ;
#2213 = EDGE_CURVE ( 'NONE', #4179, #4704, #2295, .T. ) ;
#2214 = CARTESIAN_POINT ( 'NONE',  ( -1.894460780100799324, 2.919136647305522470, 1.444448767816122192 ) ) ;
#2215 = ORIENTED_EDGE ( 'NONE', *, *, #5610, .T. ) ;
#2216 = AXIS2_PLACEMENT_3D ( 'NONE', #2983, #542, #4555 ) ;
#2217 = DIRECTION ( 'NONE',  ( -3.350313119968968612E-16, 0.000000000000000000, 1.000000000000000000 ) ) ;
#2218 = FILL_AREA_STYLE ('',( #3605 ) ) ;
#2219 = CARTESIAN_POINT ( 'NONE',  ( 1.874999999999999556, 3.810000000000000053, 1.294448767816125390 ) ) ;
#2220 = ORIENTED_EDGE ( 'NONE', *, *, #5911, .T. ) ;
#2221 = SHAPE_REPRESENTATION ( '0154002.DR_1', ( #1731 ), #3564 ) ;
#2222 = COLOUR_RGB ( '',1.000000000000000000, 1.000000000000000000, 1.000000000000000000 ) ;
#2223 = CARTESIAN_POINT ( 'NONE',  ( 0.000000000000000000, 1.583607624610294806, -0.4000000000000000222 ) ) ;
#2224 = CARTESIAN_POINT ( 'NONE',  ( 3.127778409939248938, 2.015291674462837079, -1.170184699104194870 ) ) ;
#2225 = PLANE ( 'NONE',  #1873 ) ;
#2226 = VERTEX_POINT ( 'NONE', #4420 ) ;
#2227 = LINE ( 'NONE', #1743, #4574 ) ;
#2228 = CARTESIAN_POINT ( 'NONE',  ( -3.003514341227319306, 1.818235399615122150, -1.170184699104193315 ) ) ;
#2229 = LINE ( 'NONE', #6141, #5981 ) ;
#2230 = VECTOR ( 'NONE', #5262, 1000.000000000000000 ) ;
#2231 = VECTOR ( 'NONE', #246, 1000.000000000000000 ) ;
#2232 = VERTEX_POINT ( 'NONE', #2432 ) ;
#2233 = CARTESIAN_POINT ( 'NONE',  ( 4.664999999999999147, 2.236750975993232249, -0.3748159921583318344 ) ) ;
#2234 = ORIENTED_EDGE ( 'NONE', *, *, #4326, .F. ) ;
#2235 = ADVANCED_FACE ( 'NONE', ( #2497 ), #1009, .F. ) ;
#2236 = CARTESIAN_POINT ( 'NONE',  ( -1.627778409939249604, 2.919136647305522470, 1.394448767816122370 ) ) ;
#2237 = DIRECTION ( 'NONE',  ( -7.778769097326426270E-62, 1.000000000000000000, 1.534091707905539378E-92 ) ) ;
#2238 = EDGE_CURVE ( 'NONE', #1184, #394, #5866, .T. ) ;
#2239 = ORIENTED_EDGE ( 'NONE', *, *, #783, .T. ) ;
#2240 = ORIENTED_EDGE ( 'NONE', *, *, #5387, .F. ) ;
#2241 = ORIENTED_EDGE ( 'NONE', *, *, #6127, .T. ) ;
#2242 = EDGE_CURVE ( 'NONE', #1859, #5848, #3952, .T. ) ;
#2243 = CARTESIAN_POINT ( 'NONE',  ( 1.627778409939248716, 2.118235399615123082, -0.9944487678161231248 ) ) ;
#2244 = FACE_OUTER_BOUND ( 'NONE', #5351, .T. ) ;
#2245 = EDGE_CURVE ( 'NONE', #1479, #2110, #4965, .T. ) ;
#2246 = ORIENTED_EDGE ( 'NONE', *, *, #956, .F. ) ;
#2247 = CARTESIAN_POINT ( 'NONE',  ( 1.064999999999999059, -1.263095530945612666E-14, 0.9999999999999995559 ) ) ;
#2248 = LINE ( 'NONE', #4216, #4191 ) ;
#2249 = CARTESIAN_POINT ( 'NONE',  ( 1.591125123973731403, 0.1999999999999925171, 0.9999999999999995559 ) ) ;
#2250 = VERTEX_POINT ( 'NONE', #2941 ) ;
#2251 = FACE_OUTER_BOUND ( 'NONE', #2734, .T. ) ;
#2252 = CARTESIAN_POINT ( 'NONE',  ( 2.827778409939248672, 2.118235399615123082, -1.294448767816123391 ) ) ;
#2253 = PRODUCT_DEFINITION_SHAPE ( 'NONE', 'NONE',  #2349 ) ;
#2254 = VECTOR ( 'NONE', #2659, 1000.000000000000000 ) ;
#2255 = CARTESIAN_POINT ( 'NONE',  ( 4.864999999999999325, 0.9000000000000035749, 0.4000000000000000222 ) ) ;
#2256 =( BOUNDED_CURVE ( )  B_SPLINE_CURVE ( 3, ( #2096, #2543, #1675, #4464 ),
 .UNSPECIFIED., .F., .F. ) 
 B_SPLINE_CURVE_WITH_KNOTS ( ( 4, 4 ),
 ( 4.379001799126706729, 4.712388980384689674 ),
 .UNSPECIFIED. ) 
 CURVE ( )  GEOMETRIC_REPRESENTATION_ITEM ( )  RATIONAL_B_SPLINE_CURVE ( ( 1.000000000000000000, 0.9907591764161810532, 0.9907591764161810532, 1.000000000000000000 ) ) 
 REPRESENTATION_ITEM ( '' )  );
#2257 = VERTEX_POINT ( 'NONE', #5418 ) ;
#2258 = CARTESIAN_POINT ( 'NONE',  ( 4.664999999999999147, 0.7000000000000022871, 2.515000000000000124 ) ) ;
#2259 = CARTESIAN_POINT ( 'NONE',  ( -3.127778409939248050, 2.015291674462837079, -1.170184699104195314 ) ) ;
#2260 = CARTESIAN_POINT ( 'NONE',  ( 3.752267713333899302, 0.1999999999999969302, 1.399999999999999245 ) ) ;
#2261 = CARTESIAN_POINT ( 'NONE',  ( 1.126143534192404871, 2.372994641670527205, -1.919880095332465064 ) ) ;
#2262 = ORIENTED_EDGE ( 'NONE', *, *, #4558, .F. ) ;
#2263 = CARTESIAN_POINT ( 'NONE',  ( -3.127778409939248938, 3.610000000000001652, -0.7448702942612716038 ) ) ;
#2264 = FACE_OUTER_BOUND ( 'NONE', #576, .T. ) ;
#2265 = DIRECTION ( 'NONE',  ( 0.000000000000000000, -1.110223024625156294E-16, 1.000000000000000000 ) ) ;
#2266 = EDGE_CURVE ( 'NONE', #1749, #3598, #2743, .T. ) ;
#2267 = ORIENTED_EDGE ( 'NONE', *, *, #625, .T. ) ;
#2268 = PRODUCT_CONTEXT ( 'NONE', #3270, 'mechanical' ) ;
#2269 = EDGE_LOOP ( 'NONE', ( #266, #3925, #3274, #4874, #4496 ) ) ;
#2270 = ORIENTED_EDGE ( 'NONE', *, *, #4067, .F. ) ;
#2271 = PLANE ( 'NONE',  #2311 ) ;
#2272 = DIRECTION ( 'NONE',  ( 0.000000000000000000, 0.000000000000000000, -1.000000000000000000 ) ) ;
#2273 = EDGE_CURVE ( 'NONE', #3716, #5507, #2710, .T. ) ;
#2274 = EDGE_CURVE ( 'NONE', #1163, #1053, #371, .T. ) ;
#2275 = ADVANCED_FACE ( 'NONE', ( #6169 ), #6201, .T. ) ;
#2276 = ADVANCED_FACE ( 'NONE', ( #5664 ), #4258, .T. ) ;
#2277 = ORIENTED_EDGE ( 'NONE', *, *, #1535, .F. ) ;
#2278 = CLOSED_SHELL ( 'NONE', ( #2524, #4870, #3615, #4835, #2275, #5176, #3702, #5181, #5068, #2443, #1287, #6077, #6315, #591, #5217, #677, #6258, #5462, #4167, #2331, #5224, #228, #67, #446 ) ) ;
#2279 = PLANE ( 'NONE',  #1124 ) ;
#2280 = DIRECTION ( 'NONE',  ( -0.000000000000000000, 0.7071067811865464625, 0.7071067811865486830 ) ) ;
#2281 = AXIS2_PLACEMENT_3D ( 'NONE', #2158, #3639, #1733 ) ;
#2282 = LINE ( 'NONE', #4785, #5914 ) ;
#2283 = ORIENTED_EDGE ( 'NONE', *, *, #4467, .T. ) ;
#2284 = VECTOR ( 'NONE', #838, 1000.000000000000000 ) ;
#2285 = LINE ( 'NONE', #3304, #5578 ) ;
#2286 = EDGE_LOOP ( 'NONE', ( #84, #242, #2162, #4197 ) ) ;
#2287 = DIRECTION ( 'NONE',  ( -2.958228394578794270E-31, 3.097720492815728645E-16, -1.000000000000000000 ) ) ;
#2288 = CARTESIAN_POINT ( 'NONE',  ( 4.314999999999999503, 0.1999999999999986233, 0.9999999999999995559 ) ) ;
#2289 = ORIENTED_EDGE ( 'NONE', *, *, #1966, .T. ) ;
#2290 = DIRECTION ( 'NONE',  ( 3.497202527569243102E-15, 1.000000000000000000, 0.000000000000000000 ) ) ;
#2291 = CARTESIAN_POINT ( 'NONE',  ( 3.873634909763690626, -1.452381048782462436, 1.294448767816125390 ) ) ;
#2292 = EDGE_CURVE ( 'NONE', #769, #2863, #4760, .T. ) ;
#2293 = VECTOR ( 'NONE', #1286, 1000.000000000000000 ) ;
#2294 = CARTESIAN_POINT ( 'NONE',  ( 1.874999999999999556, 3.132929601890217963, -1.294448767816122281 ) ) ;
#2295 = CIRCLE ( 'NONE', #1475, 0.6251840078416682767 ) ;
#2296 = LINE ( 'NONE', #314, #5435 ) ;
#2297 = ORIENTED_EDGE ( 'NONE', *, *, #1853, .F. ) ;
#2298 = CARTESIAN_POINT ( 'NONE',  ( 3.873634909763690182, 3.809999999999999609, -0.7448702942612651645 ) ) ;
#2299 = DIRECTION ( 'NONE',  ( 9.860761315262647568E-32, -3.097720492815724700E-16, 1.000000000000000000 ) ) ;
#2300 = CARTESIAN_POINT ( 'NONE',  ( 4.664999999999999147, 1.611566968151564527, -0.3748159921583320564 ) ) ;
#2301 = ORIENTED_EDGE ( 'NONE', *, *, #2366, .F. ) ;
#2302 = VECTOR ( 'NONE', #366, 1000.000000000000000 ) ;
#2303 = SHAPE_DEFINITION_REPRESENTATION ( #367, #4232 ) ;
#2304 = VERTEX_POINT ( 'NONE', #873 ) ;
#2305 = CARTESIAN_POINT ( 'NONE',  ( -3.127778409939249382, 2.118235399615123526, 0.9944487678161212374 ) ) ;
#2306 = DIRECTION ( 'NONE',  ( 3.350313119968968612E-16, -1.022693426037462838E-32, -1.000000000000000000 ) ) ;
#2307 = PRODUCT ( '0154002.DR_7', '0154002.DR_7', '', ( #323 ) ) ;
#2308 = ORIENTED_EDGE ( 'NONE', *, *, #289, .F. ) ;
#2309 =( NAMED_UNIT ( * ) PLANE_ANGLE_UNIT ( ) SI_UNIT ( $, .RADIAN. ) );
#2310 = ORIENTED_EDGE ( 'NONE', *, *, #4558, .T. ) ;
#2311 = AXIS2_PLACEMENT_3D ( 'NONE', #5225, #1754, #1891 ) ;
#2312 = EDGE_CURVE ( 'NONE', #4610, #4640, #1836, .T. ) ;
#2313 = EDGE_CURVE ( 'NONE', #5395, #5179, #5728, .T. ) ;
#2314 = VECTOR ( 'NONE', #2682, 1000.000000000000000 ) ;
#2315 = CARTESIAN_POINT ( 'NONE',  ( 1.126143534192404649, 2.302283963551872592, -1.849169417213810229 ) ) ;
#2316 = DIRECTION ( 'NONE',  ( -3.350313119968968612E-16, -0.000000000000000000, 1.000000000000000000 ) ) ;
#2317 = ORIENTED_EDGE ( 'NONE', *, *, #5893, .T. ) ;
#2318 = FACE_OUTER_BOUND ( 'NONE', #6223, .T. ) ;
#2319 = VECTOR ( 'NONE', #632, 1000.000000000000000 ) ;
#2320 =( GEOMETRIC_REPRESENTATION_CONTEXT ( 3 ) GLOBAL_UNCERTAINTY_ASSIGNED_CONTEXT ( ( #4291 ) ) GLOBAL_UNIT_ASSIGNED_CONTEXT ( ( #3187, #3367, #1897 ) ) REPRESENTATION_CONTEXT ( 'NONE', 'WORKASPACE' ) );
#2321 = ADVANCED_FACE ( 'NONE', ( #400 ), #3543, .T. ) ;
#2322 = ORIENTED_EDGE ( 'NONE', *, *, #3634, .F. ) ;
#2323 = CARTESIAN_POINT ( 'NONE',  ( 4.664999999999999147, 1.818235399615122816, -2.515000000000000124 ) ) ;
#2324 = DIRECTION ( 'NONE',  ( 0.000000000000000000, 1.000000000000000000, 0.000000000000000000 ) ) ;
#2325 = ORIENTED_EDGE ( 'NONE', *, *, #3349, .F. ) ;
#2326 = FACE_OUTER_BOUND ( 'NONE', #2477, .T. ) ;
#2327 = EDGE_LOOP ( 'NONE', ( #3437, #3693, #2444, #3282 ) ) ;
#2328 = CARTESIAN_POINT ( 'NONE',  ( -3.003514341227319306, 1.942499468327051115, -1.294448767816123835 ) ) ;
#2329 = AXIS2_PLACEMENT_3D ( 'NONE', #903, #432, #3972 ) ;
#2330 = EDGE_CURVE ( 'NONE', #1276, #394, #5272, .T. ) ;
#2331 = ADVANCED_FACE ( 'NONE', ( #781 ), #2773, .T. ) ;
#2332 = LINE ( 'NONE', #5792, #950 ) ;
#2333 = CARTESIAN_POINT ( 'NONE',  ( 1.627778409939249826, 2.118235399615123082, 0.9944487678161214594 ) ) ;
#2334 = ORIENTED_EDGE ( 'NONE', *, *, #3656, .T. ) ;
#2335 = DIRECTION ( 'NONE',  ( 7.979727989493310169E-17, 0.7071067811865463515, 0.7071067811865487940 ) ) ;
#2336 = LINE ( 'NONE', #3750, #81 ) ;
#2337 = PLANE ( 'NONE',  #958 ) ;
#2338 = FACE_OUTER_BOUND ( 'NONE', #4436, .T. ) ;
#2339 = VECTOR ( 'NONE', #5398, 1000.000000000000000 ) ;
#2340 = VECTOR ( 'NONE', #2075, 1000.000000000000000 ) ;
#2341 = ORIENTED_EDGE ( 'NONE', *, *, #904, .F. ) ;
#2342 = PRODUCT_CONTEXT ( 'NONE', #374, 'mechanical' ) ;
#2343 = VERTEX_POINT ( 'NONE', #6257 ) ;
#2344 = DIRECTION ( 'NONE',  ( 0.000000000000000000, 0.000000000000000000, -1.000000000000000000 ) ) ;
#2345 = CARTESIAN_POINT ( 'NONE',  ( 1.874999999999999556, -1.452381048782462436, 1.294448767816125390 ) ) ;
#2346 = ORIENTED_EDGE ( 'NONE', *, *, #4635, .T. ) ;
#2347 = DIRECTION ( 'NONE',  ( -3.497202527569243102E-15, -1.000000000000000000, 0.000000000000000000 ) ) ;
#2348 = EDGE_LOOP ( 'NONE', ( #5837, #4626, #1185, #5974 ) ) ;
#2349 = PRODUCT_DEFINITION ( 'UNKNOWN', '', #4778, #5510 ) ;
#2350 = DIRECTION ( 'NONE',  ( 0.000000000000000000, -1.110223024625156294E-16, 1.000000000000000000 ) ) ;
#2351 = DIRECTION ( 'NONE',  ( 0.000000000000000000, 0.000000000000000000, -1.000000000000000000 ) ) ;
#2352 = ORIENTED_EDGE ( 'NONE', *, *, #3544, .F. ) ;
#2353 = MECHANICAL_DESIGN_GEOMETRIC_PRESENTATION_REPRESENTATION (  '', ( #3498 ), #224 ) ;
#2354 = LINE ( 'NONE', #835, #2700 ) ;
#2355 = EDGE_CURVE ( 'NONE', #1276, #5770, #3806, .T. ) ;
#2356 = ORIENTED_EDGE ( 'NONE', *, *, #1030, .F. ) ;
#2357 = CARTESIAN_POINT ( 'NONE',  ( 1.627778409939248716, 3.510000000000000231, -1.294448767816122725 ) ) ;
#2358 = CARTESIAN_POINT ( 'NONE',  ( -1.366818319492648204, 2.813070630127540550, 1.338382750638140273 ) ) ;
#2359 = VERTEX_POINT ( 'NONE', #3773 ) ;
#2360 = CARTESIAN_POINT ( 'NONE',  ( 1.366818319492648204, 2.919136647305523358, -1.294448767816122281 ) ) ;
#2361 = UNCERTAINTY_MEASURE_WITH_UNIT (LENGTH_MEASURE( 1.000000000000000082E-05 ), #4599, 'distance_accuracy_value', 'NONE');
#2362 = CARTESIAN_POINT ( 'NONE',  ( -2.986176789632888351, 3.510000000000000231, 1.194448767816123080 ) ) ;
#2363 = EDGE_CURVE ( 'NONE', #5067, #5318, #6230, .T. ) ;
#2364 = VECTOR ( 'NONE', #5835, 1000.000000000000000 ) ;
#2365 = DIRECTION ( 'NONE',  ( 0.000000000000000000, 0.000000000000000000, -1.000000000000000000 ) ) ;
#2366 = EDGE_CURVE ( 'NONE', #1410, #1118, #4241, .T. ) ;
#2367 = VERTEX_POINT ( 'NONE', #2542 ) ;
#2368 = VECTOR ( 'NONE', #4227, 999.9999999999998863 ) ;
#2369 = FACE_OUTER_BOUND ( 'NONE', #2019, .T. ) ;
#2370 = CARTESIAN_POINT ( 'NONE',  ( 1.874999999999999334, 3.373604387190460407, -1.394448767816122592 ) ) ;
#2371 = DIRECTION ( 'NONE',  ( -4.163336342344337027E-17, -1.110223024625156294E-16, 1.000000000000000000 ) ) ;
#2372 = CARTESIAN_POINT ( 'NONE',  ( 3.127778409939249382, 2.118235399615123082, 1.170184699104192871 ) ) ;
#2373 = ORIENTED_EDGE ( 'NONE', *, *, #5606, .F. ) ;
#2374 = APPLICATION_PROTOCOL_DEFINITION ( 'draft international standard', 'automotive_design', 1998, #1798 ) ;
#2375 = ORIENTED_EDGE ( 'NONE', *, *, #5780, .T. ) ;
#2376 = CARTESIAN_POINT ( 'NONE',  ( -3.127778409939249826, 1.942499468327051559, 0.9944487678161207933 ) ) ;
#2377 = DIRECTION ( 'NONE',  ( -1.000000000000000000, -0.000000000000000000, 3.350313119968968612E-16 ) ) ;
#2378 = ORIENTED_EDGE ( 'NONE', *, *, #245, .T. ) ;
#2379 = APPLICATION_CONTEXT ( 'automotive_design' ) ;
#2380 = DIRECTION ( 'NONE',  ( -0.000000000000000000, -1.000000000000000000, -1.224646799147353454E-16 ) ) ;
#2381 = DIRECTION ( 'NONE',  ( 0.000000000000000000, -1.000000000000000000, 0.000000000000000000 ) ) ;
#2382 = ORIENTED_EDGE ( 'NONE', *, *, #4563, .F. ) ;
#2383 = CARTESIAN_POINT ( 'NONE',  ( -4.165000000000000036, 0.2000000000000000944, 2.515000000000000124 ) ) ;
#2384 = CIRCLE ( 'NONE', #39, 0.2999999999999999334 ) ;
#2385 = ORIENTED_EDGE ( 'NONE', *, *, #4070, .F. ) ;
#2386 = DIRECTION ( 'NONE',  ( -1.000000000000000000, 7.778769097326426270E-62, 1.534091707905539378E-92 ) ) ;
#2387 = CARTESIAN_POINT ( 'NONE',  ( 3.752267713333899302, 0.2000000000000132505, -1.400000000000000355 ) ) ;
#2388 = VERTEX_POINT ( 'NONE', #1128 ) ;
#2389 = DIRECTION ( 'NONE',  ( -0.000000000000000000, 0.000000000000000000, 1.000000000000000000 ) ) ;
#2390 = VECTOR ( 'NONE', #3372, 1000.000000000000000 ) ;
#2391 = ADVANCED_FACE ( 'NONE', ( #3600 ), #1157, .F. ) ;
#2392 = DIRECTION ( 'NONE',  ( 1.000000000000000000, 0.000000000000000000, 1.972152263052529076E-31 ) ) ;
#2393 = PLANE ( 'NONE',  #4520 ) ;
#2394 = VECTOR ( 'NONE', #3053, 1000.000000000000000 ) ;
#2395 = ORIENTED_EDGE ( 'NONE', *, *, #5883, .T. ) ;
#2396 = DIRECTION ( 'NONE',  ( 0.000000000000000000, 1.000000000000000000, 1.224646799147351235E-16 ) ) ;
#2397 = DIRECTION ( 'NONE',  ( 4.930380657631323236E-32, -1.000000000000000000, -1.651831900370345321E-47 ) ) ;
#2398 = EDGE_CURVE ( 'NONE', #3799, #1996, #5497, .T. ) ;
#2399 = DIRECTION ( 'NONE',  ( 3.313426411101296887E-47, 1.000000000000000000, -1.038076240024720344E-31 ) ) ;
#2400 = LINE ( 'NONE', #5707, #4554 ) ;
#2401 = CARTESIAN_POINT ( 'NONE',  ( 1.126143534192404871, 2.919136647305522914, 1.294448767816122281 ) ) ;
#2402 = EDGE_CURVE ( 'NONE', #1500, #2635, #2091, .T. ) ;
#2403 = VERTEX_POINT ( 'NONE', #6006 ) ;
#2404 = VECTOR ( 'NONE', #4007, 1000.000000000000000 ) ;
#2405 = DIRECTION ( 'NONE',  ( 0.000000000000000000, 0.000000000000000000, 1.000000000000000000 ) ) ;
#2406 = EDGE_LOOP ( 'NONE', ( #3252, #310, #2166 ) ) ;
#2407 = LINE ( 'NONE', #3500, #1702 ) ;
#2408 = FACE_OUTER_BOUND ( 'NONE', #3562, .T. ) ;
#2409 = ADVANCED_FACE ( 'NONE', ( #674 ), #4092, .T. ) ;
#2410 = EDGE_LOOP ( 'NONE', ( #2483, #2534, #3664, #1208 ) ) ;
#2411 =( NAMED_UNIT ( * ) PLANE_ANGLE_UNIT ( ) SI_UNIT ( $, .RADIAN. ) );
#2412 = ADVANCED_BREP_SHAPE_REPRESENTATION ( '', ( #6052, #1731 ), #2559 ) ;
#2413 = CARTESIAN_POINT ( 'NONE',  ( 3.127778409939248494, 1.818235399615123482, -0.9944487678161231248 ) ) ;
#2414 = CARTESIAN_POINT ( 'NONE',  ( -2.986176789632888351, 2.118235399615123082, 1.194448767816123080 ) ) ;
#2415 = DIRECTION ( 'NONE',  ( 1.000000000000000000, 0.000000000000000000, -0.000000000000000000 ) ) ;
#2416 = VERTEX_POINT ( 'NONE', #5531 ) ;
#2417 = LINE ( 'NONE', #4408, #2189 ) ;
#2418 = VECTOR ( 'NONE', #6023, 1000.000000000000000 ) ;
#2419 = PLANE ( 'NONE',  #4848 ) ;
#2420 = ORIENTED_EDGE ( 'NONE', *, *, #4918, .T. ) ;
#2421 = LINE ( 'NONE', #4759, #1440 ) ;
#2422 = PLANE ( 'NONE',  #6284 ) ;
#2423 = AXIS2_PLACEMENT_3D ( 'NONE', #4090, #2637, #4154 ) ;
#2424 = PRODUCT_DEFINITION_CONTEXT ( 'detailed design', #5656, 'design' ) ;
#2425 = CARTESIAN_POINT ( 'NONE',  ( -4.664999999999999147, 1.633217365692808620, -0.4184320681164753752 ) ) ;
#2426 = DIRECTION ( 'NONE',  ( -1.000000000000000000, 1.617781153285276474E-32, -4.163336342344335178E-17 ) ) ;
#2427 = ORIENTED_EDGE ( 'NONE', *, *, #2985, .F. ) ;
#2428 = ORIENTED_EDGE ( 'NONE', *, *, #4880, .T. ) ;
#2429 = AXIS2_PLACEMENT_3D ( 'NONE', #4982, #549, #581 ) ;
#2430 = DIRECTION ( 'NONE',  ( 0.000000000000000000, -1.000000000000000000, -1.224646799147349263E-16 ) ) ;
#2431 = DIRECTION ( 'NONE',  ( 9.860761315262647568E-32, -3.097720492815724700E-16, 1.000000000000000000 ) ) ;
#2432 = CARTESIAN_POINT ( 'NONE',  ( 3.752267713333900190, 5.217247233948751956E-15, 0.9999999999999995559 ) ) ;
#2433 = DIRECTION ( 'NONE',  ( 0.000000000000000000, 1.000000000000000000, 0.000000000000000000 ) ) ;
#2434 =( BOUNDED_SURFACE ( )  B_SPLINE_SURFACE ( 3, 3, ( 
 ( #2252, #5692, #4658, #4132 ),
 ( #6165, #4254, #6198, #5203 ),
 ( #4220, #2224, #4195, #1802 ),
 ( #6136, #1770, #3279, #6078 ) ),
 .UNSPECIFIED., .F., .F., .F. ) 
 B_SPLINE_SURFACE_WITH_KNOTS ( ( 4, 4 ),
 ( 4, 4 ),
 ( 0.000000000000000000, 1.000000000000000000 ),
 ( 0.000000000000000000, 1.000000000000000000 ),
 .UNSPECIFIED. ) 
 GEOMETRIC_REPRESENTATION_ITEM ( )  RATIONAL_B_SPLINE_SURFACE ( (
 ( 1.000000000000000000, 0.8047378541243649375, 0.8047378541243649375, 1.000000000000000000),
 ( 0.8047378541243649375, 0.6476030138606876374, 0.6476030138606876374, 0.8047378541243649375),
 ( 0.8047378541243649375, 0.6476030138606876374, 0.6476030138606876374, 0.8047378541243649375),
 ( 1.000000000000000000, 0.8047378541243649375, 0.8047378541243649375, 1.000000000000000000) ) ) 
 REPRESENTATION_ITEM ( '' )  SURFACE ( )  );
#2435 = ORIENTED_EDGE ( 'NONE', *, *, #4022, .T. ) ;
#2436 = ADVANCED_FACE ( 'NONE', ( #5015 ), #1189, .T. ) ;
#2437 = ORIENTED_EDGE ( 'NONE', *, *, #1852, .T. ) ;
#2438 = ORIENTED_EDGE ( 'NONE', *, *, #4953, .T. ) ;
#2439 = CARTESIAN_POINT ( 'NONE',  ( -1.874999999999999556, 3.810000000000000053, -1.611637779048593400 ) ) ;
#2440 = DIRECTION ( 'NONE',  ( 7.778769097326426270E-62, -1.000000000000000000, -1.534091707905539378E-92 ) ) ;
#2441 = EDGE_CURVE ( 'NONE', #2635, #5562, #175, .T. ) ;
#2442 = VECTOR ( 'NONE', #3580, 1000.000000000000000 ) ;
#2443 = ADVANCED_FACE ( 'NONE', ( #203 ), #611, .F. ) ;
#2444 = ORIENTED_EDGE ( 'NONE', *, *, #2852, .T. ) ;
#2445 = ORIENTED_EDGE ( 'NONE', *, *, #5294, .F. ) ;
#2446 = EDGE_CURVE ( 'NONE', #2203, #6289, #3570, .T. ) ;
#2447 = DIRECTION ( 'NONE',  ( 1.972152263052529076E-31, 1.972152263052529514E-31, -1.000000000000000000 ) ) ;
#2448 = EDGE_LOOP ( 'NONE', ( #2050, #1888, #142, #5647 ) ) ;
#2449 = DIRECTION ( 'NONE',  ( 0.000000000000000000, 1.000000000000000000, 0.000000000000000000 ) ) ;
#2450 = EDGE_LOOP ( 'NONE', ( #3235, #2799, #2783, #6059, #700, #3642 ) ) ;
#2451 = DIRECTION ( 'NONE',  ( 1.000000000000000000, -0.000000000000000000, 0.000000000000000000 ) ) ;
#2452 = EDGE_CURVE ( 'NONE', #1479, #5562, #4593, .T. ) ;
#2453 = ORIENTED_EDGE ( 'NONE', *, *, #3220, .F. ) ;
#2454 = DIRECTION ( 'NONE',  ( 1.595945597898661294E-16, -1.000000000000000000, -5.758530533717826443E-32 ) ) ;
#2455 = DIRECTION ( 'NONE',  ( -1.000000000000000000, -3.441691376337985670E-15, 0.000000000000000000 ) ) ;
#2456 = DIRECTION ( 'NONE',  ( 5.551115123125782702E-17, 1.000000000000000000, -0.000000000000000000 ) ) ;
#2457 = DIRECTION ( 'NONE',  ( -1.000000000000000000, -0.000000000000000000, -0.000000000000000000 ) ) ;
#2458 = FACE_OUTER_BOUND ( 'NONE', #6082, .T. ) ;
#2459 = DIRECTION ( 'NONE',  ( -1.000000000000000000, 0.000000000000000000, 3.350313119968968612E-16 ) ) ;
#2460 = ORIENTED_EDGE ( 'NONE', *, *, #2949, .T. ) ;
#2461 = LINE ( 'NONE', #3384, #1971 ) ;
#2462 = DIRECTION ( 'NONE',  ( 0.000000000000000000, -1.000000000000000000, -0.000000000000000000 ) ) ;
#2463 = VECTOR ( 'NONE', #1047, 1000.000000000000000 ) ;
#2464 = DIRECTION ( 'NONE',  ( 0.000000000000000000, 1.000000000000000000, -3.481703215984523352E-32 ) ) ;
#2465 = CARTESIAN_POINT ( 'NONE',  ( 2.827778409939248672, 2.118235399615123082, -0.9944487678161233468 ) ) ;
#2466 = DIRECTION ( 'NONE',  ( -0.000000000000000000, -5.110762323974392626E-12, 1.000000000000000000 ) ) ;
#2467 = DIRECTION ( 'NONE',  ( -0.000000000000000000, -1.000000000000000000, -0.000000000000000000 ) ) ;
#2468 = VECTOR ( 'NONE', #3951, 1000.000000000000000 ) ;
#2469 = ORIENTED_EDGE ( 'NONE', *, *, #255, .T. ) ;
#2470 = ORIENTED_EDGE ( 'NONE', *, *, #6089, .T. ) ;
#2471 = VECTOR ( 'NONE', #5807, 1000.000000000000000 ) ;
#2472 = LINE ( 'NONE', #4844, #2013 ) ;
#2473 = DIRECTION ( 'NONE',  ( 3.350313119968968612E-16, -2.239890198972934436E-32, 1.000000000000000000 ) ) ;
#2474 = EDGE_CURVE ( 'NONE', #4647, #1055, #4531, .T. ) ;
#2475 = ORIENTED_EDGE ( 'NONE', *, *, #6015, .F. ) ;
#2476 = FACE_OUTER_BOUND ( 'NONE', #3324, .T. ) ;
#2477 = EDGE_LOOP ( 'NONE', ( #2969, #4342, #2936, #5114 ) ) ;
#2478 = DIRECTION ( 'NONE',  ( 1.972152263052529514E-31, -0.000000000000000000, 1.000000000000000000 ) ) ;
#2479 = ORIENTED_EDGE ( 'NONE', *, *, #6268, .T. ) ;
#2480 = EDGE_CURVE ( 'NONE', #824, #2257, #147, .T. ) ;
#2481 = EDGE_CURVE ( 'NONE', #4160, #1549, #2095, .T. ) ;
#2482 = DIRECTION ( 'NONE',  ( 0.000000000000000000, -1.000000000000000000, 0.000000000000000000 ) ) ;
#2483 = ORIENTED_EDGE ( 'NONE', *, *, #6008, .T. ) ;
#2484 = LINE ( 'NONE', #4004, #3411 ) ;
#2485 = DIRECTION ( 'NONE',  ( 0.000000000000000000, -1.000000000000000000, 0.000000000000000000 ) ) ;
#2486 = CARTESIAN_POINT ( 'NONE',  ( -4.664999999999999147, 3.510000000000000231, 0.000000000000000000 ) ) ;
#2487 = CARTESIAN_POINT ( 'NONE',  ( -1.874999999999999334, 1.818235399615123260, 1.294448767816122059 ) ) ;
#2488 = UNCERTAINTY_MEASURE_WITH_UNIT (LENGTH_MEASURE( 1.000000000000000082E-05 ), #3640, 'distance_accuracy_value', 'NONE');
#2489 = AXIS2_PLACEMENT_3D ( 'NONE', #2076, #4046, #3582 ) ;
#2490 = FACE_OUTER_BOUND ( 'NONE', #3916, .T. ) ;
#2491 = LINE ( 'NONE', #3351, #3594 ) ;
#2492 = ORIENTED_EDGE ( 'NONE', *, *, #5729, .F. ) ;
#2493 = ORIENTED_EDGE ( 'NONE', *, *, #783, .F. ) ;
#2494 = VECTOR ( 'NONE', #5950, 1000.000000000000000 ) ;
#2495 = ADVANCED_FACE ( 'NONE', ( #5978 ), #118, .F. ) ;
#2496 = CARTESIAN_POINT ( 'NONE',  ( 4.665000000000000036, 0.5499999999999988232, 0.9999999999999995559 ) ) ;
#2497 = FACE_OUTER_BOUND ( 'NONE', #2269, .T. ) ;
#2498 = CARTESIAN_POINT ( 'NONE',  ( -4.864999999999999325, 1.633217365692808620, 0.4184320681164753752 ) ) ;
#2499 = DIRECTION ( 'NONE',  ( 0.000000000000000000, -1.000000000000000000, 0.000000000000000000 ) ) ;
#2500 = VECTOR ( 'NONE', #5376, 1000.000000000000000 ) ;
#2501 = ORIENTED_EDGE ( 'NONE', *, *, #1186, .F. ) ;
#2502 = ORIENTED_EDGE ( 'NONE', *, *, #5606, .T. ) ;
#2503 = VECTOR ( 'NONE', #5226, 1000.000000000000000 ) ;
#2504 = LINE ( 'NONE', #5352, #4468 ) ;
#2505 = LINE ( 'NONE', #633, #4620 ) ;
#2506 = VECTOR ( 'NONE', #1579, 1000.000000000000000 ) ;
#2507 = ORIENTED_EDGE ( 'NONE', *, *, #3132, .F. ) ;
#2508 = DIRECTION ( 'NONE',  ( 0.000000000000000000, 0.000000000000000000, -1.000000000000000000 ) ) ;
#2509 = CARTESIAN_POINT ( 'NONE',  ( -4.364999999999999325, 3.810000000000000053, 1.611637779048593178 ) ) ;
#2510 = VERTEX_POINT ( 'NONE', #3508 ) ;
#2511 = CARTESIAN_POINT ( 'NONE',  ( -1.366818319492648204, 3.373604387190460407, -1.394448767816122592 ) ) ;
#2512 = ORIENTED_EDGE ( 'NONE', *, *, #4993, .F. ) ;
#2513 = ADVANCED_FACE ( 'NONE', ( #237 ), #639, .T. ) ;
#2514 = DIRECTION ( 'NONE',  ( 2.006720292910411831E-16, -1.224646799147365287E-16, 1.000000000000000000 ) ) ;
#2515 = DIRECTION ( 'NONE',  ( 0.000000000000000000, -1.000000000000000000, -1.110223024625156294E-16 ) ) ;
#2516 = LINE ( 'NONE', #615, #5747 ) ;
#2517 = CARTESIAN_POINT ( 'NONE',  ( 1.301042606982605715E-15, -1.649391748444585210E-14, 0.9999999999999995559 ) ) ;
#2518 = ORIENTED_EDGE ( 'NONE', *, *, #1664, .T. ) ;
#2519 = ADVANCED_FACE ( 'NONE', ( #580 ), #4033, .T. ) ;
#2520 = CARTESIAN_POINT ( 'NONE',  ( -4.865000000000000213, 3.810000000000000053, 1.825224324045338076 ) ) ;
#2521 = CARTESIAN_POINT ( 'NONE',  ( -1.627778409939249160, 3.810000000000000053, -0.9944487678161225697 ) ) ;
#2522 = ORIENTED_EDGE ( 'NONE', *, *, #329, .F. ) ;
#2523 = CYLINDRICAL_SURFACE ( 'NONE', #3097, 0.2999999999999999334 ) ;
#2524 = ADVANCED_FACE ( 'NONE', ( #6129 ), #1755, .F. ) ;
#2525 = CARTESIAN_POINT ( 'NONE',  ( 1.875000000000000888, 1.818235399615123038, -2.515000000000000124 ) ) ;
#2526 = AXIS2_PLACEMENT_3D ( 'NONE', #919, #4493, #3395 ) ;
#2527 = ADVANCED_FACE ( 'NONE', ( #1730 ), #3207, .T. ) ;
#2528 = CARTESIAN_POINT ( 'NONE',  ( -3.752267713333899302, -1.257674520083185143E-14, 0.9999999999999991118 ) ) ;
#2529 = DIRECTION ( 'NONE',  ( 1.000000000000000000, -5.551115123125782702E-17, 1.972152263052529514E-31 ) ) ;
#2530 = ORIENTED_EDGE ( 'NONE', *, *, #411, .F. ) ;
#2531 = VECTOR ( 'NONE', #3136, 1000.000000000000000 ) ;
#2532 = CARTESIAN_POINT ( 'NONE',  ( -3.003514341227320639, 3.685735931288071754, -1.294448767816123391 ) ) ;
#2533 = CIRCLE ( 'NONE', #5512, 0.2999999999999999334 ) ;
#2534 = ORIENTED_EDGE ( 'NONE', *, *, #3032, .T. ) ;
#2535 = LINE ( 'NONE', #1921, #874 ) ;
#2537 = DIRECTION ( 'NONE',  ( 0.000000000000000000, -1.000000000000000000, -0.000000000000000000 ) ) ;
#2536 = PRODUCT_DEFINITION_FORMATION_WITH_SPECIFIED_SOURCE ( 'ANY', '', #715, .NOT_KNOWN. ) ;
#2538 = CIRCLE ( 'NONE', #1403, 0.2999999999999999334 ) ;
#2539 = VERTEX_POINT ( 'NONE', #5619 ) ;
#2540 = ORIENTED_EDGE ( 'NONE', *, *, #1219, .T. ) ;
#2541 = CARTESIAN_POINT ( 'NONE',  ( 4.864999999999998437, 0.6053979116170363772, -0.4184320681164754308 ) ) ;
#2542 = CARTESIAN_POINT ( 'NONE',  ( 1.591125123973731625, 0.1999999999999977629, -1.400000000000000577 ) ) ;
#2543 = CARTESIAN_POINT ( 'NONE',  ( -4.659442577457640233, 3.576523829706961699, 1.906080356506235418 ) ) ;
#2544 = VERTEX_POINT ( 'NONE', #3296 ) ;
#2545 = VECTOR ( 'NONE', #5816, 1000.000000000000000 ) ;
#2546 = VECTOR ( 'NONE', #4720, 1000.000000000000000 ) ;
#2547 = CARTESIAN_POINT ( 'NONE',  ( 3.873634909763690626, 1.818235399615122816, 1.294448767816125390 ) ) ;
#2548 = ORIENTED_EDGE ( 'NONE', *, *, #1325, .T. ) ;
#2549 = SURFACE_SIDE_STYLE ('',( #1131 ) ) ;
#2550 = CARTESIAN_POINT ( 'NONE',  ( -4.315000000000001279, 0.1999999999999990397, 2.449293598294577731E-17 ) ) ;
#2551 = PRESENTATION_STYLE_ASSIGNMENT (( #2186 ) ) ;
#2552 = ORIENTED_EDGE ( 'NONE', *, *, #4862, .F. ) ;
#2553 = DIRECTION ( 'NONE',  ( 1.000000000000000000, 0.000000000000000000, -3.350313119968968612E-16 ) ) ;
#2554 = EDGE_CURVE ( 'NONE', #195, #1280, #4186, .T. ) ;
#2555 = DIRECTION ( 'NONE',  ( 1.000000000000000000, -0.000000000000000000, 3.191891195797326040E-16 ) ) ;
#2556 = DIRECTION ( 'NONE',  ( -6.125951915699055677E-17, 0.000000000000000000, 1.000000000000000000 ) ) ;
#2557 = ORIENTED_EDGE ( 'NONE', *, *, #3550, .F. ) ;
#2558 = DIRECTION ( 'NONE',  ( 0.000000000000000000, 0.000000000000000000, 1.000000000000000000 ) ) ;
#2559 =( GEOMETRIC_REPRESENTATION_CONTEXT ( 3 ) GLOBAL_UNCERTAINTY_ASSIGNED_CONTEXT ( ( #3904 ) ) GLOBAL_UNIT_ASSIGNED_CONTEXT ( ( #1860, #2411, #1827 ) ) REPRESENTATION_CONTEXT ( 'NONE', 'WORKASPACE' ) );
#2560 = ADVANCED_FACE ( 'NONE', ( #767 ), #301, .T. ) ;
#2561 = DIRECTION ( 'NONE',  ( 1.000000000000000000, 0.000000000000000000, 0.000000000000000000 ) ) ;
#2562 = ADVANCED_FACE ( 'NONE', ( #5649 ), #2727, .F. ) ;
#2563 = DIRECTION ( 'NONE',  ( 1.000000000000000000, 1.088685050709304949E-16, 0.000000000000000000 ) ) ;
#2564 = ADVANCED_FACE ( 'NONE', ( #1825 ), #3175, .F. ) ;
#2565 = ORIENTED_EDGE ( 'NONE', *, *, #5251, .F. ) ;
#2566 = CARTESIAN_POINT ( 'NONE',  ( -3.003514341227320639, 3.810000000000000941, -1.170184699104195758 ) ) ;
#2567 = VERTEX_POINT ( 'NONE', #6188 ) ;
#2568 = DIRECTION ( 'NONE',  ( 0.000000000000000000, 0.000000000000000000, -1.000000000000000000 ) ) ;
#2569 = DIRECTION ( 'NONE',  ( -1.000000000000000000, -8.027288899512024032E-18, -7.047733403467682675E-17 ) ) ;
#2570 = EDGE_CURVE ( 'NONE', #6152, #394, #5744, .T. ) ;
#2571 = AXIS2_PLACEMENT_3D ( 'NONE', #3608, #1164, #683 ) ;
#2572 = CIRCLE ( 'NONE', #2156, 0.6251840078416683877 ) ;
#2573 = VERTEX_POINT ( 'NONE', #1248 ) ;
#2574 = SHAPE_REPRESENTATION_RELATIONSHIP ( 'NONE' , 'NONE' ,  #4846, #4187 ) ;
#2575 = FACE_OUTER_BOUND ( 'NONE', #4621, .T. ) ;
#2576 = DIRECTION ( 'NONE',  ( 1.000000000000000000, -1.526556658859590983E-16, 3.191891195797326533E-16 ) ) ;
#2577 = CARTESIAN_POINT ( 'NONE',  ( -4.864999999999999325, 1.583607624610294806, -0.4000000000000000222 ) ) ;
#2578 = CIRCLE ( 'NONE', #3184, 0.2999999999999999334 ) ;
#2579 = ORIENTED_EDGE ( 'NONE', *, *, #5472, .T. ) ;
#2580 = PLANE ( 'NONE',  #4439 ) ;
#2581 = LINE ( 'NONE', #2550, #2874 ) ;
#2582 =( NAMED_UNIT ( * ) SI_UNIT ( $, .STERADIAN. ) SOLID_ANGLE_UNIT ( ) );
#2583 = ORIENTED_EDGE ( 'NONE', *, *, #686, .F. ) ;
#2584 = CARTESIAN_POINT ( 'NONE',  ( -1.874999999999999556, 3.373604387190460852, 1.394448767816122592 ) ) ;
#2585 = FILL_AREA_STYLE ('',( #4045 ) ) ;
#2586 = DIRECTION ( 'NONE',  ( 0.000000000000000000, 0.000000000000000000, 1.000000000000000000 ) ) ;
#2587 = APPLICATION_CONTEXT ( 'automotive_design' ) ;
#2588 = ORIENTED_EDGE ( 'NONE', *, *, #5135, .T. ) ;
#2589 = LINE ( 'NONE', #1978, #4665 ) ;
#2590 = EDGE_CURVE ( 'NONE', #5366, #4122, #6154, .T. ) ;
#2591 = DIRECTION ( 'NONE',  ( 0.000000000000000000, 1.000000000000000000, -0.000000000000000000 ) ) ;
#2592 = CARTESIAN_POINT ( 'NONE',  ( -4.864999999999999325, 1.583607624610294806, 0.4000000000000000222 ) ) ;
#2593 = ORIENTED_EDGE ( 'NONE', *, *, #1497, .F. ) ;
#2594 = VECTOR ( 'NONE', #6137, 1000.000000000000000 ) ;
#2595 = FACE_OUTER_BOUND ( 'NONE', #5597, .T. ) ;
#2596 = ORIENTED_EDGE ( 'NONE', *, *, #2200, .T. ) ;
#2597 = ADVANCED_FACE ( 'NONE', ( #2244 ), #1313, .T. ) ;
#2598 = VECTOR ( 'NONE', #1706, 1000.000000000000000 ) ;
#2599 = CARTESIAN_POINT ( 'NONE',  ( -4.364999999999999325, 3.810000000000000053, -1.611637779048593400 ) ) ;
#2600 = DIRECTION ( 'NONE',  ( -6.077163357286271198E-64, 1.094764425253763337E-47, -1.000000000000000000 ) ) ;
#2601 = AXIS2_PLACEMENT_3D ( 'NONE', #2929, #557, #3410 ) ;
#2602 = ORIENTED_EDGE ( 'NONE', *, *, #4276, .F. ) ;
#2603 = ADVANCED_FACE ( 'NONE', ( #3726 ), #3268, .F. ) ;
#2604 = DIRECTION ( 'NONE',  ( -1.000000000000000000, 0.000000000000000000, -0.000000000000000000 ) ) ;
#2605 = CARTESIAN_POINT ( 'NONE',  ( -1.366818319492648204, 2.302283963551872148, -1.849169417213810229 ) ) ;
#2606 = DIRECTION ( 'NONE',  ( -1.000000000000000000, -0.000000000000000000, 2.006720292910411831E-16 ) ) ;
#2607 = VECTOR ( 'NONE', #1997, 1000.000000000000000 ) ;
#2608 = AXIS2_PLACEMENT_3D ( 'NONE', #3879, #1431, #790 ) ;
#2609 = MECHANICAL_DESIGN_GEOMETRIC_PRESENTATION_REPRESENTATION (  '', ( #1273 ), #1588 ) ;
#2610 = ORIENTED_EDGE ( 'NONE', *, *, #522, .F. ) ;
#2611 = MECHANICAL_DESIGN_GEOMETRIC_PRESENTATION_REPRESENTATION (  '', ( #1067 ), #4060 ) ;
#2612 =( LENGTH_UNIT ( ) NAMED_UNIT ( * ) SI_UNIT ( .MILLI., .METRE. ) );
#2613 = EDGE_LOOP ( 'NONE', ( #3963, #2077, #2283, #1681 ) ) ;
#2614 = CARTESIAN_POINT ( 'NONE',  ( 1.366818319492648204, 3.090491792929919601, 1.202382944073070226 ) ) ;
#2615 = ORIENTED_EDGE ( 'NONE', *, *, #1820, .F. ) ;
#2616 = DIRECTION ( 'NONE',  ( -9.860761315262647568E-32, 3.097720492815724700E-16, -1.000000000000000000 ) ) ;
#2617 = FACE_OUTER_BOUND ( 'NONE', #221, .T. ) ;
#2618 = CARTESIAN_POINT ( 'NONE',  ( -1.874999999999999556, 3.810000000000000053, -1.825224324045338076 ) ) ;
#2619 = DIRECTION ( 'NONE',  ( -1.000000000000000000, 0.000000000000000000, -1.972152263052529514E-31 ) ) ;
#2620 = ORIENTED_EDGE ( 'NONE', *, *, #2007, .F. ) ;
#2621 = DIRECTION ( 'NONE',  ( -2.958228394578794270E-31, 3.097720492815728645E-16, -1.000000000000000000 ) ) ;
#2622 = CARTESIAN_POINT ( 'NONE',  ( 1.591125123973731625, 0.1999999999999993727, 1.399999999999999245 ) ) ;
#2623 = CARTESIAN_POINT ( 'NONE',  ( 3.127778409939250270, 3.612943725152285346, 1.170184699104192649 ) ) ;
#2624 = EDGE_LOOP ( 'NONE', ( #3025, #6031, #23, #6200, #5065, #5488, #3632, #3649 ) ) ;
#2625 = APPLICATION_CONTEXT ( 'automotive_design' ) ;
#2626 = DIRECTION ( 'NONE',  ( -0.000000000000000000, 0.000000000000000000, -1.000000000000000000 ) ) ;
#2627 = ORIENTED_EDGE ( 'NONE', *, *, #3369, .F. ) ;
#2628 = AXIS2_PLACEMENT_3D ( 'NONE', #1904, #1391, #2290 ) ;
#2629 = ORIENTED_EDGE ( 'NONE', *, *, #101, .F. ) ;
#2630 = FACE_OUTER_BOUND ( 'NONE', #1714, .T. ) ;
#2631 = DIRECTION ( 'NONE',  ( 1.000000000000000000, 0.000000000000000000, 0.000000000000000000 ) ) ;
#2632 = VECTOR ( 'NONE', #911, 999.9999999999998863 ) ;
#2633 = ORIENTED_EDGE ( 'NONE', *, *, #5208, .T. ) ;
#2634 = ORIENTED_EDGE ( 'NONE', *, *, #859, .F. ) ;
#2635 = VERTEX_POINT ( 'NONE', #2695 ) ;
#2636 = CIRCLE ( 'NONE', #2429, 0.2999999999999999334 ) ;
#2637 = DIRECTION ( 'NONE',  ( 0.000000000000000000, -1.000000000000000000, 0.000000000000000000 ) ) ;
#2638 = DIRECTION ( 'NONE',  ( -0.7071067811865526798, -0.7071067811865423547, 0.000000000000000000 ) ) ;
#2639 = DIRECTION ( 'NONE',  ( 0.000000000000000000, -0.000000000000000000, 1.000000000000000000 ) ) ;
#2640 = EDGE_CURVE ( 'NONE', #5264, #561, #2757, .T. ) ;
#2641 = ADVANCED_FACE ( 'NONE', ( #1790 ), #6217, .F. ) ;
#2642 = ORIENTED_EDGE ( 'NONE', *, *, #5802, .T. ) ;
#2643 = DIRECTION ( 'NONE',  ( 0.000000000000000000, -1.000000000000000000, -3.885780586188045919E-16 ) ) ;
#2644 = DIRECTION ( 'NONE',  ( -3.686285375245214188E-32, -1.000000000000000000, -1.224646799147369231E-16 ) ) ;
#2645 = VECTOR ( 'NONE', #2922, 1000.000000000000000 ) ;
#2646 = LINE ( 'NONE', #5475, #1710 ) ;
#2647 = VERTEX_POINT ( 'NONE', #356 ) ;
#2648 = EDGE_CURVE ( 'NONE', #774, #4008, #551, .T. ) ;
#2649 = DIRECTION ( 'NONE',  ( 1.526556658859590983E-16, 1.000000000000000000, -5.508159640947493445E-32 ) ) ;
#2650 = LINE ( 'NONE', #2521, #3357 ) ;
#2651 = LINE ( 'NONE', #4605, #1758 ) ;
#2652 = EDGE_LOOP ( 'NONE', ( #719, #3625, #750, #4242 ) ) ;
#2653 = ORIENTED_EDGE ( 'NONE', *, *, #8, .F. ) ;
#2654 = FACE_OUTER_BOUND ( 'NONE', #4234, .T. ) ;
#2655 = LINE ( 'NONE', #784, #5468 ) ;
#2656 = CYLINDRICAL_SURFACE ( 'NONE', #3792, 0.2999999999999999334 ) ;
#2657 = ORIENTED_EDGE ( 'NONE', *, *, #558, .T. ) ;
#2658 = DIRECTION ( 'NONE',  ( 1.000000000000000000, 4.930380657631323236E-32, -3.350313119968968612E-16 ) ) ;
#2659 = DIRECTION ( 'NONE',  ( -1.000000000000000000, 3.889384548663212703E-62, -1.972152263052529076E-31 ) ) ;
#2660 = ORIENTED_EDGE ( 'NONE', *, *, #20, .T. ) ;
#2661 = ORIENTED_EDGE ( 'NONE', *, *, #4703, .T. ) ;
#2662 = CARTESIAN_POINT ( 'NONE',  ( 4.336808689942021680E-16, 0.1999999999999840516, 0.9999999999999993339 ) ) ;
#2663 = EDGE_CURVE ( 'NONE', #3327, #4480, #4650, .T. ) ;
#2664 = DIRECTION ( 'NONE',  ( -1.000000000000000000, 3.144270156670344122E-16, -1.574177697986578570E-16 ) ) ;
#2665 = AXIS2_PLACEMENT_3D ( 'NONE', #1430, #70, #2015 ) ;
#2666 = PRODUCT ( '0154002.DR', '0154002.DR', '', ( #2268 ) ) ;
#2667 = VECTOR ( 'NONE', #949, 1000.000000000000000 ) ;
#2668 = ORIENTED_EDGE ( 'NONE', *, *, #1573, .T. ) ;
#2669 = PLANE ( 'NONE',  #5566 ) ;
#2670 = EDGE_CURVE ( 'NONE', #4854, #1118, #1376, .T. ) ;
#2671 = CIRCLE ( 'NONE', #6247, 0.6251840078416682767 ) ;
#2672 = VECTOR ( 'NONE', #3994, 1000.000000000000000 ) ;
#2673 =( NAMED_UNIT ( * ) SI_UNIT ( $, .STERADIAN. ) SOLID_ANGLE_UNIT ( ) );
#2674 = EDGE_CURVE ( 'NONE', #4782, #4875, #1506, .T. ) ;
#2675 = LINE ( 'NONE', #2104, #287 ) ;
#2676 = ORIENTED_EDGE ( 'NONE', *, *, #4022, .F. ) ;
#2677 = EDGE_CURVE ( 'NONE', #229, #824, #955, .T. ) ;
#2678 = DIRECTION ( 'NONE',  ( 0.000000000000000000, -0.000000000000000000, 1.000000000000000000 ) ) ;
#2679 = DIRECTION ( 'NONE',  ( 1.000000000000000000, -0.000000000000000000, 0.000000000000000000 ) ) ;
#2680 = ORIENTED_EDGE ( 'NONE', *, *, #1339, .T. ) ;
#2681 = ORIENTED_EDGE ( 'NONE', *, *, #2313, .T. ) ;
#2682 = DIRECTION ( 'NONE',  ( 1.000000000000000000, 2.653581030549720768E-47, -1.972152263052529514E-31 ) ) ;
#2683 = EDGE_CURVE ( 'NONE', #6033, #1078, #5285, .T. ) ;
#2684 = LINE ( 'NONE', #1747, #3723 ) ;
#2685 = CARTESIAN_POINT ( 'NONE',  ( -1.366818319492648204, 3.132929601890217963, -1.294448767816122281 ) ) ;
#2686 = EDGE_CURVE ( 'NONE', #3431, #1500, #5322, .T. ) ;
#2687 = ORIENTED_EDGE ( 'NONE', *, *, #2099, .T. ) ;
#2688 = DIRECTION ( 'NONE',  ( 8.628166150854816622E-32, -0.7071067811865486830, 0.7071067811865464625 ) ) ;
#2689 = DIRECTION ( 'NONE',  ( 0.000000000000000000, -1.000000000000000000, 8.671064509699401307E-16 ) ) ;
#2690 = AXIS2_PLACEMENT_3D ( 'NONE', #4106, #1658, #3612 ) ;
#2691 = ORIENTED_EDGE ( 'NONE', *, *, #21, .F. ) ;
#2692 = VERTEX_POINT ( 'NONE', #890 ) ;
#2693 = VECTOR ( 'NONE', #429, 1000.000000000000000 ) ;
#2694 = CARTESIAN_POINT ( 'NONE',  ( -4.664999999999999147, 0.7000000000000007327, -0.4000000000000001887 ) ) ;
#2695 = CARTESIAN_POINT ( 'NONE',  ( -1.627778409939248716, 1.818235399615123482, -0.9944487678161221256 ) ) ;
#2696 = VERTEX_POINT ( 'NONE', #4879 ) ;
#2697 = VECTOR ( 'NONE', #6140, 1000.000000000000000 ) ;
#2698 = ORIENTED_EDGE ( 'NONE', *, *, #686, .T. ) ;
#2699 = PLANE ( 'NONE',  #4735 ) ;
#2700 = VECTOR ( 'NONE', #5689, 1000.000000000000000 ) ;
#2701 = DIRECTION ( 'NONE',  ( 9.860761315262647568E-32, -3.097720492815724700E-16, 1.000000000000000000 ) ) ;
#2702 = ORIENTED_EDGE ( 'NONE', *, *, #5055, .T. ) ;
#2703 = AXIS2_PLACEMENT_3D ( 'NONE', #1304, #2299, #820 ) ;
#2704 = DIRECTION ( 'NONE',  ( -0.000000000000000000, -0.000000000000000000, -1.000000000000000000 ) ) ;
#2705 = AXIS2_PLACEMENT_3D ( 'NONE', #5420, #984, #1011 ) ;
#2706 = EDGE_CURVE ( 'NONE', #5517, #5038, #1473, .T. ) ;
#2707 = CARTESIAN_POINT ( 'NONE',  ( -4.864999999999999325, 1.583607624610294806, 0.4000000000000000222 ) ) ;
#2708 = DIRECTION ( 'NONE',  ( 0.000000000000000000, 0.000000000000000000, -1.000000000000000000 ) ) ;
#2709 = DIRECTION ( 'NONE',  ( -1.000000000000000000, -4.163336342344337027E-17, -4.163336342344337027E-17 ) ) ;
#2710 = LINE ( 'NONE', #5146, #2901 ) ;
#2711 = EDGE_CURVE ( 'NONE', #1387, #262, #6308, .T. ) ;
#2712 = CARTESIAN_POINT ( 'NONE',  ( -3.752267713333899302, 0.2000000000000029809, 1.399999999999999689 ) ) ;
#2713 = VERTEX_POINT ( 'NONE', #2953 ) ;
#2714 = FACE_OUTER_BOUND ( 'NONE', #2348, .T. ) ;
#2715 = EDGE_CURVE ( 'NONE', #238, #1742, #3957, .T. ) ;
#2716 = ORIENTED_EDGE ( 'NONE', *, *, #3826, .F. ) ;
#2717 = EDGE_CURVE ( 'NONE', #1340, #4179, #920, .T. ) ;
#2718 = CARTESIAN_POINT ( 'NONE',  ( -3.003514341227321527, 3.509999999996934683, 1.294448767816121171 ) ) ;
#2719 = DIRECTION ( 'NONE',  ( -0.000000000000000000, -0.7071067811865489050, -0.7071067811865462405 ) ) ;
#2720 = EDGE_LOOP ( 'NONE', ( #369, #1396, #6219, #1698 ) ) ;
#2721 = VECTOR ( 'NONE', #5026, 1000.000000000000000 ) ;
#2722 = ORIENTED_EDGE ( 'NONE', *, *, #1052, .F. ) ;
#2723 =( NAMED_UNIT ( * ) SI_UNIT ( $, .STERADIAN. ) SOLID_ANGLE_UNIT ( ) );
#2724 = EDGE_LOOP ( 'NONE', ( #547, #2382, #5270, #3170, #5812 ) ) ;
#2725 = DIRECTION ( 'NONE',  ( 0.000000000000000000, 0.000000000000000000, -1.000000000000000000 ) ) ;
#2726 = AXIS2_PLACEMENT_3D ( 'NONE', #638, #3148, #2604 ) ;
#2727 = PLANE ( 'NONE',  #5257 ) ;
#2728 = CARTESIAN_POINT ( 'NONE',  ( -1.627778409939249826, 1.818235399615123482, 0.9944487678161214594 ) ) ;
#2729 = ORIENTED_EDGE ( 'NONE', *, *, #1739, .T. ) ;
#2730 = VECTOR ( 'NONE', #34, 1000.000000000000000 ) ;
#2731 = CARTESIAN_POINT ( 'NONE',  ( 1.064999999999999059, -1.263095530945612666E-14, 0.9999999999999995559 ) ) ;
#2732 = VECTOR ( 'NONE', #3022, 1000.000000000000000 ) ;
#2733 = CARTESIAN_POINT ( 'NONE',  ( -4.864999999999999325, 1.611566968151564083, -0.4184320681164752642 ) ) ;
#2734 = EDGE_LOOP ( 'NONE', ( #1822, #5997, #2818, #335, #1302, #6318, #763, #1801 ) ) ;
#2735 = MECHANICAL_DESIGN_GEOMETRIC_PRESENTATION_REPRESENTATION (  '', ( #5518 ), #3566 ) ;
#2736 = CARTESIAN_POINT ( 'NONE',  ( -1.591125123973731181, 0.2000000000000056732, -1.000000000000000444 ) ) ;
#2737 = PRODUCT_DEFINITION ( 'UNKNOWN', '', #4481, #2867 ) ;
#2738 =( NAMED_UNIT ( * ) SI_UNIT ( $, .STERADIAN. ) SOLID_ANGLE_UNIT ( ) );
#2739 = DIRECTION ( 'NONE',  ( -5.551115123125782702E-17, -1.000000000000000000, 0.000000000000000000 ) ) ;
#2740 = ORIENTED_EDGE ( 'NONE', *, *, #1845, .T. ) ;
#2741 = DIRECTION ( 'NONE',  ( 2.958228394578794270E-31, -3.097720492815728645E-16, 1.000000000000000000 ) ) ;
#2742 = ORIENTED_EDGE ( 'NONE', *, *, #2274, .T. ) ;
#2743 = LINE ( 'NONE', #3194, #5673 ) ;
#2744 = ADVANCED_FACE ( 'NONE', ( #2408 ), #513, .T. ) ;
#2745 = CARTESIAN_POINT ( 'NONE',  ( -4.865000000000000213, 3.510000000000000231, -1.611637779048593400 ) ) ;
#2746 = VECTOR ( 'NONE', #1450, 999.9999999999998863 ) ;
#2747 = DIRECTION ( 'NONE',  ( 8.628166150854816622E-32, -0.7071067811865486830, 0.7071067811865464625 ) ) ;
#2748 = ORIENTED_EDGE ( 'NONE', *, *, #930, .F. ) ;
#2749 = EDGE_CURVE ( 'NONE', #4136, #425, #3471, .T. ) ;
#2750 = CARTESIAN_POINT ( 'NONE',  ( -4.665000000000000036, 1.084202172485504434E-16, -1.000000000000000444 ) ) ;
#2751 = PLANE ( 'NONE',  #6184 ) ;
#2752 = DIRECTION ( 'NONE',  ( 3.469446951953615421E-17, 1.000000000000000000, 1.110223024625156294E-16 ) ) ;
#2753 = EDGE_CURVE ( 'NONE', #523, #6074, #43, .T. ) ;
#2754 = ADVANCED_FACE ( 'NONE', ( #2984 ), #6277, .T. ) ;
#2755 = ORIENTED_EDGE ( 'NONE', *, *, #3102, .T. ) ;
#2756 = FACE_OUTER_BOUND ( 'NONE', #966, .T. ) ;
#2757 = LINE ( 'NONE', #326, #2503 ) ;
#2758 = ORIENTED_EDGE ( 'NONE', *, *, #2590, .T. ) ;
#2759 = LINE ( 'NONE', #2731, #5873 ) ;
#2760 = EDGE_CURVE ( 'NONE', #16, #205, #4811, .T. ) ;
#2761 = AXIS2_PLACEMENT_3D ( 'NONE', #4327, #1729, #2430 ) ;
#2762 = CYLINDRICAL_SURFACE ( 'NONE', #2950, 0.2999999999999999334 ) ;
#2763 = DIRECTION ( 'NONE',  ( -0.000000000000000000, 1.000000000000000000, 3.481703215984523352E-32 ) ) ;
#2764 = ORIENTED_EDGE ( 'NONE', *, *, #3111, .F. ) ;
#2765 = AXIS2_PLACEMENT_3D ( 'NONE', #3593, #6061, #3104 ) ;
#2766 = LINE ( 'NONE', #2736, #957 ) ;
#2767 = VECTOR ( 'NONE', #1780, 1000.000000000000000 ) ;
#2768 = ORIENTED_EDGE ( 'NONE', *, *, #4746, .T. ) ;
#2769 = CARTESIAN_POINT ( 'NONE',  ( -1.874999999999999556, 3.608173674087660654, -1.895119576905404335 ) ) ;
#2770 = CARTESIAN_POINT ( 'NONE',  ( 3.752267713333899302, 0.2000000000000132505, -1.400000000000000355 ) ) ;
#2771 = ORIENTED_EDGE ( 'NONE', *, *, #1890, .T. ) ;
#2772 = CARTESIAN_POINT ( 'NONE',  ( -3.873634909763689738, 1.818235399615123260, -0.7448702942612717148 ) ) ;
#2773 = PLANE ( 'NONE',  #3835 ) ;
#2774 = CARTESIAN_POINT ( 'NONE',  ( 1.874999999999999556, 3.373604387190460407, 1.394448767816122592 ) ) ;
#2775 = DIRECTION ( 'NONE',  ( -1.000000000000000000, -3.441691376337985670E-15, 0.000000000000000000 ) ) ;
#2776 = EDGE_CURVE ( 'NONE', #2647, #1581, #1858, .T. ) ;
#2777 = ORIENTED_EDGE ( 'NONE', *, *, #4467, .F. ) ;
#2778 = DIRECTION ( 'NONE',  ( 1.000000000000000000, -3.122502256758263863E-17, -3.122502256758252770E-17 ) ) ;
#2779 = LINE ( 'NONE', #5734, #159 ) ;
#2780 = DIRECTION ( 'NONE',  ( 1.000000000000000000, 0.000000000000000000, -5.814534955400682504E-16 ) ) ;
#2781 = ADVANCED_FACE ( 'NONE', ( #3821 ), #2850, .T. ) ;
#2782 = ADVANCED_FACE ( 'NONE', ( #3887 ), #5353, .F. ) ;
#2783 = ORIENTED_EDGE ( 'NONE', *, *, #2717, .F. ) ;
#2784 = APPLICATION_PROTOCOL_DEFINITION ( 'draft international standard', 'automotive_design', 1998, #936 ) ;
#2785 = VERTEX_POINT ( 'NONE', #5549 ) ;
#2786 = CARTESIAN_POINT ( 'NONE',  ( -4.315000000000001279, 0.1999999999999991507, -1.000000000000000444 ) ) ;
#2787 = DIRECTION ( 'NONE',  ( 0.000000000000000000, 0.000000000000000000, -1.000000000000000000 ) ) ;
#2788 = AXIS2_PLACEMENT_3D ( 'NONE', #532, #1526, #5447 ) ;
#2789 = VERTEX_POINT ( 'NONE', #141 ) ;
#2790 = VECTOR ( 'NONE', #4140, 1000.000000000000000 ) ;
#2791 = EDGE_CURVE ( 'NONE', #6271, #2977, #3565, .T. ) ;
#2792 = EDGE_CURVE ( 'NONE', #2121, #109, #198, .T. ) ;
#2793 = PLANE ( 'NONE',  #1109 ) ;
#2794 = AXIS2_PLACEMENT_3D ( 'NONE', #1759, #5685, #3704 ) ;
#2795 = DIRECTION ( 'NONE',  ( -1.000000000000000000, 5.551115123125782702E-17, -1.972152263052529514E-31 ) ) ;
#2796 = ORIENTED_EDGE ( 'NONE', *, *, #3618, .F. ) ;
#2797 = VECTOR ( 'NONE', #1037, 1000.000000000000000 ) ;
#2798 = DIRECTION ( 'NONE',  ( 1.000000000000000000, 4.163336342344340108E-17, -2.775557561562888578E-17 ) ) ;
#2799 = ORIENTED_EDGE ( 'NONE', *, *, #2213, .F. ) ;
#2800 = CARTESIAN_POINT ( 'NONE',  ( -3.752267713333899746, 8.928502741211088578E-15, 0.9999999999999995559 ) ) ;
#2801 = CARTESIAN_POINT ( 'NONE',  ( -4.864999999999999325, 1.611566968151564527, 0.9999999999999997780 ) ) ;
#2802 = VERTEX_POINT ( 'NONE', #3627 ) ;
#2803 = DIRECTION ( 'NONE',  ( 0.000000000000000000, -1.000000000000000000, 0.000000000000000000 ) ) ;
#2804 = CARTESIAN_POINT ( 'NONE',  ( -2.827778409939248672, 2.118235399615123526, -1.294448767816123391 ) ) ;
#2805 = AXIS2_PLACEMENT_3D ( 'NONE', #1448, #22, #1961 ) ;
#2806 = PLANE ( 'NONE',  #1051 ) ;
#2807 = DIRECTION ( 'NONE',  ( -1.526556658859590983E-16, -1.000000000000000000, 5.508159640947493445E-32 ) ) ;
#2808 = VERTEX_POINT ( 'NONE', #575 ) ;
#2809 = DIRECTION ( 'NONE',  ( 0.000000000000000000, -1.000000000000000000, -1.972152263052529514E-31 ) ) ;
#2810 = DIRECTION ( 'NONE',  ( -3.573530360512218670E-16, 0.7071067811865463515, -0.7071067811865487940 ) ) ;
#2811 = CARTESIAN_POINT ( 'NONE',  ( -3.752267713333899302, 0.1999999999999970690, 2.449293598294577731E-17 ) ) ;
#2812 = CARTESIAN_POINT ( 'NONE',  ( -1.627778409939248716, 3.510000000000000231, -1.294448767816122725 ) ) ;
#2813 = ORIENTED_EDGE ( 'NONE', *, *, #5425, .F. ) ;
#2814 = PRODUCT_CONTEXT ( 'NONE', #2912, 'mechanical' ) ;
#2815 = EDGE_LOOP ( 'NONE', ( #2522, #2947, #2681, #5454 ) ) ;
#2816 = DIRECTION ( 'NONE',  ( -1.000000000000000000, -0.000000000000000000, 0.000000000000000000 ) ) ;
#2817 = DIRECTION ( 'NONE',  ( 0.000000000000000000, -1.000000000000000000, 1.321701948486275810E-32 ) ) ;
#2818 = ORIENTED_EDGE ( 'NONE', *, *, #5937, .F. ) ;
#2819 = CARTESIAN_POINT ( 'NONE',  ( 4.864999999999998437, 1.633217365692808620, 0.3748159921583313348 ) ) ;
#2820 = ORIENTED_EDGE ( 'NONE', *, *, #20, .F. ) ;
#2821 = VECTOR ( 'NONE', #2816, 1000.000000000000000 ) ;
#2822 = AXIS2_PLACEMENT_3D ( 'NONE', #5995, #599, #2561 ) ;
#2823 = EDGE_CURVE ( 'NONE', #205, #5250, #5528, .T. ) ;
#2824 = CARTESIAN_POINT ( 'NONE',  ( 1.627778409939249826, 3.061149402765582561, -1.394448767816122592 ) ) ;
#2825 = LINE ( 'NONE', #3794, #6014 ) ;
#2826 = ORIENTED_EDGE ( 'NONE', *, *, #2480, .F. ) ;
#2827 = EDGE_CURVE ( 'NONE', #2359, #5362, #2505, .T. ) ;
#2828 = EDGE_CURVE ( 'NONE', #4122, #2092, #5971, .T. ) ;
#2829 = DIRECTION ( 'NONE',  ( -5.779007220503693025E-17, 1.000000000000000000, 0.000000000000000000 ) ) ;
#2830 = VECTOR ( 'NONE', #882, 999.9999999999998863 ) ;
#2831 = AXIS2_PLACEMENT_3D ( 'NONE', #3765, #331, #3273 ) ;
#2832 = VERTEX_POINT ( 'NONE', #5458 ) ;
#2833 = DIRECTION ( 'NONE',  ( 0.000000000000000000, 0.000000000000000000, -1.000000000000000000 ) ) ;
#2834 = DIRECTION ( 'NONE',  ( 0.000000000000000000, 0.000000000000000000, 1.000000000000000000 ) ) ;
#2835 = ORIENTED_EDGE ( 'NONE', *, *, #488, .T. ) ;
#2836 = DIRECTION ( 'NONE',  ( -3.231404370754218088E-48, -1.000000000000000000, -1.110022275182736856E-32 ) ) ;
#2837 = CARTESIAN_POINT ( 'NONE',  ( -2.827778409939248672, 1.818235399615123704, -0.9944487678161212374 ) ) ;
#2838 = DIRECTION ( 'NONE',  ( -7.891154582329502122E-16, 0.000000000000000000, -1.000000000000000000 ) ) ;
#2839 = FACE_OUTER_BOUND ( 'NONE', #4651, .T. ) ;
#2840 = ORIENTED_EDGE ( 'NONE', *, *, #3159, .F. ) ;
#2841 = CARTESIAN_POINT ( 'NONE',  ( 3.752267713333899746, -3.232507480105090671E-15, -1.000000000000000444 ) ) ;
#2842 = DIRECTION ( 'NONE',  ( -0.000000000000000000, -1.110223024625156294E-16, 1.000000000000000000 ) ) ;
#2843 = FACE_OUTER_BOUND ( 'NONE', #3573, .T. ) ;
#2844 = CARTESIAN_POINT ( 'NONE',  ( -4.659442577457641121, 3.576523829706961255, -1.906080356506235640 ) ) ;
#2845 = STYLED_ITEM ( 'NONE', ( #1591 ), #5793 ) ;
#2846 = EDGE_LOOP ( 'NONE', ( #959, #702, #3403, #866 ) ) ;
#2847 = APPLICATION_PROTOCOL_DEFINITION ( 'draft international standard', 'automotive_design', 1998, #2625 ) ;
#2848 = ORIENTED_EDGE ( 'NONE', *, *, #2245, .F. ) ;
#2849 = DIRECTION ( 'NONE',  ( -1.000000000000000000, 3.497202527569243102E-15, 0.000000000000000000 ) ) ;
#2850 = PLANE ( 'NONE',  #3280 ) ;
#2851 = ORIENTED_EDGE ( 'NONE', *, *, #3897, .T. ) ;
#2852 = EDGE_CURVE ( 'NONE', #2226, #1870, #5490, .T. ) ;
#2853 = DIRECTION ( 'NONE',  ( -1.000000000000000000, -6.101034794473681580E-32, 6.101034794473664064E-32 ) ) ;
#2854 = CARTESIAN_POINT ( 'NONE',  ( 4.364999999999999325, 3.810000000000000053, 0.000000000000000000 ) ) ;
#2855 = VERTEX_POINT ( 'NONE', #665 ) ;
#2856 = MECHANICAL_DESIGN_GEOMETRIC_PRESENTATION_REPRESENTATION (  '', ( #5643 ), #4810 ) ;
#2857 = DIRECTION ( 'NONE',  ( 1.000000000000000000, 0.000000000000000000, 5.814534955400682504E-16 ) ) ;
#2858 = VERTEX_POINT ( 'NONE', #2055 ) ;
#2859 = EDGE_CURVE ( 'NONE', #2863, #2903, #819, .T. ) ;
#2860 = DIRECTION ( 'NONE',  ( 0.000000000000000000, 0.000000000000000000, -1.000000000000000000 ) ) ;
#2861 = DIRECTION ( 'NONE',  ( 1.000000000000000000, 3.552713678800500140E-15, 3.944304526105059027E-31 ) ) ;
#2862 = EDGE_CURVE ( 'NONE', #561, #2121, #6248, .T. ) ;
#2863 = VERTEX_POINT ( 'NONE', #4028 ) ;
#2864 = EDGE_CURVE ( 'NONE', #6289, #238, #1229, .T. ) ;
#2865 = DIRECTION ( 'NONE',  ( 3.552713678800500140E-15, -1.000000000000000000, 0.000000000000000000 ) ) ;
#2866 = LINE ( 'NONE', #5858, #4156 ) ;
#2867 = PRODUCT_DEFINITION_CONTEXT ( 'detailed design', #1685, 'design' ) ;
#2868 = CARTESIAN_POINT ( 'NONE',  ( -1.126143534192404871, 2.372994641670527205, -1.919880095332464842 ) ) ;
#2869 = VECTOR ( 'NONE', #3688, 1000.000000000000000 ) ;
#2870 = CARTESIAN_POINT ( 'NONE',  ( -3.873634909763690626, 1.818235399615123704, 1.294448767816122059 ) ) ;
#2871 = VERTEX_POINT ( 'NONE', #5939 ) ;
#2872 = EDGE_CURVE ( 'NONE', #1053, #5440, #4117, .T. ) ;
#2873 = CARTESIAN_POINT ( 'NONE',  ( -3.752267713333899302, 0.2000000000000132783, -1.400000000000000133 ) ) ;
#2874 = VECTOR ( 'NONE', #4507, 1000.000000000000000 ) ;
#2875 = LINE ( 'NONE', #1400, #1228 ) ;
#2876 = LINE ( 'NONE', #5767, #1265 ) ;
#2877 = DIRECTION ( 'NONE',  ( -1.000000000000000000, -0.000000000000000000, -2.911116689277474274E-16 ) ) ;
#2878 = ORIENTED_EDGE ( 'NONE', *, *, #630, .F. ) ;
#2879 = EDGE_CURVE ( 'NONE', #895, #4713, #1538, .T. ) ;
#2880 = SHAPE_DEFINITION_REPRESENTATION ( #5746, #3120 ) ;
#2881 = ORIENTED_EDGE ( 'NONE', *, *, #3700, .T. ) ;
#2882 = DIRECTION ( 'NONE',  ( 0.000000000000000000, 0.9449393261893695994, 0.3272455802922021872 ) ) ;
#2883 = DIRECTION ( 'NONE',  ( 1.000000000000000000, 0.000000000000000000, 0.000000000000000000 ) ) ;
#2884 = ORIENTED_EDGE ( 'NONE', *, *, #4025, .F. ) ;
#2885 = CARTESIAN_POINT ( 'NONE',  ( 4.664999999999999147, 0.6053979116170365993, -0.4184320681164753752 ) ) ;
#2886 = ORIENTED_EDGE ( 'NONE', *, *, #2823, .T. ) ;
#2887 = FACE_OUTER_BOUND ( 'NONE', #3497, .T. ) ;
#2888 = FACE_OUTER_BOUND ( 'NONE', #604, .T. ) ;
#2889 = ORIENTED_EDGE ( 'NONE', *, *, #2120, .T. ) ;
#2890 = CARTESIAN_POINT ( 'NONE',  ( -1.591125123973731181, 0.2000000000000056732, -1.400000000000000577 ) ) ;
#2891 = VECTOR ( 'NONE', #5961, 1000.000000000000000 ) ;
#2892 = EDGE_LOOP ( 'NONE', ( #3456, #4685, #5688, #327 ) ) ;
#2893 = CARTESIAN_POINT ( 'NONE',  ( -1.627778409939249160, 2.883781308246195163, 1.409093428756794886 ) ) ;
#2894 = DIRECTION ( 'NONE',  ( 1.000000000000000000, -5.782411586589357392E-17, 0.000000000000000000 ) ) ;
#2895 = ORIENTED_EDGE ( 'NONE', *, *, #6089, .F. ) ;
#2896 =( NAMED_UNIT ( * ) PLANE_ANGLE_UNIT ( ) SI_UNIT ( $, .RADIAN. ) );
#2897 = VECTOR ( 'NONE', #1327, 1000.000000000000000 ) ;
#2898 = EDGE_CURVE ( 'NONE', #892, #4073, #10, .T. ) ;
#2899 = FACE_OUTER_BOUND ( 'NONE', #5934, .T. ) ;
#2900 = DIRECTION ( 'NONE',  ( 0.000000000000000000, 2.891205793294674678E-15, -1.000000000000000000 ) ) ;
#2901 = VECTOR ( 'NONE', #312, 1000.000000000000000 ) ;
#2902 = ORIENTED_EDGE ( 'NONE', *, *, #4999, .F. ) ;
#2903 = VERTEX_POINT ( 'NONE', #4525 ) ;
#2904 = EDGE_CURVE ( 'NONE', #1317, #1859, #1182, .T. ) ;
#2905 = DIRECTION ( 'NONE',  ( 0.000000000000000000, 1.000000000000000000, 0.000000000000000000 ) ) ;
#2906 = AXIS2_PLACEMENT_3D ( 'NONE', #5265, #6251, #2829 ) ;
#2907 = PLANE ( 'NONE',  #2665 ) ;
#2908 = DIRECTION ( 'NONE',  ( -6.023345402697287394E-17, 1.224646799147351235E-16, -1.000000000000000000 ) ) ;
#2909 = CARTESIAN_POINT ( 'NONE',  ( -1.874999999999999334, -1.452381048782462436, 1.294448767816122059 ) ) ;
#2910 = AXIS2_PLACEMENT_3D ( 'NONE', #6210, #5316, #5278 ) ;
#2911 = EDGE_CURVE ( 'NONE', #5302, #4107, #5096, .T. ) ;
#2912 = APPLICATION_CONTEXT ( 'automotive_design' ) ;
#2913 = ADVANCED_FACE ( 'NONE', ( #2026 ), #3501, .F. ) ;
#2914 = ORIENTED_EDGE ( 'NONE', *, *, #2057, .F. ) ;
#2915 = CIRCLE ( 'NONE', #163, 0.2999999999999999334 ) ;
#2916 = ORIENTED_EDGE ( 'NONE', *, *, #4294, .T. ) ;
#2917 = ORIENTED_EDGE ( 'NONE', *, *, #3460, .F. ) ;
#2918 = DIRECTION ( 'NONE',  ( -3.469446951953616038E-17, 1.000000000000000000, 1.444447458290427061E-33 ) ) ;
#2919 = DIRECTION ( 'NONE',  ( 2.775557561562888578E-17, 1.155557966632341170E-33, 1.000000000000000000 ) ) ;
#2920 = VERTEX_POINT ( 'NONE', #1089 ) ;
#2921 =( NAMED_UNIT ( * ) SI_UNIT ( $, .STERADIAN. ) SOLID_ANGLE_UNIT ( ) );
#2922 = DIRECTION ( 'NONE',  ( 0.000000000000000000, -0.000000000000000000, 1.000000000000000000 ) ) ;
#2923 = ORIENTED_EDGE ( 'NONE', *, *, #5940, .F. ) ;
#2924 = ORIENTED_EDGE ( 'NONE', *, *, #3212, .T. ) ;
#2925 = DIRECTION ( 'NONE',  ( -1.000000000000000000, 0.000000000000000000, 3.350313119968968612E-16 ) ) ;
#2926 = ORIENTED_EDGE ( 'NONE', *, *, #321, .F. ) ;
#2927 = CYLINDRICAL_SURFACE ( 'NONE', #361, 0.04999999999999991257 ) ;
#2928 = AXIS2_PLACEMENT_3D ( 'NONE', #6054, #3223, #3614 ) ;
#2929 = CARTESIAN_POINT ( 'NONE',  ( -1.627778409939249826, 3.061149402765582561, 1.394448767816122592 ) ) ;
#2930 = DIRECTION ( 'NONE',  ( -3.350313119968968612E-16, 1.022693426037462838E-32, 1.000000000000000000 ) ) ;
#2931 = LINE ( 'NONE', #528, #87 ) ;
#2932 =( GEOMETRIC_REPRESENTATION_CONTEXT ( 3 ) GLOBAL_UNCERTAINTY_ASSIGNED_CONTEXT ( ( #3314 ) ) GLOBAL_UNIT_ASSIGNED_CONTEXT ( ( #5230, #2309, #1021 ) ) REPRESENTATION_CONTEXT ( 'NONE', 'WORKASPACE' ) );
#2933 = VECTOR ( 'NONE', #2399, 1000.000000000000000 ) ;
#2934 = DIRECTION ( 'NONE',  ( 3.552713678800500140E-15, -1.000000000000000000, 0.000000000000000000 ) ) ;
#2935 = CYLINDRICAL_SURFACE ( 'NONE', #1649, 0.6251840078416682767 ) ;
#2936 = ORIENTED_EDGE ( 'NONE', *, *, #5426, .T. ) ;
#2937 = ORIENTED_EDGE ( 'NONE', *, *, #4070, .T. ) ;
#2938 = PLANE ( 'NONE',  #1837 ) ;
#2939 = ADVANCED_FACE ( 'NONE', ( #3048 ), #5009, .F. ) ;
#2940 = CARTESIAN_POINT ( 'NONE',  ( 4.336808689942013299E-16, 0.1999999999999838018, 0.9999999999999995559 ) ) ;
#2941 = CARTESIAN_POINT ( 'NONE',  ( 4.664999999999999147, 0.5499999999999987121, 0.9999999999999995559 ) ) ;
#2942 = LINE ( 'NONE', #4873, #3077 ) ;
#2943 = DIRECTION ( 'NONE',  ( 0.000000000000000000, 1.000000000000000000, -0.000000000000000000 ) ) ;
#2944 = AXIS2_PLACEMENT_3D ( 'NONE', #4679, #2405, #5282 ) ;
#2945 = ORIENTED_EDGE ( 'NONE', *, *, #4173, .F. ) ;
#2946 = EDGE_CURVE ( 'NONE', #2920, #1468, #2086, .T. ) ;
#2947 = ORIENTED_EDGE ( 'NONE', *, *, #5580, .T. ) ;
#2948 = VERTEX_POINT ( 'NONE', #6120 ) ;
#2949 = EDGE_CURVE ( 'NONE', #5492, #5405, #231, .T. ) ;
#2950 = AXIS2_PLACEMENT_3D ( 'NONE', #4715, #6193, #1796 ) ;
#2951 = EDGE_CURVE ( 'NONE', #1704, #4129, #3782, .T. ) ;
#2952 = DIRECTION ( 'NONE',  ( -1.000000000000000000, 0.000000000000000000, -0.000000000000000000 ) ) ;
#2953 = CARTESIAN_POINT ( 'NONE',  ( -1.126143534192405316, 2.372994641670527205, 1.919880095332465064 ) ) ;
#2954 = ORIENTED_EDGE ( 'NONE', *, *, #1820, .T. ) ;
#2955 = EDGE_CURVE ( 'NONE', #5795, #4480, #5735, .T. ) ;
#2956 = DIRECTION ( 'NONE',  ( 0.000000000000000000, 0.000000000000000000, -1.000000000000000000 ) ) ;
#2957 = ORIENTED_EDGE ( 'NONE', *, *, #2313, .F. ) ;
#2958 = LINE ( 'NONE', #49, #1094 ) ;
#2959 = VERTEX_POINT ( 'NONE', #5122 ) ;
#2960 = CYLINDRICAL_SURFACE ( 'NONE', #1474, 0.2406747853002429993 ) ;
#2961 = EDGE_CURVE ( 'NONE', #4678, #3245, #2572, .T. ) ;
#2962 = EDGE_LOOP ( 'NONE', ( #5846, #1171, #2445, #3046, #1418, #1045, #1517, #4101 ) ) ;
#2963 = CYLINDRICAL_SURFACE ( 'NONE', #3934, 0.2999999999999999334 ) ;
#2964 = DIRECTION ( 'NONE',  ( 1.088685050709304949E-16, -1.000000000000000000, -0.000000000000000000 ) ) ;
#2965 = DIRECTION ( 'NONE',  ( 2.426671729927916627E-32, -1.515457590622274628E-48, -1.000000000000000000 ) ) ;
#2966 =( NAMED_UNIT ( * ) SI_UNIT ( $, .STERADIAN. ) SOLID_ANGLE_UNIT ( ) );
#2967 = DIRECTION ( 'NONE',  ( -2.911116689277473781E-16, 0.000000000000000000, 1.000000000000000000 ) ) ;
#2968 = DIRECTION ( 'NONE',  ( 0.000000000000000000, 1.000000000000000000, 0.000000000000000000 ) ) ;
#2969 = ORIENTED_EDGE ( 'NONE', *, *, #2663, .F. ) ;
#2970 = PLANE ( 'NONE',  #2788 ) ;
#2971 = DIRECTION ( 'NONE',  ( -9.190301455651994067E-48, 5.758530533717826443E-32, -1.000000000000000000 ) ) ;
#2972 = VECTOR ( 'NONE', #2626, 1000.000000000000000 ) ;
#2973 = FACE_OUTER_BOUND ( 'NONE', #1893, .T. ) ;
#2974 = DIRECTION ( 'NONE',  ( 1.000000000000000000, 0.000000000000000000, 0.000000000000000000 ) ) ;
#2975 = LINE ( 'NONE', #4940, #5701 ) ;
#2976 = CARTESIAN_POINT ( 'NONE',  ( 1.627778409939249826, 1.818235399615123482, 1.294448767816121393 ) ) ;
#2977 = VERTEX_POINT ( 'NONE', #1337 ) ;
#2978 = VECTOR ( 'NONE', #3035, 1000.000000000000000 ) ;
#2979 = ORIENTED_EDGE ( 'NONE', *, *, #603, .T. ) ;
#2980 = CONTEXT_DEPENDENT_SHAPE_REPRESENTATION ( #298, #217 ) ;
#2981 = PRESENTATION_LAYER_ASSIGNMENT (  '', '', ( #3498 ) ) ;
#2982 = VECTOR ( 'NONE', #5872, 1000.000000000000000 ) ;
#2983 = CARTESIAN_POINT ( 'NONE',  ( 1.627778409939249826, 2.118235399615123082, 0.9944487678161214594 ) ) ;
#2984 = FACE_OUTER_BOUND ( 'NONE', #4465, .T. ) ;
#2985 = EDGE_CURVE ( 'NONE', #6271, #5801, #811, .T. ) ;
#2986 = ORIENTED_EDGE ( 'NONE', *, *, #1646, .T. ) ;
#2987 = EDGE_CURVE ( 'NONE', #16, #730, #2205, .T. ) ;
#2988 = LINE ( 'NONE', #3507, #5501 ) ;
#2989 = FILL_AREA_STYLE ('',( #1026 ) ) ;
#2990 = ORIENTED_EDGE ( 'NONE', *, *, #6008, .F. ) ;
#2991 = CARTESIAN_POINT ( 'NONE',  ( 1.627778409939249604, 2.118235399615123082, 0.9944487678161216815 ) ) ;
#2992 = EDGE_CURVE ( 'NONE', #5102, #5362, #6147, .T. ) ;
#2993 = ORIENTED_EDGE ( 'NONE', *, *, #596, .T. ) ;
#2994 = DIRECTION ( 'NONE',  ( -3.350313119968968612E-16, 2.239890198972934436E-32, -1.000000000000000000 ) ) ;
#2995 = ADVANCED_FACE ( 'NONE', ( #3290 ), #1722, .F. ) ;
#2996 = PLANE ( 'NONE',  #3414 ) ;
#2997 = DIRECTION ( 'NONE',  ( 1.000000000000000000, 0.000000000000000000, 5.814534955400682504E-16 ) ) ;
#2998 = CARTESIAN_POINT ( 'NONE',  ( -1.126143534192404871, 2.372994641670527205, -1.919880095332464842 ) ) ;
#2999 = ORIENTED_EDGE ( 'NONE', *, *, #1115, .F. ) ;
#3000 = AXIS2_PLACEMENT_3D ( 'NONE', #4012, #1079, #5342 ) ;
#3001 = LINE ( 'NONE', #3520, #6081 ) ;
#3002 = CARTESIAN_POINT ( 'NONE',  ( 1.126143534192405093, 3.132929601890217963, 1.394448767816122592 ) ) ;
#3003 = EDGE_LOOP ( 'NONE', ( #2768, #1120, #1239, #436 ) ) ;
#3004 = ORIENTED_EDGE ( 'NONE', *, *, #3417, .T. ) ;
#3005 = AXIS2_PLACEMENT_3D ( 'NONE', #722, #5088, #1264 ) ;
#3006 = DIRECTION ( 'NONE',  ( 0.000000000000000000, 0.000000000000000000, 1.000000000000000000 ) ) ;
#3007 = CARTESIAN_POINT ( 'NONE',  ( -1.894460780100799324, 2.919136647305522470, 1.444448767816122192 ) ) ;
#3008 = DIRECTION ( 'NONE',  ( 0.000000000000000000, 0.7071067811865463515, -0.7071067811865487940 ) ) ;
#3009 = ORIENTED_EDGE ( 'NONE', *, *, #5032, .T. ) ;
#3010 = LINE ( 'NONE', #5576, #2463 ) ;
#3011 = ORIENTED_EDGE ( 'NONE', *, *, #5496, .F. ) ;
#3012 = VECTOR ( 'NONE', #6224, 1000.000000000000000 ) ;
#3013 = CARTESIAN_POINT ( 'NONE',  ( 1.366818319492648204, 2.813070630127540550, -1.338382750638140273 ) ) ;
#3014 = DIRECTION ( 'NONE',  ( -1.000000000000000000, 1.526556658859590983E-16, -3.191891195797326533E-16 ) ) ;
#3015 = VECTOR ( 'NONE', #4485, 1000.000000000000000 ) ;
#3016 = EDGE_LOOP ( 'NONE', ( #53, #4456, #1374, #2902 ) ) ;
#3017 =( NAMED_UNIT ( * ) SI_UNIT ( $, .STERADIAN. ) SOLID_ANGLE_UNIT ( ) );
#3018 = ORIENTED_EDGE ( 'NONE', *, *, #5380, .F. ) ;
#3019 = DIRECTION ( 'NONE',  ( -1.000000000000000000, -4.163336342344337027E-17, -4.163336342344337027E-17 ) ) ;
#3020 = EDGE_CURVE ( 'NONE', #2367, #3889, #4175, .T. ) ;
#3021 = DIRECTION ( 'NONE',  ( -3.144270156670344122E-16, -1.000000000000000000, 0.000000000000000000 ) ) ;
#3022 = DIRECTION ( 'NONE',  ( -0.000000000000000000, 1.000000000000000000, 3.885780586188045919E-16 ) ) ;
#3023 = ORIENTED_EDGE ( 'NONE', *, *, #33, .T. ) ;
#3024 = LINE ( 'NONE', #5980, #2506 ) ;
#3025 = ORIENTED_EDGE ( 'NONE', *, *, #1102, .T. ) ;
#3026 = DIRECTION ( 'NONE',  ( 0.000000000000000000, 1.000000000000000000, -3.885780586188046905E-16 ) ) ;
#3027 = EDGE_CURVE ( 'NONE', #2226, #1986, #3720, .T. ) ;
#3028 = EDGE_CURVE ( 'NONE', #5348, #4678, #4266, .T. ) ;
#3029 = SURFACE_SIDE_STYLE ('',( #4006 ) ) ;
#3030 = CARTESIAN_POINT ( 'NONE',  ( 1.627778409939249826, 2.919136647305522470, -1.394448767816122370 ) ) ;
#3031 = ORIENTED_EDGE ( 'NONE', *, *, #4108, .T. ) ;
#3032 = EDGE_CURVE ( 'NONE', #4083, #2203, #2176, .T. ) ;
#3033 = DIRECTION ( 'NONE',  ( -0.000000000000000000, 1.000000000000000000, 1.972152263052529514E-31 ) ) ;
#3034 = VECTOR ( 'NONE', #5054, 1000.000000000000000 ) ;
#3035 = DIRECTION ( 'NONE',  ( 0.000000000000000000, 0.7071067811865462405, 0.7071067811865489050 ) ) ;
#3036 = EDGE_LOOP ( 'NONE', ( #5757, #4345, #4416, #2881 ) ) ;
#3037 = LINE ( 'NONE', #4634, #1865 ) ;
#3038 = DIRECTION ( 'NONE',  ( 4.318084277547222313E-78, 1.000000000000000000, -2.189528850507526673E-47 ) ) ;
#3039 = VECTOR ( 'NONE', #5457, 1000.000000000000000 ) ;
#3040 = LINE ( 'NONE', #4580, #2207 ) ;
#3041 = DIRECTION ( 'NONE',  ( -9.860761315262647568E-32, 3.097720492815724700E-16, -1.000000000000000000 ) ) ;
#3042 = VERTEX_POINT ( 'NONE', #4702 ) ;
#3043 = VECTOR ( 'NONE', #5639, 1000.000000000000000 ) ;
#3044 = DIRECTION ( 'NONE',  ( -1.000000000000000000, -3.469446951953614805E-17, -4.163336342344338259E-17 ) ) ;
#3045 = VECTOR ( 'NONE', #2478, 1000.000000000000000 ) ;
#3046 = ORIENTED_EDGE ( 'NONE', *, *, #2059, .T. ) ;
#3047 = DIRECTION ( 'NONE',  ( 1.000000000000000000, 3.469446951953614805E-17, 4.163336342344338259E-17 ) ) ;
#3048 = FACE_OUTER_BOUND ( 'NONE', #5927, .T. ) ;
#3049 = PRESENTATION_LAYER_ASSIGNMENT (  '', '', ( #5518 ) ) ;
#3050 = ORIENTED_EDGE ( 'NONE', *, *, #2135, .T. ) ;
#3051 = ORIENTED_EDGE ( 'NONE', *, *, #4333, .F. ) ;
#3052 = DIRECTION ( 'NONE',  ( 3.191891195797326040E-16, -1.038076240024720344E-31, -1.000000000000000000 ) ) ;
#3053 = DIRECTION ( 'NONE',  ( 1.000000000000000000, 6.101034794473681580E-32, -6.101034794473664064E-32 ) ) ;
#3054 = DIRECTION ( 'NONE',  ( 1.000000000000000000, 8.326672684688651866E-17, 8.326672684688622284E-17 ) ) ;
#3055 = AXIS2_PLACEMENT_3D ( 'NONE', #2161, #1761, #3732 ) ;
#3056 = CARTESIAN_POINT ( 'NONE',  ( 1.627778409939248716, 3.510000000000000231, -0.9944487678161225697 ) ) ;
#3057 = EDGE_CURVE ( 'NONE', #2713, #1410, #6148, .T. ) ;
#3058 = VERTEX_POINT ( 'NONE', #260 ) ;
#3059 = DIRECTION ( 'NONE',  ( -1.000000000000000000, 0.000000000000000000, 0.000000000000000000 ) ) ;
#3060 = DIRECTION ( 'NONE',  ( 0.000000000000000000, -0.000000000000000000, -1.000000000000000000 ) ) ;
#3061 = CARTESIAN_POINT ( 'NONE',  ( 4.864999999999998437, 2.236750975993232249, 0.3748159921583313348 ) ) ;
#3062 = ORIENTED_EDGE ( 'NONE', *, *, #3418, .T. ) ;
#3063 = DIRECTION ( 'NONE',  ( 9.860761315262646473E-32, -3.448507939549354122E-46, 1.000000000000000000 ) ) ;
#3064 = CARTESIAN_POINT ( 'NONE',  ( -4.865000000000000213, 3.510000000000000231, 1.611637779048592956 ) ) ;
#3065 = DIRECTION ( 'NONE',  ( 1.000000000000000000, 8.027288899512024032E-18, 7.047733403467682675E-17 ) ) ;
#3066 = EDGE_LOOP ( 'NONE', ( #2420, #3333, #1242, #1635 ) ) ;
#3067 = CARTESIAN_POINT ( 'NONE',  ( -1.627778409939249826, 3.019781114811264544, 1.131672265954415391 ) ) ;
#3068 = VECTOR ( 'NONE', #3364, 1000.000000000000000 ) ;
#3069 = CARTESIAN_POINT ( 'NONE',  ( -1.627778409939249604, 2.883781308246195163, 1.409093428756794886 ) ) ;
#3070 = FACE_OUTER_BOUND ( 'NONE', #1587, .T. ) ;
#3071 = ORIENTED_EDGE ( 'NONE', *, *, #14, .T. ) ;
#3072 = CARTESIAN_POINT ( 'NONE',  ( -1.627778409939249826, 2.118235399615123082, 0.9944487678161216815 ) ) ;
#3073 = ADVANCED_FACE ( 'NONE', ( #4674 ), #1785, .F. ) ;
#3074 = ORIENTED_EDGE ( 'NONE', *, *, #1923, .F. ) ;
#3075 = CARTESIAN_POINT ( 'NONE',  ( -1.366818319492648204, 3.019781114811264544, -1.131672265954415391 ) ) ;
#3076 = DIRECTION ( 'NONE',  ( -1.000000000000000000, 5.642519773394805488E-17, 5.642519773394823977E-17 ) ) ;
#3077 = VECTOR ( 'NONE', #2433, 1000.000000000000000 ) ;
#3078 = VERTEX_POINT ( 'NONE', #4231 ) ;
#3079 = CARTESIAN_POINT ( 'NONE',  ( 4.648481797856809372, 3.608173674087660654, -1.895119576905404335 ) ) ;
#3080 = CARTESIAN_POINT ( 'NONE',  ( -1.627778409939249826, 2.118235399615123082, -1.394448767816122592 ) ) ;
#3081 = DIRECTION ( 'NONE',  ( -6.938893903907228378E-17, 0.7071067811865462405, -0.7071067811865489050 ) ) ;
#3082 = ORIENTED_EDGE ( 'NONE', *, *, #6130, .T. ) ;
#3083 = CARTESIAN_POINT ( 'NONE',  ( -2.827778409939249560, 3.810000000000000053, 0.9944487678161214594 ) ) ;
#3084 = SURFACE_STYLE_USAGE ( .BOTH. , #3641 ) ;
#3085 = ORIENTED_EDGE ( 'NONE', *, *, #2987, .F. ) ;
#3086 = LINE ( 'NONE', #1945, #6209 ) ;
#3087 = CARTESIAN_POINT ( 'NONE',  ( -2.827778409939248672, 1.818235399615123482, 1.294448767816121837 ) ) ;
#3088 = PRODUCT_DEFINITION ( 'UNKNOWN', '', #3347, #2424 ) ;
#3089 = DIRECTION ( 'NONE',  ( -9.860761315262646473E-32, 3.448507939549354122E-46, -1.000000000000000000 ) ) ;
#3090 = CARTESIAN_POINT ( 'NONE',  ( 4.864999999999998437, 1.633217365692808620, 0.4184320681164753197 ) ) ;
#3091 = EDGE_LOOP ( 'NONE', ( #3954, #868, #6249, #961, #2502, #3979, #5713 ) ) ;
#3092 = PLANE ( 'NONE',  #5797 ) ;
#3093 = EDGE_CURVE ( 'NONE', #2808, #3293, #5672, .T. ) ;
#3094 = CIRCLE ( 'NONE', #637, 0.2406747853002429993 ) ;
#3095 = CARTESIAN_POINT ( 'NONE',  ( 4.864999999999999325, 0.9000000000000035749, -0.4000000000000000222 ) ) ;
#3096 = FACE_OUTER_BOUND ( 'NONE', #65, .T. ) ;
#3097 = AXIS2_PLACEMENT_3D ( 'NONE', #1557, #4482, #99 ) ;
#3098 = DIRECTION ( 'NONE',  ( 0.000000000000000000, 0.000000000000000000, -1.000000000000000000 ) ) ;
#3099 = EDGE_CURVE ( 'NONE', #6252, #229, #1272, .T. ) ;
#3100 = ORIENTED_EDGE ( 'NONE', *, *, #4099, .T. ) ;
#3101 = VECTOR ( 'NONE', #206, 999.9999999999998863 ) ;
#3102 = EDGE_CURVE ( 'NONE', #2635, #5585, #1695, .T. ) ;
#3103 = CARTESIAN_POINT ( 'NONE',  ( 1.627778409939249160, 3.510000000000000231, -1.294448767816122503 ) ) ;
#3104 = DIRECTION ( 'NONE',  ( 0.000000000000000000, 0.000000000000000000, 1.000000000000000000 ) ) ;
#3105 = VECTOR ( 'NONE', #4609, 1000.000000000000000 ) ;
#3106 = EDGE_CURVE ( 'NONE', #662, #3197, #5849, .T. ) ;
#3107 = ORIENTED_EDGE ( 'NONE', *, *, #5472, .F. ) ;
#3108 = DIRECTION ( 'NONE',  ( 0.000000000000000000, 0.000000000000000000, 1.000000000000000000 ) ) ;
#3109 = AXIS2_PLACEMENT_3D ( 'NONE', #4211, #5716, #1344 ) ;
#3110 = ORIENTED_EDGE ( 'NONE', *, *, #2760, .F. ) ;
#3111 = EDGE_CURVE ( 'NONE', #248, #1387, #1916, .T. ) ;
#3112 = LINE ( 'NONE', #2662, #5182 ) ;
#3113 = DIRECTION ( 'NONE',  ( 6.023345402697267673E-17, 1.224646799147349263E-16, -1.000000000000000000 ) ) ;
#3114 = CARTESIAN_POINT ( 'NONE',  ( -4.315000000000001279, -9.587503694474768734E-16, -1.000000000000000444 ) ) ;
#3115 = VECTOR ( 'NONE', #524, 1000.000000000000000 ) ;
#3116 = ORIENTED_EDGE ( 'NONE', *, *, #5137, .T. ) ;
#3117 = FACE_OUTER_BOUND ( 'NONE', #934, .T. ) ;
#3118 = DIRECTION ( 'NONE',  ( -1.000000000000000000, 0.000000000000000000, 6.509656168952008597E-16 ) ) ;
#3119 = EDGE_LOOP ( 'NONE', ( #4655, #2851, #6143, #2127 ) ) ;
#3120 = SHAPE_REPRESENTATION ( '0154002.DR_5', ( #1731 ), #3756 ) ;
#3121 = CARTESIAN_POINT ( 'NONE',  ( 1.627778409939248716, 3.710000000000000409, -0.9944487678161221256 ) ) ;
#3122 = UNCERTAINTY_MEASURE_WITH_UNIT (LENGTH_MEASURE( 1.000000000000000082E-05 ), #126, 'distance_accuracy_value', 'NONE');
#3123 = LINE ( 'NONE', #3579, #4148 ) ;
#3124 = DIRECTION ( 'NONE',  ( 0.000000000000000000, 0.000000000000000000, 1.000000000000000000 ) ) ;
#3125 = FACE_OUTER_BOUND ( 'NONE', #4961, .T. ) ;
#3126 = ITEM_DEFINED_TRANSFORMATION ( 'NONE', 'NONE', #1508,  #1731 ) ;
#3127 = ORIENTED_EDGE ( 'NONE', *, *, #2987, .T. ) ;
#3128 = CARTESIAN_POINT ( 'NONE',  ( 3.003514341227320639, 3.810000000000001386, -1.170184699104193982 ) ) ;
#3129 = PLANE ( 'NONE',  #3753 ) ;
#3130 = CARTESIAN_POINT ( 'NONE',  ( 3.127778409939249382, 3.510000000000000231, 0.9944487678161212374 ) ) ;
#3131 = ORIENTED_EDGE ( 'NONE', *, *, #6118, .T. ) ;
#3132 = EDGE_CURVE ( 'NONE', #1564, #5139, #4391, .T. ) ;
#3133 = VECTOR ( 'NONE', #1155, 999.9999999999998863 ) ;
#3134 = EDGE_LOOP ( 'NONE', ( #1370, #724, #1781, #3766 ) ) ;
#3135 = VECTOR ( 'NONE', #2140, 1000.000000000000000 ) ;
#3136 = DIRECTION ( 'NONE',  ( -1.000000000000000000, 4.930380657631323784E-32, 2.911116689277473781E-16 ) ) ;
#3137 = CARTESIAN_POINT ( 'NONE',  ( -4.664999999999999147, 1.611566968151564083, -1.000000000000000444 ) ) ;
#3138 = VERTEX_POINT ( 'NONE', #2401 ) ;
#3139 = CIRCLE ( 'NONE', #2020, 0.04999999999999991257 ) ;
#3140 = VECTOR ( 'NONE', #3862, 1000.000000000000000 ) ;
#3141 = EDGE_CURVE ( 'NONE', #3204, #4552, #2942, .T. ) ;
#3142 = EDGE_CURVE ( 'NONE', #5102, #987, #473, .T. ) ;
#3143 = ORIENTED_EDGE ( 'NONE', *, *, #3891, .T. ) ;
#3144 = VERTEX_POINT ( 'NONE', #5867 ) ;
#3145 = EDGE_CURVE ( 'NONE', #2832, #1917, #4903, .T. ) ;
#3146 = ORIENTED_EDGE ( 'NONE', *, *, #2355, .T. ) ;
#3147 = VECTOR ( 'NONE', #1316, 1000.000000000000000 ) ;
#3148 = DIRECTION ( 'NONE',  ( 0.000000000000000000, 0.000000000000000000, -1.000000000000000000 ) ) ;
#3149 = CARTESIAN_POINT ( 'NONE',  ( -1.874999999999999556, 3.132929601890217963, -1.294448767816122281 ) ) ;
#3150 =( GEOMETRIC_REPRESENTATION_CONTEXT ( 3 ) GLOBAL_UNCERTAINTY_ASSIGNED_CONTEXT ( ( #61 ) ) GLOBAL_UNIT_ASSIGNED_CONTEXT ( ( #447, #6183, #1919 ) ) REPRESENTATION_CONTEXT ( 'NONE', 'WORKASPACE' ) );
#3151 = VERTEX_POINT ( 'NONE', #983 ) ;
#3152 = PLANE ( 'NONE',  #607 ) ;
#3153 = PRESENTATION_STYLE_ASSIGNMENT (( #1735 ) ) ;
#3154 = VECTOR ( 'NONE', #579, 1000.000000000000000 ) ;
#3155 = LINE ( 'NONE', #1680, #4184 ) ;
#3156 = VERTEX_POINT ( 'NONE', #3880 ) ;
#3157 = CIRCLE ( 'NONE', #3677, 0.2999999999999999334 ) ;
#3158 = DIRECTION ( 'NONE',  ( 0.000000000000000000, 1.000000000000000000, 0.000000000000000000 ) ) ;
#3159 = EDGE_CURVE ( 'NONE', #3431, #1112, #3427, .T. ) ;
#3160 = DIRECTION ( 'NONE',  ( 2.775557561562890118E-17, -3.885780586188045919E-16, 1.000000000000000000 ) ) ;
#3161 = CARTESIAN_POINT ( 'NONE',  ( 1.627778409939249826, 3.061149402765582561, -1.394448767816122592 ) ) ;
#3162 = ORIENTED_EDGE ( 'NONE', *, *, #562, .F. ) ;
#3163 = EDGE_LOOP ( 'NONE', ( #5389, #4924, #4021, #1153, #462 ) ) ;
#3164 = DIRECTION ( 'NONE',  ( 1.000000000000000000, 0.000000000000000000, 1.972152263052529076E-31 ) ) ;
#3165 = CARTESIAN_POINT ( 'NONE',  ( -1.591125123973731181, 0.1999999999999973188, 1.399999999999999467 ) ) ;
#3166 = CARTESIAN_POINT ( 'NONE',  ( 3.752267713333899302, 0.2000000000000020650, -1.000000000000000444 ) ) ;
#3167 = ORIENTED_EDGE ( 'NONE', *, *, #4259, .F. ) ;
#3168 = CYLINDRICAL_SURFACE ( 'NONE', #4675, 0.2000000000000000944 ) ;
#3169 = CARTESIAN_POINT ( 'NONE',  ( 1.627778409939249826, 2.372994641670527205, 1.919880095332464842 ) ) ;
#3170 = ORIENTED_EDGE ( 'NONE', *, *, #479, .F. ) ;
#3171 = ORIENTED_EDGE ( 'NONE', *, *, #1075, .F. ) ;
#3172 = DIRECTION ( 'NONE',  ( 1.000000000000000000, 0.000000000000000000, 0.000000000000000000 ) ) ;
#3173 = ORIENTED_EDGE ( 'NONE', *, *, #4946, .F. ) ;
#3174 = LINE ( 'NONE', #3569, #4268 ) ;
#3175 = PLANE ( 'NONE',  #3310 ) ;
#3176 = EDGE_CURVE ( 'NONE', #4867, #2388, #1981, .T. ) ;
#3177 = PRODUCT ( '0154002.DR_4', '0154002.DR_4', '', ( #3326 ) ) ;
#3178 = VECTOR ( 'NONE', #4207, 1000.000000000000000 ) ;
#3179 = ORIENTED_EDGE ( 'NONE', *, *, #584, .T. ) ;
#3180 = ORIENTED_EDGE ( 'NONE', *, *, #893, .T. ) ;
#3181 = LINE ( 'NONE', #6160, #341 ) ;
#3182 = AXIS2_PLACEMENT_3D ( 'NONE', #4262, #6232, #5152 ) ;
#3183 = EDGE_CURVE ( 'NONE', #589, #1078, #507, .T. ) ;
#3184 = AXIS2_PLACEMENT_3D ( 'NONE', #527, #5921, #3935 ) ;
#3185 = VECTOR ( 'NONE', #1016, 1000.000000000000000 ) ;
#3186 = DIRECTION ( 'NONE',  ( 0.000000000000000000, -0.000000000000000000, 1.000000000000000000 ) ) ;
#3187 =( LENGTH_UNIT ( ) NAMED_UNIT ( * ) SI_UNIT ( .MILLI., .METRE. ) );
#3188 = ORIENTED_EDGE ( 'NONE', *, *, #4393, .F. ) ;
#3189 = EDGE_CURVE ( 'NONE', #1468, #2403, #3914, .T. ) ;
#3190 = CARTESIAN_POINT ( 'NONE',  ( -4.664999999999999147, 0.7000000000000005107, -2.515000000000000124 ) ) ;
#3191 = LINE ( 'NONE', #277, #4904 ) ;
#3192 = FACE_OUTER_BOUND ( 'NONE', #5982, .T. ) ;
#3193 = DIRECTION ( 'NONE',  ( -1.000000000000000000, 3.469446951953615421E-17, 3.851859888774472390E-33 ) ) ;
#3194 = CARTESIAN_POINT ( 'NONE',  ( -1.874999999999999556, 3.061149402765582561, 1.394448767816122592 ) ) ;
#3195 = DIRECTION ( 'NONE',  ( -1.000000000000000000, -8.326672684688651866E-17, -8.326672684688622284E-17 ) ) ;
#3196 = FACE_OUTER_BOUND ( 'NONE', #806, .T. ) ;
#3197 = VERTEX_POINT ( 'NONE', #1496 ) ;
#3198 = CARTESIAN_POINT ( 'NONE',  ( -3.003514341227321527, 3.810000000000000497, 1.170184699105615955 ) ) ;
#3199 = DIRECTION ( 'NONE',  ( 3.552713678800500140E-15, -1.000000000000000000, 0.000000000000000000 ) ) ;
#3200 = AXIS2_PLACEMENT_3D ( 'NONE', #4133, #4542, #2556 ) ;
#3201 = EDGE_LOOP ( 'NONE', ( #3942, #3303, #5830, #5189 ) ) ;
#3202 =( NAMED_UNIT ( * ) PLANE_ANGLE_UNIT ( ) SI_UNIT ( $, .RADIAN. ) );
#3203 = ORIENTED_EDGE ( 'NONE', *, *, #1692, .F. ) ;
#3204 = VERTEX_POINT ( 'NONE', #5248 ) ;
#3205 = CIRCLE ( 'NONE', #342, 0.1999999999999998723 ) ;
#3206 = CARTESIAN_POINT ( 'NONE',  ( -4.664999999999999147, 1.583607624610294806, 0.000000000000000000 ) ) ;
#3207 = CYLINDRICAL_SURFACE ( 'NONE', #5363, 0.1500000000000001887 ) ;
#3208 = EDGE_CURVE ( 'NONE', #1903, #4077, #36, .T. ) ;
#3209 = VECTOR ( 'NONE', #5104, 1000.000000000000000 ) ;
#3210 = ORIENTED_EDGE ( 'NONE', *, *, #4821, .T. ) ;
#3211 = FACE_OUTER_BOUND ( 'NONE', #5880, .T. ) ;
#3212 = EDGE_CURVE ( 'NONE', #511, #613, #1983, .T. ) ;
#3213 = AXIS2_PLACEMENT_3D ( 'NONE', #712, #1738, #5538 ) ;
#3214 = DIRECTION ( 'NONE',  ( -1.000000000000000000, 0.000000000000000000, 0.000000000000000000 ) ) ;
#3215 = VERTEX_POINT ( 'NONE', #382 ) ;
#3216 = FACE_OUTER_BOUND ( 'NONE', #5522, .T. ) ;
#3217 = PRESENTATION_LAYER_ASSIGNMENT (  '', '', ( #1067 ) ) ;
#3218 = ADVANCED_FACE ( 'NONE', ( #2338 ), #4042, .T. ) ;
#3219 = LINE ( 'NONE', #5171, #4094 ) ;
#3220 = EDGE_CURVE ( 'NONE', #5179, #4019, #6302, .T. ) ;
#3221 = DIRECTION ( 'NONE',  ( -0.7071067811865482389, -0.7071067811865469066, 0.000000000000000000 ) ) ;
#3222 = ADVANCED_FACE ( 'NONE', ( #4484 ), #4110, .F. ) ;
#3223 = DIRECTION ( 'NONE',  ( -1.000000000000000000, 6.245004513516505540E-17, -2.426671729927916627E-32 ) ) ;
#3224 = CARTESIAN_POINT ( 'NONE',  ( -2.827778409939248672, 1.942499468327051115, -1.294448767816123391 ) ) ;
#3225 = LINE ( 'NONE', #6086, #44 ) ;
#3226 = DIRECTION ( 'NONE',  ( 1.000000000000000000, -4.930380657631323784E-32, -2.911116689277473781E-16 ) ) ;
#3227 = ORIENTED_EDGE ( 'NONE', *, *, #1254, .T. ) ;
#3228 = PRODUCT_DEFINITION_SHAPE ( 'NONE', 'NONE',  #3088 ) ;
#3229 = CARTESIAN_POINT ( 'NONE',  ( -2.827778409939248672, 2.118235399615123082, -1.294448767816123391 ) ) ;
#3230 = CARTESIAN_POINT ( 'NONE',  ( -4.664999999999999147, 0.7000000000000006217, 2.515000000000000124 ) ) ;
#3231 = DIRECTION ( 'NONE',  ( 5.814534955400682504E-16, 0.000000000000000000, 1.000000000000000000 ) ) ;
#3232 = VECTOR ( 'NONE', #655, 1000.000000000000000 ) ;
#3233 = ORIENTED_EDGE ( 'NONE', *, *, #826, .T. ) ;
#3234 = ORIENTED_EDGE ( 'NONE', *, *, #2046, .T. ) ;
#3235 = ORIENTED_EDGE ( 'NONE', *, *, #292, .F. ) ;
#3236 = APPLICATION_CONTEXT ( 'automotive_design' ) ;
#3237 = DIRECTION ( 'NONE',  ( -1.000000000000000000, -0.000000000000000000, -0.000000000000000000 ) ) ;
#3238 = CARTESIAN_POINT ( 'NONE',  ( -2.827778409939248672, 1.818235399615123482, -0.9944487678161233468 ) ) ;
#3239 = ORIENTED_EDGE ( 'NONE', *, *, #4743, .T. ) ;
#3240 = CARTESIAN_POINT ( 'NONE',  ( -1.874999999999999334, 3.061149402765582561, -1.394448767816122592 ) ) ;
#3241 = AXIS2_PLACEMENT_3D ( 'NONE', #5879, #3442, #5400 ) ;
#3242 = ORIENTED_EDGE ( 'NONE', *, *, #1075, .T. ) ;
#3243 = LINE ( 'NONE', #5687, #2129 ) ;
#3244 = CARTESIAN_POINT ( 'NONE',  ( 4.664999999999999147, 3.510000000000000231, 1.929118480386108558 ) ) ;
#3245 = VERTEX_POINT ( 'NONE', #5543 ) ;
#3246 = AXIS2_PLACEMENT_3D ( 'NONE', #1639, #5066, #6032 ) ;
#3247 = CARTESIAN_POINT ( 'NONE',  ( -2.827778409939248672, 3.510000000000000231, -1.294448767816123169 ) ) ;
#3248 = EDGE_CURVE ( 'NONE', #4448, #1686, #1630, .T. ) ;
#3249 = ORIENTED_EDGE ( 'NONE', *, *, #3661, .F. ) ;
#3250 = LINE ( 'NONE', #1257, #4795 ) ;
#3251 = CARTESIAN_POINT ( 'NONE',  ( 4.864999999999998437, 1.611566968151564527, -1.000000000000000444 ) ) ;
#3252 = ORIENTED_EDGE ( 'NONE', *, *, #3891, .F. ) ;
#3253 = CARTESIAN_POINT ( 'NONE',  ( 1.627778409939249826, 3.061149402765582561, -1.394448767816122592 ) ) ;
#3254 = CARTESIAN_POINT ( 'NONE',  ( -3.127778409939248494, 1.942499468327052004, -0.9944487678161221256 ) ) ;
#3255 = DIRECTION ( 'NONE',  ( 0.000000000000000000, 0.000000000000000000, -1.000000000000000000 ) ) ;
#3256 = AXIS2_PLACEMENT_3D ( 'NONE', #3064, #5445, #97 ) ;
#3257 = DIRECTION ( 'NONE',  ( 0.000000000000000000, -1.000000000000000000, 0.000000000000000000 ) ) ;
#3258 = ORIENTED_EDGE ( 'NONE', *, *, #3584, .F. ) ;
#3259 = FACE_OUTER_BOUND ( 'NONE', #4600, .T. ) ;
#3260 = CARTESIAN_POINT ( 'NONE',  ( 4.164999999999992930, 0.1999999999999989286, -2.515000000000000124 ) ) ;
#3261 = DIRECTION ( 'NONE',  ( -1.000000000000000000, 4.930380657631323784E-32, 2.911116689277473781E-16 ) ) ;
#3262 = ADVANCED_FACE ( 'NONE', ( #1143 ), #4454, .T. ) ;
#3263 = EDGE_CURVE ( 'NONE', #2871, #6033, #626, .T. ) ;
#3264 = EDGE_LOOP ( 'NONE', ( #2341, #324, #1060, #3712 ) ) ;
#3265 = PRODUCT_CONTEXT ( 'NONE', #3236, 'mechanical' ) ;
#3266 = ORIENTED_EDGE ( 'NONE', *, *, #630, .T. ) ;
#3267 = LINE ( 'NONE', #1857, #2821 ) ;
#3268 = PLANE ( 'NONE',  #1471 ) ;
#3269 = VERTEX_POINT ( 'NONE', #3069 ) ;
#3270 = APPLICATION_CONTEXT ( 'automotive_design' ) ;
#3271 = AXIS2_PLACEMENT_3D ( 'NONE', #2082, #3044, #4973 ) ;
#3272 = CARTESIAN_POINT ( 'NONE',  ( -1.627778409939249826, 1.818235399615123482, 1.294448767816121837 ) ) ;
#3273 = DIRECTION ( 'NONE',  ( 0.000000000000000000, -1.000000000000000000, -6.195440985631450387E-16 ) ) ;
#3274 = ORIENTED_EDGE ( 'NONE', *, *, #2570, .T. ) ;
#3275 = VECTOR ( 'NONE', #164, 1000.000000000000000 ) ;
#3276 = CARTESIAN_POINT ( 'NONE',  ( -1.874999999999999556, 3.061149402765582561, -1.394448767816122592 ) ) ;
#3277 = AXIS2_PLACEMENT_3D ( 'NONE', #2333, #3226, #4170 ) ;
#3278 = ORIENTED_EDGE ( 'NONE', *, *, #4173, .T. ) ;
#3279 = CARTESIAN_POINT ( 'NONE',  ( 3.127778409939248494, 2.118235399615122638, -0.9944487678161233468 ) ) ;
#3280 = AXIS2_PLACEMENT_3D ( 'NONE', #4369, #1922, #1892 ) ;
#3281 = CARTESIAN_POINT ( 'NONE',  ( -1.591125123973732070, 5.102309085570865545E-15, 1.399999999999999245 ) ) ;
#3282 = ORIENTED_EDGE ( 'NONE', *, *, #1408, .F. ) ;
#3283 = CARTESIAN_POINT ( 'NONE',  ( 3.752267713333899302, 0.2000000000000132505, -1.000000000000000666 ) ) ;
#3284 = LINE ( 'NONE', #373, #6174 ) ;
#3285 = CARTESIAN_POINT ( 'NONE',  ( -4.864999999999999325, 0.5499999999999993783, -1.000000000000000444 ) ) ;
#3286 = VERTEX_POINT ( 'NONE', #2498 ) ;
#3287 = DIRECTION ( 'NONE',  ( -1.972152263052529076E-31, -1.972152263052529514E-31, 1.000000000000000000 ) ) ;
#3288 = CARTESIAN_POINT ( 'NONE',  ( -1.126143534192404871, 2.372994641670527205, 1.919880095332465064 ) ) ;
#3289 = LINE ( 'NONE', #1784, #3534 ) ;
#3290 = FACE_OUTER_BOUND ( 'NONE', #3652, .T. ) ;
#3291 = ORIENTED_EDGE ( 'NONE', *, *, #714, .F. ) ;
#3292 = DIRECTION ( 'NONE',  ( 1.000000000000000000, 0.000000000000000000, 0.000000000000000000 ) ) ;
#3293 = VERTEX_POINT ( 'NONE', #3095 ) ;
#3294 = EDGE_CURVE ( 'NONE', #758, #4661, #536, .T. ) ;
#3295 = FACE_OUTER_BOUND ( 'NONE', #3163, .T. ) ;
#3296 = CARTESIAN_POINT ( 'NONE',  ( -1.874999999999999556, 3.810000000000000053, 1.611637779048593178 ) ) ;
#3297 = ORIENTED_EDGE ( 'NONE', *, *, #3665, .F. ) ;
#3298 = AXIS2_PLACEMENT_3D ( 'NONE', #2774, #3746, #6231 ) ;
#3299 =( NAMED_UNIT ( * ) PLANE_ANGLE_UNIT ( ) SI_UNIT ( $, .RADIAN. ) );
#3300 = VERTEX_POINT ( 'NONE', #5963 ) ;
#3301 = DIRECTION ( 'NONE',  ( 2.775557561562890118E-17, -3.885780586188045919E-16, 1.000000000000000000 ) ) ;
#3302 = CARTESIAN_POINT ( 'NONE',  ( -4.165000000000000036, 0.2000000000000000944, -0.4000000000000010214 ) ) ;
#3303 = ORIENTED_EDGE ( 'NONE', *, *, #3778, .T. ) ;
#3304 = CARTESIAN_POINT ( 'NONE',  ( 4.864999999999998437, 2.236750975993232693, -0.3748159921583317233 ) ) ;
#3305 = ORIENTED_EDGE ( 'NONE', *, *, #2366, .T. ) ;
#3306 = CIRCLE ( 'NONE', #5683, 0.6251840078416682767 ) ;
#3307 = DIRECTION ( 'NONE',  ( 1.000000000000000000, 1.595945597898661294E-16, 0.000000000000000000 ) ) ;
#3308 = DIRECTION ( 'NONE',  ( 1.000000000000000000, -0.000000000000000000, -3.010080439365620458E-16 ) ) ;
#3309 = VERTEX_POINT ( 'NONE', #4080 ) ;
#3310 = AXIS2_PLACEMENT_3D ( 'NONE', #4239, #3696, #385 ) ;
#3311 = VERTEX_POINT ( 'NONE', #102 ) ;
#3312 = DIRECTION ( 'NONE',  ( 0.000000000000000000, 0.000000000000000000, 1.000000000000000000 ) ) ;
#3313 = DIRECTION ( 'NONE',  ( 1.000000000000000000, -0.000000000000000000, 0.000000000000000000 ) ) ;
#3314 = UNCERTAINTY_MEASURE_WITH_UNIT (LENGTH_MEASURE( 1.000000000000000082E-05 ), #5230, 'distance_accuracy_value', 'NONE');
#3315 = AXIS2_PLACEMENT_3D ( 'NONE', #3056, #3545, #1098 ) ;
#3316 = DIRECTION ( 'NONE',  ( -1.000000000000000000, 0.000000000000000000, 3.350313119968968612E-16 ) ) ;
#3317 = CARTESIAN_POINT ( 'NONE',  ( 0.000000000000000000, 0.000000000000000000, 0.4000000000000000222 ) ) ;
#3318 = ORIENTED_EDGE ( 'NONE', *, *, #1018, .T. ) ;
#3319 = DIRECTION ( 'NONE',  ( -3.010080439365620458E-16, 1.224646799147369231E-16, -1.000000000000000000 ) ) ;
#3320 = DIRECTION ( 'NONE',  ( -1.000000000000000000, 0.000000000000000000, 0.000000000000000000 ) ) ;
#3321 = DIRECTION ( 'NONE',  ( -1.000000000000000000, 6.245004513516505540E-17, 0.000000000000000000 ) ) ;
#3322 = CARTESIAN_POINT ( 'NONE',  ( 4.664999999999999147, -5.421010862427522170E-17, -1.000000000000000444 ) ) ;
#3323 =( BOUNDED_CURVE ( )  B_SPLINE_CURVE ( 3, ( #5955, #3939, #590, #3484 ),
 .UNSPECIFIED., .F., .F. ) 
 B_SPLINE_CURVE_WITH_KNOTS ( ( 4, 4 ),
 ( 4.712388980384689674, 5.949798125921604175 ),
 .UNSPECIFIED. ) 
 CURVE ( )  GEOMETRIC_REPRESENTATION_ITEM ( )  RATIONAL_B_SPLINE_CURVE ( ( 1.000000000000000000, 0.8764203082159538472, 0.8764203082159538472, 1.000000000000000000 ) ) 
 REPRESENTATION_ITEM ( '' )  );
#3324 = EDGE_LOOP ( 'NONE', ( #5158, #4668, #5907, #2602 ) ) ;
#3325 = EDGE_CURVE ( 'NONE', #1863, #413, #6055, .T. ) ;
#3326 = PRODUCT_CONTEXT ( 'NONE', #4119, 'mechanical' ) ;
#3327 = VERTEX_POINT ( 'NONE', #2622 ) ;
#3328 = CARTESIAN_POINT ( 'NONE',  ( -3.127778409939249382, 2.118235399615123526, 0.9944487678161210154 ) ) ;
#3329 = CARTESIAN_POINT ( 'NONE',  ( -1.874999999999999556, 3.373604387190460407, -1.394448767816122592 ) ) ;
#3330 = PRODUCT_DEFINITION_SHAPE ( 'NONE', 'NONE',  #6335 ) ;
#3331 = ADVANCED_FACE ( 'NONE', ( #190 ), #4970, .T. ) ;
#3332 = EDGE_CURVE ( 'NONE', #706, #5099, #3463, .T. ) ;
#3333 = ORIENTED_EDGE ( 'NONE', *, *, #411, .T. ) ;
#3334 = VECTOR ( 'NONE', #6066, 1000.000000000000000 ) ;
#3335 = DIRECTION ( 'NONE',  ( -1.000000000000000000, 0.000000000000000000, -0.000000000000000000 ) ) ;
#3336 = CARTESIAN_POINT ( 'NONE',  ( 2.827778409939248672, 3.510000000000000231, -0.9944487678161229027 ) ) ;
#3337 = EDGE_LOOP ( 'NONE', ( #4011, #6163, #6063, #445, #5579 ) ) ;
#3338 = LINE ( 'NONE', #896, #1263 ) ;
#3339 = AXIS2_PLACEMENT_3D ( 'NONE', #5392, #990, #2952 ) ;
#3340 = CIRCLE ( 'NONE', #4178, 0.6251840078416682767 ) ;
#3341 = EDGE_CURVE ( 'NONE', #4591, #4610, #3040, .T. ) ;
#3342 = ORIENTED_EDGE ( 'NONE', *, *, #930, .T. ) ;
#3343 = CARTESIAN_POINT ( 'NONE',  ( 1.627778409939249826, 2.919136647305522470, 1.444448767816122192 ) ) ;
#3344 = LINE ( 'NONE', #4438, #2693 ) ;
#3345 = ORIENTED_EDGE ( 'NONE', *, *, #562, .T. ) ;
#3346 = FACE_OUTER_BOUND ( 'NONE', #3486, .T. ) ;
#3347 = PRODUCT_DEFINITION_FORMATION_WITH_SPECIFIED_SOURCE ( 'ANY', '', #4212, .NOT_KNOWN. ) ;
#3348 = FACE_OUTER_BOUND ( 'NONE', #1458, .T. ) ;
#3349 = EDGE_CURVE ( 'NONE', #261, #3899, #2141, .T. ) ;
#3350 = LINE ( 'NONE', #2294, #744 ) ;
#3351 = CARTESIAN_POINT ( 'NONE',  ( -1.064999999999999059, -1.243009167817277696E-14, -1.540743955509788682E-30 ) ) ;
#3352 = ORIENTED_EDGE ( 'NONE', *, *, #2951, .T. ) ;
#3353 = LINE ( 'NONE', #1878, #123 ) ;
#3354 = PLANE ( 'NONE',  #5327 ) ;
#3355 = DIRECTION ( 'NONE',  ( 1.000000000000000000, -0.000000000000000000, 2.911116689277474274E-16 ) ) ;
#3356 = CARTESIAN_POINT ( 'NONE',  ( 3.127778409939249826, 2.118235399615122638, 0.9944487678161210154 ) ) ;
#3357 = VECTOR ( 'NONE', #2008, 1000.000000000000000 ) ;
#3358 = ORIENTED_EDGE ( 'NONE', *, *, #1061, .F. ) ;
#3359 = APPLICATION_PROTOCOL_DEFINITION ( 'draft international standard', 'automotive_design', 1998, #5699 ) ;
#3360 = VERTEX_POINT ( 'NONE', #569 ) ;
#3361 = CARTESIAN_POINT ( 'NONE',  ( -1.126143534192404871, 3.019781114811264544, 1.131672265954415391 ) ) ;
#3362 = DIRECTION ( 'NONE',  ( -4.282837881357679770E-31, -1.224646799147345565E-16, 1.000000000000000000 ) ) ;
#3363 = ORIENTED_EDGE ( 'NONE', *, *, #4477, .F. ) ;
#3364 = DIRECTION ( 'NONE',  ( 1.000000000000000000, -0.000000000000000000, 0.000000000000000000 ) ) ;
#3365 = EDGE_CURVE ( 'NONE', #531, #1786, #2975, .T. ) ;
#3366 = DIRECTION ( 'NONE',  ( 0.000000000000000000, -1.000000000000000000, 3.481703215984523352E-32 ) ) ;
#3367 =( NAMED_UNIT ( * ) PLANE_ANGLE_UNIT ( ) SI_UNIT ( $, .RADIAN. ) );
#3368 = DIRECTION ( 'NONE',  ( 0.000000000000000000, 0.000000000000000000, -1.000000000000000000 ) ) ;
#3369 = EDGE_CURVE ( 'NONE', #425, #617, #2016, .T. ) ;
#3370 = ORIENTED_EDGE ( 'NONE', *, *, #1839, .T. ) ;
#3371 = PLANE ( 'NONE',  #5679 ) ;
#3372 = DIRECTION ( 'NONE',  ( -0.000000000000000000, -1.000000000000000000, 3.885780586188046905E-16 ) ) ;
#3373 = ORIENTED_EDGE ( 'NONE', *, *, #4742, .F. ) ;
#3374 = EDGE_CURVE ( 'NONE', #3810, #4136, #4050, .T. ) ;
#3375 =( LENGTH_UNIT ( ) NAMED_UNIT ( * ) SI_UNIT ( .MILLI., .METRE. ) );
#3376 = PLANE ( 'NONE',  #2329 ) ;
#3377 = ADVANCED_FACE ( 'NONE', ( #4016 ), #3557, .F. ) ;
#3378 = UNCERTAINTY_MEASURE_WITH_UNIT (LENGTH_MEASURE( 1.000000000000000082E-05 ), #158, 'distance_accuracy_value', 'NONE');
#3379 = EDGE_CURVE ( 'NONE', #774, #3823, #372, .T. ) ;
#3380 = LINE ( 'NONE', #3873, #1255 ) ;
#3381 = VECTOR ( 'NONE', #6001, 1000.000000000000000 ) ;
#3382 = DIRECTION ( 'NONE',  ( 0.000000000000000000, -1.000000000000000000, -0.000000000000000000 ) ) ;
#3383 = ORIENTED_EDGE ( 'NONE', *, *, #1696, .T. ) ;
#3384 = CARTESIAN_POINT ( 'NONE',  ( 3.752267713333900190, -1.263095530945612666E-14, 0.9999999999999993339 ) ) ;
#3385 = CIRCLE ( 'NONE', #3277, 0.2999999999999999334 ) ;
#3386 = DIRECTION ( 'NONE',  ( 0.000000000000000000, 0.000000000000000000, -1.000000000000000000 ) ) ;
#3387 = AXIS2_PLACEMENT_3D ( 'NONE', #559, #2930, #3450 ) ;
#3388 = DIRECTION ( 'NONE',  ( -0.000000000000000000, -1.000000000000000000, 0.000000000000000000 ) ) ;
#3389 = CARTESIAN_POINT ( 'NONE',  ( 1.875000000000000888, 1.818235399615122816, -2.515000000000000124 ) ) ;
#3390 = CARTESIAN_POINT ( 'NONE',  ( -3.127778409939248938, 3.610000000000001208, 0.7448702942612707156 ) ) ;
#3391 = ORIENTED_EDGE ( 'NONE', *, *, #5001, .F. ) ;
#3392 = ORIENTED_EDGE ( 'NONE', *, *, #3365, .F. ) ;
#3393 = PRODUCT_CONTEXT ( 'NONE', #5365, 'mechanical' ) ;
#3394 = ORIENTED_EDGE ( 'NONE', *, *, #299, .F. ) ;
#3395 = DIRECTION ( 'NONE',  ( 3.144270156670344122E-16, 1.000000000000000000, 0.000000000000000000 ) ) ;
#3396 = DIRECTION ( 'NONE',  ( 5.551115123125782702E-17, -1.000000000000000000, -1.094764425253763337E-47 ) ) ;
#3397 = ORIENTED_EDGE ( 'NONE', *, *, #2985, .T. ) ;
#3398 =( LENGTH_UNIT ( ) NAMED_UNIT ( * ) SI_UNIT ( .MILLI., .METRE. ) );
#3399 = PRODUCT_RELATED_PRODUCT_CATEGORY ( 'part', '', ( #715 ) ) ;
#3400 = CARTESIAN_POINT ( 'NONE',  ( -1.627778409939249826, 2.919136647305522470, -1.444448767816122192 ) ) ;
#3401 = ORIENTED_EDGE ( 'NONE', *, *, #6096, .T. ) ;
#3402 = LINE ( 'NONE', #965, #3045 ) ;
#3403 = ORIENTED_EDGE ( 'NONE', *, *, #4240, .F. ) ;
#3404 = FACE_OUTER_BOUND ( 'NONE', #989, .T. ) ;
#3405 = VECTOR ( 'NONE', #870, 1000.000000000000000 ) ;
#3406 = ADVANCED_FACE ( 'NONE', ( #4516 ), #3129, .F. ) ;
#3407 = VERTEX_POINT ( 'NONE', #1173 ) ;
#3408 = ADVANCED_BREP_SHAPE_REPRESENTATION ( '', ( #3938, #1731 ), #1613 ) ;
#3409 = CARTESIAN_POINT ( 'NONE',  ( -2.986176789632889239, 3.710000000000000409, -0.9944487678161219035 ) ) ;
#3410 = DIRECTION ( 'NONE',  ( -1.000000000000000000, -1.595945597898661294E-16, 0.000000000000000000 ) ) ;
#3411 = VECTOR ( 'NONE', #2000, 1000.000000000000000 ) ;
#3412 = LINE ( 'NONE', #1520, #1848 ) ;
#3413 = DIRECTION ( 'NONE',  ( 1.000000000000000000, 3.441691376337985670E-15, -0.000000000000000000 ) ) ;
#3414 = AXIS2_PLACEMENT_3D ( 'NONE', #4890, #4410, #2455 ) ;
#3415 = CARTESIAN_POINT ( 'NONE',  ( 1.064999999999999503, -1.235990476633475055E-14, -1.000000000000000444 ) ) ;
#3416 = EDGE_CURVE ( 'NONE', #1749, #1259, #3616, .T. ) ;
#3417 = EDGE_CURVE ( 'NONE', #6101, #5598, #2012, .T. ) ;
#3418 = EDGE_CURVE ( 'NONE', #4882, #3058, #2111, .T. ) ;
#3419 = DIRECTION ( 'NONE',  ( -1.000000000000000000, 0.000000000000000000, -0.000000000000000000 ) ) ;
#3420 = VECTOR ( 'NONE', #808, 1000.000000000000000 ) ;
#3421 = EDGE_CURVE ( 'NONE', #4915, #1958, #3585, .T. ) ;
#3422 = VERTEX_POINT ( 'NONE', #4078 ) ;
#3423 = EDGE_LOOP ( 'NONE', ( #1556, #5704, #3683, #2149 ) ) ;
#3424 = DIRECTION ( 'NONE',  ( -1.000000000000000000, 0.000000000000000000, 3.010080439365620458E-16 ) ) ;
#3425 = DIRECTION ( 'NONE',  ( 0.000000000000000000, 0.9449393261893695994, 0.3272455802922021872 ) ) ;
#3426 = DIRECTION ( 'NONE',  ( 1.000000000000000000, 0.000000000000000000, 1.972152263052529076E-31 ) ) ;
#3427 = LINE ( 'NONE', #2812, #1132 ) ;
#3428 = AXIS2_PLACEMENT_3D ( 'NONE', #2465, #3950, #2974 ) ;
#3429 = DIRECTION ( 'NONE',  ( 0.000000000000000000, 0.000000000000000000, -1.000000000000000000 ) ) ;
#3430 = VERTEX_POINT ( 'NONE', #1080 ) ;
#3431 = VERTEX_POINT ( 'NONE', #5483 ) ;
#3432 = APPLICATION_PROTOCOL_DEFINITION ( 'draft international standard', 'automotive_design', 1998, #612 ) ;
#3433 = EDGE_LOOP ( 'NONE', ( #4978, #6262, #392, #1130, #1665, #6322, #3819 ) ) ;
#3434 = FACE_OUTER_BOUND ( 'NONE', #2962, .T. ) ;
#3435 = CARTESIAN_POINT ( 'NONE',  ( 1.591125123973731625, 0.2000000000000128897, 1.399999999999999023 ) ) ;
#3436 = EDGE_CURVE ( 'NONE', #3899, #2808, #568, .T. ) ;
#3437 = ORIENTED_EDGE ( 'NONE', *, *, #5859, .T. ) ;
#3438 =( NAMED_UNIT ( * ) PLANE_ANGLE_UNIT ( ) SI_UNIT ( $, .RADIAN. ) );
#3439 = ORIENTED_EDGE ( 'NONE', *, *, #853, .T. ) ;
#3440 = CARTESIAN_POINT ( 'NONE',  ( -4.864999999999998437, 1.633217365692808620, 0.4184320681164753752 ) ) ;
#3441 = ORIENTED_EDGE ( 'NONE', *, *, #1619, .F. ) ;
#3442 = DIRECTION ( 'NONE',  ( -1.000000000000000000, -3.469446951953614805E-17, -4.163336342344338259E-17 ) ) ;
#3443 = ORIENTED_EDGE ( 'NONE', *, *, #1081, .T. ) ;
#3444 = PLANE ( 'NONE',  #5367 ) ;
#3445 = VECTOR ( 'NONE', #5463, 1000.000000000000000 ) ;
#3446 = ORIENTED_EDGE ( 'NONE', *, *, #1724, .F. ) ;
#3447 = LINE ( 'NONE', #1935, #4261 ) ;
#3448 = VECTOR ( 'NONE', #5542, 1000.000000000000000 ) ;
#3449 = FACE_BOUND ( 'NONE', #6051, .T. ) ;
#3450 = DIRECTION ( 'NONE',  ( 1.000000000000000000, 0.000000000000000000, 0.000000000000000000 ) ) ;
#3452 = DIRECTION ( 'NONE',  ( 0.000000000000000000, 0.000000000000000000, 1.000000000000000000 ) ) ;
#3451 = APPLICATION_CONTEXT ( 'automotive_design' ) ;
#3453 = UNCERTAINTY_MEASURE_WITH_UNIT (LENGTH_MEASURE( 1.000000000000000082E-05 ), #4590, 'distance_accuracy_value', 'NONE');
#3454 = LINE ( 'NONE', #4384, #1676 ) ;
#3455 = FACE_OUTER_BOUND ( 'NONE', #2139, .T. ) ;
#3456 = ORIENTED_EDGE ( 'NONE', *, *, #173, .T. ) ;
#3457 = CARTESIAN_POINT ( 'NONE',  ( -3.873634909763690182, 3.810000000000000053, -0.7448702942612720479 ) ) ;
#3458 = VECTOR ( 'NONE', #4654, 1000.000000000000000 ) ;
#3459 = CARTESIAN_POINT ( 'NONE',  ( -4.664999999999999147, 0.000000000000000000, -2.515000000000000124 ) ) ;
#3460 = EDGE_CURVE ( 'NONE', #682, #3973, #1141, .T. ) ;
#3461 = CARTESIAN_POINT ( 'NONE',  ( -1.064999999999997948, 0.1999999999999876599, -1.000000000000000666 ) ) ;
#3462 = DIRECTION ( 'NONE',  ( 1.000000000000000000, 0.000000000000000000, 0.000000000000000000 ) ) ;
#3463 = LINE ( 'NONE', #5056, #2418 ) ;
#3464 = CARTESIAN_POINT ( 'NONE',  ( -1.627778409939249826, 0.000000000000000000, 1.294448767816121615 ) ) ;
#3465 =( GEOMETRIC_REPRESENTATION_CONTEXT ( 3 ) GLOBAL_UNCERTAINTY_ASSIGNED_CONTEXT ( ( #3453 ) ) GLOBAL_UNIT_ASSIGNED_CONTEXT ( ( #4590, #1275, #295 ) ) REPRESENTATION_CONTEXT ( 'NONE', 'WORKASPACE' ) );
#3466 = ORIENTED_EDGE ( 'NONE', *, *, #1325, .F. ) ;
#3467 = ORIENTED_EDGE ( 'NONE', *, *, #5546, .F. ) ;
#3468 = AXIS2_PLACEMENT_3D ( 'NONE', #2541, #5915, #3892 ) ;
#3469 = VERTEX_POINT ( 'NONE', #6022 ) ;
#3470 = PLANE ( 'NONE',  #5803 ) ;
#3471 = LINE ( 'NONE', #4426, #3185 ) ;
#3472 = ADVANCED_FACE ( 'NONE', ( #1594 ), #3092, .F. ) ;
#3473 = EDGE_CURVE ( 'NONE', #2696, #925, #32, .T. ) ;
#3474 = ORIENTED_EDGE ( 'NONE', *, *, #815, .F. ) ;
#3475 = EDGE_LOOP ( 'NONE', ( #6021, #3173, #1330, #6225 ) ) ;
#3476 = DIRECTION ( 'NONE',  ( -1.000000000000000000, -7.376470667572146093E-33, 6.023345402697287394E-17 ) ) ;
#3477 = ORIENTED_EDGE ( 'NONE', *, *, #3374, .T. ) ;
#3478 = CARTESIAN_POINT ( 'NONE',  ( 1.366818319492648204, 3.373604387190460852, -1.294448767816122281 ) ) ;
#3479 = ORIENTED_EDGE ( 'NONE', *, *, #2481, .F. ) ;
#3480 = CARTESIAN_POINT ( 'NONE',  ( -1.126143534192405093, 3.132929601890217963, 1.394448767816122592 ) ) ;
#3481 = FILL_AREA_STYLE_COLOUR ( '', #3689 ) ;
#3482 = CARTESIAN_POINT ( 'NONE',  ( -1.627778409939249826, 3.061149402765582561, -1.394448767816122592 ) ) ;
#3483 = ORIENTED_EDGE ( 'NONE', *, *, #1573, .F. ) ;
#3484 = CARTESIAN_POINT ( 'NONE',  ( 4.648481797856809372, 3.608173674087660654, 1.895119576905404335 ) ) ;
#3485 = SURFACE_STYLE_USAGE ( .BOTH. , #4478 ) ;
#3486 = EDGE_LOOP ( 'NONE', ( #814, #2208, #3179, #3546 ) ) ;
#3487 = DIRECTION ( 'NONE',  ( 4.163336342344335794E-17, -1.110223024625156294E-16, 1.000000000000000000 ) ) ;
#3488 = DIRECTION ( 'NONE',  ( -3.350313119968968612E-16, 0.000000000000000000, -1.000000000000000000 ) ) ;
#3489 = AXIS2_PLACEMENT_3D ( 'NONE', #6235, #2335, #6126 ) ;
#3490 = DIRECTION ( 'NONE',  ( 1.000000000000000000, 0.000000000000000000, 3.350313119968968612E-16 ) ) ;
#3491 = DIRECTION ( 'NONE',  ( 1.000000000000000000, -0.000000000000000000, 6.509656168952008597E-16 ) ) ;
#3492 = CARTESIAN_POINT ( 'NONE',  ( -1.366818319492648204, 3.019781114811264544, 1.131672265954415391 ) ) ;
#3493 = VECTOR ( 'NONE', #2591, 1000.000000000000000 ) ;
#3494 = ORIENTED_EDGE ( 'NONE', *, *, #1977, .F. ) ;
#3495 = VECTOR ( 'NONE', #5635, 1000.000000000000000 ) ;
#3496 = EDGE_CURVE ( 'NONE', #3245, #2573, #1527, .T. ) ;
#3497 = EDGE_LOOP ( 'NONE', ( #2317, #5434, #4055, #2729 ) ) ;
#3498 = STYLED_ITEM ( 'NONE', ( #1422 ), #3783 ) ;
#3499 = VECTOR ( 'NONE', #4913, 1000.000000000000000 ) ;
#3500 = CARTESIAN_POINT ( 'NONE',  ( -1.627778409939249826, 2.372994641670527205, -1.919880095332464842 ) ) ;
#3501 = PLANE ( 'NONE',  #5329 ) ;
#3502 = EDGE_CURVE ( 'NONE', #5318, #3156, #1041, .T. ) ;
#3503 = ORIENTED_EDGE ( 'NONE', *, *, #1931, .F. ) ;
#3504 =( NAMED_UNIT ( * ) SI_UNIT ( $, .STERADIAN. ) SOLID_ANGLE_UNIT ( ) );
#3505 = ORIENTED_EDGE ( 'NONE', *, *, #362, .T. ) ;
#3506 = ADVANCED_FACE ( 'NONE', ( #132 ), #100, .F. ) ;
#3507 = CARTESIAN_POINT ( 'NONE',  ( 4.665000000000000036, 0.2000000000000057288, -1.000000000000000444 ) ) ;
#3508 = CARTESIAN_POINT ( 'NONE',  ( -3.752267713333899746, 0.1999999999999971800, -1.000000000000000444 ) ) ;
#3509 = DIRECTION ( 'NONE',  ( -0.000000000000000000, -3.481703215984523352E-32, 1.000000000000000000 ) ) ;
#3510 = EDGE_LOOP ( 'NONE', ( #4153, #1562, #4736, #5486 ) ) ;
#3511 = DIRECTION ( 'NONE',  ( -0.000000000000000000, -3.885780586188045919E-16, 1.000000000000000000 ) ) ;
#3512 = EDGE_CURVE ( 'NONE', #5848, #3915, #5993, .T. ) ;
#3513 = ORIENTED_EDGE ( 'NONE', *, *, #5298, .T. ) ;
#3514 = CARTESIAN_POINT ( 'NONE',  ( -1.627778409939249826, 3.510000000000000231, 0.9944487678161227917 ) ) ;
#3515 = CARTESIAN_POINT ( 'NONE',  ( 1.126143534192405093, 3.132929601890217963, 1.394448767816122592 ) ) ;
#3516 = CARTESIAN_POINT ( 'NONE',  ( 1.126143534192405093, 3.132929601890217963, -1.294448767816122281 ) ) ;
#3517 = FILL_AREA_STYLE_COLOUR ( '', #6314 ) ;
#3518 = ORIENTED_EDGE ( 'NONE', *, *, #1214, .F. ) ;
#3519 = UNCERTAINTY_MEASURE_WITH_UNIT (LENGTH_MEASURE( 1.000000000000000082E-05 ), #4442, 'distance_accuracy_value', 'NONE');
#3520 = CARTESIAN_POINT ( 'NONE',  ( -4.864999999999998437, 2.236750975993232693, -0.3748159921583318344 ) ) ;
#3521 = CARTESIAN_POINT ( 'NONE',  ( -1.366818319492648204, 3.373604387190460852, 1.294448767816122281 ) ) ;
#3522 = ORIENTED_EDGE ( 'NONE', *, *, #3141, .T. ) ;
#3523 = LINE ( 'NONE', #3457, #5557 ) ;
#3524 = AXIS2_PLACEMENT_3D ( 'NONE', #5828, #2392, #3255 ) ;
#3525 = CARTESIAN_POINT ( 'NONE',  ( -3.873634909763690626, -1.452381048782462436, 1.294448767816122059 ) ) ;
#3526 = DIRECTION ( 'NONE',  ( 1.000000000000000000, -1.526556658859590983E-16, 3.191891195797326533E-16 ) ) ;
#3527 = CARTESIAN_POINT ( 'NONE',  ( 1.875000000000000666, 3.810000000000000053, -2.515000000000000124 ) ) ;
#3528 = AXIS2_PLACEMENT_3D ( 'NONE', #1463, #3426, #1980 ) ;
#3529 = ORIENTED_EDGE ( 'NONE', *, *, #3142, .F. ) ;
#3530 = CARTESIAN_POINT ( 'NONE',  ( -2.827778409939249560, 3.685735931288071754, -1.294448767816123169 ) ) ;
#3531 = ORIENTED_EDGE ( 'NONE', *, *, #2677, .T. ) ;
#3532 = AXIS2_PLACEMENT_3D ( 'NONE', #5753, #802, #1386 ) ;
#3533 = CONTEXT_DEPENDENT_SHAPE_REPRESENTATION ( #1603, #4766 ) ;
#3534 = VECTOR ( 'NONE', #346, 1000.000000000000000 ) ;
#3535 = CARTESIAN_POINT ( 'NONE',  ( 1.126143534192404871, 2.919136647305522914, 1.394448767816122370 ) ) ;
#3536 = DIRECTION ( 'NONE',  ( 1.000000000000000000, 4.163336342344337027E-17, 4.163336342344337027E-17 ) ) ;
#3537 = EDGE_CURVE ( 'NONE', #166, #1903, #2589, .T. ) ;
#3538 = ORIENTED_EDGE ( 'NONE', *, *, #1962, .F. ) ;
#3539 = ORIENTED_EDGE ( 'NONE', *, *, #5153, .F. ) ;
#3540 = LINE ( 'NONE', #3998, #5098 ) ;
#3541 = CARTESIAN_POINT ( 'NONE',  ( -1.126143534192404871, 3.090491792929919601, 1.202382944073070226 ) ) ;
#3542 = DIRECTION ( 'NONE',  ( -0.000000000000000000, 0.7071067811865487940, -0.7071067811865463515 ) ) ;
#3543 =( BOUNDED_SURFACE ( )  B_SPLINE_SURFACE ( 3, 3, ( 
 ( #2837, #3744, #3224, #2804 ),
 ( #280, #2228, #2328, #4321 ),
 ( #3254, #3714, #2259, #4199 ),
 ( #5175, #5207, #4290, #1324 ) ),
 .UNSPECIFIED., .F., .F., .F. ) 
 B_SPLINE_SURFACE_WITH_KNOTS ( ( 4, 4 ),
 ( 4, 4 ),
 ( 0.000000000000000000, 1.000000000000000000 ),
 ( 0.000000000000000000, 1.000000000000000000 ),
 .UNSPECIFIED. ) 
 GEOMETRIC_REPRESENTATION_ITEM ( )  RATIONAL_B_SPLINE_SURFACE ( (
 ( 1.000000000000000000, 0.8047378541243633832, 0.8047378541243633832, 1.000000000000000000),
 ( 0.8047378541243652705, 0.6476030138606866382, 0.6476030138606866382, 0.8047378541243652705),
 ( 0.8047378541243652705, 0.6476030138606866382, 0.6476030138606866382, 0.8047378541243652705),
 ( 1.000000000000000000, 0.8047378541243633832, 0.8047378541243633832, 1.000000000000000000) ) ) 
 REPRESENTATION_ITEM ( '' )  SURFACE ( )  );
#3544 = EDGE_CURVE ( 'NONE', #1704, #1540, #5519, .T. ) ;
#3545 = DIRECTION ( 'NONE',  ( 1.000000000000000000, -4.930380657631323784E-32, -2.911116689277473781E-16 ) ) ;
#3546 = ORIENTED_EDGE ( 'NONE', *, *, #3159, .T. ) ;
#3547 = DIRECTION ( 'NONE',  ( 1.000000000000000000, -0.000000000000000000, 2.911116689277474274E-16 ) ) ;
#3548 = CARTESIAN_POINT ( 'NONE',  ( 3.127778409939249382, 1.818235399615123482, 0.9944487678161210154 ) ) ;
#3549 = ORIENTED_EDGE ( 'NONE', *, *, #3945, .F. ) ;
#3550 = EDGE_CURVE ( 'NONE', #4885, #1500, #2078, .T. ) ;
#3551 = DIRECTION ( 'NONE',  ( -3.350313119968968612E-16, 0.000000000000000000, -1.000000000000000000 ) ) ;
#3552 = AXIS2_PLACEMENT_3D ( 'NONE', #5520, #5484, #5002 ) ;
#3553 = CARTESIAN_POINT ( 'NONE',  ( 1.627778409939249604, 3.710000000000000409, 0.9944487678161216815 ) ) ;
#3554 = ORIENTED_EDGE ( 'NONE', *, *, #1177, .T. ) ;
#3555 = CARTESIAN_POINT ( 'NONE',  ( 1.627778409939249826, 2.813070630127540550, 1.338382750638140051 ) ) ;
#3556 = CIRCLE ( 'NONE', #3654, 0.04999999999999991257 ) ;
#3557 = PLANE ( 'NONE',  #3552 ) ;
#3558 = CARTESIAN_POINT ( 'NONE',  ( 2.827778409939248672, 3.510000000000000231, -0.9944487678161229027 ) ) ;
#3559 = ORIENTED_EDGE ( 'NONE', *, *, #5424, .F. ) ;
#3560 = CARTESIAN_POINT ( 'NONE',  ( -3.127778409939248494, 3.510000000000000675, -0.9944487678161237909 ) ) ;
#3561 = AXIS2_PLACEMENT_3D ( 'NONE', #6068, #3081, #3601 ) ;
#3562 = EDGE_LOOP ( 'NONE', ( #3131, #5106, #2596, #545 ) ) ;
#3563 = PLANE ( 'NONE',  #1912 ) ;
#3565 = LINE ( 'NONE', #1050, #1236 ) ;
#3564 =( GEOMETRIC_REPRESENTATION_CONTEXT ( 3 ) GLOBAL_UNCERTAINTY_ASSIGNED_CONTEXT ( ( #876 ) ) GLOBAL_UNIT_ASSIGNED_CONTEXT ( ( #5493, #1477, #1091 ) ) REPRESENTATION_CONTEXT ( 'NONE', 'WORKASPACE' ) );
#3566 =( GEOMETRIC_REPRESENTATION_CONTEXT ( 3 ) GLOBAL_UNCERTAINTY_ASSIGNED_CONTEXT ( ( #2361 ) ) GLOBAL_UNIT_ASSIGNED_CONTEXT ( ( #4599, #210, #6073 ) ) REPRESENTATION_CONTEXT ( 'NONE', 'WORKASPACE' ) );
#3567 = VERTEX_POINT ( 'NONE', #3555 ) ;
#3568 = VERTEX_POINT ( 'NONE', #68 ) ;
#3569 = CARTESIAN_POINT ( 'NONE',  ( 1.366818319492648204, 3.373604387190460407, 1.394448767816122592 ) ) ;
#3570 = LINE ( 'NONE', #1674, #1165 ) ;
#3571 = DIRECTION ( 'NONE',  ( -0.000000000000000000, -1.000000000000000000, 0.000000000000000000 ) ) ;
#3572 = APPLICATION_CONTEXT ( 'automotive_design' ) ;
#3573 = EDGE_LOOP ( 'NONE', ( #4877, #1513, #4433, #5862, #5945, #1869, #1125 ) ) ;
#3574 = EDGE_CURVE ( 'NONE', #3469, #4392, #624, .T. ) ;
#3575 = LINE ( 'NONE', #6072, #5630 ) ;
#3576 = FILL_AREA_STYLE_COLOUR ( '', #2222 ) ;
#3577 = ORIENTED_EDGE ( 'NONE', *, *, #2946, .T. ) ;
#3578 = ADVANCED_FACE ( 'NONE', ( #5415 ), #5958, .T. ) ;
#3579 = CARTESIAN_POINT ( 'NONE',  ( 1.874999999999998668, 3.810000000000000053, -1.294448767816115176 ) ) ;
#3580 = DIRECTION ( 'NONE',  ( 0.000000000000000000, -0.000000000000000000, 1.000000000000000000 ) ) ;
#3581 = EDGE_CURVE ( 'NONE', #2959, #3311, #4137, .T. ) ;
#3582 = DIRECTION ( 'NONE',  ( 0.000000000000000000, -0.000000000000000000, 1.000000000000000000 ) ) ;
#3583 = ORIENTED_EDGE ( 'NONE', *, *, #1806, .T. ) ;
#3584 = EDGE_CURVE ( 'NONE', #3908, #4160, #1292, .T. ) ;
#3585 = LINE ( 'NONE', #5448, #5394 ) ;
#3586 = DIRECTION ( 'NONE',  ( -2.911116689277473781E-16, 0.000000000000000000, 1.000000000000000000 ) ) ;
#3587 = CARTESIAN_POINT ( 'NONE',  ( 3.003514341227321527, 3.810000000000000941, 1.170184699104191983 ) ) ;
#3588 = FACE_OUTER_BOUND ( 'NONE', #5341, .T. ) ;
#3589 = ORIENTED_EDGE ( 'NONE', *, *, #2292, .F. ) ;
#3590 = VECTOR ( 'NONE', #4388, 1000.000000000000000 ) ;
#3591 = CARTESIAN_POINT ( 'NONE',  ( -1.627778409939249826, 2.118235399615123082, 1.194448767816122192 ) ) ;
#3592 = VECTOR ( 'NONE', #2719, 999.9999999999998863 ) ;
#3593 = CARTESIAN_POINT ( 'NONE',  ( 1.627778409939249826, 2.919136647305522470, -1.444448767816122192 ) ) ;
#3594 = VECTOR ( 'NONE', #1842, 1000.000000000000000 ) ;
#3595 = VECTOR ( 'NONE', #3076, 1000.000000000000000 ) ;
#3596 = ORIENTED_EDGE ( 'NONE', *, *, #6171, .F. ) ;
#3597 = CARTESIAN_POINT ( 'NONE',  ( 0.000000000000000000, 0.000000000000000000, 0.000000000000000000 ) ) ;
#3598 = VERTEX_POINT ( 'NONE', #5632 ) ;
#3599 = CARTESIAN_POINT ( 'NONE',  ( 4.497352102650421735, 3.810000000000000053, -1.743989881699015809 ) ) ;
#3600 = FACE_OUTER_BOUND ( 'NONE', #6097, .T. ) ;
#3601 = DIRECTION ( 'NONE',  ( 0.000000000000000000, 0.7071067811865489050, 0.7071067811865462405 ) ) ;
#3602 = PRODUCT_DEFINITION ( 'UNKNOWN', '', #2536, #1907 ) ;
#3603 = ORIENTED_EDGE ( 'NONE', *, *, #4488, .T. ) ;
#3604 = CARTESIAN_POINT ( 'NONE',  ( -3.752267713333899302, 0.2000000000000128897, 1.399999999999999689 ) ) ;
#3605 = FILL_AREA_STYLE_COLOUR ( '', #593 ) ;
#3606 = LINE ( 'NONE', #3548, #2027 ) ;
#3607 = ORIENTED_EDGE ( 'NONE', *, *, #2911, .F. ) ;
#3608 = CARTESIAN_POINT ( 'NONE',  ( 1.366818319492648204, 3.090491792929919601, -1.202382944073070226 ) ) ;
#3609 = DIRECTION ( 'NONE',  ( 0.000000000000000000, 0.000000000000000000, 1.000000000000000000 ) ) ;
#3610 = EDGE_CURVE ( 'NONE', #5737, #196, #4692, .T. ) ;
#3611 = CARTESIAN_POINT ( 'NONE',  ( -2.827778409939249560, 2.118235399615123082, 1.294448767816121393 ) ) ;
#3612 = DIRECTION ( 'NONE',  ( -5.551115123125782702E-17, -1.000000000000000000, 0.000000000000000000 ) ) ;
#3613 = ORIENTED_EDGE ( 'NONE', *, *, #5811, .T. ) ;
#3614 = DIRECTION ( 'NONE',  ( -6.245004513516505540E-17, -1.000000000000000000, 0.000000000000000000 ) ) ;
#3615 = ADVANCED_FACE ( 'NONE', ( #2654 ), #692, .T. ) ;
#3616 = LINE ( 'NONE', #162, #4370 ) ;
#3617 = CARTESIAN_POINT ( 'NONE',  ( 1.064999999999998836, 0.1999999999999877431, 0.9999999999999995559 ) ) ;
#3618 = EDGE_CURVE ( 'NONE', #892, #774, #752, .T. ) ;
#3619 = EDGE_CURVE ( 'NONE', #1958, #5348, #3650, .T. ) ;
#3620 = ORIENTED_EDGE ( 'NONE', *, *, #5426, .F. ) ;
#3621 = AXIS2_PLACEMENT_3D ( 'NONE', #2745, #6024, #434 ) ;
#3622 = LINE ( 'NONE', #2114, #2972 ) ;
#3623 = EDGE_LOOP ( 'NONE', ( #4543, #553, #3203, #2740 ) ) ;
#3624 = CIRCLE ( 'NONE', #4540, 0.1999999999999998723 ) ;
#3625 = ORIENTED_EDGE ( 'NONE', *, *, #6305, .T. ) ;
#3626 = DIRECTION ( 'NONE',  ( -1.000000000000000000, 1.526556658859590983E-16, -3.191891195797326533E-16 ) ) ;
#3627 = CARTESIAN_POINT ( 'NONE',  ( -4.364999999999999325, 3.810000000000000053, 1.611637779048593178 ) ) ;
#3628 = AXIS2_PLACEMENT_3D ( 'NONE', #1939, #4446, #2934 ) ;
#3629 = ORIENTED_EDGE ( 'NONE', *, *, #1347, .T. ) ;
#3630 = ORIENTED_EDGE ( 'NONE', *, *, #5657, .F. ) ;
#3631 = VECTOR ( 'NONE', #5131, 1000.000000000000114 ) ;
#3632 = ORIENTED_EDGE ( 'NONE', *, *, #1301, .F. ) ;
#3633 = CARTESIAN_POINT ( 'NONE',  ( 1.874999999999999334, 3.061149402765582561, 1.294448767816122281 ) ) ;
#3634 = EDGE_CURVE ( 'NONE', #3309, #5297, #4198, .T. ) ;
#3635 = CARTESIAN_POINT ( 'NONE',  ( -1.627778409939248716, 2.118235399615123082, -0.9944487678161229027 ) ) ;
#3636 = CARTESIAN_POINT ( 'NONE',  ( 4.664999999999999147, 1.633217365692808620, 0.4184320681164753197 ) ) ;
#3637 = VECTOR ( 'NONE', #999, 1000.000000000000000 ) ;
#3638 = VERTEX_POINT ( 'NONE', #2258 ) ;
#3639 = DIRECTION ( 'NONE',  ( -4.906538933386712655E-18, -0.7071067811865486830, 0.7071067811865464625 ) ) ;
#3640 =( LENGTH_UNIT ( ) NAMED_UNIT ( * ) SI_UNIT ( .MILLI., .METRE. ) );
#3641 = SURFACE_SIDE_STYLE ('',( #5561 ) ) ;
#3642 = ORIENTED_EDGE ( 'NONE', *, *, #4099, .F. ) ;
#3643 = LINE ( 'NONE', #2223, #1880 ) ;
#3644 = DIRECTION ( 'NONE',  ( -0.7071067811865482389, -0.7071067811865469066, 0.000000000000000000 ) ) ;
#3645 = PRODUCT_DEFINITION_SHAPE ( 'NONE', 'NONE',  #6329 ) ;
#3646 = DIRECTION ( 'NONE',  ( 1.000000000000000000, -5.782411586589357392E-17, 0.000000000000000000 ) ) ;
#3647 = ITEM_DEFINED_TRANSFORMATION ( 'NONE', 'NONE', #1811,  #1731 ) ;
#3648 = ORIENTED_EDGE ( 'NONE', *, *, #515, .T. ) ;
#3649 = ORIENTED_EDGE ( 'NONE', *, *, #6233, .F. ) ;
#3650 = LINE ( 'NONE', #4578, #470 ) ;
#3651 = DIRECTION ( 'NONE',  ( 1.000000000000000000, -1.617781153285276474E-32, 4.163336342344335178E-17 ) ) ;
#3652 = EDGE_LOOP ( 'NONE', ( #3373, #5452, #3116, #2716, #6234 ) ) ;
#3653 = CARTESIAN_POINT ( 'NONE',  ( -4.865000000000000213, 0.2000000000000000944, 2.515000000000000124 ) ) ;
#3654 = AXIS2_PLACEMENT_3D ( 'NONE', #5530, #5129, #734 ) ;
#3655 = EDGE_LOOP ( 'NONE', ( #1509, #3539, #5320, #6138, #517, #2813, #3772, #6027 ) ) ;
#3656 = EDGE_CURVE ( 'NONE', #205, #977, #1282, .T. ) ;
#3657 = FACE_OUTER_BOUND ( 'NONE', #5422, .T. ) ;
#3658 = DIRECTION ( 'NONE',  ( -1.000000000000000000, -0.000000000000000000, 0.000000000000000000 ) ) ;
#3659 = VECTOR ( 'NONE', #2842, 1000.000000000000000 ) ;
#3660 = MECHANICAL_DESIGN_GEOMETRIC_PRESENTATION_REPRESENTATION (  '', ( #1398 ), #4992 ) ;
#3661 = EDGE_CURVE ( 'NONE', #2573, #4915, #2116, .T. ) ;
#3662 = ORIENTED_EDGE ( 'NONE', *, *, #4633, .T. ) ;
#3663 = CARTESIAN_POINT ( 'NONE',  ( 0.000000000000000000, 0.000000000000000000, 0.000000000000000000 ) ) ;
#3664 = ORIENTED_EDGE ( 'NONE', *, *, #2446, .T. ) ;
#3665 = EDGE_CURVE ( 'NONE', #5083, #2789, #1660, .T. ) ;
#3666 = VECTOR ( 'NONE', #560, 1000.000000000000000 ) ;
#3667 = EDGE_CURVE ( 'NONE', #5, #5517, #1260, .T. ) ;
#3668 = CARTESIAN_POINT ( 'NONE',  ( 4.664999999999999147, 1.583607624610294806, -0.4000000000000000222 ) ) ;
#3669 = DIRECTION ( 'NONE',  ( 0.000000000000000000, 0.000000000000000000, -1.000000000000000000 ) ) ;
#3670 = ADVANCED_FACE ( 'NONE', ( #249 ), #4109, .F. ) ;
#3671 = ORIENTED_EDGE ( 'NONE', *, *, #5659, .T. ) ;
#3672 = CARTESIAN_POINT ( 'NONE',  ( 1.874999999999999334, 3.373604387190460407, -1.394448767816122592 ) ) ;
#3673 = CARTESIAN_POINT ( 'NONE',  ( 1.874999999999998668, -1.452381048782462436, -1.294448767816115176 ) ) ;
#3674 = AXIS2_PLACEMENT_3D ( 'NONE', #3673, #5045, #3118 ) ;
#3675 = CARTESIAN_POINT ( 'NONE',  ( 2.827778409939248672, 3.510000000000000231, -0.9944487678161233468 ) ) ;
#3676 = ORIENTED_EDGE ( 'NONE', *, *, #4633, .F. ) ;
#3677 = AXIS2_PLACEMENT_3D ( 'NONE', #1524, #2164, #1712 ) ;
#3678 = DIRECTION ( 'NONE',  ( 1.000000000000000000, 0.000000000000000000, 0.000000000000000000 ) ) ;
#3679 = CARTESIAN_POINT ( 'NONE',  ( 4.664999999999999147, 1.818235399615123038, -2.515000000000000124 ) ) ;
#3680 = DIRECTION ( 'NONE',  ( 5.779007220503693025E-17, -1.000000000000000000, 0.000000000000000000 ) ) ;
#3681 = DIRECTION ( 'NONE',  ( -1.972152263052529514E-31, 2.189528850507526673E-47, 1.000000000000000000 ) ) ;
#3682 = LINE ( 'NONE', #4666, #1160 ) ;
#3683 = ORIENTED_EDGE ( 'NONE', *, *, #3341, .F. ) ;
#3684 = DIRECTION ( 'NONE',  ( 0.000000000000000000, 0.000000000000000000, -1.000000000000000000 ) ) ;
#3685 = ORIENTED_EDGE ( 'NONE', *, *, #736, .T. ) ;
#3686 = PRODUCT_DEFINITION ( 'UNKNOWN', '', #4582, #3839 ) ;
#3687 = DIRECTION ( 'NONE',  ( 1.000000000000000000, 5.551115123125781470E-17, 0.000000000000000000 ) ) ;
#3688 = DIRECTION ( 'NONE',  ( 4.214856327685356333E-31, -1.224646799147351235E-16, 1.000000000000000000 ) ) ;
#3689 = COLOUR_RGB ( '',1.000000000000000000, 1.000000000000000000, 1.000000000000000000 ) ;
#3690 = EDGE_CURVE ( 'NONE', #229, #4248, #6139, .T. ) ;
#3691 = ORIENTED_EDGE ( 'NONE', *, *, #1610, .T. ) ;
#3692 = ORIENTED_EDGE ( 'NONE', *, *, #4259, .T. ) ;
#3693 = ORIENTED_EDGE ( 'NONE', *, *, #3027, .F. ) ;
#3694 = CARTESIAN_POINT ( 'NONE',  ( 3.873634909763690182, -1.452381048782462436, -0.7448702942612651645 ) ) ;
#3695 = CARTESIAN_POINT ( 'NONE',  ( 4.664999999999999147, 3.510000000000000231, -1.929118480386108336 ) ) ;
#3696 = DIRECTION ( 'NONE',  ( 0.000000000000000000, 1.000000000000000000, 3.481703215984523352E-32 ) ) ;
#3697 = AXIS2_PLACEMENT_3D ( 'NONE', #1399, #910, #6299 ) ;
#3698 = ADVANCED_FACE ( 'NONE', ( #6111 ), #1715, .T. ) ;
#3699 = PRODUCT_DEFINITION_SHAPE ( 'NONE', 'NONE',  #4900 ) ;
#3700 = EDGE_CURVE ( 'NONE', #4752, #4606, #2227, .T. ) ;
#3701 = AXIS2_PLACEMENT_3D ( 'NONE', #791, #2752, #2265 ) ;
#3702 = ADVANCED_FACE ( 'NONE', ( #935 ), #5826, .T. ) ;
#3703 = ORIENTED_EDGE ( 'NONE', *, *, #4746, .F. ) ;
#3704 = DIRECTION ( 'NONE',  ( 1.000000000000000000, 5.551115123125781470E-17, 0.000000000000000000 ) ) ;
#3705 = CIRCLE ( 'NONE', #4820, 0.2406747853002429993 ) ;
#3706 = DIRECTION ( 'NONE',  ( -2.775557561562890118E-17, 3.885780586188045919E-16, -1.000000000000000000 ) ) ;
#3707 = ORIENTED_EDGE ( 'NONE', *, *, #3581, .F. ) ;
#3708 = ADVANCED_FACE ( 'NONE', ( #872 ), #3869, .T. ) ;
#3709 = CARTESIAN_POINT ( 'NONE',  ( 4.664999999999999147, 0.5499999999999993783, -1.000000000000000444 ) ) ;
#3710 = LINE ( 'NONE', #5595, #2546 ) ;
#3711 = FACE_OUTER_BOUND ( 'NONE', #2327, .T. ) ;
#3712 = ORIENTED_EDGE ( 'NONE', *, *, #634, .F. ) ;
#3713 = DIRECTION ( 'NONE',  ( 0.000000000000000000, -0.000000000000000000, 1.000000000000000000 ) ) ;
#3714 = CARTESIAN_POINT ( 'NONE',  ( -3.127778409939248050, 1.942499468327051115, -1.097392492968408462 ) ) ;
#3715 = DIRECTION ( 'NONE',  ( -3.944304526105059027E-31, -1.401298464324816760E-45, 1.000000000000000000 ) ) ;
#3716 = VERTEX_POINT ( 'NONE', #1937 ) ;
#3717 = LINE ( 'NONE', #2261, #2368 ) ;
#3718 = ORIENTED_EDGE ( 'NONE', *, *, #4240, .T. ) ;
#3719 = CARTESIAN_POINT ( 'NONE',  ( -2.827778409939249560, 3.810000000000000053, 0.9944487678161207933 ) ) ;
#3720 = LINE ( 'NONE', #5156, #2254 ) ;
#3721 = ADVANCED_BREP_SHAPE_REPRESENTATION ( '', ( #3783, #1731 ), #3564 ) ;
#3722 = ORIENTED_EDGE ( 'NONE', *, *, #1692, .T. ) ;
#3723 = VECTOR ( 'NONE', #3715, 1000.000000000000000 ) ;
#3724 = CARTESIAN_POINT ( 'NONE',  ( -1.627778409939249826, 3.810000000000000053, 0.9944487678161216815 ) ) ;
#3725 = ADVANCED_FACE ( 'NONE', ( #3346 ), #5308, .T. ) ;
#3726 = FACE_OUTER_BOUND ( 'NONE', #302, .T. ) ;
#3727 = VECTOR ( 'NONE', #6100, 1000.000000000000000 ) ;
#3728 = VERTEX_POINT ( 'NONE', #5271 ) ;
#3729 = PLANE ( 'NONE',  #2281 ) ;
#3730 = AXIS2_PLACEMENT_3D ( 'NONE', #2991, #2925, #3368 ) ;
#3731 = EDGE_CURVE ( 'NONE', #2789, #1340, #2671, .T. ) ;
#3732 = DIRECTION ( 'NONE',  ( 1.000000000000000000, 0.000000000000000000, 2.006720292910416268E-16 ) ) ;
#3733 = CARTESIAN_POINT ( 'NONE',  ( 2.827778409939248672, 2.118235399615123082, -1.294448767816123391 ) ) ;
#3734 = ORIENTED_EDGE ( 'NONE', *, *, #2823, .F. ) ;
#3735 = CIRCLE ( 'NONE', #2910, 0.2406747853002429993 ) ;
#3736 = LINE ( 'NONE', #6196, #3012 ) ;
#3737 = AXIS2_PLACEMENT_3D ( 'NONE', #5964, #72, #5933 ) ;
#3738 = ORIENTED_EDGE ( 'NONE', *, *, #2792, .F. ) ;
#3739 = DIRECTION ( 'NONE',  ( 0.000000000000000000, -0.000000000000000000, -1.000000000000000000 ) ) ;
#3740 = PLANE ( 'NONE',  #5357 ) ;
#3741 = VECTOR ( 'NONE', #5406, 1000.000000000000114 ) ;
#3742 = EDGE_LOOP ( 'NONE', ( #2146, #3630, #3085, #1725, #2878, #6117, #3856, #349 ) ) ;
#3743 = CARTESIAN_POINT ( 'NONE',  ( 3.127778409939248494, 3.510000000000001119, -0.9944487678161233468 ) ) ;
#3744 = CARTESIAN_POINT ( 'NONE',  ( -2.827778409939248672, 1.818235399615122372, -1.170184699104193315 ) ) ;
#3745 = EDGE_CURVE ( 'NONE', #38, #2713, #2421, .T. ) ;
#3746 = DIRECTION ( 'NONE',  ( 6.938893903907228378E-17, -1.000000000000000000, 3.885780586188046905E-16 ) ) ;
#3747 = SHAPE_REPRESENTATION ( '0154002.DR_3', ( #1731 ), #1613 ) ;
#3748 = LINE ( 'NONE', #5703, #5331 ) ;
#3749 = ORIENTED_EDGE ( 'NONE', *, *, #3922, .T. ) ;
#3750 = CARTESIAN_POINT ( 'NONE',  ( -3.327778409939248228, 3.810000000000000053, -1.825224324045338076 ) ) ;
#3751 = CARTESIAN_POINT ( 'NONE',  ( -4.165000000000000036, 0.2000000000000000944, -2.515000000000000124 ) ) ;
#3752 = DIRECTION ( 'NONE',  ( -0.000000000000000000, -1.000000000000000000, -0.000000000000000000 ) ) ;
#3753 = AXIS2_PLACEMENT_3D ( 'NONE', #5087, #1661, #5573 ) ;
#3754 = ORIENTED_EDGE ( 'NONE', *, *, #4953, .F. ) ;
#3755 = SHAPE_DEFINITION_REPRESENTATION ( #6246, #2221 ) ;
#3756 =( GEOMETRIC_REPRESENTATION_CONTEXT ( 3 ) GLOBAL_UNCERTAINTY_ASSIGNED_CONTEXT ( ( #2040 ) ) GLOBAL_UNIT_ASSIGNED_CONTEXT ( ( #2062, #4429, #3504 ) ) REPRESENTATION_CONTEXT ( 'NONE', 'WORKASPACE' ) );
#3757 = CARTESIAN_POINT ( 'NONE',  ( -3.003514341227320639, 1.942499468327051337, 1.294448767816121393 ) ) ;
#3758 = DIRECTION ( 'NONE',  ( 0.000000000000000000, 1.000000000000000000, -3.885780586188046905E-16 ) ) ;
#3759 = VECTOR ( 'NONE', #664, 1000.000000000000000 ) ;
#3760 = DIRECTION ( 'NONE',  ( 3.350313119968968612E-16, 0.000000000000000000, 1.000000000000000000 ) ) ;
#3761 = ORIENTED_EDGE ( 'NONE', *, *, #3248, .F. ) ;
#3762 = DIRECTION ( 'NONE',  ( -1.000000000000000000, 0.000000000000000000, 1.445602896647339508E-15 ) ) ;
#3763 = PRODUCT_DEFINITION ( 'UNKNOWN', '', #1293, #5310 ) ;
#3764 = FACE_OUTER_BOUND ( 'NONE', #5446, .T. ) ;
#3765 = CARTESIAN_POINT ( 'NONE',  ( -4.314999999999999503, 0.5499999999999992673, -1.000000000000000444 ) ) ;
#3766 = ORIENTED_EDGE ( 'NONE', *, *, #4667, .F. ) ;
#3767 = DIRECTION ( 'NONE',  ( -1.000000000000000000, -0.000000000000000000, -1.972152263052529076E-31 ) ) ;
#3768 = ORIENTED_EDGE ( 'NONE', *, *, #469, .F. ) ;
#3769 = DIRECTION ( 'NONE',  ( 1.000000000000000000, -3.497202527569243102E-15, -0.000000000000000000 ) ) ;
#3770 = DIRECTION ( 'NONE',  ( 0.7071067811865469066, 0.7071067811865482389, 2.058470351813431709E-16 ) ) ;
#3771 = VECTOR ( 'NONE', #681, 1000.000000000000000 ) ;
#3772 = ORIENTED_EDGE ( 'NONE', *, *, #6039, .F. ) ;
#3773 = CARTESIAN_POINT ( 'NONE',  ( 4.664999999999999147, 2.236750975993232249, 0.3748159921583313348 ) ) ;
#3774 = CARTESIAN_POINT ( 'NONE',  ( 3.873634909763690182, 3.810000000000000053, -0.7448702942612651645 ) ) ;
#3775 = ADVANCED_FACE ( 'NONE', ( #2326 ), #1871, .T. ) ;
#3776 =( REPRESENTATION_RELATIONSHIP ('NONE','NONE', #2023, #105 ) REPRESENTATION_RELATIONSHIP_WITH_TRANSFORMATION ( #3991 )SHAPE_REPRESENTATION_RELATIONSHIP( ) );
#3777 = PLANE ( 'NONE',  #417 ) ;
#3778 = EDGE_CURVE ( 'NONE', #109, #5801, #6293, .T. ) ;
#3779 = ORIENTED_EDGE ( 'NONE', *, *, #2706, .T. ) ;
#3780 = CARTESIAN_POINT ( 'NONE',  ( -1.627778409939249826, 2.883781308246195163, -1.409093428756794886 ) ) ;
#3781 = CARTESIAN_POINT ( 'NONE',  ( -3.127778409939249382, 2.118235399615123082, 0.9944487678161212374 ) ) ;
#3782 = LINE ( 'NONE', #3169, #3592 ) ;
#3783 = MANIFOLD_SOLID_BREP ( 'Sketched Bend1', #1670 ) ;
#3784 = EDGE_CURVE ( 'NONE', #238, #2855, #3902, .T. ) ;
#3785 = ORIENTED_EDGE ( 'NONE', *, *, #596, .F. ) ;
#3786 = DIRECTION ( 'NONE',  ( 1.000000000000000000, 0.000000000000000000, 0.000000000000000000 ) ) ;
#3787 = VERTEX_POINT ( 'NONE', #4320 ) ;
#3788 = CARTESIAN_POINT ( 'NONE',  ( -3.003514341227320639, 1.818235399615122816, 1.170184699104192427 ) ) ;
#3789 = DIRECTION ( 'NONE',  ( -2.426671729927916627E-32, -3.885780586188046905E-16, -1.000000000000000000 ) ) ;
#3790 = ORIENTED_EDGE ( 'NONE', *, *, #5659, .F. ) ;
#3791 = ORIENTED_EDGE ( 'NONE', *, *, #826, .F. ) ;
#3792 = AXIS2_PLACEMENT_3D ( 'NONE', #3072, #629, #4550 ) ;
#3793 = DIRECTION ( 'NONE',  ( 9.860761315262647568E-32, -3.097720492815724700E-16, 1.000000000000000000 ) ) ;
#3794 = CARTESIAN_POINT ( 'NONE',  ( -4.865000000000000213, 3.608173674087660654, 1.895119576905404335 ) ) ;
#3795 = VERTEX_POINT ( 'NONE', #1807 ) ;
#3796 = VECTOR ( 'NONE', #4732, 1000.000000000000000 ) ;
#3797 = CARTESIAN_POINT ( 'NONE',  ( 3.127778409939249382, 2.118235399615123082, 1.294448767816121171 ) ) ;
#3798 = CIRCLE ( 'NONE', #5441, 0.2999999999999999334 ) ;
#3799 = VERTEX_POINT ( 'NONE', #3837 ) ;
#3800 = PLANE ( 'NONE',  #1925 ) ;
#3801 = AXIS2_PLACEMENT_3D ( 'NONE', #4257, #370, #3312 ) ;
#3802 = VECTOR ( 'NONE', #2377, 1000.000000000000000 ) ;
#3803 = LINE ( 'NONE', #4318, #5151 ) ;
#3804 = ORIENTED_EDGE ( 'NONE', *, *, #3349, .T. ) ;
#3805 = DIRECTION ( 'NONE',  ( -1.000000000000000000, 6.245004513516505540E-17, 0.000000000000000000 ) ) ;
#3806 = LINE ( 'NONE', #2291, #4643 ) ;
#3807 = EDGE_CURVE ( 'NONE', #4770, #4282, #5443, .T. ) ;
#3808 = CARTESIAN_POINT ( 'NONE',  ( -2.827778409939248672, 1.818235399615123482, -1.294448767816123169 ) ) ;
#3809 = LINE ( 'NONE', #941, #921 ) ;
#3810 = VERTEX_POINT ( 'NONE', #2772 ) ;
#3811 = LINE ( 'NONE', #3694, #3590 ) ;
#3812 = DIRECTION ( 'NONE',  ( 0.000000000000000000, 1.000000000000000000, 1.224646799147349263E-16 ) ) ;
#3813 = DIRECTION ( 'NONE',  ( 0.000000000000000000, -1.000000000000000000, -1.224646799147351235E-16 ) ) ;
#3814 = CARTESIAN_POINT ( 'NONE',  ( 2.827778409939250004, 1.818235399615122594, 1.170184699104192649 ) ) ;
#3815 = ADVANCED_FACE ( 'NONE', ( #807 ), #4723, .T. ) ;
#3816 = ADVANCED_FACE ( 'NONE', ( #4071 ), #125, .F. ) ;
#3817 = ORIENTED_EDGE ( 'NONE', *, *, #2554, .T. ) ;
#3818 = APPLICATION_PROTOCOL_DEFINITION ( 'draft international standard', 'automotive_design', 1998, #374 ) ;
#3819 = ORIENTED_EDGE ( 'NONE', *, *, #5380, .T. ) ;
#3820 = CARTESIAN_POINT ( 'NONE',  ( -3.003514341227320195, 2.118235399615123082, 1.294448767816121171 ) ) ;
#3821 = FACE_OUTER_BOUND ( 'NONE', #5749, .T. ) ;
#3822 = EDGE_CURVE ( 'NONE', #5507, #3890, #5334, .T. ) ;
#3823 = VERTEX_POINT ( 'NONE', #5019 ) ;
#3824 = VECTOR ( 'NONE', #907, 1000.000000000000000 ) ;
#3825 = EDGE_LOOP ( 'NONE', ( #4213, #710, #2034, #1638 ) ) ;
#3826 = EDGE_CURVE ( 'NONE', #4274, #2174, #3412, .T. ) ;
#3827 = DIRECTION ( 'NONE',  ( -1.000000000000000000, 0.000000000000000000, -2.911116689277474274E-16 ) ) ;
#3828 = CARTESIAN_POINT ( 'NONE',  ( -2.827778409939249560, 2.118235399615123082, 1.294448767816121171 ) ) ;
#3829 = ORIENTED_EDGE ( 'NONE', *, *, #525, .T. ) ;
#3830 = CARTESIAN_POINT ( 'NONE',  ( -3.127778409939248938, 3.610000000000001208, 0.7448702942612707156 ) ) ;
#3831 = EDGE_LOOP ( 'NONE', ( #669, #5586, #5423 ) ) ;
#3832 = VECTOR ( 'NONE', #1655, 1000.000000000000000 ) ;
#3833 = CARTESIAN_POINT ( 'NONE',  ( 1.874999999999999556, -1.452381048782462436, 1.294448767816125390 ) ) ;
#3834 = LINE ( 'NONE', #4284, #2284 ) ;
#3835 = AXIS2_PLACEMENT_3D ( 'NONE', #4724, #5240, #338 ) ;
#3836 = ORIENTED_EDGE ( 'NONE', *, *, #5416, .T. ) ;
#3837 = CARTESIAN_POINT ( 'NONE',  ( -1.627778409939249826, 2.302283963551872592, -1.849169417213810229 ) ) ;
#3838 = DIRECTION ( 'NONE',  ( -1.000000000000000000, 3.497202527569243102E-15, 9.860761315262646473E-32 ) ) ;
#3839 = PRODUCT_DEFINITION_CONTEXT ( 'detailed design', #3451, 'design' ) ;
#3840 = COLOUR_RGB ( '',1.000000000000000000, 1.000000000000000000, 1.000000000000000000 ) ;
#3841 = DIRECTION ( 'NONE',  ( 3.350313119968968612E-16, -1.022693426037462838E-32, -1.000000000000000000 ) ) ;
#3842 = DIRECTION ( 'NONE',  ( -3.944304526105059027E-31, -1.401298464324816760E-45, 1.000000000000000000 ) ) ;
#3843 = VERTEX_POINT ( 'NONE', #4929 ) ;
#3844 = FACE_OUTER_BOUND ( 'NONE', #6069, .T. ) ;
#3845 = LINE ( 'NONE', #534, #2632 ) ;
#3846 = LINE ( 'NONE', #3751, #1884 ) ;
#3847 = CARTESIAN_POINT ( 'NONE',  ( 2.827778409939250004, 1.942499468327051115, 1.294448767816121171 ) ) ;
#3848 = EDGE_LOOP ( 'NONE', ( #3345, #1342, #1288, #5942, #6125, #2660, #1814, #2375 ) ) ;
#3849 = ADVANCED_FACE ( 'NONE', ( #4534 ), #4959, .F. ) ;
#3850 = DIRECTION ( 'NONE',  ( 1.000000000000000000, 0.000000000000000000, 0.000000000000000000 ) ) ;
#3851 = ORIENTED_EDGE ( 'NONE', *, *, #5941, .F. ) ;
#3852 = CARTESIAN_POINT ( 'NONE',  ( 3.752267713333899302, 0.2000000000000128897, 1.399999999999999467 ) ) ;
#3853 = CARTESIAN_POINT ( 'NONE',  ( -1.064999999999998614, -1.235990476633475055E-14, 0.9999999999999993339 ) ) ;
#3854 = EDGE_CURVE ( 'NONE', #3407, #2789, #26, .T. ) ;
#3855 = VECTOR ( 'NONE', #1010, 1000.000000000000000 ) ;
#3856 = ORIENTED_EDGE ( 'NONE', *, *, #1918, .F. ) ;
#3857 = ORIENTED_EDGE ( 'NONE', *, *, #3189, .F. ) ;
#3858 = EDGE_CURVE ( 'NONE', #3215, #4647, #2578, .T. ) ;
#3859 = VECTOR ( 'NONE', #450, 1000.000000000000000 ) ;
#3860 = EDGE_CURVE ( 'NONE', #4506, #452, #2581, .T. ) ;
#3861 = DIRECTION ( 'NONE',  ( 2.911116689277474274E-16, -1.361693234560466069E-32, -1.000000000000000000 ) ) ;
#3862 = DIRECTION ( 'NONE',  ( 0.000000000000000000, -0.000000000000000000, 1.000000000000000000 ) ) ;
#3863 = DIRECTION ( 'NONE',  ( -0.7071067811865462405, 0.7071067811865489050, 0.000000000000000000 ) ) ;
#3864 = VECTOR ( 'NONE', #2778, 1000.000000000000000 ) ;
#3865 = ORIENTED_EDGE ( 'NONE', *, *, #1767, .T. ) ;
#3866 = LINE ( 'NONE', #2893, #3741 ) ;
#3867 = LINE ( 'NONE', #25, #3937 ) ;
#3868 = VERTEX_POINT ( 'NONE', #5952 ) ;
#3869 = PLANE ( 'NONE',  #6204 ) ;
#3870 = PRODUCT_DEFINITION_FORMATION_WITH_SPECIFIED_SOURCE ( 'ANY', '', #2307, .NOT_KNOWN. ) ;
#3871 = FILL_AREA_STYLE ('',( #4960 ) ) ;
#3872 = PRESENTATION_LAYER_ASSIGNMENT (  '', '', ( #5605 ) ) ;
#3873 = CARTESIAN_POINT ( 'NONE',  ( 1.874999999999999556, 3.373604387190460407, 1.394448767816122592 ) ) ;
#3874 = CARTESIAN_POINT ( 'NONE',  ( 1.627778409939249826, 2.118235399615123082, 0.9944487678161216815 ) ) ;
#3875 = ORIENTED_EDGE ( 'NONE', *, *, #1890, .F. ) ;
#3876 = DIRECTION ( 'NONE',  ( 0.000000000000000000, 0.000000000000000000, -1.000000000000000000 ) ) ;
#3877 = FACE_OUTER_BOUND ( 'NONE', #5202, .T. ) ;
#3878 = DIRECTION ( 'NONE',  ( -9.860761315262646473E-32, 3.448507939549354122E-46, -1.000000000000000000 ) ) ;
#3879 = CARTESIAN_POINT ( 'NONE',  ( -1.627778409939249826, 3.510000000000000231, 0.9944487678161219035 ) ) ;
#3880 = CARTESIAN_POINT ( 'NONE',  ( 1.875000000000000888, 1.818235399615122816, -1.294448767816115176 ) ) ;
#3881 = AXIS2_PLACEMENT_3D ( 'NONE', #1200, #3160, #1354 ) ;
#3882 = ORIENTED_EDGE ( 'NONE', *, *, #2330, .F. ) ;
#3883 = PRODUCT_RELATED_PRODUCT_CATEGORY ( 'part', '', ( #1180 ) ) ;
#3884 = ORIENTED_EDGE ( 'NONE', *, *, #6275, .F. ) ;
#3885 = ORIENTED_EDGE ( 'NONE', *, *, #5696, .T. ) ;
#3886 = PLANE ( 'NONE',  #3339 ) ;
#3887 = FACE_OUTER_BOUND ( 'NONE', #2720, .T. ) ;
#3888 = EDGE_CURVE ( 'NONE', #1280, #613, #4412, .T. ) ;
#3889 = VERTEX_POINT ( 'NONE', #4039 ) ;
#3890 = VERTEX_POINT ( 'NONE', #2103 ) ;
#3891 = EDGE_CURVE ( 'NONE', #3430, #5585, #2049, .T. ) ;
#3892 = DIRECTION ( 'NONE',  ( -1.000000000000000000, -5.551115123125781470E-17, 0.000000000000000000 ) ) ;
#3893 = ORIENTED_EDGE ( 'NONE', *, *, #3189, .T. ) ;
#3894 = CARTESIAN_POINT ( 'NONE',  ( -4.664999999999999147, 1.633217365692808620, 0.4184320681164753752 ) ) ;
#3895 = VERTEX_POINT ( 'NONE', #3516 ) ;
#3896 = EDGE_CURVE ( 'NONE', #2696, #613, #6011, .T. ) ;
#3897 = EDGE_CURVE ( 'NONE', #3823, #294, #2516, .T. ) ;
#3898 = DIRECTION ( 'NONE',  ( -4.282837881357679770E-31, -1.224646799147345565E-16, 1.000000000000000000 ) ) ;
#3899 = VERTEX_POINT ( 'NONE', #4891 ) ;
#3900 = FACE_OUTER_BOUND ( 'NONE', #1345, .T. ) ;
#3901 = CARTESIAN_POINT ( 'NONE',  ( -1.627778409939249826, 3.810000000000000053, 0.9944487678161216815 ) ) ;
#3902 = LINE ( 'NONE', #2360, #4317 ) ;
#3903 = CARTESIAN_POINT ( 'NONE',  ( 1.126143534192405093, 2.883781308246195163, -1.409093428756794886 ) ) ;
#3904 = UNCERTAINTY_MEASURE_WITH_UNIT (LENGTH_MEASURE( 1.000000000000000082E-05 ), #1860, 'distance_accuracy_value', 'NONE');
#3905 = CARTESIAN_POINT ( 'NONE',  ( 4.864999999999998437, 0.6053979116170363772, 0.3748159921583313348 ) ) ;
#3906 = VECTOR ( 'NONE', #3752, 1000.000000000000000 ) ;
#3907 = DIRECTION ( 'NONE',  ( 1.000000000000000000, -0.000000000000000000, 0.000000000000000000 ) ) ;
#3908 = VERTEX_POINT ( 'NONE', #1486 ) ;
#3909 = CYLINDRICAL_SURFACE ( 'NONE', #4431, 0.3500000000000001998 ) ;
#3910 = PLANE ( 'NONE',  #3697 ) ;
#3911 = EDGE_CURVE ( 'NONE', #2832, #4610, #91, .T. ) ;
#3912 = DIRECTION ( 'NONE',  ( 0.000000000000000000, 0.000000000000000000, 1.000000000000000000 ) ) ;
#3913 = DIRECTION ( 'NONE',  ( -1.000000000000000000, 5.551115123125782702E-17, -1.972152263052529514E-31 ) ) ;
#3914 = LINE ( 'NONE', #4421, #2364 ) ;
#3915 = VERTEX_POINT ( 'NONE', #5984 ) ;
#3916 = EDGE_LOOP ( 'NONE', ( #3734, #3110, #3127, #2262 ) ) ;
#3917 = ORIENTED_EDGE ( 'NONE', *, *, #2199, .T. ) ;
#3918 = PLANE ( 'NONE',  #679 ) ;
#3919 = DIRECTION ( 'NONE',  ( 3.497202527569243102E-15, 1.000000000000000000, -0.000000000000000000 ) ) ;
#3920 = EDGE_LOOP ( 'NONE', ( #2957, #4379, #1390, #3529, #834, #115, #6043, #1291 ) ) ;
#3921 = ORIENTED_EDGE ( 'NONE', *, *, #3093, .F. ) ;
#3922 = EDGE_CURVE ( 'NONE', #2692, #4401, #1552, .T. ) ;
#3923 = AXIS2_PLACEMENT_3D ( 'NONE', #3090, #5052, #2619 ) ;
#3924 = DIRECTION ( 'NONE',  ( 0.000000000000000000, 1.000000000000000000, 1.972152263052529514E-31 ) ) ;
#3925 = ORIENTED_EDGE ( 'NONE', *, *, #4244, .F. ) ;
#3926 = SURFACE_SIDE_STYLE ('',( #4376 ) ) ;
#3927 = ORIENTED_EDGE ( 'NONE', *, *, #5739, .F. ) ;
#3928 = CARTESIAN_POINT ( 'NONE',  ( 1.064999999999999503, -1.235990476633475055E-14, -1.000000000000000444 ) ) ;
#3929 = VECTOR ( 'NONE', #2739, 1000.000000000000000 ) ;
#3930 = VERTEX_POINT ( 'NONE', #5506 ) ;
#3931 = ADVANCED_FACE ( 'NONE', ( #4472 ), #5408, .F. ) ;
#3932 = LINE ( 'NONE', #6290, #4753 ) ;
#3933 = CARTESIAN_POINT ( 'NONE',  ( -1.627778409939249826, 2.919136647305522470, 1.444448767816122192 ) ) ;
#3934 = AXIS2_PLACEMENT_3D ( 'NONE', #586, #1103, #3059 ) ;
#3935 = DIRECTION ( 'NONE',  ( 0.000000000000000000, 0.000000000000000000, -1.000000000000000000 ) ) ;
#3936 = SURFACE_SIDE_STYLE ('',( #59 ) ) ;
#3937 = VECTOR ( 'NONE', #2515, 1000.000000000000000 ) ;
#3938 = MANIFOLD_SOLID_BREP ( 'Mirror5', #2278 ) ;
#3939 = CARTESIAN_POINT ( 'NONE',  ( 4.497352102650421735, 3.810000000000000053, 1.743989881699015365 ) ) ;
#3940 = CARTESIAN_POINT ( 'NONE',  ( -1.627778409939248716, 1.918235399615123127, -0.9944487678161216815 ) ) ;
#3941 = ORIENTED_EDGE ( 'NONE', *, *, #2206, .T. ) ;
#3942 = ORIENTED_EDGE ( 'NONE', *, *, #1569, .T. ) ;
#3943 = APPLICATION_CONTEXT ( 'automotive_design' ) ;
#3944 = VECTOR ( 'NONE', #1419, 1000.000000000000000 ) ;
#3945 = EDGE_CURVE ( 'NONE', #2948, #2692, #3971, .T. ) ;
#3946 = CARTESIAN_POINT ( 'NONE',  ( 2.827778409939248672, 3.510000000000001563, -1.294448767816123835 ) ) ;
#3947 = VECTOR ( 'NONE', #5917, 1000.000000000000114 ) ;
#3948 = EDGE_CURVE ( 'NONE', #925, #4448, #3575, .T. ) ;
#3949 = LINE ( 'NONE', #3461, #4579 ) ;
#3950 = DIRECTION ( 'NONE',  ( 3.350313119968968612E-16, -2.239890198972934436E-32, 1.000000000000000000 ) ) ;
#3951 = DIRECTION ( 'NONE',  ( 1.000000000000000000, -0.000000000000000000, 1.972152263052529514E-31 ) ) ;
#3952 = CIRCLE ( 'NONE', #3528, 0.6251840078416683877 ) ;
#3953 = CARTESIAN_POINT ( 'NONE',  ( -4.864999999999998437, 0.6053979116170363772, 0.4184320681164753752 ) ) ;
#3954 = ORIENTED_EDGE ( 'NONE', *, *, #5213, .T. ) ;
#3955 = ORIENTED_EDGE ( 'NONE', *, *, #1719, .T. ) ;
#3956 = CARTESIAN_POINT ( 'NONE',  ( 1.591125123973732070, -2.267434785879473095E-32, -1.000000000000000222 ) ) ;
#3957 = LINE ( 'NONE', #5909, #1335 ) ;
#3958 = CIRCLE ( 'NONE', #1179, 0.04999999999999969746 ) ;
#3959 = ORIENTED_EDGE ( 'NONE', *, *, #4559, .T. ) ;
#3960 = ORIENTED_EDGE ( 'NONE', *, *, #479, .T. ) ;
#3961 = CARTESIAN_POINT ( 'NONE',  ( 4.664999999999999147, 0.7000000000000022871, -0.4000000000000000222 ) ) ;
#3962 = CARTESIAN_POINT ( 'NONE',  ( -1.627778409939249826, 3.510000000000000231, 1.194448767816122192 ) ) ;
#3963 = ORIENTED_EDGE ( 'NONE', *, *, #282, .T. ) ;
#3964 = CARTESIAN_POINT ( 'NONE',  ( -4.664999999999999147, 1.633217365692808620, 0.4184320681164753752 ) ) ;
#3965 = CIRCLE ( 'NONE', #1188, 0.2999999999999999334 ) ;
#3966 = PRODUCT_DEFINITION ( 'UNKNOWN', '', #3870, #3975 ) ;
#3967 = ORIENTED_EDGE ( 'NONE', *, *, #405, .F. ) ;
#3968 = DIRECTION ( 'NONE',  ( 0.000000000000000000, 0.000000000000000000, -1.000000000000000000 ) ) ;
#3969 = AXIS2_PLACEMENT_3D ( 'NONE', #4223, #3681, #279 ) ;
#3970 = DIRECTION ( 'NONE',  ( -3.608224830031756291E-16, -0.000000000000000000, -1.000000000000000000 ) ) ;
#3971 = LINE ( 'NONE', #772, #4009 ) ;
#3972 = DIRECTION ( 'NONE',  ( -1.000000000000000000, 0.000000000000000000, -3.191891195797326040E-16 ) ) ;
#3973 = VERTEX_POINT ( 'NONE', #5136 ) ;
#3974 = MANIFOLD_SOLID_BREP ( 'Tab1', #4729 ) ;
#3975 = PRODUCT_DEFINITION_CONTEXT ( 'detailed design', #936, 'design' ) ;
#3976 = VECTOR ( 'NONE', #6162, 1000.000000000000000 ) ;
#3977 = FACE_OUTER_BOUND ( 'NONE', #1605, .T. ) ;
#3978 = CARTESIAN_POINT ( 'NONE',  ( 1.126143534192404871, 2.302283963551872592, 1.849169417213810229 ) ) ;
#3979 = ORIENTED_EDGE ( 'NONE', *, *, #3581, .T. ) ;
#3980 = CARTESIAN_POINT ( 'NONE',  ( 4.664999999999999147, 0.7000000000000022871, 2.515000000000000124 ) ) ;
#3981 = CIRCLE ( 'NONE', #2831, 0.3500000000000001998 ) ;
#3982 = DIRECTION ( 'NONE',  ( 1.972152263052529514E-31, -0.000000000000000000, 1.000000000000000000 ) ) ;
#3983 = DIRECTION ( 'NONE',  ( -3.350313119968968612E-16, 2.239890198972934436E-32, -1.000000000000000000 ) ) ;
#3984 = ADVANCED_FACE ( 'NONE', ( #1707 ), #4128, .F. ) ;
#3985 = DIRECTION ( 'NONE',  ( 1.000000000000000000, 4.163336342344337027E-17, 4.163336342344337027E-17 ) ) ;
#3986 = LINE ( 'NONE', #4422, #2192 ) ;
#3987 =( GEOMETRIC_REPRESENTATION_CONTEXT ( 3 ) GLOBAL_UNCERTAINTY_ASSIGNED_CONTEXT ( ( #618 ) ) GLOBAL_UNIT_ASSIGNED_CONTEXT ( ( #4030, #3438, #3017 ) ) REPRESENTATION_CONTEXT ( 'NONE', 'WORKASPACE' ) );
#3988 = EDGE_CURVE ( 'NONE', #2567, #3286, #304, .T. ) ;
#3989 = EDGE_LOOP ( 'NONE', ( #879, #1950, #1974, #4908 ) ) ;
#3990 = ORIENTED_EDGE ( 'NONE', *, *, #1416, .F. ) ;
#3991 = ITEM_DEFINED_TRANSFORMATION ( 'NONE', 'NONE', #186,  #1731 ) ;
#3992 = VECTOR ( 'NONE', #2853, 1000.000000000000000 ) ;
#3993 = DIRECTION ( 'NONE',  ( 0.000000000000000000, 3.481703215984523352E-32, -1.000000000000000000 ) ) ;
#3994 = DIRECTION ( 'NONE',  ( -0.000000000000000000, -1.972152263052529514E-31, 1.000000000000000000 ) ) ;
#3995 = EDGE_CURVE ( 'NONE', #3138, #1090, #2248, .T. ) ;
#3996 = EDGE_LOOP ( 'NONE', ( #1084, #270, #3829, #4287 ) ) ;
#3997 = ORIENTED_EDGE ( 'NONE', *, *, #859, .T. ) ;
#3998 = CARTESIAN_POINT ( 'NONE',  ( -3.873634909763689738, 1.818235399615122816, -1.294448767816123613 ) ) ;
#3999 = CARTESIAN_POINT ( 'NONE',  ( 1.627778409939249826, 2.372994641670527205, -1.919880095332465064 ) ) ;
#4000 = ORIENTED_EDGE ( 'NONE', *, *, #2312, .T. ) ;
#4001 =( BOUNDED_CURVE ( )  B_SPLINE_CURVE ( 3, ( #1663, #1690, #602, #5059 ),
 .UNSPECIFIED., .F., .F. ) 
 B_SPLINE_CURVE_WITH_KNOTS ( ( 4, 4 ),
 ( 3.474979834847775173, 4.712388980384689674 ),
 .UNSPECIFIED. ) 
 CURVE ( )  GEOMETRIC_REPRESENTATION_ITEM ( )  RATIONAL_B_SPLINE_CURVE ( ( 1.000000000000000000, 0.8764203082159538472, 0.8764203082159538472, 1.000000000000000000 ) ) 
 REPRESENTATION_ITEM ( '' )  );
#4002 = DIRECTION ( 'NONE',  ( -1.000000000000000000, -0.000000000000000000, -0.000000000000000000 ) ) ;
#4003 = ORIENTED_EDGE ( 'NONE', *, *, #1262, .F. ) ;
#4004 = CARTESIAN_POINT ( 'NONE',  ( 1.627778409939249826, 3.810000000000000053, -0.9944487678161219035 ) ) ;
#4005 = DIRECTION ( 'NONE',  ( 0.000000000000000000, -0.7071067811865486830, -0.7071067811865464625 ) ) ;
#4006 = SURFACE_STYLE_FILL_AREA ( #2037 ) ;
#4007 = DIRECTION ( 'NONE',  ( 5.551115123125782702E-17, 1.000000000000000000, -0.000000000000000000 ) ) ;
#4008 = VERTEX_POINT ( 'NONE', #3083 ) ;
#4009 = VECTOR ( 'NONE', #1196, 1000.000000000000000 ) ;
#4010 = LINE ( 'NONE', #5515, #6028 ) ;
#4011 = ORIENTED_EDGE ( 'NONE', *, *, #1137, .F. ) ;
#4012 = CARTESIAN_POINT ( 'NONE',  ( 1.627778409939248716, 3.510000000000000231, -0.9944487678161225697 ) ) ;
#4013 = DIRECTION ( 'NONE',  ( -1.000000000000000000, 0.000000000000000000, -6.509656168952008597E-16 ) ) ;
#4014 = ADVANCED_FACE ( 'NONE', ( #1679 ), #240, .F. ) ;
#4015 = VECTOR ( 'NONE', #504, 1000.000000000000000 ) ;
#4016 = FACE_OUTER_BOUND ( 'NONE', #5559, .T. ) ;
#4017 = CARTESIAN_POINT ( 'NONE',  ( -1.627778409939248716, 3.810000000000000053, -0.9944487678161225697 ) ) ;
#4018 = AXIS2_PLACEMENT_3D ( 'NONE', #5609, #3261, #5216 ) ;
#4019 = VERTEX_POINT ( 'NONE', #1651 ) ;
#4020 = CARTESIAN_POINT ( 'NONE',  ( -3.003514341227320639, 3.810000000000000497, -0.9944487678161233468 ) ) ;
#4021 = ORIENTED_EDGE ( 'NONE', *, *, #4563, .T. ) ;
#4022 = EDGE_CURVE ( 'NONE', #5366, #1572, #2185, .T. ) ;
#4023 = VECTOR ( 'NONE', #5889, 1000.000000000000000 ) ;
#4024 = VECTOR ( 'NONE', #416, 1000.000000000000000 ) ;
#4025 = EDGE_CURVE ( 'NONE', #5302, #3042, #181, .T. ) ;
#4026 = ADVANCED_FACE ( 'NONE', ( #4598 ), #208, .T. ) ;
#4027 = DIRECTION ( 'NONE',  ( 0.000000000000000000, 0.7071067811865463515, -0.7071067811865487940 ) ) ;
#4028 = CARTESIAN_POINT ( 'NONE',  ( -1.627778409939249826, 2.919136647305522914, -1.294448767816122059 ) ) ;
#4029 = ORIENTED_EDGE ( 'NONE', *, *, #5698, .F. ) ;
#4030 =( LENGTH_UNIT ( ) NAMED_UNIT ( * ) SI_UNIT ( .MILLI., .METRE. ) );
#4031 = EDGE_CURVE ( 'NONE', #196, #1742, #832, .T. ) ;
#4032 = LINE ( 'NONE', #5977, #5612 ) ;
#4033 = PLANE ( 'NONE',  #51 ) ;
#4034 = DIRECTION ( 'NONE',  ( -1.000000000000000000, -3.469446951953616038E-17, 4.163336342344335178E-17 ) ) ;
#4035 = DIRECTION ( 'NONE',  ( 1.000000000000000000, -3.497202527569243102E-15, -9.860761315262646473E-32 ) ) ;
#4036 = ADVANCED_FACE ( 'NONE', ( #5232 ), #358, .F. ) ;
#4037 = ORIENTED_EDGE ( 'NONE', *, *, #2686, .T. ) ;
#4038 = LINE ( 'NONE', #5983, #1982 ) ;
#4039 = CARTESIAN_POINT ( 'NONE',  ( 1.591125123973732292, 5.328583390537817441E-15, -1.400000000000000577 ) ) ;
#4040 = LINE ( 'NONE', #3061, #5814 ) ;
#4041 = ORIENTED_EDGE ( 'NONE', *, *, #5137, .F. ) ;
#4042 =( BOUNDED_SURFACE ( )  B_SPLINE_SURFACE ( 3, 3, ( 
 ( #1851, #3814, #3847, #5768 ),
 ( #5317, #1367, #5347, #5279 ),
 ( #884, #409, #4361, #2372 ),
 ( #1402, #6267, #3356, #4840 ) ),
 .UNSPECIFIED., .F., .F., .F. ) 
 B_SPLINE_SURFACE_WITH_KNOTS ( ( 4, 4 ),
 ( 4, 4 ),
 ( 0.000000000000000000, 1.000000000000000000 ),
 ( 0.000000000000000000, 1.000000000000000000 ),
 .UNSPECIFIED. ) 
 GEOMETRIC_REPRESENTATION_ITEM ( )  RATIONAL_B_SPLINE_SURFACE ( (
 ( 1.000000000000000000, 0.8047378541243649375, 0.8047378541243649375, 1.000000000000000000),
 ( 0.8047378541243646044, 0.6476030138606874154, 0.6476030138606874154, 0.8047378541243646044),
 ( 0.8047378541243646044, 0.6476030138606874154, 0.6476030138606874154, 0.8047378541243646044),
 ( 1.000000000000000000, 0.8047378541243649375, 0.8047378541243649375, 1.000000000000000000) ) ) 
 REPRESENTATION_ITEM ( '' )  SURFACE ( )  );
#4043 = AXIS2_PLACEMENT_3D ( 'NONE', #160, #4076, #3680 ) ;
#4044 = LINE ( 'NONE', #3905, #2500 ) ;
#4045 = FILL_AREA_STYLE_COLOUR ( '', #1207 ) ;
#4046 = DIRECTION ( 'NONE',  ( 0.000000000000000000, 1.000000000000000000, 0.000000000000000000 ) ) ;
#4047 = ORIENTED_EDGE ( 'NONE', *, *, #1541, .F. ) ;
#4048 = VECTOR ( 'NONE', #1297, 1000.000000000000000 ) ;
#4049 = CARTESIAN_POINT ( 'NONE',  ( -1.627778409939248716, 2.118235399615123082, -1.294448767816122947 ) ) ;
#4050 = LINE ( 'NONE', #5450, #1795 ) ;
#4051 = CARTESIAN_POINT ( 'NONE',  ( -2.827778409939248672, 3.510000000000000231, -0.9944487678161233468 ) ) ;
#4052 = AXIS2_PLACEMENT_3D ( 'NONE', #5464, #1057, #4981 ) ;
#4053 = ORIENTED_EDGE ( 'NONE', *, *, #255, .F. ) ;
#4054 = CARTESIAN_POINT ( 'NONE',  ( -2.827778409939248672, 3.810000000000000497, -0.9944487678161233468 ) ) ;
#4055 = ORIENTED_EDGE ( 'NONE', *, *, #5433, .F. ) ;
#4056 = AXIS2_PLACEMENT_3D ( 'NONE', #3276, #2798, #1831 ) ;
#4057 = VECTOR ( 'NONE', #3509, 1000.000000000000000 ) ;
#4058 = CARTESIAN_POINT ( 'NONE',  ( -1.591125123973731403, 0.2000000000000013156, 0.9999999999999995559 ) ) ;
#4059 = CARTESIAN_POINT ( 'NONE',  ( -1.627778409939249826, 2.919136647305522470, -1.444448767816122192 ) ) ;
#4060 =( GEOMETRIC_REPRESENTATION_CONTEXT ( 3 ) GLOBAL_UNCERTAINTY_ASSIGNED_CONTEXT ( ( #3519 ) ) GLOBAL_UNIT_ASSIGNED_CONTEXT ( ( #4442, #2003, #2966 ) ) REPRESENTATION_CONTEXT ( 'NONE', 'WORKASPACE' ) );
#4061 = ADVANCED_FACE ( 'NONE', ( #6161 ), #2793, .F. ) ;
#4062 = ORIENTED_EDGE ( 'NONE', *, *, #5231, .F. ) ;
#4063 = EDGE_CURVE ( 'NONE', #1276, #322, #330, .T. ) ;
#4064 = CARTESIAN_POINT ( 'NONE',  ( 1.875000000000000888, 3.809999999999999609, -1.294448767816115176 ) ) ;
#4065 = CARTESIAN_POINT ( 'NONE',  ( -1.874999999999999556, 3.809999999999999609, -2.515000000000000124 ) ) ;
#4066 = LINE ( 'NONE', #83, #1809 ) ;
#4067 = EDGE_CURVE ( 'NONE', #1428, #2416, #4784, .T. ) ;
#4068 = ORIENTED_EDGE ( 'NONE', *, *, #1918, .T. ) ;
#4069 = CARTESIAN_POINT ( 'NONE',  ( 2.827778409939248672, 3.510000000000000231, -1.294448767816123391 ) ) ;
#4070 = EDGE_CURVE ( 'NONE', #1996, #4307, #1315, .T. ) ;
#4071 = FACE_OUTER_BOUND ( 'NONE', #2652, .T. ) ;
#4072 = CARTESIAN_POINT ( 'NONE',  ( -2.827778409939248672, 2.118235399615123082, -0.9944487678161233468 ) ) ;
#4073 = VERTEX_POINT ( 'NONE', #4750 ) ;
#4074 = LINE ( 'NONE', #2584, #1577 ) ;
#4075 = VECTOR ( 'NONE', #3713, 1000.000000000000000 ) ;
#4076 = DIRECTION ( 'NONE',  ( -1.000000000000000000, -5.779007220503693025E-17, -1.853776073794267126E-17 ) ) ;
#4077 = VERTEX_POINT ( 'NONE', #456 ) ;
#4078 = CARTESIAN_POINT ( 'NONE',  ( 3.873634909763690182, 3.809999999999999609, -1.294448767816116508 ) ) ;
#4079 = VECTOR ( 'NONE', #5284, 1000.000000000000000 ) ;
#4080 = CARTESIAN_POINT ( 'NONE',  ( 4.664999999999999147, 3.510000000000000231, -1.929118480386108336 ) ) ;
#4081 = DIRECTION ( 'NONE',  ( -1.000000000000000000, -0.000000000000000000, -0.000000000000000000 ) ) ;
#4082 = CARTESIAN_POINT ( 'NONE',  ( -3.127778409939248494, 3.685735931288071754, -1.097392492968409572 ) ) ;
#4083 = VERTEX_POINT ( 'NONE', #2315 ) ;
#4084 = DIRECTION ( 'NONE',  ( -3.350313119968968612E-16, 0.000000000000000000, -1.000000000000000000 ) ) ;
#4086 = DIRECTION ( 'NONE',  ( 0.000000000000000000, 0.000000000000000000, -1.000000000000000000 ) ) ;
#4085 =( GEOMETRIC_REPRESENTATION_CONTEXT ( 3 ) GLOBAL_UNCERTAINTY_ASSIGNED_CONTEXT ( ( #1589 ) ) GLOBAL_UNIT_ASSIGNED_CONTEXT ( ( #636, #5012, #4529 ) ) REPRESENTATION_CONTEXT ( 'NONE', 'WORKASPACE' ) );
#4087 = ORIENTED_EDGE ( 'NONE', *, *, #5212, .T. ) ;
#4088 = SHAPE_REPRESENTATION_RELATIONSHIP ( 'NONE' , 'NONE' ,  #3747, #3408 ) ;
#4089 = EDGE_LOOP ( 'NONE', ( #4053, #3062, #4144, #6303 ) ) ;
#4090 = CARTESIAN_POINT ( 'NONE',  ( -4.865000000000000213, 0.2000000000000000944, 2.515000000000000124 ) ) ;
#4091 = EDGE_CURVE ( 'NONE', #4386, #3042, #5782, .T. ) ;
#4092 = CYLINDRICAL_SURFACE ( 'NONE', #2188, 0.2406747853002429993 ) ;
#4093 = DIRECTION ( 'NONE',  ( -1.000000000000000000, -0.000000000000000000, 0.000000000000000000 ) ) ;
#4094 = VECTOR ( 'NONE', #3769, 1000.000000000000000 ) ;
#4095 = ORIENTED_EDGE ( 'NONE', *, *, #4251, .T. ) ;
#4096 = DIRECTION ( 'NONE',  ( 1.000000000000000000, 0.000000000000000000, 0.000000000000000000 ) ) ;
#4097 = EDGE_CURVE ( 'NONE', #3204, #261, #1828, .T. ) ;
#4098 = CARTESIAN_POINT ( 'NONE',  ( -4.864999999999999325, 1.611566968151564083, 0.4184320681164753752 ) ) ;
#4099 = EDGE_CURVE ( 'NONE', #3890, #3407, #3243, .T. ) ;
#4100 = SURFACE_STYLE_FILL_AREA ( #1586 ) ;
#4101 = ORIENTED_EDGE ( 'NONE', *, *, #4744, .T. ) ;
#4102 = LINE ( 'NONE', #1654, #2155 ) ;
#4103 = EDGE_CURVE ( 'NONE', #2855, #6297, #1924, .T. ) ;
#4104 = CARTESIAN_POINT ( 'NONE',  ( -4.664999999999999147, 0.7000000000000007327, 0.3999999999999997446 ) ) ;
#4105 = DIRECTION ( 'NONE',  ( 0.000000000000000000, 0.000000000000000000, 1.000000000000000000 ) ) ;
#4106 = CARTESIAN_POINT ( 'NONE',  ( 4.664999999999999147, 1.611566968151564527, 0.3748159921583313348 ) ) ;
#4107 = VERTEX_POINT ( 'NONE', #4246 ) ;
#4108 = EDGE_CURVE ( 'NONE', #3151, #4859, #5751, .T. ) ;
#4109 = PLANE ( 'NONE',  #2928 ) ;
#4110 = CYLINDRICAL_SURFACE ( 'NONE', #1019, 0.05000000000000012768 ) ;
#4111 = CARTESIAN_POINT ( 'NONE',  ( 3.003514341227321527, 3.810000000000000053, 0.9944487678161207933 ) ) ;
#4112 = LINE ( 'NONE', #2051, #6240 ) ;
#4113 = ADVANCED_FACE ( 'NONE', ( #2887 ), #4815, .T. ) ;
#4114 = ORIENTED_EDGE ( 'NONE', *, *, #433, .T. ) ;
#4115 = ORIENTED_EDGE ( 'NONE', *, *, #55, .F. ) ;
#4116 = DIRECTION ( 'NONE',  ( 0.000000000000000000, 0.000000000000000000, -1.000000000000000000 ) ) ;
#4117 = CIRCLE ( 'NONE', #1539, 0.1500000000000001887 ) ;
#4118 = CARTESIAN_POINT ( 'NONE',  ( -1.627778409939248716, 2.118235399615123082, -1.194448767816121526 ) ) ;
#4119 = APPLICATION_CONTEXT ( 'automotive_design' ) ;
#4120 = AXIS2_PLACEMENT_3D ( 'NONE', #5412, #6261, #2968 ) ;
#4121 = ORIENTED_EDGE ( 'NONE', *, *, #5105, .T. ) ;
#4122 = VERTEX_POINT ( 'NONE', #4851 ) ;
#4123 = CARTESIAN_POINT ( 'NONE',  ( -4.865000000000000213, 3.510000000000000231, -1.611637779048593400 ) ) ;
#4124 = CARTESIAN_POINT ( 'NONE',  ( -4.865000000000000213, 3.810000000000000053, -1.611637779048593400 ) ) ;
#4125 = CARTESIAN_POINT ( 'NONE',  ( 1.874999999999999556, 3.061149402765582561, -1.394448767816122592 ) ) ;
#4126 = ORIENTED_EDGE ( 'NONE', *, *, #1247, .F. ) ;
#4127 = CARTESIAN_POINT ( 'NONE',  ( 1.126143534192404871, 2.919136647305522470, 1.444448767816122192 ) ) ;
#4128 = PLANE ( 'NONE',  #3674 ) ;
#4129 = VERTEX_POINT ( 'NONE', #4340 ) ;
#4130 = LINE ( 'NONE', #6016, #2293 ) ;
#4131 = EDGE_CURVE ( 'NONE', #5801, #6228, #6285, .T. ) ;
#4132 = CARTESIAN_POINT ( 'NONE',  ( 2.827778409939248672, 1.818235399615123038, -0.9944487678161231248 ) ) ;
#4133 = CARTESIAN_POINT ( 'NONE',  ( -1.126143534192404871, 3.090491792929919601, -1.202382944073070226 ) ) ;
#4134 = CONTEXT_DEPENDENT_SHAPE_REPRESENTATION ( #5324, #317 ) ;
#4135 = ORIENTED_EDGE ( 'NONE', *, *, #5856, .T. ) ;
#4136 = VERTEX_POINT ( 'NONE', #864 ) ;
#4137 = LINE ( 'NONE', #5697, #771 ) ;
#4138 = CLOSED_SHELL ( 'NONE', ( #860, #2168, #139, #1933, #2939, #2519, #4014, #5469, #4761, #3670, #668, #5533, #6121 ) ) ;
#4139 = EDGE_CURVE ( 'NONE', #6281, #166, #1383, .T. ) ;
#4140 = DIRECTION ( 'NONE',  ( 0.000000000000000000, -1.000000000000000000, -3.885780586188045919E-16 ) ) ;
#4141 = AXIS2_PLACEMENT_3D ( 'NONE', #396, #1321, #2834 ) ;
#4142 = CARTESIAN_POINT ( 'NONE',  ( 3.873634909763689738, 3.810000000000000053, -1.825224324045338076 ) ) ;
#4143 = ADVANCED_FACE ( 'NONE', ( #799 ), #2762, .T. ) ;
#4144 = ORIENTED_EDGE ( 'NONE', *, *, #2009, .F. ) ;
#4145 = ADVANCED_FACE ( 'NONE', ( #3764 ), #5719, .F. ) ;
#4146 = CARTESIAN_POINT ( 'NONE',  ( 1.627778409939249826, 3.061149402765582561, 1.394448767816122592 ) ) ;
#4147 = DIRECTION ( 'NONE',  ( 6.003654821151164961E-16, 0.7071067811865460184, -0.7071067811865489050 ) ) ;
#4148 = VECTOR ( 'NONE', #619, 1000.000000000000000 ) ;
#4149 = ORIENTED_EDGE ( 'NONE', *, *, #19, .F. ) ;
#4150 = DIRECTION ( 'NONE',  ( 0.000000000000000000, 0.000000000000000000, 1.000000000000000000 ) ) ;
#4151 = AXIS2_PLACEMENT_3D ( 'NONE', #1703, #2306, #4271 ) ;
#4152 = ORIENTED_EDGE ( 'NONE', *, *, #2273, .F. ) ;
#4153 = ORIENTED_EDGE ( 'NONE', *, *, #5294, .T. ) ;
#4154 = DIRECTION ( 'NONE',  ( 0.000000000000000000, -0.000000000000000000, -1.000000000000000000 ) ) ;
#4155 = DIRECTION ( 'NONE',  ( -3.350313119968968612E-16, 0.000000000000000000, 1.000000000000000000 ) ) ;
#4156 = VECTOR ( 'NONE', #4930, 1000.000000000000000 ) ;
#4157 = ORIENTED_EDGE ( 'NONE', *, *, #5231, .T. ) ;
#4158 = CARTESIAN_POINT ( 'NONE',  ( 1.126143534192404871, 2.372994641670527205, 1.919880095332464842 ) ) ;
#4159 = FILL_AREA_STYLE ('',( #4278 ) ) ;
#4160 = VERTEX_POINT ( 'NONE', #1095 ) ;
#4161 = PLANE ( 'NONE',  #3213 ) ;
#4162 = DIRECTION ( 'NONE',  ( 0.000000000000000000, -1.000000000000000000, 0.000000000000000000 ) ) ;
#4163 = PRODUCT_DEFINITION_SHAPE ( 'NONE', 'NONE',  #6333 ) ;
#4164 = PLANE ( 'NONE',  #3200 ) ;
#4165 = ORIENTED_EDGE ( 'NONE', *, *, #708, .F. ) ;
#4166 = DIRECTION ( 'NONE',  ( 1.000000000000000000, -4.857225732735062946E-17, -1.887411345499491410E-32 ) ) ;
#4167 = ADVANCED_FACE ( 'NONE', ( #518 ), #1994, .T. ) ;
#4168 = CARTESIAN_POINT ( 'NONE',  ( -4.664999999999999147, 3.510000000000000231, -1.929118480386108558 ) ) ;
#4169 = VERTEX_POINT ( 'NONE', #1512 ) ;
#4170 = DIRECTION ( 'NONE',  ( 0.000000000000000000, 0.000000000000000000, -1.000000000000000000 ) ) ;
#4171 = ORIENTED_EDGE ( 'NONE', *, *, #4103, .F. ) ;
#4172 = ADVANCED_FACE ( 'NONE', ( #1957 ), #117, .T. ) ;
#4173 = EDGE_CURVE ( 'NONE', #6281, #5280, #4032, .T. ) ;
#4174 = DIRECTION ( 'NONE',  ( 0.000000000000000000, 3.885780586188046905E-16, 1.000000000000000000 ) ) ;
#4175 = LINE ( 'NONE', #320, #5030 ) ;
#4176 = EDGE_CURVE ( 'NONE', #2692, #5541, #1056, .T. ) ;
#4177 = AXIS2_PLACEMENT_3D ( 'NONE', #6000, #3626, #6029 ) ;
#4178 = AXIS2_PLACEMENT_3D ( 'NONE', #1480, #4341, #2351 ) ;
#4179 = VERTEX_POINT ( 'NONE', #5878 ) ;
#4180 = SHAPE_REPRESENTATION_RELATIONSHIP ( 'NONE' , 'NONE' ,  #5514, #727 ) ;
#4181 = EDGE_LOOP ( 'NONE', ( #5754, #3662, #4648, #4758, #107, #5388, #3479, #1752 ) ) ;
#4182 = ORIENTED_EDGE ( 'NONE', *, *, #1372, .T. ) ;
#4183 = FACE_OUTER_BOUND ( 'NONE', #5150, .T. ) ;
#4184 = VECTOR ( 'NONE', #4569, 1000.000000000000000 ) ;
#4185 = PLANE ( 'NONE',  #2423 ) ;
#4186 = LINE ( 'NONE', #5162, #3631 ) ;
#4187 = ADVANCED_BREP_SHAPE_REPRESENTATION ( '', ( #1697, #1731 ), #2932 ) ;
#4188 = ORIENTED_EDGE ( 'NONE', *, *, #202, .T. ) ;
#4189 = CARTESIAN_POINT ( 'NONE',  ( -1.366818319492648204, 3.132929601890217963, -1.294448767816122281 ) ) ;
#4190 = SURFACE_SIDE_STYLE ('',( #5536 ) ) ;
#4191 = VECTOR ( 'NONE', #5075, 1000.000000000000000 ) ;
#4192 = LINE ( 'NONE', #2733, #5287 ) ;
#4193 = ORIENTED_EDGE ( 'NONE', *, *, #1220, .F. ) ;
#4194 = DIRECTION ( 'NONE',  ( 0.000000000000000000, -1.321701948486275810E-32, 1.000000000000000000 ) ) ;
#4195 = CARTESIAN_POINT ( 'NONE',  ( 3.127778409939248938, 1.942499468327051337, -1.097392492968409128 ) ) ;
#4196 = LINE ( 'NONE', #3251, #3929 ) ;
#4197 = ORIENTED_EDGE ( 'NONE', *, *, #3020, .F. ) ;
#4198 = LINE ( 'NONE', #4608, #4075 ) ;
#4199 = CARTESIAN_POINT ( 'NONE',  ( -3.127778409939248494, 2.118235399615123526, -1.170184699104195092 ) ) ;
#4200 = CARTESIAN_POINT ( 'NONE',  ( -1.874999999999999556, 3.810000000000000053, -1.294448767816122059 ) ) ;
#4201 =( BOUNDED_SURFACE ( )  B_SPLINE_SURFACE ( 3, 3, ( 
 ( #4238, #384, #6216, #325 ),
 ( #3820, #3757, #3788, #415 ),
 ( #5715, #1375, #1312, #2376 ),
 ( #4303, #6276, #3328, #2305 ) ),
 .UNSPECIFIED., .F., .F., .F. ) 
 B_SPLINE_SURFACE_WITH_KNOTS ( ( 4, 4 ),
 ( 4, 4 ),
 ( 0.000000000000000000, 1.000000000000000000 ),
 ( 0.000000000000000000, 1.000000000000000000 ),
 .UNSPECIFIED. ) 
 GEOMETRIC_REPRESENTATION_ITEM ( )  RATIONAL_B_SPLINE_SURFACE ( (
 ( 1.000000000000000000, 0.8047378541243647154, 0.8047378541243647154, 1.000000000000000000),
 ( 0.8047378541243643824, 0.6476030138606870823, 0.6476030138606870823, 0.8047378541243643824),
 ( 0.8047378541243643824, 0.6476030138606870823, 0.6476030138606870823, 0.8047378541243643824),
 ( 1.000000000000000000, 0.8047378541243647154, 0.8047378541243647154, 1.000000000000000000) ) ) 
 REPRESENTATION_ITEM ( '' )  SURFACE ( )  );
#4202 = DIRECTION ( 'NONE',  ( -4.930380657631323236E-32, 1.000000000000000000, 1.651831900370345321E-47 ) ) ;
#4203 = EDGE_CURVE ( 'NONE', #4647, #4394, #1478, .T. ) ;
#4204 = ORIENTED_EDGE ( 'NONE', *, *, #1956, .F. ) ;
#4205 = AXIS2_PLACEMENT_3D ( 'NONE', #4127, #5107, #830 ) ;
#4206 = CARTESIAN_POINT ( 'NONE',  ( -3.127778409939249826, 3.685735931288071310, 0.9944487678161207933 ) ) ;
#4207 = DIRECTION ( 'NONE',  ( -0.000000000000000000, -1.000000000000000000, 0.000000000000000000 ) ) ;
#4208 = VERTEX_POINT ( 'NONE', #3961 ) ;
#4209 = ORIENTED_EDGE ( 'NONE', *, *, #3550, .T. ) ;
#4210 = CARTESIAN_POINT ( 'NONE',  ( 1.591125123973732070, -6.669813255586977605E-15, 1.399999999999999245 ) ) ;
#4211 = CARTESIAN_POINT ( 'NONE',  ( 1.627778409939249160, 3.510000000000000231, -0.9944487678161225697 ) ) ;
#4212 = PRODUCT ( '0154002.DR_9', '0154002.DR_9', '', ( #3265 ) ) ;
#4213 = ORIENTED_EDGE ( 'NONE', *, *, #1536, .T. ) ;
#4214 = CARTESIAN_POINT ( 'NONE',  ( -1.627778409939249826, 2.372994641670527205, 1.919880095332465286 ) ) ;
#4215 = ADVANCED_FACE ( 'NONE', ( #2065 ), #4980, .T. ) ;
#4216 = CARTESIAN_POINT ( 'NONE',  ( 1.126143534192404871, 3.132929601890217963, 1.294448767816122281 ) ) ;
#4217 = CARTESIAN_POINT ( 'NONE',  ( 4.864999999999998437, 1.611566968151564527, -0.3748159921583320564 ) ) ;
#4218 = EDGE_LOOP ( 'NONE', ( #3031, #5082, #3258, #5556 ) ) ;
#4219 = CARTESIAN_POINT ( 'NONE',  ( -3.752267713333899746, 8.902703746063547205E-15, 1.399999999999999689 ) ) ;
#4220 = CARTESIAN_POINT ( 'NONE',  ( 3.127778409939248494, 2.118235399615123082, -1.170184699104194870 ) ) ;
#4221 = CARTESIAN_POINT ( 'NONE',  ( -3.752267713333899302, 0.2000000000000132783, -1.400000000000000133 ) ) ;
#4222 = ORIENTED_EDGE ( 'NONE', *, *, #5844, .F. ) ;
#4223 = CARTESIAN_POINT ( 'NONE',  ( 4.864999999999998437, 1.633217365692808620, -0.4184320681164754308 ) ) ;
#4224 = CARTESIAN_POINT ( 'NONE',  ( -1.366818319492648204, 2.919136647305523358, 1.294448767816122281 ) ) ;
#4225 = CARTESIAN_POINT ( 'NONE',  ( 1.627778409939249604, 2.118235399615123082, 1.194448767816121526 ) ) ;
#4226 =( REPRESENTATION_RELATIONSHIP ('NONE','NONE', #2023, #4638 ) REPRESENTATION_RELATIONSHIP_WITH_TRANSFORMATION ( #1503 )SHAPE_REPRESENTATION_RELATIONSHIP( ) );
#4227 = DIRECTION ( 'NONE',  ( 0.000000000000000000, -0.7071067811865487940, 0.7071067811865463515 ) ) ;
#4228 = ORIENTED_EDGE ( 'NONE', *, *, #2828, .T. ) ;
#4229 = FACE_OUTER_BOUND ( 'NONE', #5575, .T. ) ;
#4230 = CARTESIAN_POINT ( 'NONE',  ( 1.064999999999999059, -1.263095530945612666E-14, 0.9999999999999995559 ) ) ;
#4231 = CARTESIAN_POINT ( 'NONE',  ( 1.064999999999999503, -1.215179696516688483E-14, 0.9999999999999995559 ) ) ;
#4232 = SHAPE_REPRESENTATION ( '0154002.DR_7', ( #1731 ), #785 ) ;
#4233 = AXIS2_PLACEMENT_3D ( 'NONE', #124, #4470, #3026 ) ;
#4234 = EDGE_LOOP ( 'NONE', ( #5481, #2143, #5836, #2518 ) ) ;
#4235 = SHAPE_DEFINITION_REPRESENTATION ( #4316, #5514 ) ;
#4236 = ORIENTED_EDGE ( 'NONE', *, *, #389, .F. ) ;
#4237 = AXIS2_PLACEMENT_3D ( 'NONE', #3933, #6324, #5854 ) ;
#4238 = CARTESIAN_POINT ( 'NONE',  ( -2.827778409939248672, 2.118235399615123082, 1.294448767816120949 ) ) ;
#4239 = CARTESIAN_POINT ( 'NONE',  ( 1.627778409939249826, 1.818235399615123482, 1.294448767816121393 ) ) ;
#4240 = EDGE_CURVE ( 'NONE', #5173, #3810, #3540, .T. ) ;
#4241 = CIRCLE ( 'NONE', #5157, 0.05000000000000012768 ) ;
#4242 = ORIENTED_EDGE ( 'NONE', *, *, #5771, .F. ) ;
#4243 = CARTESIAN_POINT ( 'NONE',  ( -1.874999999999999334, 1.818235399615123260, -2.515000000000000124 ) ) ;
#4244 = EDGE_CURVE ( 'NONE', #6152, #5405, #1574, .T. ) ;
#4245 = VECTOR ( 'NONE', #4002, 1000.000000000000000 ) ;
#4246 = CARTESIAN_POINT ( 'NONE',  ( -1.591125123973731181, 0.1999999999999927391, -1.000000000000000444 ) ) ;
#4247 = LINE ( 'NONE', #865, #3147 ) ;
#4248 = VERTEX_POINT ( 'NONE', #5014 ) ;
#4249 = VECTOR ( 'NONE', #4902, 1000.000000000000000 ) ;
#4250 = EDGE_CURVE ( 'NONE', #4859, #4160, #5924, .T. ) ;
#4251 = EDGE_CURVE ( 'NONE', #3638, #3204, #610, .T. ) ;
#4252 = DIRECTION ( 'NONE',  ( 1.000000000000000000, -5.551115123125782702E-17, 1.972152263052529514E-31 ) ) ;
#4253 = VERTEX_POINT ( 'NONE', #4919 ) ;
#4254 = CARTESIAN_POINT ( 'NONE',  ( 3.003514341227320639, 1.942499468327051559, -1.294448767816123169 ) ) ;
#4255 = PLANE ( 'NONE',  #6170 ) ;
#4256 = ORIENTED_EDGE ( 'NONE', *, *, #5883, .F. ) ;
#4257 = CARTESIAN_POINT ( 'NONE',  ( -1.627778409939249160, 3.510000000000000231, -0.9944487678161223476 ) ) ;
#4258 = PLANE ( 'NONE',  #5881 ) ;
#4259 = EDGE_CURVE ( 'NONE', #774, #2110, #963, .T. ) ;
#4260 = CARTESIAN_POINT ( 'NONE',  ( 1.627778409939248716, 2.118235399615123082, -1.194448767816122636 ) ) ;
#4261 = VECTOR ( 'NONE', #4791, 1000.000000000000000 ) ;
#4262 = CARTESIAN_POINT ( 'NONE',  ( -1.627778409939248716, 1.818235399615123482, -1.294448767816122725 ) ) ;
#4263 = EDGE_LOOP ( 'NONE', ( #886, #2032, #2178 ) ) ;
#4264 = CARTESIAN_POINT ( 'NONE',  ( 4.864999999999998437, 1.633217365692808620, -0.4184320681164754308 ) ) ;
#4265 = CARTESIAN_POINT ( 'NONE',  ( -1.874999999999999556, 3.510000000000000231, 1.611637779048592956 ) ) ;
#4266 = LINE ( 'NONE', #5187, #4411 ) ;
#4267 = ORIENTED_EDGE ( 'NONE', *, *, #2481, .T. ) ;
#4268 = VECTOR ( 'NONE', #5039, 1000.000000000000000 ) ;
#4269 = ORIENTED_EDGE ( 'NONE', *, *, #634, .T. ) ;
#4270 = FACE_OUTER_BOUND ( 'NONE', #4371, .T. ) ;
#4271 = DIRECTION ( 'NONE',  ( -1.000000000000000000, 0.000000000000000000, 0.000000000000000000 ) ) ;
#4272 = AXIS2_PLACEMENT_3D ( 'NONE', #1750, #5185, #3812 ) ;
#4273 = PRODUCT_DEFINITION_FORMATION_WITH_SPECIFIED_SOURCE ( 'ANY', '', #1279, .NOT_KNOWN. ) ;
#4274 = VERTEX_POINT ( 'NONE', #5943 ) ;
#4275 = CARTESIAN_POINT ( 'NONE',  ( 1.126143534192404871, 2.813070630127540550, -1.338382750638140051 ) ) ;
#4276 = EDGE_CURVE ( 'NONE', #2539, #5144, #2988, .T. ) ;
#4277 = CARTESIAN_POINT ( 'NONE',  ( 4.664999999999999147, 0.7000000000000022871, 0.4000000000000000222 ) ) ;
#4278 = FILL_AREA_STYLE_COLOUR ( '', #5092 ) ;
#4279 = ORIENTED_EDGE ( 'NONE', *, *, #4798, .T. ) ;
#4280 = AXIS2_PLACEMENT_3D ( 'NONE', #887, #1887, #3292 ) ;
#4281 = DIRECTION ( 'NONE',  ( -3.350313119968968612E-16, 2.239890198972934436E-32, -1.000000000000000000 ) ) ;
#4282 = VERTEX_POINT ( 'NONE', #48 ) ;
#4283 = DIRECTION ( 'NONE',  ( 0.000000000000000000, 0.000000000000000000, -1.000000000000000000 ) ) ;
#4284 = CARTESIAN_POINT ( 'NONE',  ( 1.064999999999999503, -1.270605148873116888E-14, -2.022226441606597646E-30 ) ) ;
#4285 = ADVANCED_FACE ( 'NONE', ( #2476 ), #4375, .F. ) ;
#4286 = PRESENTATION_LAYER_ASSIGNMENT (  '', '', ( #192 ) ) ;
#4287 = ORIENTED_EDGE ( 'NONE', *, *, #5690, .F. ) ;
#4288 = EDGE_CURVE ( 'NONE', #4606, #5863, #3965, .T. ) ;
#4289 = CARTESIAN_POINT ( 'NONE',  ( 1.591125123973731403, 0.2000000000000056732, -1.400000000000000577 ) ) ;
#4290 = CARTESIAN_POINT ( 'NONE',  ( -3.127778409939248494, 2.118235399615123082, -0.9944487678161241240 ) ) ;
#4291 = UNCERTAINTY_MEASURE_WITH_UNIT (LENGTH_MEASURE( 1.000000000000000082E-05 ), #3187, 'distance_accuracy_value', 'NONE');
#4292 = CARTESIAN_POINT ( 'NONE',  ( -1.627778409939249826, 2.118235399615123082, 0.9944487678161216815 ) ) ;
#4293 = CARTESIAN_POINT ( 'NONE',  ( -1.627778409939249826, 2.118235399615122638, 1.394448767816122592 ) ) ;
#4294 = EDGE_CURVE ( 'NONE', #4596, #3895, #82, .T. ) ;
#4295 = VERTEX_POINT ( 'NONE', #3633 ) ;
#4296 = DIRECTION ( 'NONE',  ( -0.000000000000000000, 0.3272455802922021872, 0.9449393261893695994 ) ) ;
#4297 = DIRECTION ( 'NONE',  ( -3.608224830031756291E-16, 0.000000000000000000, -1.000000000000000000 ) ) ;
#4298 = CARTESIAN_POINT ( 'NONE',  ( 4.665000000000000036, 0.000000000000000000, -1.000000000000000444 ) ) ;
#4299 = ORIENTED_EDGE ( 'NONE', *, *, #3610, .F. ) ;
#4300 = EDGE_CURVE ( 'NONE', #3144, #1055, #1765, .T. ) ;
#4301 = APPLICATION_PROTOCOL_DEFINITION ( 'draft international standard', 'automotive_design', 1998, #4119 ) ;
#4302 = ORIENTED_EDGE ( 'NONE', *, *, #4664, .T. ) ;
#4303 = CARTESIAN_POINT ( 'NONE',  ( -3.127778409939249382, 2.118235399615123082, 0.9944487678161212374 ) ) ;
#4304 = CARTESIAN_POINT ( 'NONE',  ( 0.000000000000000000, 1.583607624610294806, 0.4000000000000000222 ) ) ;
#4305 = ORIENTED_EDGE ( 'NONE', *, *, #4440, .F. ) ;
#4306 = LINE ( 'NONE', #4748, #3068 ) ;
#4307 = VERTEX_POINT ( 'NONE', #1187 ) ;
#4308 = AXIS2_PLACEMENT_3D ( 'NONE', #4359, #3490, #5798 ) ;
#4309 = CARTESIAN_POINT ( 'NONE',  ( 1.126143534192405093, 2.919136647305522470, -1.444448767816122192 ) ) ;
#4310 = CYLINDRICAL_SURFACE ( 'NONE', #6310, 0.2999999999999999334 ) ;
#4311 = ORIENTED_EDGE ( 'NONE', *, *, #5698, .T. ) ;
#4312 = VECTOR ( 'NONE', #71, 1000.000000000000000 ) ;
#4313 = DIRECTION ( 'NONE',  ( -1.000000000000000000, 3.497202527569243102E-15, 0.000000000000000000 ) ) ;
#4314 = EDGE_LOOP ( 'NONE', ( #2385, #3559, #5234, #6255, #1405, #4991, #3503, #5020 ) ) ;
#4315 = DIRECTION ( 'NONE',  ( 1.000000000000000000, 0.000000000000000000, -2.911116689277479698E-16 ) ) ;
#4316 = PRODUCT_DEFINITION_SHAPE ( 'NONE', 'NONE',  #1791 ) ;
#4317 = VECTOR ( 'NONE', #5509, 1000.000000000000000 ) ;
#4318 = CARTESIAN_POINT ( 'NONE',  ( 1.301042606982604729E-15, -1.620000225265048838E-14, -1.400000000000000133 ) ) ;
#4319 = ORIENTED_EDGE ( 'NONE', *, *, #4573, .T. ) ;
#4320 = CARTESIAN_POINT ( 'NONE',  ( -4.664999999999999147, 0.6053979116170363772, 0.4184320681164753752 ) ) ;
#4321 = CARTESIAN_POINT ( 'NONE',  ( -3.003514341227319751, 2.118235399615123526, -1.294448767816123391 ) ) ;
#4322 = EDGE_CURVE ( 'NONE', #1788, #2959, #3174, .T. ) ;
#4323 = LINE ( 'NONE', #5702, #3824 ) ;
#4324 = CARTESIAN_POINT ( 'NONE',  ( 4.315000000000001279, -1.241146004101740251E-15, -1.000000000000000444 ) ) ;
#4325 = ORIENTED_EDGE ( 'NONE', *, *, #4946, .T. ) ;
#4326 = EDGE_CURVE ( 'NONE', #3638, #5391, #2122, .T. ) ;
#4327 = CARTESIAN_POINT ( 'NONE',  ( -4.665000000000000036, 1.084202172485504434E-16, -1.000000000000000444 ) ) ;
#4328 = CARTESIAN_POINT ( 'NONE',  ( -2.827778409939250004, 3.685735931286430400, 1.294448767817916623 ) ) ;
#4329 = DIRECTION ( 'NONE',  ( 0.000000000000000000, -1.000000000000000000, -1.110223024625156294E-16 ) ) ;
#4330 = CARTESIAN_POINT ( 'NONE',  ( 4.864999999999998437, 1.633217365692808842, 0.4184320681164753197 ) ) ;
#4331 = ADVANCED_FACE ( 'NONE', ( #2211 ), #4185, .T. ) ;
#4332 = EDGE_LOOP ( 'NONE', ( #4114, #2742, #1310, #256 ) ) ;
#4333 = EDGE_CURVE ( 'NONE', #3144, #3309, #1606, .T. ) ;
#4334 = DIRECTION ( 'NONE',  ( 0.000000000000000000, 0.000000000000000000, 1.000000000000000000 ) ) ;
#4335 = ORIENTED_EDGE ( 'NONE', *, *, #2242, .T. ) ;
#4336 = LINE ( 'NONE', #3852, #4079 ) ;
#4337 = CARTESIAN_POINT ( 'NONE',  ( -1.627778409939248716, 1.918235399615123127, 0.9944487678161231248 ) ) ;
#4338 = ORIENTED_EDGE ( 'NONE', *, *, #2946, .F. ) ;
#4339 = VECTOR ( 'NONE', #2838, 1000.000000000000000 ) ;
#4340 = CARTESIAN_POINT ( 'NONE',  ( 1.627778409939249826, 2.302283963551872592, 1.849169417213810229 ) ) ;
#4341 = DIRECTION ( 'NONE',  ( 1.000000000000000000, 0.000000000000000000, 1.972152263052529076E-31 ) ) ;
#4342 = ORIENTED_EDGE ( 'NONE', *, *, #4440, .T. ) ;
#4343 = AXIS2_PLACEMENT_3D ( 'NONE', #5383, #1495, #3462 ) ;
#4344 = CYLINDRICAL_SURFACE ( 'NONE', #754, 0.2999999999999999334 ) ;
#4345 = ORIENTED_EDGE ( 'NONE', *, *, #4799, .F. ) ;
#4346 = LINE ( 'NONE', #1964, #253 ) ;
#4347 = DIRECTION ( 'NONE',  ( -3.552713678800500140E-15, 1.000000000000000000, 0.000000000000000000 ) ) ;
#4348 = ORIENTED_EDGE ( 'NONE', *, *, #4742, .T. ) ;
#4349 = DIRECTION ( 'NONE',  ( 1.000000000000000000, 0.000000000000000000, 0.000000000000000000 ) ) ;
#4350 = CARTESIAN_POINT ( 'NONE',  ( 1.627778409939249826, 2.883781308246195163, 1.409093428756794886 ) ) ;
#4351 = UNCERTAINTY_MEASURE_WITH_UNIT (LENGTH_MEASURE( 1.000000000000000082E-05 ), #5614, 'distance_accuracy_value', 'NONE');
#4352 = VECTOR ( 'NONE', #4455, 1000.000000000000114 ) ;
#4353 = DIRECTION ( 'NONE',  ( -3.350313119968968612E-16, 0.000000000000000000, -1.000000000000000000 ) ) ;
#4354 = CARTESIAN_POINT ( 'NONE',  ( -3.327778409939248228, 3.810000000000000053, -0.7448702942612717148 ) ) ;
#4355 = ORIENTED_EDGE ( 'NONE', *, *, #4799, .T. ) ;
#4356 = DIRECTION ( 'NONE',  ( 1.000000000000000000, -0.000000000000000000, -3.350313119968968612E-16 ) ) ;
#4357 = DIRECTION ( 'NONE',  ( -1.000000000000000000, 0.000000000000000000, -2.911116689277474274E-16 ) ) ;
#4358 = ADVANCED_FACE ( 'NONE', ( #174 ), #5069, .F. ) ;
#4359 = CARTESIAN_POINT ( 'NONE',  ( -1.627778409939249826, 2.118235399615123082, 0.9944487678161216815 ) ) ;
#4360 = DIRECTION ( 'NONE',  ( 4.163336342344335178E-17, 0.000000000000000000, 1.000000000000000000 ) ) ;
#4361 = CARTESIAN_POINT ( 'NONE',  ( 3.127778409939248938, 2.015291674462836635, 1.170184699104192649 ) ) ;
#4362 = EDGE_LOOP ( 'NONE', ( #1411, #4786, #2150, #98 ) ) ;
#4363 = EDGE_CURVE ( 'NONE', #2903, #3799, #5553, .T. ) ;
#4364 = DIRECTION ( 'NONE',  ( 0.000000000000000000, 0.000000000000000000, 1.000000000000000000 ) ) ;
#4365 = ORIENTED_EDGE ( 'NONE', *, *, #1767, .F. ) ;
#4366 = EDGE_CURVE ( 'NONE', #2053, #5399, #4592, .T. ) ;
#4367 = EDGE_CURVE ( 'NONE', #3973, #383, #3112, .T. ) ;
#4368 = DIRECTION ( 'NONE',  ( 1.000000000000000000, -0.000000000000000000, -3.350313119968968612E-16 ) ) ;
#4369 = CARTESIAN_POINT ( 'NONE',  ( -4.865000000000000213, 3.810000000000000053, -1.825224324045338076 ) ) ;
#4370 = VECTOR ( 'NONE', #2971, 1000.000000000000000 ) ;
#4371 = EDGE_LOOP ( 'NONE', ( #5283, #2182, #2848 ) ) ;
#4372 = DIRECTION ( 'NONE',  ( 0.000000000000000000, 0.000000000000000000, 1.000000000000000000 ) ) ;
#4373 = VERTEX_POINT ( 'NONE', #5103 ) ;
#4374 = VECTOR ( 'NONE', #5806, 1000.000000000000000 ) ;
#4375 = PLANE ( 'NONE',  #1392 ) ;
#4376 = SURFACE_STYLE_FILL_AREA ( #2989 ) ;
#4377 = ORIENTED_EDGE ( 'NONE', *, *, #558, .F. ) ;
#4378 = LINE ( 'NONE', #2033, #1991 ) ;
#4379 = ORIENTED_EDGE ( 'NONE', *, *, #6130, .F. ) ;
#4380 = DIRECTION ( 'NONE',  ( -0.000000000000000000, -1.000000000000000000, -0.000000000000000000 ) ) ;
#4381 = LINE ( 'NONE', #5407, #2390 ) ;
#4382 = EDGE_LOOP ( 'NONE', ( #5550, #847, #4852, #4755 ) ) ;
#4383 = LINE ( 'NONE', #5309, #2404 ) ;
#4384 = CARTESIAN_POINT ( 'NONE',  ( -1.591125123973731181, 0.2000000000000052847, -1.400000000000000577 ) ) ;
#4385 = CARTESIAN_POINT ( 'NONE',  ( 3.752267713333899302, 0.2000000000000132505, -1.400000000000000355 ) ) ;
#4386 = VERTEX_POINT ( 'NONE', #2094 ) ;
#4387 = VERTEX_POINT ( 'NONE', #673 ) ;
#4388 = DIRECTION ( 'NONE',  ( -0.000000000000000000, -1.000000000000000000, -0.000000000000000000 ) ) ;
#4389 = FACE_OUTER_BOUND ( 'NONE', #5603, .T. ) ;
#4390 = CARTESIAN_POINT ( 'NONE',  ( 1.875000000000000666, 3.810000000000000053, -2.515000000000000124 ) ) ;
#4391 = LINE ( 'NONE', #2909, #2667 ) ;
#4392 = VERTEX_POINT ( 'NONE', #2180 ) ;
#4393 = EDGE_CURVE ( 'NONE', #1686, #262, #201, .T. ) ;
#4394 = VERTEX_POINT ( 'NONE', #4064 ) ;
#4395 = EDGE_LOOP ( 'NONE', ( #5534, #5843, #3100, #5222 ) ) ;
#4396 = DIRECTION ( 'NONE',  ( 0.000000000000000000, -3.885780586188045919E-16, 1.000000000000000000 ) ) ;
#4397 = CARTESIAN_POINT ( 'NONE',  ( 0.000000000000000000, 0.000000000000000000, -0.4000000000000000222 ) ) ;
#4398 = EDGE_LOOP ( 'NONE', ( #3439, #4319, #4794, #2395, #6215, #4680, #3941 ) ) ;
#4399 = CARTESIAN_POINT ( 'NONE',  ( 2.827778409939249560, 2.118235399615123082, 0.9944487678161214594 ) ) ;
#4400 = CARTESIAN_POINT ( 'NONE',  ( 4.664999999999999147, 0.7000000000000022871, 0.000000000000000000 ) ) ;
#4401 = VERTEX_POINT ( 'NONE', #5587 ) ;
#4402 = FACE_OUTER_BOUND ( 'NONE', #3134, .T. ) ;
#4403 = EDGE_LOOP ( 'NONE', ( #3676, #1930, #5195, #4695 ) ) ;
#4404 = CYLINDRICAL_SURFACE ( 'NONE', #2805, 0.2999999999999999334 ) ;
#4405 = EDGE_CURVE ( 'NONE', #4640, #5598, #4624, .T. ) ;
#4406 = ORIENTED_EDGE ( 'NONE', *, *, #5062, .T. ) ;
#4407 = VECTOR ( 'NONE', #5796, 1000.000000000000000 ) ;
#4408 = CARTESIAN_POINT ( 'NONE',  ( 4.664999999999999147, 0.000000000000000000, -0.4000000000000000222 ) ) ;
#4409 = ADVANCED_FACE ( 'NONE', ( #2575 ), #6098, .T. ) ;
#4410 = DIRECTION ( 'NONE',  ( -3.441691376337985670E-15, 1.000000000000000000, 1.224646799147351235E-16 ) ) ;
#4411 = VECTOR ( 'NONE', #2237, 1000.000000000000000 ) ;
#4412 = LINE ( 'NONE', #2486, #418 ) ;
#4413 = CIRCLE ( 'NONE', #1331, 0.1999999999999998723 ) ;
#4414 = CARTESIAN_POINT ( 'NONE',  ( -1.126143534192404871, 2.919136647305522914, -1.294448767816122059 ) ) ;
#4415 = CARTESIAN_POINT ( 'NONE',  ( 4.314999999999999503, 0.1999999999999990397, -1.000000000000000444 ) ) ;
#4416 = ORIENTED_EDGE ( 'NONE', *, *, #5259, .T. ) ;
#4417 = DIRECTION ( 'NONE',  ( -4.163336342344335794E-17, 1.110223024625156294E-16, -1.000000000000000000 ) ) ;
#4418 = CARTESIAN_POINT ( 'NONE',  ( 4.864999999999999325, 1.583607624610294806, 0.4000000000000000222 ) ) ;
#4419 = CARTESIAN_POINT ( 'NONE',  ( 1.301042606982604926E-15, -1.624898812461638181E-14, -1.000000000000000444 ) ) ;
#4420 = CARTESIAN_POINT ( 'NONE',  ( -4.664999999999999147, 1.633217365692808620, -0.4184320681164753752 ) ) ;
#4421 = CARTESIAN_POINT ( 'NONE',  ( 3.873634909763690626, 3.810000000000000053, 0.7448702942612743794 ) ) ;
#4422 = CARTESIAN_POINT ( 'NONE',  ( 4.665000000000000036, 1.818235399615123038, -2.515000000000000124 ) ) ;
#4423 = ORIENTED_EDGE ( 'NONE', *, *, #6157, .T. ) ;
#4424 = ORIENTED_EDGE ( 'NONE', *, *, #751, .F. ) ;
#4425 = DIRECTION ( 'NONE',  ( 0.000000000000000000, 0.000000000000000000, -1.000000000000000000 ) ) ;
#4426 = CARTESIAN_POINT ( 'NONE',  ( -3.873634909763690182, 3.810000000000000053, -1.825224324045338076 ) ) ;
#4427 = VERTEX_POINT ( 'NONE', #3668 ) ;
#4428 =( REPRESENTATION_RELATIONSHIP ('NONE','NONE', #2023, #5289 ) REPRESENTATION_RELATIONSHIP_WITH_TRANSFORMATION ( #3126 )SHAPE_REPRESENTATION_RELATIONSHIP( ) );
#4429 =( NAMED_UNIT ( * ) PLANE_ANGLE_UNIT ( ) SI_UNIT ( $, .RADIAN. ) );
#4430 = ORIENTED_EDGE ( 'NONE', *, *, #2898, .T. ) ;
#4431 = AXIS2_PLACEMENT_3D ( 'NONE', #5414, #1975, #5482 ) ;
#4432 = DIRECTION ( 'NONE',  ( -1.000000000000000000, 0.000000000000000000, -0.000000000000000000 ) ) ;
#4433 = ORIENTED_EDGE ( 'NONE', *, *, #3784, .F. ) ;
#4434 = DIRECTION ( 'NONE',  ( -1.000000000000000000, 3.497202527569243102E-15, 0.000000000000000000 ) ) ;
#4435 = CIRCLE ( 'NONE', #5249, 0.1499999999999999667 ) ;
#4436 = EDGE_LOOP ( 'NONE', ( #1885, #2427, #66 ) ) ;
#4437 = CARTESIAN_POINT ( 'NONE',  ( 1.627778409939249826, 3.510000000000000231, 0.9944487678161216815 ) ) ;
#4438 = CARTESIAN_POINT ( 'NONE',  ( 4.865000000000000213, 0.9000000000000032419, 0.000000000000000000 ) ) ;
#4439 = AXIS2_PLACEMENT_3D ( 'NONE', #2126, #4096, #6040 ) ;
#4440 = EDGE_CURVE ( 'NONE', #3327, #1786, #1609, .T. ) ;
#4441 = CARTESIAN_POINT ( 'NONE',  ( -3.127778409939248938, -1.452381048782462436, 0.7448702942612707156 ) ) ;
#4442 =( LENGTH_UNIT ( ) NAMED_UNIT ( * ) SI_UNIT ( .MILLI., .METRE. ) );
#4443 = VERTEX_POINT ( 'NONE', #1673 ) ;
#4444 = VECTOR ( 'NONE', #3033, 1000.000000000000000 ) ;
#4445 = EDGE_CURVE ( 'NONE', #3908, #3151, #3556, .T. ) ;
#4446 = DIRECTION ( 'NONE',  ( -1.000000000000000000, -3.552713678800500140E-15, -3.944304526105059027E-31 ) ) ;
#4447 = CARTESIAN_POINT ( 'NONE',  ( -2.827778409939248672, 1.818235399615123482, -0.9944487678161221256 ) ) ;
#4448 = VERTEX_POINT ( 'NONE', #2694 ) ;
#4449 = CYLINDRICAL_SURFACE ( 'NONE', #945, 0.1999999999999998723 ) ;
#4450 = CARTESIAN_POINT ( 'NONE',  ( 3.003514341227320639, 3.810000000000000941, -0.9944487678161219035 ) ) ;
#4451 = VECTOR ( 'NONE', #5946, 1000.000000000000000 ) ;
#4452 = LINE ( 'NONE', #2940, #809 ) ;
#4453 = DIRECTION ( 'NONE',  ( 1.000000000000000000, 1.088685050709304949E-16, 0.000000000000000000 ) ) ;
#4454 = PLANE ( 'NONE',  #716 ) ;
#4455 = DIRECTION ( 'NONE',  ( 0.000000000000000000, 0.7071067811865460184, 0.7071067811865489050 ) ) ;
#4456 = ORIENTED_EDGE ( 'NONE', *, *, #5546, .T. ) ;
#4457 = ORIENTED_EDGE ( 'NONE', *, *, #3665, .T. ) ;
#4458 = ITEM_DEFINED_TRANSFORMATION ( 'NONE', 'NONE', #5409,  #1731 ) ;
#4459 = DIRECTION ( 'NONE',  ( 0.000000000000000000, -1.000000000000000000, -3.481703215984523352E-32 ) ) ;
#4460 = CARTESIAN_POINT ( 'NONE',  ( -1.591125123973731181, 0.2000000000000056732, -1.400000000000000577 ) ) ;
#4461 = ORIENTED_EDGE ( 'NONE', *, *, #6275, .T. ) ;
#4462 = ORIENTED_EDGE ( 'NONE', *, *, #3778, .F. ) ;
#4463 = CARTESIAN_POINT ( 'NONE',  ( 1.875000000000000666, 3.810000000000000053, -2.515000000000000124 ) ) ;
#4464 = CARTESIAN_POINT ( 'NONE',  ( -4.664999999999999147, 3.510000000000000231, 1.929118480386108336 ) ) ;
#4465 = EDGE_LOOP ( 'NONE', ( #6292, #4135, #485, #5275 ) ) ;
#4466 = CARTESIAN_POINT ( 'NONE',  ( 1.366818319492648204, 3.132929601890217963, -1.394448767816122592 ) ) ;
#4467 = EDGE_CURVE ( 'NONE', #3042, #2647, #4649, .T. ) ;
#4468 = VECTOR ( 'NONE', #4396, 1000.000000000000000 ) ;
#4469 = EDGE_LOOP ( 'NONE', ( #6091, #582, #5644, #4508, #4567, #2924 ) ) ;
#4470 = DIRECTION ( 'NONE',  ( -2.426671729927916627E-32, -3.885780586188046905E-16, -1.000000000000000000 ) ) ;
#4471 = FACE_OUTER_BOUND ( 'NONE', #5577, .T. ) ;
#4472 = FACE_OUTER_BOUND ( 'NONE', #6182, .T. ) ;
#4473 = EDGE_LOOP ( 'NONE', ( #457, #3538, #519 ) ) ;
#4474 = CIRCLE ( 'NONE', #377, 0.1999999999999998723 ) ;
#4475 = AXIS2_PLACEMENT_3D ( 'NONE', #3675, #2763, #3214 ) ;
#4476 = CARTESIAN_POINT ( 'NONE',  ( 1.126143534192405093, 2.919136647305522470, -1.394448767816122370 ) ) ;
#4477 = EDGE_CURVE ( 'NONE', #3787, #4523, #5254, .T. ) ;
#4478 = SURFACE_SIDE_STYLE ('',( #4541 ) ) ;
#4479 = ADVANCED_FACE ( 'NONE', ( #2756 ), #857, .T. ) ;
#4480 = VERTEX_POINT ( 'NONE', #4210 ) ;
#4482 = DIRECTION ( 'NONE',  ( 0.000000000000000000, -0.000000000000000000, 1.000000000000000000 ) ) ;
#4481 = PRODUCT_DEFINITION_FORMATION_WITH_SPECIFIED_SOURCE ( 'ANY', '', #6145, .NOT_KNOWN. ) ;
#4483 = CARTESIAN_POINT ( 'NONE',  ( -1.874999999999998668, -1.452381048782462436, -1.294448767816122059 ) ) ;
#4484 = FACE_OUTER_BOUND ( 'NONE', #4629, .T. ) ;
#4485 = DIRECTION ( 'NONE',  ( 2.465190328815661892E-32, 1.000000000000000000, 8.259159501851727819E-48 ) ) ;
#4486 = ORIENTED_EDGE ( 'NONE', *, *, #3106, .F. ) ;
#4487 = CARTESIAN_POINT ( 'NONE',  ( 4.664999999999999147, 3.510000000000000231, 1.929118480386108558 ) ) ;
#4488 = EDGE_CURVE ( 'NONE', #5139, #6101, #3267, .T. ) ;
#4489 = EDGE_LOOP ( 'NONE', ( #2289, #5349, #3997, #3703 ) ) ;
#4490 = SHAPE_DEFINITION_REPRESENTATION ( #817, #4638 ) ;
#4491 = AXIS2_PLACEMENT_3D ( 'NONE', #6250, #3301, #2381 ) ;
#4492 = VECTOR ( 'NONE', #3644, 1000.000000000000000 ) ;
#4493 = DIRECTION ( 'NONE',  ( 1.000000000000000000, -3.144270156670344122E-16, 1.574177697986578570E-16 ) ) ;
#4494 = DIRECTION ( 'NONE',  ( 4.857225732735062946E-17, 1.000000000000000000, 3.885780586188045919E-16 ) ) ;
#4495 = ADVANCED_FACE ( 'NONE', ( #1789 ), #2271, .F. ) ;
#4496 = ORIENTED_EDGE ( 'NONE', *, *, #5611, .F. ) ;
#4497 = ORIENTED_EDGE ( 'NONE', *, *, #4951, .F. ) ;
#4498 = CARTESIAN_POINT ( 'NONE',  ( -3.127778409939249382, 1.818235399615123482, 0.9944487678161212374 ) ) ;
#4499 = CARTESIAN_POINT ( 'NONE',  ( -1.627778409939249382, 1.818235399615123482, -6.112362009258934818E-16 ) ) ;
#4500 = DIRECTION ( 'NONE',  ( 0.000000000000000000, 1.000000000000000000, -0.000000000000000000 ) ) ;
#4501 = EDGE_LOOP ( 'NONE', ( #4722, #5199, #2914, #779 ) ) ;
#4502 = LINE ( 'NONE', #121, #4245 ) ;
#4503 = ORIENTED_EDGE ( 'NONE', *, *, #4300, .T. ) ;
#4504 = CARTESIAN_POINT ( 'NONE',  ( -4.664999999999999147, 0.5499999999999988232, 0.9999999999999997780 ) ) ;
#4505 = AXIS2_PLACEMENT_3D ( 'NONE', #4399, #2380, #3762 ) ;
#4506 = VERTEX_POINT ( 'NONE', #2786 ) ;
#4507 = DIRECTION ( 'NONE',  ( -4.282837881357679770E-31, -1.224646799147345565E-16, 1.000000000000000000 ) ) ;
#4508 = ORIENTED_EDGE ( 'NONE', *, *, #5288, .T. ) ;
#4509 = CARTESIAN_POINT ( 'NONE',  ( -3.127778409939248494, 3.510000000000000231, -0.9944487678161233468 ) ) ;
#4510 = CARTESIAN_POINT ( 'NONE',  ( -3.752267713333899302, 0.2000000000000128897, -1.400000000000000133 ) ) ;
#4511 = PLANE ( 'NONE',  #2489 ) ;
#4512 = ORIENTED_EDGE ( 'NONE', *, *, #2238, .T. ) ;
#4513 = CARTESIAN_POINT ( 'NONE',  ( 1.627778409939249826, 2.372994641670527205, 1.919880095332464842 ) ) ;
#4514 = VECTOR ( 'NONE', #1429, 1000.000000000000000 ) ;
#4515 = ADVANCED_FACE ( 'NONE', ( #3295 ), #5776, .T. ) ;
#4516 = FACE_OUTER_BOUND ( 'NONE', #1469, .T. ) ;
#4517 = DIRECTION ( 'NONE',  ( -1.088685050709304949E-16, 1.000000000000000000, 0.000000000000000000 ) ) ;
#4518 = VECTOR ( 'NONE', #1883, 1000.000000000000000 ) ;
#4519 = ORIENTED_EDGE ( 'NONE', *, *, #1081, .F. ) ;
#4520 = AXIS2_PLACEMENT_3D ( 'NONE', #3317, #4866, #3419 ) ;
#4521 = CARTESIAN_POINT ( 'NONE',  ( -3.127778409939248494, 3.612943725152286678, -1.170184699104194870 ) ) ;
#4522 = ADVANCED_FACE ( 'NONE', ( #4270 ), #4201, .T. ) ;
#4523 = VERTEX_POINT ( 'NONE', #827 ) ;
#4524 = FACE_OUTER_BOUND ( 'NONE', #111, .T. ) ;
#4525 = CARTESIAN_POINT ( 'NONE',  ( -1.627778409939249826, 2.813070630127540550, -1.338382750638140051 ) ) ;
#4526 = EDGE_CURVE ( 'NONE', #1899, #5, #355, .T. ) ;
#4527 = EDGE_CURVE ( 'NONE', #2416, #1792, #4771, .T. ) ;
#4528 = ORIENTED_EDGE ( 'NONE', *, *, #861, .F. ) ;
#4529 =( NAMED_UNIT ( * ) SI_UNIT ( $, .STERADIAN. ) SOLID_ANGLE_UNIT ( ) );
#4530 = DIRECTION ( 'NONE',  ( 1.000000000000000000, -0.000000000000000000, 0.000000000000000000 ) ) ;
#4531 = LINE ( 'NONE', #4124, #155 ) ;
#4532 = EDGE_LOOP ( 'NONE', ( #871, #3227, #2437, #1727 ) ) ;
#4533 =( NAMED_UNIT ( * ) PLANE_ANGLE_UNIT ( ) SI_UNIT ( $, .RADIAN. ) );
#4534 = FACE_OUTER_BOUND ( 'NONE', #1135, .T. ) ;
#4535 = CARTESIAN_POINT ( 'NONE',  ( 3.127778409939248938, 1.818235399615122816, 0.7448702942612743794 ) ) ;
#4536 = ORIENTED_EDGE ( 'NONE', *, *, #1137, .T. ) ;
#4537 = UNCERTAINTY_MEASURE_WITH_UNIT (LENGTH_MEASURE( 1.000000000000000082E-05 ), #5190, 'distance_accuracy_value', 'NONE');
#4538 = AXIS2_PLACEMENT_3D ( 'NONE', #5112, #3065, #6109 ) ;
#4539 = CARTESIAN_POINT ( 'NONE',  ( 1.874999999999999556, 3.373604387190460407, 1.394448767816122592 ) ) ;
#4540 = AXIS2_PLACEMENT_3D ( 'NONE', #3514, #2070, #1583 ) ;
#4541 = SURFACE_STYLE_FILL_AREA ( #2585 ) ;
#4542 = DIRECTION ( 'NONE',  ( -1.000000000000000000, -2.200720768989609748E-17, -6.125951915699055677E-17 ) ) ;
#4543 = ORIENTED_EDGE ( 'NONE', *, *, #1339, .F. ) ;
#4544 = AXIS2_PLACEMENT_3D ( 'NONE', #251, #2198, #4637 ) ;
#4545 = CARTESIAN_POINT ( 'NONE',  ( 2.827778409939248672, 3.810000000000001386, -1.170184699104193982 ) ) ;
#4546 = CARTESIAN_POINT ( 'NONE',  ( 3.752267713333899302, 0.2000000000000132505, -1.400000000000000355 ) ) ;
#4547 = DIRECTION ( 'NONE',  ( -9.462128050782576980E-15, -1.000000000000000000, -3.942553354492740573E-16 ) ) ;
#4548 = AXIS2_PLACEMENT_3D ( 'NONE', #4065, #2066, #1096 ) ;
#4549 = ORIENTED_EDGE ( 'NONE', *, *, #3496, .T. ) ;
#4550 = DIRECTION ( 'NONE',  ( 0.000000000000000000, 0.000000000000000000, 1.000000000000000000 ) ) ;
#4551 = EDGE_CURVE ( 'NONE', #682, #3327, #4336, .T. ) ;
#4552 = VERTEX_POINT ( 'NONE', #5743 ) ;
#4553 = AXIS2_PLACEMENT_3D ( 'NONE', #5658, #275, #3609 ) ;
#4554 = VECTOR ( 'NONE', #4360, 1000.000000000000000 ) ;
#4555 = DIRECTION ( 'NONE',  ( 0.000000000000000000, 0.000000000000000000, -1.000000000000000000 ) ) ;
#4556 = CARTESIAN_POINT ( 'NONE',  ( -1.126143534192405093, 2.919136647305522470, 1.444448767816122414 ) ) ;
#4557 = AXIS2_PLACEMENT_3D ( 'NONE', #3558, #570, #165 ) ;
#4558 = EDGE_CURVE ( 'NONE', #5250, #730, #1343, .T. ) ;
#4559 = EDGE_CURVE ( 'NONE', #5440, #718, #1406, .T. ) ;
#4560 = EDGE_CURVE ( 'NONE', #427, #4008, #300, .T. ) ;
#4561 = ORIENTED_EDGE ( 'NONE', *, *, #4031, .T. ) ;
#4562 = CIRCLE ( 'NONE', #6095, 0.2999999999999999334 ) ;
#4563 = EDGE_CURVE ( 'NONE', #5318, #3215, #795, .T. ) ;
#4564 = CARTESIAN_POINT ( 'NONE',  ( 4.364999999999999325, 3.810000000000000053, -1.611637779048593400 ) ) ;
#4565 = DIRECTION ( 'NONE',  ( -3.608224830031756291E-16, 0.000000000000000000, -1.000000000000000000 ) ) ;
#4566 = CARTESIAN_POINT ( 'NONE',  ( -3.752267713333899302, 0.2000000000000052847, 1.399999999999999689 ) ) ;
#4567 = ORIENTED_EDGE ( 'NONE', *, *, #5259, .F. ) ;
#4568 = DIRECTION ( 'NONE',  ( 0.000000000000000000, 0.7071067811865462405, -0.7071067811865489050 ) ) ;
#4569 = DIRECTION ( 'NONE',  ( 4.163336342344340108E-17, -1.000000000000000000, 0.000000000000000000 ) ) ;
#4570 = ORIENTED_EDGE ( 'NONE', *, *, #1966, .F. ) ;
#4571 = CARTESIAN_POINT ( 'NONE',  ( 1.366818319492648204, 3.132929601890217963, 1.394448767816122592 ) ) ;
#4572 = CARTESIAN_POINT ( 'NONE',  ( -2.986176789632888351, 1.918235399615123127, 0.9944487678161216815 ) ) ;
#4573 = EDGE_CURVE ( 'NONE', #822, #4596, #2472, .T. ) ;
#4574 = VECTOR ( 'NONE', #780, 1000.000000000000000 ) ;
#4575 = DIRECTION ( 'NONE',  ( -0.000000000000000000, -0.9449393261893695994, -0.3272455802922021872 ) ) ;
#4576 = FACE_OUTER_BOUND ( 'NONE', #1511, .T. ) ;
#4577 = ORIENTED_EDGE ( 'NONE', *, *, #5940, .T. ) ;
#4578 = CARTESIAN_POINT ( 'NONE',  ( -4.864999999999999325, 0.5499999999999987121, 0.9999999999999995559 ) ) ;
#4579 = VECTOR ( 'NONE', #3878, 1000.000000000000000 ) ;
#4580 = CARTESIAN_POINT ( 'NONE',  ( -3.127778409939248938, 1.818235399615123704, 0.7448702942612707156 ) ) ;
#4581 = CARTESIAN_POINT ( 'NONE',  ( 1.627778409939249826, 3.810000000000000053, 0.9944487678161216815 ) ) ;
#4582 = PRODUCT_DEFINITION_FORMATION_WITH_SPECIFIED_SOURCE ( 'ANY', '', #2666, .NOT_KNOWN. ) ;
#4583 = CARTESIAN_POINT ( 'NONE',  ( 1.875000000000000888, 3.608173674087660654, 1.895119576905404335 ) ) ;
#4584 = VECTOR ( 'NONE', #3054, 1000.000000000000000 ) ;
#4585 = ORIENTED_EDGE ( 'NONE', *, *, #3537, .F. ) ;
#4586 = CARTESIAN_POINT ( 'NONE',  ( 3.873634909763689738, -1.452381048782462436, -1.294448767816116286 ) ) ;
#4587 = DIRECTION ( 'NONE',  ( -0.000000000000000000, 3.481703215984523352E-32, -1.000000000000000000 ) ) ;
#4588 = AXIS2_PLACEMENT_3D ( 'NONE', #5359, #5495, #1927 ) ;
#4589 = ORIENTED_EDGE ( 'NONE', *, *, #1377, .F. ) ;
#4590 =( LENGTH_UNIT ( ) NAMED_UNIT ( * ) SI_UNIT ( .MILLI., .METRE. ) );
#4591 = VERTEX_POINT ( 'NONE', #5970 ) ;
#4592 = LINE ( 'NONE', #236, #77 ) ;
#4593 = LINE ( 'NONE', #2152, #1772 ) ;
#4594 = PLANE ( 'NONE',  #3561 ) ;
#4595 = EDGE_CURVE ( 'NONE', #322, #998, #2535, .T. ) ;
#4596 = VERTEX_POINT ( 'NONE', #5938 ) ;
#4597 = CARTESIAN_POINT ( 'NONE',  ( 2.827778409939249560, 1.818235399615123482, 0.9944487678161214594 ) ) ;
#4598 = FACE_OUTER_BOUND ( 'NONE', #1036, .T. ) ;
#4599 =( LENGTH_UNIT ( ) NAMED_UNIT ( * ) SI_UNIT ( .MILLI., .METRE. ) );
#4600 = EDGE_LOOP ( 'NONE', ( #4906, #5936, #6212, #5229, #4727, #4935, #3613, #5290 ) ) ;
#4601 = EDGE_CURVE ( 'NONE', #4552, #4427, #4878, .T. ) ;
#4602 = CARTESIAN_POINT ( 'NONE',  ( -1.064999999999998170, 0.1999999999999877431, -1.000000000000000444 ) ) ;
#4603 = ADVANCED_FACE ( 'NONE', ( #42 ), #3470, .F. ) ;
#4604 = DIRECTION ( 'NONE',  ( 0.000000000000000000, 0.9449393261893695994, 0.3272455802922022428 ) ) ;
#4605 = CARTESIAN_POINT ( 'NONE',  ( -1.627778409939249826, 3.132929601890217963, 1.294448767816122281 ) ) ;
#4606 = VERTEX_POINT ( 'NONE', #2439 ) ;
#4607 = ORIENTED_EDGE ( 'NONE', *, *, #3745, .T. ) ;
#4608 = CARTESIAN_POINT ( 'NONE',  ( 4.664999999999999147, 3.510000000000000231, 0.000000000000000000 ) ) ;
#4609 = DIRECTION ( 'NONE',  ( 0.000000000000000000, 0.000000000000000000, 1.000000000000000000 ) ) ;
#4610 = VERTEX_POINT ( 'NONE', #481 ) ;
#4611 = CARTESIAN_POINT ( 'NONE',  ( -3.127778409939248494, 3.685735931288071310, -0.9944487678161233468 ) ) ;
#4612 = ORIENTED_EDGE ( 'NONE', *, *, #2057, .T. ) ;
#4613 = CIRCLE ( 'NONE', #4925, 0.3500000000000002554 ) ;
#4614 = PRODUCT_DEFINITION_SHAPE ( 'NONE', 'NONE',  #3763 ) ;
#4615 = DIRECTION ( 'NONE',  ( -7.891154582329502122E-16, 0.000000000000000000, -1.000000000000000000 ) ) ;
#4616 = VECTOR ( 'NONE', #5708, 1000.000000000000000 ) ;
#4617 = DIRECTION ( 'NONE',  ( -1.000000000000000000, 0.000000000000000000, -0.000000000000000000 ) ) ;
#4618 = AXIS2_PLACEMENT_3D ( 'NONE', #1748, #1718, #3684 ) ;
#4619 = AXIS2_PLACEMENT_3D ( 'NONE', #1452, #3805, #5206 ) ;
#4620 = VECTOR ( 'NONE', #2600, 1000.000000000000000 ) ;
#4621 = EDGE_LOOP ( 'NONE', ( #1249, #2501, #1920, #5852 ) ) ;
#4622 = EDGE_LOOP ( 'NONE', ( #4365, #5607, #943, #6167 ) ) ;
#4623 = VERTEX_POINT ( 'NONE', #1566 ) ;
#4624 = LINE ( 'NONE', #2151, #6203 ) ;
#4625 = DIRECTION ( 'NONE',  ( 0.000000000000000000, 0.000000000000000000, -1.000000000000000000 ) ) ;
#4626 = ORIENTED_EDGE ( 'NONE', *, *, #3294, .T. ) ;
#4627 = DIRECTION ( 'NONE',  ( -6.023345402697287394E-17, 1.224646799147351235E-16, -1.000000000000000000 ) ) ;
#4628 = CARTESIAN_POINT ( 'NONE',  ( -4.314999999999999503, 0.5499999999999992673, -1.000000000000000444 ) ) ;
#4629 = EDGE_LOOP ( 'NONE', ( #4828, #4279, #4688, #3305 ) ) ;
#4630 = PLANE ( 'NONE',  #2184 ) ;
#4631 = EDGE_CURVE ( 'NONE', #6252, #2257, #2504, .T. ) ;
#4632 = LINE ( 'NONE', #1320, #2231 ) ;
#4633 = EDGE_CURVE ( 'NONE', #4661, #3799, #2407, .T. ) ;
#4634 = CARTESIAN_POINT ( 'NONE',  ( 1.875000000000000888, 1.818235399615123038, -1.294448767816115176 ) ) ;
#4635 = EDGE_CURVE ( 'NONE', #5723, #2539, #512, .T. ) ;
#4636 = CARTESIAN_POINT ( 'NONE',  ( -2.986176789632888351, 1.918235399615123127, -0.9944487678161219035 ) ) ;
#4637 = DIRECTION ( 'NONE',  ( 0.000000000000000000, 0.000000000000000000, 1.000000000000000000 ) ) ;
#4638 = SHAPE_REPRESENTATION ( '0154002.DR_2', ( #1731 ), #2559 ) ;
#4639 = DIRECTION ( 'NONE',  ( 2.775557561562890118E-17, -3.885780586188045919E-16, 1.000000000000000000 ) ) ;
#4640 = VERTEX_POINT ( 'NONE', #954 ) ;
#4641 = CARTESIAN_POINT ( 'NONE',  ( 1.874999999999999556, 3.061149402765582561, 1.394448767816122592 ) ) ;
#4642 = CARTESIAN_POINT ( 'NONE',  ( -4.865000000000000213, 3.810000000000000053, 1.611637779048592956 ) ) ;
#4643 = VECTOR ( 'NONE', #1808, 1000.000000000000000 ) ;
#4644 = VECTOR ( 'NONE', #1523, 1000.000000000000000 ) ;
#4645 = ORIENTED_EDGE ( 'NONE', *, *, #438, .F. ) ;
#4646 = AXIS2_PLACEMENT_3D ( 'NONE', #5554, #6035, #2638 ) ;
#4647 = VERTEX_POINT ( 'NONE', #1438 ) ;
#4648 = ORIENTED_EDGE ( 'NONE', *, *, #4363, .F. ) ;
#4649 = LINE ( 'NONE', #5680, #6009 ) ;
#4650 = LINE ( 'NONE', #3435, #1368 ) ;
#4651 = EDGE_LOOP ( 'NONE', ( #1066, #1764, #4182, #4457 ) ) ;
#4652 = ORIENTED_EDGE ( 'NONE', *, *, #603, .F. ) ;
#4653 = CARTESIAN_POINT ( 'NONE',  ( -4.864999999999998437, 2.236750975993232693, 0.3748159921583313348 ) ) ;
#4654 = DIRECTION ( 'NONE',  ( -1.000000000000000000, -0.000000000000000000, -0.000000000000000000 ) ) ;
#4655 = ORIENTED_EDGE ( 'NONE', *, *, #2052, .T. ) ;
#4656 = DIRECTION ( 'NONE',  ( -2.958228394578794270E-31, 3.097720492815728645E-16, -1.000000000000000000 ) ) ;
#4657 = ADVANCED_FACE ( 'NONE', ( #5908 ), #5840, .F. ) ;
#4658 = CARTESIAN_POINT ( 'NONE',  ( 2.827778409939248228, 1.818235399615122594, -1.170184699104194870 ) ) ;
#4659 = PRODUCT_DEFINITION_SHAPE ( 'NONE', 'NONE',  #3686 ) ;
#4660 = DIRECTION ( 'NONE',  ( 1.000000000000000000, 1.326790515274858196E-47, -9.860761315262647568E-32 ) ) ;
#4661 = VERTEX_POINT ( 'NONE', #5871 ) ;
#4662 = CARTESIAN_POINT ( 'NONE',  ( -3.127778409939249382, 3.510000000000000231, 1.294448767816121171 ) ) ;
#4663 = DIRECTION ( 'NONE',  ( -3.497202527569243102E-15, -1.000000000000000000, 0.000000000000000000 ) ) ;
#4664 = EDGE_CURVE ( 'NONE', #5517, #5250, #6107, .T. ) ;
#4665 = VECTOR ( 'NONE', #3038, 1000.000000000000000 ) ;
#4666 = CARTESIAN_POINT ( 'NONE',  ( -1.366818319492648204, 2.302283963551872148, 1.849169417213810673 ) ) ;
#4667 = EDGE_CURVE ( 'NONE', #6289, #6297, #6, .T. ) ;
#4668 = ORIENTED_EDGE ( 'NONE', *, *, #4993, .T. ) ;
#4669 = APPLICATION_CONTEXT ( 'automotive_design' ) ;
#4670 = LINE ( 'NONE', #5604, #3495 ) ;
#4671 = VECTOR ( 'NONE', #5161, 1000.000000000000000 ) ;
#4672 = VERTEX_POINT ( 'NONE', #1472 ) ;
#4673 = CARTESIAN_POINT ( 'NONE',  ( -2.827778409939250004, 3.810000000000000497, 1.170184699105616177 ) ) ;
#4674 = FACE_OUTER_BOUND ( 'NONE', #168, .T. ) ;
#4675 = AXIS2_PLACEMENT_3D ( 'NONE', #1088, #169, #4116 ) ;
#4676 = VECTOR ( 'NONE', #3542, 999.9999999999998863 ) ;
#4677 = ADVANCED_FACE ( 'NONE', ( #1952 ), #3918, .F. ) ;
#4678 = VERTEX_POINT ( 'NONE', #6307 ) ;
#4679 = CARTESIAN_POINT ( 'NONE',  ( 0.000000000000000000, 0.000000000000000000, 0.000000000000000000 ) ) ;
#4680 = ORIENTED_EDGE ( 'NONE', *, *, #3610, .T. ) ;
#4681 = UNCERTAINTY_MEASURE_WITH_UNIT (LENGTH_MEASURE( 1.000000000000000082E-05 ), #2612, 'distance_accuracy_value', 'NONE');
#4682 = CIRCLE ( 'NONE', #4998, 0.5500000000000002665 ) ;
#4683 = DIRECTION ( 'NONE',  ( -0.000000000000000000, -0.7071067811865463515, 0.7071067811865487940 ) ) ;
#4684 = DIRECTION ( 'NONE',  ( 0.000000000000000000, -0.7071067811865462405, -0.7071067811865489050 ) ) ;
#4685 = ORIENTED_EDGE ( 'NONE', *, *, #2452, .T. ) ;
#4686 = FACE_OUTER_BOUND ( 'NONE', #6287, .T. ) ;
#4687 = DIRECTION ( 'NONE',  ( -1.000000000000000000, -0.000000000000000000, -0.000000000000000000 ) ) ;
#4688 = ORIENTED_EDGE ( 'NONE', *, *, #1977, .T. ) ;
#4689 = CARTESIAN_POINT ( 'NONE',  ( 2.827778409939249560, 3.510000000000000231, 1.294448767816121171 ) ) ;
#4690 = CARTESIAN_POINT ( 'NONE',  ( -1.627778409939249826, 3.061149402765582561, -1.294448767816122281 ) ) ;
#4691 = CARTESIAN_POINT ( 'NONE',  ( -3.127778409939248938, 3.610000000000001208, 0.7448702942612707156 ) ) ;
#4692 = LINE ( 'NONE', #3253, #5177 ) ;
#4693 = CARTESIAN_POINT ( 'NONE',  ( -3.752267713333899302, 0.2000000000000132783, -1.400000000000000133 ) ) ;
#4694 = CARTESIAN_POINT ( 'NONE',  ( 2.827778409939249560, 3.810000000000000053, 0.9944487678161207933 ) ) ;
#4695 = ORIENTED_EDGE ( 'NONE', *, *, #2398, .F. ) ;
#4696 = CYLINDRICAL_SURFACE ( 'NONE', #1233, 0.04999999999999969746 ) ;
#4697 = EDGE_LOOP ( 'NONE', ( #5784, #4898, #5869, #4157 ) ) ;
#4698 = ADVANCED_FACE ( 'NONE', ( #3434 ), #3886, .T. ) ;
#4699 = AXIS2_PLACEMENT_3D ( 'NONE', #453, #1379, #2347 ) ;
#4700 = PLANE ( 'NONE',  #5286 ) ;
#4701 = CYLINDRICAL_SURFACE ( 'NONE', #2703, 0.3500000000000002554 ) ;
#4702 = CARTESIAN_POINT ( 'NONE',  ( -1.591125123973731625, 1.569509610840809771E-15, -1.400000000000000577 ) ) ;
#4703 = EDGE_CURVE ( 'NONE', #4373, #154, #4474, .T. ) ;
#4704 = VERTEX_POINT ( 'NONE', #75 ) ;
#4705 = ORIENTED_EDGE ( 'NONE', *, *, #3826, .T. ) ;
#4706 = ADVANCED_FACE ( 'NONE', ( #2024 ), #1015, .T. ) ;
#4707 = ORIENTED_EDGE ( 'NONE', *, *, #3667, .T. ) ;
#4708 = ADVANCED_FACE ( 'NONE', ( #728 ), #3168, .T. ) ;
#4709 = CARTESIAN_POINT ( 'NONE',  ( -4.664999999999999147, 0.6053979116170364883, -0.4184320681164753752 ) ) ;
#4710 = DIRECTION ( 'NONE',  ( -1.000000000000000000, 3.497202527569243102E-15, 0.000000000000000000 ) ) ;
#4711 = PRODUCT_DEFINITION_SHAPE ( 'NONE', 'NONE',  #6331 ) ;
#4712 = VECTOR ( 'NONE', #5902, 1000.000000000000000 ) ;
#4713 = VERTEX_POINT ( 'NONE', #4058 ) ;
#4714 = CARTESIAN_POINT ( 'NONE',  ( 3.752267713333899302, 0.2000000000000056732, -1.400000000000000355 ) ) ;
#4715 = CARTESIAN_POINT ( 'NONE',  ( -1.627778409939248716, 2.118235399615123082, -0.9944487678161229027 ) ) ;
#4716 = DIRECTION ( 'NONE',  ( -0.7071067811865462405, 0.7071067811865489050, 0.000000000000000000 ) ) ;
#4717 = ORIENTED_EDGE ( 'NONE', *, *, #6039, .T. ) ;
#4718 = CARTESIAN_POINT ( 'NONE',  ( -4.864999999999999325, 2.236750975993232249, 0.3748159921583312792 ) ) ;
#4719 = ORIENTED_EDGE ( 'NONE', *, *, #5739, .T. ) ;
#4720 = DIRECTION ( 'NONE',  ( -1.972152263052529514E-31, 0.000000000000000000, -1.000000000000000000 ) ) ;
#4721 = LINE ( 'NONE', #2801, #443 ) ;
#4722 = ORIENTED_EDGE ( 'NONE', *, *, #5937, .T. ) ;
#4723 = CYLINDRICAL_SURFACE ( 'NONE', #1746, 0.2999999999999999334 ) ;
#4724 = CARTESIAN_POINT ( 'NONE',  ( -4.864999999999998437, 0.6053979116170364883, -0.4184320681164753752 ) ) ;
#4725 = LINE ( 'NONE', #6172, #6270 ) ;
#4726 = CARTESIAN_POINT ( 'NONE',  ( 2.827778409939248672, 3.810000000000000053, -0.9944487678161221256 ) ) ;
#4727 = ORIENTED_EDGE ( 'NONE', *, *, #3421, .T. ) ;
#4728 = PRODUCT_DEFINITION ( 'UNKNOWN', '', #5090, #1970 ) ;
#4729 = CLOSED_SHELL ( 'NONE', ( #494, #2197, #2276, #4026, #3775, #6149, #1298, #4285, #831, #3262, #476, #2133, #1756, #444, #5694, #2089, #1794, #2782, #5653, #212, #6205, #3698, #4215, #213 ) ) ;
#4730 = CARTESIAN_POINT ( 'NONE',  ( -1.874999999999998668, -1.452381048782462436, -1.294448767816122059 ) ) ;
#4731 = DIRECTION ( 'NONE',  ( 0.000000000000000000, 2.891205793294679017E-15, -1.000000000000000000 ) ) ;
#4732 = DIRECTION ( 'NONE',  ( -4.163336342344340108E-17, 1.000000000000000000, 0.000000000000000000 ) ) ;
#4733 = VECTOR ( 'NONE', #4081, 1000.000000000000000 ) ;
#4734 = ADVANCED_FACE ( 'NONE', ( #6060 ), #5548, .T. ) ;
#4735 = AXIS2_PLACEMENT_3D ( 'NONE', #4653, #303, #271 ) ;
#4736 = ORIENTED_EDGE ( 'NONE', *, *, #5343, .T. ) ;
#4737 = APPLICATION_PROTOCOL_DEFINITION ( 'draft international standard', 'automotive_design', 1998, #3451 ) ;
#4738 = ORIENTED_EDGE ( 'NONE', *, *, #3745, .F. ) ;
#4739 = AXIS2_PLACEMENT_3D ( 'NONE', #2520, #28, #4994 ) ;
#4740 = CARTESIAN_POINT ( 'NONE',  ( -4.865000000000000213, 3.810000000000000053, -1.825224324045338076 ) ) ;
#4741 = DIRECTION ( 'NONE',  ( -1.000000000000000000, 0.000000000000000000, -0.000000000000000000 ) ) ;
#4742 = EDGE_CURVE ( 'NONE', #1178, #2029, #2118, .T. ) ;
#4743 = EDGE_CURVE ( 'NONE', #5541, #4295, #6093, .T. ) ;
#4744 = EDGE_CURVE ( 'NONE', #5318, #6003, #1668, .T. ) ;
#4745 = ADVANCED_FACE ( 'NONE', ( #697 ), #3563, .F. ) ;
#4746 = EDGE_CURVE ( 'NONE', #631, #360, #1181, .T. ) ;
#4747 = ORIENTED_EDGE ( 'NONE', *, *, #853, .F. ) ;
#4748 = CARTESIAN_POINT ( 'NONE',  ( 0.000000000000000000, 1.583607624610294806, 0.4000000000000000222 ) ) ;
#4749 = VECTOR ( 'NONE', #3767, 1000.000000000000000 ) ;
#4750 = CARTESIAN_POINT ( 'NONE',  ( -2.827778409939248672, 3.810000000000000053, -0.9944487678161229027 ) ) ;
#4751 = CARTESIAN_POINT ( 'NONE',  ( 4.648481797856809372, 3.608173674087660654, 1.895119576905404335 ) ) ;
#4752 = VERTEX_POINT ( 'NONE', #2599 ) ;
#4753 = VECTOR ( 'NONE', #1484, 1000.000000000000000 ) ;
#4754 = LINE ( 'NONE', #3797, #5885 ) ;
#4755 = ORIENTED_EDGE ( 'NONE', *, *, #3027, .T. ) ;
#4756 = DIRECTION ( 'NONE',  ( 1.000000000000000000, -4.930380657631323784E-32, -2.911116689277473781E-16 ) ) ;
#4757 = DIRECTION ( 'NONE',  ( -7.778769097326426270E-62, -1.000000000000000000, -1.972152263052529514E-31 ) ) ;
#4758 = ORIENTED_EDGE ( 'NONE', *, *, #2859, .F. ) ;
#4759 = CARTESIAN_POINT ( 'NONE',  ( -1.126143534192404871, 2.372994641670527205, 1.919880095332465286 ) ) ;
#4760 = LINE ( 'NONE', #1261, #851 ) ;
#4761 = ADVANCED_FACE ( 'NONE', ( #4524 ), #1694, .F. ) ;
#4762 = DIRECTION ( 'NONE',  ( 0.000000000000000000, 0.000000000000000000, 1.000000000000000000 ) ) ;
#4763 = CARTESIAN_POINT ( 'NONE',  ( 4.164999999999992930, 0.1999999999999992062, 2.515000000000000124 ) ) ;
#4764 = ORIENTED_EDGE ( 'NONE', *, *, #6187, .T. ) ;
#4765 = DIRECTION ( 'NONE',  ( 1.000000000000000000, 0.000000000000000000, -2.911116689277473781E-16 ) ) ;
#4766 = PRODUCT_DEFINITION_SHAPE ( 'NONE', 'NONE',  #6330 ) ;
#4767 = CARTESIAN_POINT ( 'NONE',  ( -1.366818319492648204, 3.373604387190460852, 1.294448767816122281 ) ) ;
#4768 = DIRECTION ( 'NONE',  ( -4.282837881357679770E-31, -1.224646799147345565E-16, 1.000000000000000000 ) ) ;
#4769 = CARTESIAN_POINT ( 'NONE',  ( -4.664999999999999147, 3.510000000000000231, -1.929118480386108558 ) ) ;
#4770 = VERTEX_POINT ( 'NONE', #3535 ) ;
#4771 = CIRCLE ( 'NONE', #5594, 0.2999999999999999334 ) ;
#4772 = AXIS2_PLACEMENT_3D ( 'NONE', #1687, #2741, #5145 ) ;
#4773 = APPLICATION_PROTOCOL_DEFINITION ( 'draft international standard', 'automotive_design', 1998, #1685 ) ;
#4774 = VERTEX_POINT ( 'NONE', #230 ) ;
#4775 = DIRECTION ( 'NONE',  ( -0.000000000000000000, 0.000000000000000000, -1.000000000000000000 ) ) ;
#4776 = CARTESIAN_POINT ( 'NONE',  ( -1.874999999999999556, 3.809999999999999609, -2.515000000000000124 ) ) ;
#4777 = PRESENTATION_LAYER_ASSIGNMENT (  '', '', ( #1398 ) ) ;
#4778 = PRODUCT_DEFINITION_FORMATION_WITH_SPECIFIED_SOURCE ( 'ANY', '', #1180, .NOT_KNOWN. ) ;
#4779 = EDGE_LOOP ( 'NONE', ( #585, #3692, #1720, #3917 ) ) ;
#4780 = LINE ( 'NONE', #5813, #5535 ) ;
#4781 = AXIS2_PLACEMENT_3D ( 'NONE', #2998, #2130, #709 ) ;
#4782 = VERTEX_POINT ( 'NONE', #2204 ) ;
#4783 = ADVANCED_FACE ( 'NONE', ( #3657 ), #1149, .T. ) ;
#4784 = LINE ( 'NONE', #2413, #891 ) ;
#4785 = CARTESIAN_POINT ( 'NONE',  ( -1.627778409939249826, 3.710000000000000409, 0.9944487678161216815 ) ) ;
#4786 = ORIENTED_EDGE ( 'NONE', *, *, #5617, .T. ) ;
#4787 = AXIS2_PLACEMENT_3D ( 'NONE', #3663, #5128, #732 ) ;
#4788 = CARTESIAN_POINT ( 'NONE',  ( -1.627778409939249826, 2.919136647305522914, 1.294448767816122281 ) ) ;
#4789 = EDGE_CURVE ( 'NONE', #1640, #5366, #3139, .T. ) ;
#4790 = ORIENTED_EDGE ( 'NONE', *, *, #979, .T. ) ;
#4791 = DIRECTION ( 'NONE',  ( 0.000000000000000000, -0.000000000000000000, 1.000000000000000000 ) ) ;
#4792 = CARTESIAN_POINT ( 'NONE',  ( 1.875000000000000222, 1.818235399615122816, 1.294448767816125390 ) ) ;
#4793 = AXIS2_PLACEMENT_3D ( 'NONE', #3272, #3861, #3827 ) ;
#4794 = ORIENTED_EDGE ( 'NONE', *, *, #106, .F. ) ;
#4795 = VECTOR ( 'NONE', #804, 1000.000000000000000 ) ;
#4796 = FILL_AREA_STYLE ('',( #5727 ) ) ;
#4797 = DIRECTION ( 'NONE',  ( 1.000000000000000000, 3.552713678800500140E-15, 3.944304526105059027E-31 ) ) ;
#4798 = EDGE_CURVE ( 'NONE', #4854, #3269, #5600, .T. ) ;
#4799 = EDGE_CURVE ( 'NONE', #511, #5863, #1636, .T. ) ;
#4800 = FACE_OUTER_BOUND ( 'NONE', #2846, .T. ) ;
#4801 = CARTESIAN_POINT ( 'NONE',  ( 4.864999999999998437, 1.611566968151564527, 0.3748159921583313348 ) ) ;
#4802 = ORIENTED_EDGE ( 'NONE', *, *, #3922, .F. ) ;
#4803 = PLANE ( 'NONE',  #2761 ) ;
#4804 = CARTESIAN_POINT ( 'NONE',  ( -1.366818319492648204, 3.132929601890217963, 1.394448767816122592 ) ) ;
#4805 = PLANE ( 'NONE',  #1779 ) ;
#4806 = CARTESIAN_POINT ( 'NONE',  ( -3.752267713333899302, 0.2000000000000128897, 1.399999999999999689 ) ) ;
#4807 = ORIENTED_EDGE ( 'NONE', *, *, #5709, .F. ) ;
#4808 = SHAPE_DEFINITION_REPRESENTATION ( #2253, #3747 ) ;
#4809 = VERTEX_POINT ( 'NONE', #3591 ) ;
#4810 =( GEOMETRIC_REPRESENTATION_CONTEXT ( 3 ) GLOBAL_UNCERTAINTY_ASSIGNED_CONTEXT ( ( #1074 ) ) GLOBAL_UNIT_ASSIGNED_CONTEXT ( ( #5108, #5591, #5166 ) ) REPRESENTATION_CONTEXT ( 'NONE', 'WORKASPACE' ) );
#4811 = LINE ( 'NONE', #5777, #3802 ) ;
#4812 = ORIENTED_EDGE ( 'NONE', *, *, #6316, .F. ) ;
#4813 = ORIENTED_EDGE ( 'NONE', *, *, #1214, .T. ) ;
#4814 = PRODUCT_RELATED_PRODUCT_CATEGORY ( 'part', '', ( #1333 ) ) ;
#4815 = CYLINDRICAL_SURFACE ( 'NONE', #4491, 0.2406747853002429993 ) ;
#4816 = LINE ( 'NONE', #2414, #6113 ) ;
#4817 = ORIENTED_EDGE ( 'NONE', *, *, #5251, .T. ) ;
#4818 = AXIS2_PLACEMENT_3D ( 'NONE', #698, #3231, #2780 ) ;
#4819 = CARTESIAN_POINT ( 'NONE',  ( 3.327778409939250448, 3.810000000000000053, -0.7448702942612649425 ) ) ;
#4820 = AXIS2_PLACEMENT_3D ( 'NONE', #5829, #4934, #530 ) ;
#4821 = EDGE_CURVE ( 'NONE', #6080, #5904, #1601, .T. ) ;
#4822 = ORIENTED_EDGE ( 'NONE', *, *, #6099, .F. ) ;
#4823 = FACE_OUTER_BOUND ( 'NONE', #3623, .T. ) ;
#4824 = PRODUCT_DEFINITION_SHAPE ( 'NONE', 'NONE',  #6328 ) ;
#4825 = AXIS2_PLACEMENT_3D ( 'NONE', #4289, #5337, #2865 ) ;
#4826 = VECTOR ( 'NONE', #5036, 1000.000000000000000 ) ;
#4827 = DIRECTION ( 'NONE',  ( 6.125951915699055677E-17, 0.000000000000000000, -1.000000000000000000 ) ) ;
#4828 = ORIENTED_EDGE ( 'NONE', *, *, #2670, .F. ) ;
#4829 = DIRECTION ( 'NONE',  ( 1.000000000000000000, 2.526867550694193283E-16, -2.526867550694201664E-16 ) ) ;
#4830 = DIRECTION ( 'NONE',  ( -4.163336342344337027E-17, -1.110223024625156294E-16, 1.000000000000000000 ) ) ;
#4831 = DIRECTION ( 'NONE',  ( -1.000000000000000000, 0.000000000000000000, -2.911116689277474274E-16 ) ) ;
#4832 = EDGE_CURVE ( 'NONE', #682, #4253, #5063, .T. ) ;
#4833 = ADVANCED_FACE ( 'NONE', ( #2630 ), #5527, .F. ) ;
#4834 = DIRECTION ( 'NONE',  ( 0.000000000000000000, -0.9449393261893695994, 0.3272455802922021872 ) ) ;
#4835 = ADVANCED_FACE ( 'NONE', ( #380 ), #5277, .F. ) ;
#4836 = ORIENTED_EDGE ( 'NONE', *, *, #3332, .F. ) ;
#4837 = PLANE ( 'NONE',  #5637 ) ;
#4838 = FACE_OUTER_BOUND ( 'NONE', #3201, .T. ) ;
#4839 = FACE_OUTER_BOUND ( 'NONE', #628, .T. ) ;
#4840 = CARTESIAN_POINT ( 'NONE',  ( 3.127778409939249382, 2.118235399615122638, 0.9944487678161212374 ) ) ;
#4841 = ORIENTED_EDGE ( 'NONE', *, *, #5375, .F. ) ;
#4842 = CARTESIAN_POINT ( 'NONE',  ( 0.000000000000000000, 0.000000000000000000, 0.000000000000000000 ) ) ;
#4843 = EDGE_LOOP ( 'NONE', ( #3180, #2945, #2131, #5470 ) ) ;
#4844 = CARTESIAN_POINT ( 'NONE',  ( 1.126143534192405093, 3.132929601890217963, -1.394448767816122592 ) ) ;
#4845 = DIRECTION ( 'NONE',  ( -1.000000000000000000, 0.000000000000000000, -0.000000000000000000 ) ) ;
#4846 = SHAPE_REPRESENTATION ( '0154002.DR_4', ( #1731 ), #2932 ) ;
#4847 = ORIENTED_EDGE ( 'NONE', *, *, #363, .T. ) ;
#4848 = AXIS2_PLACEMENT_3D ( 'NONE', #57, #933, #1451 ) ;
#4849 = LINE ( 'NONE', #6220, #308 ) ;
#4850 = ORIENTED_EDGE ( 'NONE', *, *, #5973, .T. ) ;
#4851 = CARTESIAN_POINT ( 'NONE',  ( 1.627778409939250048, 2.372994641670527205, -1.919880095332465064 ) ) ;
#4852 = ORIENTED_EDGE ( 'NONE', *, *, #861, .T. ) ;
#4853 = CARTESIAN_POINT ( 'NONE',  ( -4.664999999999999147, 3.510000000000000231, 1.929118480386108336 ) ) ;
#4854 = VERTEX_POINT ( 'NONE', #2236 ) ;
#4855 = AXIS2_PLACEMENT_3D ( 'NONE', #2383, #1898, #3863 ) ;
#4856 = PLANE ( 'NONE',  #1776 ) ;
#4857 = FACE_OUTER_BOUND ( 'NONE', #2815, .T. ) ;
#4858 = VECTOR ( 'NONE', #1946, 1000.000000000000000 ) ;
#4859 = VERTEX_POINT ( 'NONE', #3780 ) ;
#4860 = SURFACE_STYLE_USAGE ( .BOTH. , #431 ) ;
#4861 = DIRECTION ( 'NONE',  ( 2.911116689277473781E-16, -1.110022275182736856E-32, 1.000000000000000000 ) ) ;
#4862 = EDGE_CURVE ( 'NONE', #1917, #5537, #1365, .T. ) ;
#4863 = PRODUCT_DEFINITION_CONTEXT ( 'detailed design', #2587, 'design' ) ;
#4864 = AXIS2_PLACEMENT_3D ( 'NONE', #2976, #5003, #537 ) ;
#4865 = PLANE ( 'NONE',  #243 ) ;
#4866 = DIRECTION ( 'NONE',  ( 0.000000000000000000, 0.000000000000000000, -1.000000000000000000 ) ) ;
#4867 = VERTEX_POINT ( 'NONE', #4767 ) ;
#4868 = DIRECTION ( 'NONE',  ( -1.000000000000000000, -0.000000000000000000, -5.814534955400682504E-16 ) ) ;
#4869 = CARTESIAN_POINT ( 'NONE',  ( 1.627778409939249826, 0.000000000000000000, 1.294448767816121615 ) ) ;
#4870 = ADVANCED_FACE ( 'NONE', ( #3259 ), #849, .F. ) ;
#4871 = LINE ( 'NONE', #4419, #2730 ) ;
#4872 = LINE ( 'NONE', #472, #4858 ) ;
#4873 = CARTESIAN_POINT ( 'NONE',  ( 4.664999999999999147, 0.000000000000000000, 0.4000000000000000222 ) ) ;
#4874 = ORIENTED_EDGE ( 'NONE', *, *, #2238, .F. ) ;
#4875 = VERTEX_POINT ( 'NONE', #6177 ) ;
#4876 = CONTEXT_DEPENDENT_SHAPE_REPRESENTATION ( #1266, #4824 ) ;
#4877 = ORIENTED_EDGE ( 'NONE', *, *, #8, .T. ) ;
#4878 = LINE ( 'NONE', #1537, #3859 ) ;
#4879 = CARTESIAN_POINT ( 'NONE',  ( -4.664999999999999147, 1.818235399615123482, -2.514999999999999680 ) ) ;
#4880 = EDGE_CURVE ( 'NONE', #2785, #5537, #2336, .T. ) ;
#4881 = AXIS2_PLACEMENT_3D ( 'NONE', #189, #5663, #5599 ) ;
#4882 = VERTEX_POINT ( 'NONE', #6236 ) ;
#4883 = ORIENTED_EDGE ( 'NONE', *, *, #4091, .T. ) ;
#4884 = DIRECTION ( 'NONE',  ( -1.000000000000000000, 0.000000000000000000, -3.191891195797326040E-16 ) ) ;
#4885 = VERTEX_POINT ( 'NONE', #3229 ) ;
#4886 = LINE ( 'NONE', #2511, #2097 ) ;
#4887 = VECTOR ( 'NONE', #2606, 1000.000000000000000 ) ;
#4888 = ORIENTED_EDGE ( 'NONE', *, *, #2199, .F. ) ;
#4889 = CYLINDRICAL_SURFACE ( 'NONE', #1369, 0.2999999999999999334 ) ;
#4890 = CARTESIAN_POINT ( 'NONE',  ( 1.301042606982605321E-15, -1.637145280453111695E-14, -2.022226441606597646E-30 ) ) ;
#4891 = CARTESIAN_POINT ( 'NONE',  ( 4.864999999999999325, 1.583607624610294806, 0.4000000000000000222 ) ) ;
#4892 = AXIS2_PLACEMENT_3D ( 'NONE', #352, #4364, #3786 ) ;
#4893 = DIRECTION ( 'NONE',  ( 1.000000000000000000, -6.245004513516505540E-17, -0.000000000000000000 ) ) ;
#4894 = CARTESIAN_POINT ( 'NONE',  ( -1.591125123973732070, -3.138933484483562813E-15, 0.9999999999999995559 ) ) ;
#4895 = VECTOR ( 'NONE', #5295, 1000.000000000000000 ) ;
#4896 = DIRECTION ( 'NONE',  ( -1.000000000000000000, 5.551115123125782702E-17, -1.972152263052529514E-31 ) ) ;
#4897 = ORIENTED_EDGE ( 'NONE', *, *, #2683, .F. ) ;
#4898 = ORIENTED_EDGE ( 'NONE', *, *, #1728, .F. ) ;
#4899 = CARTESIAN_POINT ( 'NONE',  ( -4.864999999999999325, 1.633217365692808620, -0.4184320681164753752 ) ) ;
#4900 = PRODUCT_DEFINITION ( 'UNKNOWN', '', #1099, #1393 ) ;
#4901 = CARTESIAN_POINT ( 'NONE',  ( 4.664999999999999147, 1.611566968151564527, -1.000000000000000222 ) ) ;
#4902 = DIRECTION ( 'NONE',  ( 3.469446951953616038E-17, -1.000000000000000000, -1.444447458290427061E-33 ) ) ;
#4903 = LINE ( 'NONE', #3390, #5223 ) ;
#4904 = VECTOR ( 'NONE', #5660, 1000.000000000000000 ) ;
#4905 = LINE ( 'NONE', #104, #554 ) ;
#4906 = ORIENTED_EDGE ( 'NONE', *, *, #5032, .F. ) ;
#4907 = EDGE_CURVE ( 'NONE', #6131, #2115, #5706, .T. ) ;
#4908 = ORIENTED_EDGE ( 'NONE', *, *, #1142, .T. ) ;
#4909 = CONTEXT_DEPENDENT_SHAPE_REPRESENTATION ( #4428, #4711 ) ;
#4910 = ORIENTED_EDGE ( 'NONE', *, *, #6158, .F. ) ;
#4911 = ORIENTED_EDGE ( 'NONE', *, *, #1412, .T. ) ;
#4912 = CARTESIAN_POINT ( 'NONE',  ( 1.627778409939249604, 3.510000000000000231, 0.9944487678161216815 ) ) ;
#4913 = DIRECTION ( 'NONE',  ( -2.465190328815661892E-32, -1.000000000000000000, -8.259159501851727819E-48 ) ) ;
#4914 = ADVANCED_FACE ( 'NONE', ( #4229 ), #4700, .F. ) ;
#4915 = VERTEX_POINT ( 'NONE', #1815 ) ;
#4916 = SHAPE_REPRESENTATION_RELATIONSHIP ( 'NONE' , 'NONE' ,  #3120, #6312 ) ;
#4917 = ORIENTED_EDGE ( 'NONE', *, *, #1416, .T. ) ;
#4918 = EDGE_CURVE ( 'NONE', #2388, #1005, #1397, .T. ) ;
#4919 = CARTESIAN_POINT ( 'NONE',  ( 3.752267713333900190, 5.028817912928383340E-15, 1.399999999999999245 ) ) ;
#4920 = ORIENTED_EDGE ( 'NONE', *, *, #4203, .T. ) ;
#4921 = SURFACE_STYLE_USAGE ( .BOTH. , #3926 ) ;
#4922 = ORIENTED_EDGE ( 'NONE', *, *, #5583, .F. ) ;
#4923 = CARTESIAN_POINT ( 'NONE',  ( -1.874999999999999334, 3.373604387190460852, 1.294448767816122059 ) ) ;
#4924 = ORIENTED_EDGE ( 'NONE', *, *, #4744, .F. ) ;
#4925 = AXIS2_PLACEMENT_3D ( 'NONE', #647, #2616, #6300 ) ;
#4926 = DIRECTION ( 'NONE',  ( -1.000000000000000000, 0.000000000000000000, -3.191891195797326040E-16 ) ) ;
#4927 = CARTESIAN_POINT ( 'NONE',  ( 1.627778409939249826, 2.919136647305522470, 1.444448767816122192 ) ) ;
#4928 = VECTOR ( 'NONE', #1123, 1000.000000000000000 ) ;
#4929 = CARTESIAN_POINT ( 'NONE',  ( -1.627778409939249826, 2.118235399615123082, 1.294448767816121615 ) ) ;
#4930 = DIRECTION ( 'NONE',  ( -1.000000000000000000, 4.857225732735062946E-17, 1.887411345499491410E-32 ) ) ;
#4931 = AXIS2_PLACEMENT_3D ( 'NONE', #1361, #6296, #2900 ) ;
#4932 = LINE ( 'NONE', #5891, #46 ) ;
#4933 = VECTOR ( 'NONE', #3362, 1000.000000000000000 ) ;
#4934 = DIRECTION ( 'NONE',  ( 0.000000000000000000, -3.885780586188046905E-16, -1.000000000000000000 ) ) ;
#4935 = ORIENTED_EDGE ( 'NONE', *, *, #5892, .F. ) ;
#4936 = CARTESIAN_POINT ( 'NONE',  ( 1.627778409939249826, 3.019781114811264544, 1.131672265954415391 ) ) ;
#4937 = DIRECTION ( 'NONE',  ( 6.509656168952008597E-16, 0.000000000000000000, -1.000000000000000000 ) ) ;
#4938 = CYLINDRICAL_SURFACE ( 'NONE', #5705, 0.2999999999999999334 ) ;
#4939 = DIRECTION ( 'NONE',  ( 0.000000000000000000, -1.000000000000000000, 0.000000000000000000 ) ) ;
#4940 = CARTESIAN_POINT ( 'NONE',  ( 1.064999999999999059, 0.1999999999999875211, 0.9999999999999995559 ) ) ;
#4941 = CARTESIAN_POINT ( 'NONE',  ( 4.314999999999999503, 0.5499999999999986011, 1.000000000000000000 ) ) ;
#4942 = ORIENTED_EDGE ( 'NONE', *, *, #3132, .T. ) ;
#4943 = ORIENTED_EDGE ( 'NONE', *, *, #5930, .F. ) ;
#4944 = DIRECTION ( 'NONE',  ( -0.000000000000000000, 1.000000000000000000, 1.224646799147351235E-16 ) ) ;
#4945 = CARTESIAN_POINT ( 'NONE',  ( -1.894460780100799324, 2.919136647305522470, 1.394448767816122148 ) ) ;
#4946 = EDGE_CURVE ( 'NONE', #383, #5592, #5670, .T. ) ;
#4947 = ORIENTED_EDGE ( 'NONE', *, *, #4789, .T. ) ;
#4948 = CARTESIAN_POINT ( 'NONE',  ( -1.874999999999999556, 3.510000000000000231, -1.611637779048593400 ) ) ;
#4949 = CARTESIAN_POINT ( 'NONE',  ( 3.127778409939248938, -1.452381048782462436, 0.7448702942612743794 ) ) ;
#4950 = EDGE_LOOP ( 'NONE', ( #5192, #3804, #2105, #5905 ) ) ;
#4951 = EDGE_CURVE ( 'NONE', #617, #3300, #5766, .T. ) ;
#4952 = EDGE_CURVE ( 'NONE', #4282, #1540, #818, .T. ) ;
#4953 = EDGE_CURVE ( 'NONE', #4713, #4875, #789, .T. ) ;
#4954 = DIRECTION ( 'NONE',  ( 3.497202527569243102E-15, 1.000000000000000000, 0.000000000000000000 ) ) ;
#4955 = AXIS2_PLACEMENT_3D ( 'NONE', #4292, #4831, #4762 ) ;
#4956 = VERTEX_POINT ( 'NONE', #2298 ) ;
#4957 = DIRECTION ( 'NONE',  ( 1.000000000000000000, -4.930380657631323784E-32, -2.911116689277473781E-16 ) ) ;
#4958 = DIRECTION ( 'NONE',  ( 1.000000000000000000, -3.497202527569243102E-15, -0.000000000000000000 ) ) ;
#4959 = PLANE ( 'NONE',  #5125 ) ;
#4960 = FILL_AREA_STYLE_COLOUR ( '', #3840 ) ;
#4961 = EDGE_LOOP ( 'NONE', ( #2209, #235, #1447, #6185, #5396, #2610, #45, #3884 ) ) ;
#4962 = EDGE_CURVE ( 'NONE', #3568, #4672, #290, .T. ) ;
#4963 = CARTESIAN_POINT ( 'NONE',  ( -1.874999999999999334, 3.373604387190460407, -1.294448767816122281 ) ) ;
#4964 = FACE_OUTER_BOUND ( 'NONE', #2450, .T. ) ;
#4965 = CIRCLE ( 'NONE', #4343, 0.2999999999999999334 ) ;
#4966 = ORIENTED_EDGE ( 'NONE', *, *, #711, .T. ) ;
#4967 = FACE_OUTER_BOUND ( 'NONE', #733, .T. ) ;
#4968 = CARTESIAN_POINT ( 'NONE',  ( 3.752267713333899302, 0.1999999999999970690, 2.449293598294452623E-17 ) ) ;
#4969 = ADVANCED_FACE ( 'NONE', ( #407 ), #263, .T. ) ;
#4970 = CYLINDRICAL_SURFACE ( 'NONE', #2014, 0.1500000000000001887 ) ;
#4971 = CARTESIAN_POINT ( 'NONE',  ( -3.127778409939248494, -1.452381048782462436, -0.7448702942612716038 ) ) ;
#4972 = ORIENTED_EDGE ( 'NONE', *, *, #3057, .F. ) ;
#4973 = DIRECTION ( 'NONE',  ( 0.000000000000000000, 0.000000000000000000, 1.000000000000000000 ) ) ;
#4974 = ORIENTED_EDGE ( 'NONE', *, *, #3854, .T. ) ;
#4975 = PRODUCT_CONTEXT ( 'NONE', #612, 'mechanical' ) ;
#4976 = CARTESIAN_POINT ( 'NONE',  ( 1.627778409939249826, 3.810000000000000053, 1.294448767816121393 ) ) ;
#4977 = CARTESIAN_POINT ( 'NONE',  ( -2.827778409939248672, 3.510000000000000231, -0.9944487678161233468 ) ) ;
#4978 = ORIENTED_EDGE ( 'NONE', *, *, #2670, .T. ) ;
#4979 = ORIENTED_EDGE ( 'NONE', *, *, #4131, .T. ) ;
#4980 = PLANE ( 'NONE',  #3468 ) ;
#4981 = DIRECTION ( 'NONE',  ( 0.000000000000000000, 0.000000000000000000, 1.000000000000000000 ) ) ;
#4982 = CARTESIAN_POINT ( 'NONE',  ( 2.827778409939249560, 3.510000000000000231, 0.9944487678161212374 ) ) ;
#4983 = ORIENTED_EDGE ( 'NONE', *, *, #584, .F. ) ;
#4984 = DIRECTION ( 'NONE',  ( 1.000000000000000000, 3.552713678800500140E-15, 3.944304526105059027E-31 ) ) ;
#4985 = AXIS2_PLACEMENT_3D ( 'NONE', #1504, #4368, #112 ) ;
#4986 = ORIENTED_EDGE ( 'NONE', *, *, #4091, .F. ) ;
#4987 = ADVANCED_FACE ( 'NONE', ( #4838 ), #4938, .T. ) ;
#4988 = LINE ( 'NONE', #1068, #844 ) ;
#4989 = DIRECTION ( 'NONE',  ( 1.000000000000000000, 0.000000000000000000, -5.814534955400682504E-16 ) ) ;
#4990 = DIRECTION ( 'NONE',  ( -1.000000000000000000, -5.551115123125782702E-17, -0.000000000000000000 ) ) ;
#4991 = ORIENTED_EDGE ( 'NONE', *, *, #1739, .F. ) ;
#4992 =( GEOMETRIC_REPRESENTATION_CONTEXT ( 3 ) GLOBAL_UNCERTAINTY_ASSIGNED_CONTEXT ( ( #1454 ) ) GLOBAL_UNIT_ASSIGNED_CONTEXT ( ( #5296, #1862, #5361 ) ) REPRESENTATION_CONTEXT ( 'NONE', 'WORKASPACE' ) );
#4993 = EDGE_CURVE ( 'NONE', #5723, #5133, #4871, .T. ) ;
#4994 = DIRECTION ( 'NONE',  ( 0.000000000000000000, -0.9449393261893695994, 0.3272455802922021872 ) ) ;
#4995 = DIRECTION ( 'NONE',  ( 0.000000000000000000, 1.000000000000000000, -1.321701948486275810E-32 ) ) ;
#4996 = EDGE_CURVE ( 'NONE', #2343, #1259, #1979, .T. ) ;
#4997 = LINE ( 'NONE', #2194, #5461 ) ;
#4998 = AXIS2_PLACEMENT_3D ( 'NONE', #4628, #588, #1105 ) ;
#4999 = EDGE_CURVE ( 'NONE', #4875, #1022, #3949, .T. ) ;
#5000 = CARTESIAN_POINT ( 'NONE',  ( -4.864999999999999325, 2.236750975993232693, 0.3748159921583313348 ) ) ;
#5001 = EDGE_CURVE ( 'NONE', #2713, #718, #3845, .T. ) ;
#5002 = DIRECTION ( 'NONE',  ( 0.000000000000000000, -1.000000000000000000, -3.885780586188045919E-16 ) ) ;
#5003 = DIRECTION ( 'NONE',  ( -2.911116689277473781E-16, 1.110022275182736856E-32, -1.000000000000000000 ) ) ;
#5004 = ORIENTED_EDGE ( 'NONE', *, *, #2640, .T. ) ;
#5005 = CARTESIAN_POINT ( 'NONE',  ( -3.003514341227320639, 3.509999999999999343, -1.294448767816123391 ) ) ;
#5006 = ORIENTED_EDGE ( 'NONE', *, *, #5893, .F. ) ;
#5007 = VECTOR ( 'NONE', #2280, 999.9999999999998863 ) ;
#5008 = DIRECTION ( 'NONE',  ( -3.497202527569243102E-15, -1.000000000000000000, -0.000000000000000000 ) ) ;
#5009 = PLANE ( 'NONE',  #1437 ) ;
#5010 =( REPRESENTATION_RELATIONSHIP ('NONE','NONE', #2023, #4846 ) REPRESENTATION_RELATIONSHIP_WITH_TRANSFORMATION ( #3647 )SHAPE_REPRESENTATION_RELATIONSHIP( ) );
#5011 = ORIENTED_EDGE ( 'NONE', *, *, #1584, .F. ) ;
#5012 =( NAMED_UNIT ( * ) PLANE_ANGLE_UNIT ( ) SI_UNIT ( $, .RADIAN. ) );
#5013 = ORIENTED_EDGE ( 'NONE', *, *, #4488, .F. ) ;
#5014 = CARTESIAN_POINT ( 'NONE',  ( -1.366818319492648204, 3.373604387190460407, -1.394448767816122592 ) ) ;
#5015 = FACE_OUTER_BOUND ( 'NONE', #5529, .T. ) ;
#5016 = CARTESIAN_POINT ( 'NONE',  ( -4.864999999999999325, 0.5499999999999988232, 0.9999999999999997780 ) ) ;
#5017 = ORIENTED_EDGE ( 'NONE', *, *, #1617, .F. ) ;
#5018 = FACE_OUTER_BOUND ( 'NONE', #4501, .T. ) ;
#5019 = CARTESIAN_POINT ( 'NONE',  ( -2.827778409939249560, 3.509999999999233289, 1.294448767816121393 ) ) ;
#5020 = ORIENTED_EDGE ( 'NONE', *, *, #5623, .F. ) ;
#5021 = CARTESIAN_POINT ( 'NONE',  ( -1.126143534192405093, 3.132929601890217963, 1.394448767816122592 ) ) ;
#5022 = EDGE_CURVE ( 'NONE', #662, #1428, #3086, .T. ) ;
#5023 = DIRECTION ( 'NONE',  ( -1.000000000000000000, 0.000000000000000000, -2.911116689277474274E-16 ) ) ;
#5024 = DIRECTION ( 'NONE',  ( 4.163336342344335794E-17, -1.110223024625156294E-16, 1.000000000000000000 ) ) ;
#5025 = ORIENTED_EDGE ( 'NONE', *, *, #2007, .T. ) ;
#5026 = DIRECTION ( 'NONE',  ( 0.000000000000000000, 0.7071067811865463515, -0.7071067811865487940 ) ) ;
#5027 = EDGE_CURVE ( 'NONE', #987, #2250, #5833, .T. ) ;
#5028 = DIRECTION ( 'NONE',  ( 0.000000000000000000, 0.000000000000000000, -1.000000000000000000 ) ) ;
#5029 = CARTESIAN_POINT ( 'NONE',  ( -2.827778409939248672, 1.818235399615123260, 0.9944487678161212374 ) ) ;
#5030 = VECTOR ( 'NONE', #3199, 1000.000000000000000 ) ;
#5031 = ADVANCED_FACE ( 'NONE', ( #2973 ), #1914, .F. ) ;
#5032 = EDGE_CURVE ( 'NONE', #452, #2871, #4452, .T. ) ;
#5033 = ORIENTED_EDGE ( 'NONE', *, *, #2706, .F. ) ;
#5034 = EDGE_LOOP ( 'NONE', ( #1667, #2325, #928, #3921 ) ) ;
#5035 = DIRECTION ( 'NONE',  ( 0.000000000000000000, -0.7071067811865464625, -0.7071067811865486830 ) ) ;
#5036 = DIRECTION ( 'NONE',  ( 1.000000000000000000, -0.000000000000000000, -2.911116689277473781E-16 ) ) ;
#5037 = ADVANCED_FACE ( 'NONE', ( #1008 ), #2907, .F. ) ;
#5038 = VERTEX_POINT ( 'NONE', #1881 ) ;
#5039 = DIRECTION ( 'NONE',  ( 0.000000000000000000, -3.885780586188046905E-16, -1.000000000000000000 ) ) ;
#5040 = EDGE_CURVE ( 'NONE', #4307, #2903, #5449, .T. ) ;
#5041 = DIRECTION ( 'NONE',  ( 1.000000000000000000, 0.000000000000000000, -0.000000000000000000 ) ) ;
#5042 = CARTESIAN_POINT ( 'NONE',  ( -4.864999999999999325, 1.633217365692808620, -0.4184320681164752642 ) ) ;
#5043 = ORIENTED_EDGE ( 'NONE', *, *, #897, .F. ) ;
#5044 = FACE_OUTER_BOUND ( 'NONE', #4489, .T. ) ;
#5045 = DIRECTION ( 'NONE',  ( -6.509656168952008597E-16, 0.000000000000000000, -1.000000000000000000 ) ) ;
#5046 = PRESENTATION_STYLE_ASSIGNMENT (( #3084 ) ) ;
#5047 = ORIENTED_EDGE ( 'NONE', *, *, #1724, .T. ) ;
#5048 = DIRECTION ( 'NONE',  ( -1.000000000000000000, -6.101034794473681580E-32, 6.101034794473664064E-32 ) ) ;
#5049 = VECTOR ( 'NONE', #944, 999.9999999999998863 ) ;
#5050 = PLANE ( 'NONE',  #854 ) ;
#5051 = DIRECTION ( 'NONE',  ( 1.000000000000000000, -0.000000000000000000, 0.000000000000000000 ) ) ;
#5052 = DIRECTION ( 'NONE',  ( 1.972152263052529514E-31, -2.189528850507526673E-47, -1.000000000000000000 ) ) ;
#5053 = EDGE_LOOP ( 'NONE', ( #1948, #1449, #5378, #474 ) ) ;
#5054 = DIRECTION ( 'NONE',  ( -0.000000000000000000, -1.000000000000000000, 0.000000000000000000 ) ) ;
#5055 = EDGE_CURVE ( 'NONE', #2250, #383, #4613, .T. ) ;
#5056 = CARTESIAN_POINT ( 'NONE',  ( -1.627778409939249826, 3.061149402765582561, 1.394448767816122592 ) ) ;
#5057 = LINE ( 'NONE', #2170, #2790 ) ;
#5058 = ORIENTED_EDGE ( 'NONE', *, *, #2245, .T. ) ;
#5059 = CARTESIAN_POINT ( 'NONE',  ( -4.364999999999999325, 3.810000000000000053, -1.611637779048593400 ) ) ;
#5060 = ORIENTED_EDGE ( 'NONE', *, *, #3099, .F. ) ;
#5061 = VECTOR ( 'NONE', #2451, 1000.000000000000000 ) ;
#5062 = EDGE_CURVE ( 'NONE', #262, #1027, #2875, .T. ) ;
#5063 = LINE ( 'NONE', #1211, #3759 ) ;
#5064 = DIRECTION ( 'NONE',  ( -0.000000000000000000, -6.123233995736764803E-17, -1.000000000000000000 ) ) ;
#5065 = ORIENTED_EDGE ( 'NONE', *, *, #2904, .F. ) ;
#5066 = DIRECTION ( 'NONE',  ( 0.000000000000000000, 0.000000000000000000, 1.000000000000000000 ) ) ;
#5067 = VERTEX_POINT ( 'NONE', #5345 ) ;
#5068 = ADVANCED_FACE ( 'NONE', ( #440 ), #3354, .F. ) ;
#5069 = PLANE ( 'NONE',  #2726 ) ;
#5070 = DIRECTION ( 'NONE',  ( 0.000000000000000000, 0.000000000000000000, 1.000000000000000000 ) ) ;
#5071 = CARTESIAN_POINT ( 'NONE',  ( 2.827778409939248672, 3.810000000000000053, 1.294448767816121393 ) ) ;
#5072 = ADVANCED_FACE ( 'NONE', ( #4389 ), #285, .T. ) ;
#5073 = ORIENTED_EDGE ( 'NONE', *, *, #145, .F. ) ;
#5074 = LINE ( 'NONE', #4214, #3101 ) ;
#5075 = DIRECTION ( 'NONE',  ( 0.000000000000000000, 1.000000000000000000, -3.885780586188046905E-16 ) ) ;
#5076 = ORIENTED_EDGE ( 'NONE', *, *, #1262, .T. ) ;
#5077 = DIRECTION ( 'NONE',  ( -0.000000000000000000, 1.000000000000000000, 0.000000000000000000 ) ) ;
#5078 = LINE ( 'NONE', #4539, #1059 ) ;
#5079 = AXIS2_PLACEMENT_3D ( 'NONE', #1204, #3164, #5115 ) ;
#5080 = FACE_OUTER_BOUND ( 'NONE', #4697, .T. ) ;
#5081 = PLANE ( 'NONE',  #4538 ) ;
#5082 = ORIENTED_EDGE ( 'NONE', *, *, #4250, .T. ) ;
#5083 = VERTEX_POINT ( 'NONE', #5382 ) ;
#5084 = CARTESIAN_POINT ( 'NONE',  ( 3.127778409939248938, 3.685735931288071754, -1.097392492968408684 ) ) ;
#5085 = VECTOR ( 'NONE', #259, 1000.000000000000000 ) ;
#5086 = MECHANICAL_DESIGN_GEOMETRIC_PRESENTATION_REPRESENTATION (  '', ( #1195 ), #2320 ) ;
#5087 = CARTESIAN_POINT ( 'NONE',  ( -1.874999999999999556, 3.061149402765582561, 1.394448767816122592 ) ) ;
#5088 = DIRECTION ( 'NONE',  ( 1.000000000000000000, 7.778769097326426270E-62, -1.972152263052529514E-31 ) ) ;
#5089 = ORIENTED_EDGE ( 'NONE', *, *, #6268, .F. ) ;
#5090 = PRODUCT_DEFINITION_FORMATION_WITH_SPECIFIED_SOURCE ( 'ANY', '', #1847, .NOT_KNOWN. ) ;
#5091 = CARTESIAN_POINT ( 'NONE',  ( -1.627778409939248716, 2.118235399615123082, -1.194448767816121526 ) ) ;
#5092 = COLOUR_RGB ( '',1.000000000000000000, 1.000000000000000000, 1.000000000000000000 ) ;
#5093 = ORIENTED_EDGE ( 'NONE', *, *, #4999, .T. ) ;
#5094 = PRODUCT_RELATED_PRODUCT_CATEGORY ( 'part', '', ( #2666 ) ) ;
#5095 = DIRECTION ( 'NONE',  ( 0.000000000000000000, 0.000000000000000000, 1.000000000000000000 ) ) ;
#5096 = LINE ( 'NONE', #4460, #1951 ) ;
#5097 = EDGE_LOOP ( 'NONE', ( #5613, #1433, #2629, #4585 ) ) ;
#5098 = VECTOR ( 'NONE', #1444, 1000.000000000000000 ) ;
#5099 = VERTEX_POINT ( 'NONE', #981 ) ;
#5100 = ORIENTED_EDGE ( 'NONE', *, *, #258, .F. ) ;
#5101 = VECTOR ( 'NONE', #4604, 1000.000000000000114 ) ;
#5102 = VERTEX_POINT ( 'NONE', #4901 ) ;
#5103 = CARTESIAN_POINT ( 'NONE',  ( 1.627778409939249604, 3.510000000000000231, 1.194448767816121526 ) ) ;
#5104 = DIRECTION ( 'NONE',  ( 0.000000000000000000, -1.000000000000000000, -3.885780586188045919E-16 ) ) ;
#5105 = EDGE_CURVE ( 'NONE', #3728, #1992, #4102, .T. ) ;
#5106 = ORIENTED_EDGE ( 'NONE', *, *, #2791, .T. ) ;
#5107 = DIRECTION ( 'NONE',  ( 1.000000000000000000, -6.245004513516505540E-17, -0.000000000000000000 ) ) ;
#5108 =( LENGTH_UNIT ( ) NAMED_UNIT ( * ) SI_UNIT ( .MILLI., .METRE. ) );
#5109 = DIRECTION ( 'NONE',  ( -1.000000000000000000, 4.930380657631323784E-32, 2.911116689277473781E-16 ) ) ;
#5110 = VERTEX_POINT ( 'NONE', #3121 ) ;
#5111 = CARTESIAN_POINT ( 'NONE',  ( 1.875000000000000888, 1.818235399615123038, 1.294448767816122059 ) ) ;
#5112 = CARTESIAN_POINT ( 'NONE',  ( 1.126143534192404871, 3.090491792929919601, 1.202382944073070226 ) ) ;
#5113 = EDGE_LOOP ( 'NONE', ( #4536, #454, #6197, #2073 ) ) ;
#5114 = ORIENTED_EDGE ( 'NONE', *, *, #2955, .T. ) ;
#5115 = DIRECTION ( 'NONE',  ( 0.000000000000000000, 0.000000000000000000, -1.000000000000000000 ) ) ;
#5116 = CARTESIAN_POINT ( 'NONE',  ( -4.865000000000000213, 1.818235399615123038, 2.515000000000000124 ) ) ;
#5117 = DIRECTION ( 'NONE',  ( 0.000000000000000000, -0.7071067811865486830, 0.7071067811865464625 ) ) ;
#5118 = ORIENTED_EDGE ( 'NONE', *, *, #5820, .T. ) ;
#5119 = AXIS2_PLACEMENT_3D ( 'NONE', #4571, #183, #2905 ) ;
#5120 = DIRECTION ( 'NONE',  ( -6.938893903907228378E-17, 1.000000000000000000, -3.885780586188046905E-16 ) ) ;
#5121 = VECTOR ( 'NONE', #134, 1000.000000000000000 ) ;
#5122 = CARTESIAN_POINT ( 'NONE',  ( 1.366818319492648204, 3.373604387190460407, 1.294448767816122281 ) ) ;
#5123 = ORIENTED_EDGE ( 'NONE', *, *, #1023, .F. ) ;
#5124 = AXIS2_PLACEMENT_3D ( 'NONE', #6142, #2747, #343 ) ;
#5125 = AXIS2_PLACEMENT_3D ( 'NONE', #152, #5371, #2997 ) ;
#5126 = VECTOR ( 'NONE', #3919, 1000.000000000000000 ) ;
#5127 = ORIENTED_EDGE ( 'NONE', *, *, #2363, .F. ) ;
#5128 = DIRECTION ( 'NONE',  ( 0.000000000000000000, 0.000000000000000000, 1.000000000000000000 ) ) ;
#5129 = DIRECTION ( 'NONE',  ( 1.000000000000000000, 4.163336342344337027E-17, 4.163336342344337027E-17 ) ) ;
#5130 = ADVANCED_FACE ( 'NONE', ( #2132 ), #5563, .F. ) ;
#5131 = DIRECTION ( 'NONE',  ( 0.000000000000000000, 0.9449393261893695994, -0.3272455802922022428 ) ) ;
#5132 = ORIENTED_EDGE ( 'NONE', *, *, #1584, .T. ) ;
#5133 = VERTEX_POINT ( 'NONE', #6044 ) ;
#5134 = DIRECTION ( 'NONE',  ( 0.000000000000000000, -1.000000000000000000, -0.000000000000000000 ) ) ;
#5135 = EDGE_CURVE ( 'NONE', #5732, #1788, #713, .T. ) ;
#5136 = CARTESIAN_POINT ( 'NONE',  ( 3.752267713333899302, 0.1999999999999969580, 0.9999999999999993339 ) ) ;
#5137 = EDGE_CURVE ( 'NONE', #4956, #2174, #3811, .T. ) ;
#5138 = FACE_OUTER_BOUND ( 'NONE', #4395, .T. ) ;
#5139 = VERTEX_POINT ( 'NONE', #5245 ) ;
#5140 = ADVANCED_FACE ( 'NONE', ( #4183 ), #1943, .T. ) ;
#5141 = CARTESIAN_POINT ( 'NONE',  ( -1.874999999999999334, 3.608173674087660654, 1.895119576905404335 ) ) ;
#5142 = CARTESIAN_POINT ( 'NONE',  ( 1.591125123973731625, -1.064200977147973304E-14, 0.9999999999999995559 ) ) ;
#5143 = DIRECTION ( 'NONE',  ( 1.000000000000000000, 8.326672684688651866E-17, 8.326672684688622284E-17 ) ) ;
#5144 = VERTEX_POINT ( 'NONE', #5276 ) ;
#5145 = DIRECTION ( 'NONE',  ( 0.000000000000000000, -1.000000000000000000, -3.942553354492741559E-16 ) ) ;
#5146 = CARTESIAN_POINT ( 'NONE',  ( 4.315000000000001279, -1.520554515632711019E-15, -2.022226441606597646E-30 ) ) ;
#5147 = VECTOR ( 'NONE', #130, 1000.000000000000000 ) ;
#5148 = ADVANCED_FACE ( 'NONE', ( #3877 ), #881, .F. ) ;
#5149 = FACE_BOUND ( 'NONE', #726, .T. ) ;
#5150 = EDGE_LOOP ( 'NONE', ( #2310, #6065, #4707, #4302 ) ) ;
#5151 = VECTOR ( 'NONE', #368, 1000.000000000000000 ) ;
#5152 = DIRECTION ( 'NONE',  ( 1.000000000000000000, 0.000000000000000000, 2.911116689277474274E-16 ) ) ;
#5153 = EDGE_CURVE ( 'NONE', #2121, #6228, #379, .T. ) ;
#5154 = ORIENTED_EDGE ( 'NONE', *, *, #4601, .T. ) ;
#5155 = CARTESIAN_POINT ( 'NONE',  ( -3.003514341227321527, 3.685735931286430400, 1.294448767817916846 ) ) ;
#5156 = CARTESIAN_POINT ( 'NONE',  ( -4.864999999999999325, 1.633217365692808620, -0.4184320681164753752 ) ) ;
#5157 = AXIS2_PLACEMENT_3D ( 'NONE', #1872, #2576, #4625 ) ;
#5158 = ORIENTED_EDGE ( 'NONE', *, *, #4635, .F. ) ;
#5159 = DIRECTION ( 'NONE',  ( 0.000000000000000000, 0.000000000000000000, 1.000000000000000000 ) ) ;
#5160 = CIRCLE ( 'NONE', #652, 0.2999999999999999334 ) ;
#5161 = DIRECTION ( 'NONE',  ( 0.000000000000000000, 0.000000000000000000, 1.000000000000000000 ) ) ;
#5162 = CARTESIAN_POINT ( 'NONE',  ( -4.664999999999999147, 1.818235399615123038, 2.515000000000000124 ) ) ;
#5163 = VECTOR ( 'NONE', #3413, 1000.000000000000000 ) ;
#5164 = ORIENTED_EDGE ( 'NONE', *, *, #6202, .T. ) ;
#5165 = DIRECTION ( 'NONE',  ( -3.469446951953615421E-17, -1.000000000000000000, -1.110223024625156294E-16 ) ) ;
#5166 =( NAMED_UNIT ( * ) SI_UNIT ( $, .STERADIAN. ) SOLID_ANGLE_UNIT ( ) );
#5167 = FACE_OUTER_BOUND ( 'NONE', #3989, .T. ) ;
#5168 = ORIENTED_EDGE ( 'NONE', *, *, #4832, .F. ) ;
#5169 = LINE ( 'NONE', #775, #5061 ) ;
#5170 = ADVANCED_FACE ( 'NONE', ( #5344 ), #4837, .T. ) ;
#5171 = CARTESIAN_POINT ( 'NONE',  ( -8.673617379884039416E-16, -1.627707704994875121E-14, 0.9999999999999995559 ) ) ;
#5172 = CARTESIAN_POINT ( 'NONE',  ( -4.664999999999999147, 1.583607624610294806, 0.4000000000000000222 ) ) ;
#5173 = VERTEX_POINT ( 'NONE', #1846 ) ;
#5174 = CARTESIAN_POINT ( 'NONE',  ( 3.127778409939248938, 3.510000000000001563, -1.170184699104195092 ) ) ;
#5175 = CARTESIAN_POINT ( 'NONE',  ( -3.127778409939248494, 2.118235399615123082, -0.9944487678161233468 ) ) ;
#5176 = ADVANCED_FACE ( 'NONE', ( #5765 ), #1363, .T. ) ;
#5177 = VECTOR ( 'NONE', #3193, 1000.000000000000000 ) ;
#5178 = CYLINDRICAL_SURFACE ( 'NONE', #3621, 0.2999999999999999334 ) ;
#5179 = VERTEX_POINT ( 'NONE', #2841 ) ;
#5180 = FACE_OUTER_BOUND ( 'NONE', #430, .T. ) ;
#5181 = ADVANCED_FACE ( 'NONE', ( #2369 ), #4803, .F. ) ;
#5182 = VECTOR ( 'NONE', #146, 1000.000000000000000 ) ;
#5183 = ORIENTED_EDGE ( 'NONE', *, *, #171, .F. ) ;
#5184 = EDGE_CURVE ( 'NONE', #3843, #5691, #6263, .T. ) ;
#5185 = DIRECTION ( 'NONE',  ( 6.023345402697267673E-17, 1.224646799147349263E-16, -1.000000000000000000 ) ) ;
#5186 = CARTESIAN_POINT ( 'NONE',  ( 1.894460780100799324, 2.919136647305522470, 1.444448767816122192 ) ) ;
#5187 = CARTESIAN_POINT ( 'NONE',  ( -4.864999999999999325, 1.611566968151564083, -1.000000000000000444 ) ) ;
#5188 = COLOUR_RGB ( '',1.000000000000000000, 1.000000000000000000, 0.7529411764705882248 ) ;
#5189 = ORIENTED_EDGE ( 'NONE', *, *, #1634, .T. ) ;
#5190 =( LENGTH_UNIT ( ) NAMED_UNIT ( * ) SI_UNIT ( .MILLI., .METRE. ) );
#5191 = ORIENTED_EDGE ( 'NONE', *, *, #4595, .T. ) ;
#5192 = ORIENTED_EDGE ( 'NONE', *, *, #4097, .T. ) ;
#5193 = DIRECTION ( 'NONE',  ( 0.000000000000000000, 0.9449393261893695994, 0.3272455802922021872 ) ) ;
#5194 = DIRECTION ( 'NONE',  ( 0.000000000000000000, 3.885780586188045919E-16, -1.000000000000000000 ) ) ;
#5195 = ORIENTED_EDGE ( 'NONE', *, *, #5424, .T. ) ;
#5196 = CARTESIAN_POINT ( 'NONE',  ( 1.875000000000000666, 3.810000000000000053, 1.294448767816125390 ) ) ;
#5197 = DIRECTION ( 'NONE',  ( 6.077163357286268500E-64, -1.094764425253763094E-47, 1.000000000000000000 ) ) ;
#5198 = CARTESIAN_POINT ( 'NONE',  ( 4.659442577457640233, 3.576523829706961255, 1.906080356506235418 ) ) ;
#5199 = ORIENTED_EDGE ( 'NONE', *, *, #3111, .T. ) ;
#5200 = CIRCLE ( 'NONE', #5616, 0.2999999999999999334 ) ;
#5201 = CARTESIAN_POINT ( 'NONE',  ( 1.366818319492648204, 3.373604387190460407, -1.294448767816122281 ) ) ;
#5202 = EDGE_LOOP ( 'NONE', ( #3107, #5718, #3074, #161 ) ) ;
#5203 = CARTESIAN_POINT ( 'NONE',  ( 3.003514341227320639, 1.818235399615122594, -0.9944487678161232358 ) ) ;
#5204 = CARTESIAN_POINT ( 'NONE',  ( -3.873634909763689738, -1.452381048782462436, -1.294448767816123391 ) ) ;
#5205 = ORIENTED_EDGE ( 'NONE', *, *, #101, .T. ) ;
#5206 = DIRECTION ( 'NONE',  ( 0.000000000000000000, -1.000000000000000000, 0.000000000000000000 ) ) ;
#5207 = CARTESIAN_POINT ( 'NONE',  ( -3.127778409939248494, 2.118235399615123082, -0.9944487678161233468 ) ) ;
#5208 = EDGE_CURVE ( 'NONE', #4282, #4169, #5648, .T. ) ;
#5209 = CARTESIAN_POINT ( 'NONE',  ( 4.864999999999998437, 1.611566968151564527, -0.4184320681164753752 ) ) ;
#5210 = DIRECTION ( 'NONE',  ( 0.000000000000000000, -1.000000000000000000, 0.000000000000000000 ) ) ;
#5211 = ORIENTED_EDGE ( 'NONE', *, *, #3212, .F. ) ;
#5212 = EDGE_CURVE ( 'NONE', #5269, #3567, #978, .T. ) ;
#5213 = EDGE_CURVE ( 'NONE', #4295, #4401, #3353, .T. ) ;
#5214 = DIRECTION ( 'NONE',  ( -0.000000000000000000, 0.000000000000000000, -1.000000000000000000 ) ) ;
#5215 = DIRECTION ( 'NONE',  ( -1.000000000000000000, 0.000000000000000000, -0.000000000000000000 ) ) ;
#5216 = DIRECTION ( 'NONE',  ( 0.000000000000000000, 1.445602896647339508E-15, -1.000000000000000000 ) ) ;
#5217 = ADVANCED_FACE ( 'NONE', ( #3844 ), #3910, .T. ) ;
#5218 = EDGE_CURVE ( 'NONE', #2544, #5139, #1332, .T. ) ;
#5219 = EDGE_CURVE ( 'NONE', #1941, #1792, #468, .T. ) ;
#5220 = VECTOR ( 'NONE', #4765, 1000.000000000000000 ) ;
#5221 = ORIENTED_EDGE ( 'NONE', *, *, #2663, .T. ) ;
#5222 = ORIENTED_EDGE ( 'NONE', *, *, #1443, .T. ) ;
#5223 = VECTOR ( 'NONE', #442, 1000.000000000000000 ) ;
#5224 = ADVANCED_FACE ( 'NONE', ( #1461 ), #2938, .T. ) ;
#5225 = CARTESIAN_POINT ( 'NONE',  ( -1.874999999999999556, -1.452381048782462436, 1.294448767816122059 ) ) ;
#5226 = DIRECTION ( 'NONE',  ( 3.350313119968968612E-16, -0.000000000000000000, 1.000000000000000000 ) ) ;
#5227 = VECTOR ( 'NONE', #5117, 999.9999999999998863 ) ;
#5228 = VECTOR ( 'NONE', #2919, 1000.000000000000000 ) ;
#5229 = ORIENTED_EDGE ( 'NONE', *, *, #363, .F. ) ;
#5230 =( LENGTH_UNIT ( ) NAMED_UNIT ( * ) SI_UNIT ( .MILLI., .METRE. ) );
#5231 = EDGE_CURVE ( 'NONE', #2544, #2802, #137, .T. ) ;
#5232 = FACE_OUTER_BOUND ( 'NONE', #477, .T. ) ;
#5233 = CARTESIAN_POINT ( 'NONE',  ( 1.366818319492648204, 3.373604387190460407, 1.394448767816122592 ) ) ;
#5234 = ORIENTED_EDGE ( 'NONE', *, *, #705, .F. ) ;
#5235 = DIRECTION ( 'NONE',  ( -3.497202527569243102E-15, -1.000000000000000000, -0.000000000000000000 ) ) ;
#5236 = ORIENTED_EDGE ( 'NONE', *, *, #4664, .F. ) ;
#5237 = LINE ( 'NONE', #3679, #5101 ) ;
#5238 = LINE ( 'NONE', #2358, #5564 ) ;
#5239 = ORIENTED_EDGE ( 'NONE', *, *, #4367, .T. ) ;
#5240 = DIRECTION ( 'NONE',  ( 7.778769097326426270E-62, 1.000000000000000000, 1.972152263052529514E-31 ) ) ;
#5241 = LINE ( 'NONE', #5209, #4048 ) ;
#5242 = DIRECTION ( 'NONE',  ( -1.000000000000000000, 6.245004513516505540E-17, 0.000000000000000000 ) ) ;
#5243 = VERTEX_POINT ( 'NONE', #227 ) ;
#5244 = CLOSED_SHELL ( 'NONE', ( #4331, #250, #4698, #1183, #3708, #1307, #2754, #3506, #5627, #4515, #397, #5072, #994, #2641, #6087, #5326, #776, #5170, #3816, #1296, #4409, #1528, #5895, #3984, #3472, #4495, #2562, #660, #5851, #95, #5774, #2391, #2235, #5972, #2781, #993, #4833, #942, #666, #940, #2436, #4358, #2995, #315, #3849, #4061, #5976, #792 ) ) ;
#5245 = CARTESIAN_POINT ( 'NONE',  ( -1.874999999999999556, 3.809999999999999609, 1.294448767816122059 ) ) ;
#5246 = DIRECTION ( 'NONE',  ( 0.000000000000000000, -1.000000000000000000, -1.224646799147349263E-16 ) ) ;
#5247 = DIRECTION ( 'NONE',  ( -0.7071067811865462405, 0.7071067811865489050, 0.000000000000000000 ) ) ;
#5248 = CARTESIAN_POINT ( 'NONE',  ( 4.664999999999999147, 0.7000000000000022871, 0.4000000000000000222 ) ) ;
#5249 = AXIS2_PLACEMENT_3D ( 'NONE', #4927, #526, #2485 ) ;
#5250 = VERTEX_POINT ( 'NONE', #5091 ) ;
#5251 = EDGE_CURVE ( 'NONE', #3422, #4956, #2172, .T. ) ;
#5252 = ORIENTED_EDGE ( 'NONE', *, *, #4996, .F. ) ;
#5253 = AXIS2_PLACEMENT_3D ( 'NONE', #2005, #3760, #2553 ) ;
#5254 = LINE ( 'NONE', #4709, #276 ) ;
#5255 = CARTESIAN_POINT ( 'NONE',  ( -1.874999999999999556, 3.373604387190460407, -1.394448767816122592 ) ) ;
#5256 = EDGE_CURVE ( 'NONE', #1859, #4678, #4112, .T. ) ;
#5257 = AXIS2_PLACEMENT_3D ( 'NONE', #4776, #1218, #796 ) ;
#5258 = ORIENTED_EDGE ( 'NONE', *, *, #939, .T. ) ;
#5259 = EDGE_CURVE ( 'NONE', #511, #4752, #4001, .T. ) ;
#5260 = VECTOR ( 'NONE', #4313, 1000.000000000000000 ) ;
#5261 = EDGE_CURVE ( 'NONE', #3422, #5552, #6090, .T. ) ;
#5262 = DIRECTION ( 'NONE',  ( -1.000000000000000000, 4.930380657631323784E-32, 2.911116689277473781E-16 ) ) ;
#5263 = CARTESIAN_POINT ( 'NONE',  ( 1.627778409939249826, 2.372994641670527205, 1.919880095332464842 ) ) ;
#5264 = VERTEX_POINT ( 'NONE', #5453 ) ;
#5265 = CARTESIAN_POINT ( 'NONE',  ( 1.126143534192404871, 3.090491792929919601, -1.202382944073070226 ) ) ;
#5266 = ORIENTED_EDGE ( 'NONE', *, *, #5219, .F. ) ;
#5267 = CARTESIAN_POINT ( 'NONE',  ( 1.627778409939248716, 2.118235399615123082, -0.9944487678161231248 ) ) ;
#5268 = DIRECTION ( 'NONE',  ( 3.686285375245215283E-32, -1.000000000000000000, -1.224646799147367012E-16 ) ) ;
#5269 = VERTEX_POINT ( 'NONE', #1633 ) ;
#5270 = ORIENTED_EDGE ( 'NONE', *, *, #3502, .T. ) ;
#5271 = CARTESIAN_POINT ( 'NONE',  ( -4.864999999999999325, 0.9000000000000034639, -0.4000000000000004108 ) ) ;
#5272 = LINE ( 'NONE', #1358, #3420 ) ;
#5273 = PLANE ( 'NONE',  #3298 ) ;
#5274 = CARTESIAN_POINT ( 'NONE',  ( 1.874999999999999334, 3.061149402765582561, 1.394448767816122592 ) ) ;
#5275 = ORIENTED_EDGE ( 'NONE', *, *, #5771, .T. ) ;
#5276 = CARTESIAN_POINT ( 'NONE',  ( 1.064999999999998614, 0.1999999999999968192, -1.000000000000000444 ) ) ;
#5277 = PLANE ( 'NONE',  #880 ) ;
#5278 = DIRECTION ( 'NONE',  ( -1.000000000000000000, 0.000000000000000000, 0.000000000000000000 ) ) ;
#5279 = CARTESIAN_POINT ( 'NONE',  ( 3.003514341227321083, 2.118235399615123082, 1.294448767816121393 ) ) ;
#5280 = VERTEX_POINT ( 'NONE', #5487 ) ;
#5281 = VECTOR ( 'NONE', #4944, 1000.000000000000000 ) ;
#5282 = DIRECTION ( 'NONE',  ( 1.000000000000000000, 0.000000000000000000, 0.000000000000000000 ) ) ;
#5283 = ORIENTED_EDGE ( 'NONE', *, *, #173, .F. ) ;
#5284 = DIRECTION ( 'NONE',  ( -1.000000000000000000, -0.000000000000000000, -2.006720292910416268E-16 ) ) ;
#5285 = LINE ( 'NONE', #543, #2982 ) ;
#5286 = AXIS2_PLACEMENT_3D ( 'NONE', #3288, #2810, #1303 ) ;
#5287 = VECTOR ( 'NONE', #359, 1000.000000000000000 ) ;
#5288 = EDGE_CURVE ( 'NONE', #2802, #4752, #3622, .T. ) ;
#5289 = SHAPE_REPRESENTATION ( '0154002.DR_9', ( #1731 ), #4085 ) ;
#5290 = ORIENTED_EDGE ( 'NONE', *, *, #3263, .F. ) ;
#5291 = CARTESIAN_POINT ( 'NONE',  ( 0.000000000000000000, 0.000000000000000000, 0.000000000000000000 ) ) ;
#5292 = VECTOR ( 'NONE', #153, 1000.000000000000000 ) ;
#5293 = ORIENTED_EDGE ( 'NONE', *, *, #2992, .F. ) ;
#5294 = EDGE_CURVE ( 'NONE', #413, #2053, #3010, .T. ) ;
#5295 = DIRECTION ( 'NONE',  ( 4.282837881357679770E-31, 1.224646799147345565E-16, -1.000000000000000000 ) ) ;
#5296 =( LENGTH_UNIT ( ) NAMED_UNIT ( * ) SI_UNIT ( .MILLI., .METRE. ) );
#5297 = VERTEX_POINT ( 'NONE', #4487 ) ;
#5298 = EDGE_CURVE ( 'NONE', #1572, #822, #6046, .T. ) ;
#5299 = ADVANCED_FACE ( 'NONE', ( #2595 ), #6189, .T. ) ;
#5300 = ADVANCED_FACE ( 'NONE', ( #5523 ), #2656, .T. ) ;
#5301 = CARTESIAN_POINT ( 'NONE',  ( -1.126143534192405093, 2.919136647305522470, 1.394448767816122370 ) ) ;
#5302 = VERTEX_POINT ( 'NONE', #167 ) ;
#5303 = CARTESIAN_POINT ( 'NONE',  ( 1.126143534192404871, 3.019781114811264544, 1.131672265954415391 ) ) ;
#5304 = CARTESIAN_POINT ( 'NONE',  ( 1.875000000000000888, 1.818235399615123038, -2.515000000000000124 ) ) ;
#5305 = VECTOR ( 'NONE', #1025, 1000.000000000000000 ) ;
#5306 = EDGE_LOOP ( 'NONE', ( #180, #661, #1476, #609 ) ) ;
#5307 = AXIS2_PLACEMENT_3D ( 'NONE', #2707, #4162, #3739 ) ;
#5308 = CYLINDRICAL_SURFACE ( 'NONE', #3801, 0.2999999999999999334 ) ;
#5309 = CARTESIAN_POINT ( 'NONE',  ( 4.664999999999999147, 1.611566968151564527, 0.9999999999999995559 ) ) ;
#5310 = PRODUCT_DEFINITION_CONTEXT ( 'detailed design', #3572, 'design' ) ;
#5311 = LINE ( 'NONE', #3808, #1766 ) ;
#5312 = LINE ( 'NONE', #1004, #13 ) ;
#5313 = ORIENTED_EDGE ( 'NONE', *, *, #3945, .T. ) ;
#5314 = CARTESIAN_POINT ( 'NONE',  ( -4.865000000000000213, 3.810000000000000053, 1.825224324045338076 ) ) ;
#5315 = DIRECTION ( 'NONE',  ( -1.000000000000000000, 3.497202527569243102E-15, 9.860761315262646473E-32 ) ) ;
#5316 = DIRECTION ( 'NONE',  ( -3.608224830031756291E-16, 0.000000000000000000, -1.000000000000000000 ) ) ;
#5317 = CARTESIAN_POINT ( 'NONE',  ( 3.003514341227321083, 1.818235399615122816, 0.9944487678161212374 ) ) ;
#5318 = VERTEX_POINT ( 'NONE', #6026 ) ;
#5319 = APPLICATION_PROTOCOL_DEFINITION ( 'draft international standard', 'automotive_design', 1998, #5421 ) ;
#5320 = ORIENTED_EDGE ( 'NONE', *, *, #2862, .F. ) ;
#5321 = DIRECTION ( 'NONE',  ( 0.000000000000000000, -0.7071067811865486830, 0.7071067811865464625 ) ) ;
#5322 = LINE ( 'NONE', #1990, #3499 ) ;
#5323 = ORIENTED_EDGE ( 'NONE', *, *, #1666, .F. ) ;
#5324 =( REPRESENTATION_RELATIONSHIP ('NONE','NONE', #2023, #3747 ) REPRESENTATION_RELATIONSHIP_WITH_TRANSFORMATION ( #689 )SHAPE_REPRESENTATION_RELATIONSHIP( ) );
#5325 = PLANE ( 'NONE',  #4699 ) ;
#5326 = ADVANCED_FACE ( 'NONE', ( #3588 ), #5545, .T. ) ;
#5327 = AXIS2_PLACEMENT_3D ( 'NONE', #505, #5315, #947 ) ;
#5328 = DIRECTION ( 'NONE',  ( 0.7071067811865482389, 0.7071067811865469066, -0.000000000000000000 ) ) ;
#5329 = AXIS2_PLACEMENT_3D ( 'NONE', #1567, #4494, #113 ) ;
#5330 = FACE_OUTER_BOUND ( 'NONE', #3264, .T. ) ;
#5331 = VECTOR ( 'NONE', #2775, 1000.000000000000000 ) ;
#5332 = ORIENTED_EDGE ( 'NONE', *, *, #133, .T. ) ;
#5333 = FACE_OUTER_BOUND ( 'NONE', #1934, .T. ) ;
#5334 = CIRCLE ( 'NONE', #116, 0.5500000000000003775 ) ;
#5335 = PLANE ( 'NONE',  #2601 ) ;
#5336 = VERTEX_POINT ( 'NONE', #4583 ) ;
#5337 = DIRECTION ( 'NONE',  ( -1.000000000000000000, -3.552713678800500140E-15, -3.944304526105059027E-31 ) ) ;
#5338 = LINE ( 'NONE', #5922, #6116 ) ;
#5339 = CARTESIAN_POINT ( 'NONE',  ( 3.127778409939249382, 3.510000000000000231, 0.9944487678161212374 ) ) ;
#5340 = CARTESIAN_POINT ( 'NONE',  ( 3.873634909763690182, 1.818235399615122816, -1.294448767816116064 ) ) ;
#5341 = EDGE_LOOP ( 'NONE', ( #5258, #3761, #1285, #4121 ) ) ;
#5342 = DIRECTION ( 'NONE',  ( 0.000000000000000000, 2.168404344971007685E-15, -1.000000000000000000 ) ) ;
#5343 = EDGE_CURVE ( 'NONE', #5399, #1863, #194, .T. ) ;
#5344 = FACE_OUTER_BOUND ( 'NONE', #565, .T. ) ;
#5345 = CARTESIAN_POINT ( 'NONE',  ( -1.874999999999999334, 1.818235399615123260, -2.514999999999999680 ) ) ;
#5346 = CARTESIAN_POINT ( 'NONE',  ( -4.864999999999999325, 0.6053979116170363772, -0.4184320681164753752 ) ) ;
#5347 = CARTESIAN_POINT ( 'NONE',  ( 3.003514341227321527, 1.942499468327051337, 1.294448767816121393 ) ) ;
#5348 = VERTEX_POINT ( 'NONE', #3285 ) ;
#5349 = ORIENTED_EDGE ( 'NONE', *, *, #3183, .T. ) ;
#5350 = CARTESIAN_POINT ( 'NONE',  ( 0.000000000000000000, 0.000000000000000000, 0.000000000000000000 ) ) ;
#5351 = EDGE_LOOP ( 'NONE', ( #1350, #3210, #3629, #3401 ) ) ;
#5352 = CARTESIAN_POINT ( 'NONE',  ( -1.874999999999999556, 3.061149402765582561, -1.394448767816122592 ) ) ;
#5353 = PLANE ( 'NONE',  #226 ) ;
#5354 = AXIS2_PLACEMENT_3D ( 'NONE', #1230, #4757, #6227 ) ;
#5355 = VECTOR ( 'NONE', #6132, 1000.000000000000000 ) ;
#5356 = ORIENTED_EDGE ( 'NONE', *, *, #2083, .F. ) ;
#5357 = AXIS2_PLACEMENT_3D ( 'NONE', #4691, #3770, #5693 ) ;
#5358 = ORIENTED_EDGE ( 'NONE', *, *, #3656, .F. ) ;
#5359 = CARTESIAN_POINT ( 'NONE',  ( -1.627778409939249826, 1.818235399615123482, 1.294448767816121837 ) ) ;
#5360 = ORIENTED_EDGE ( 'NONE', *, *, #5844, .T. ) ;
#5361 =( NAMED_UNIT ( * ) SI_UNIT ( $, .STERADIAN. ) SOLID_ANGLE_UNIT ( ) );
#5362 = VERTEX_POINT ( 'NONE', #2233 ) ;
#5363 = AXIS2_PLACEMENT_3D ( 'NONE', #2214, #858, #3669 ) ;
#5364 = DIRECTION ( 'NONE',  ( -0.000000000000000000, -1.000000000000000000, -1.972152263052529514E-31 ) ) ;
#5365 = APPLICATION_CONTEXT ( 'automotive_design' ) ;
#5366 = VERTEX_POINT ( 'NONE', #5668 ) ;
#5367 = AXIS2_PLACEMENT_3D ( 'NONE', #3928, #4984, #929 ) ;
#5368 = FACE_OUTER_BOUND ( 'NONE', #4218, .T. ) ;
#5369 = CARTESIAN_POINT ( 'NONE',  ( -1.627778409939249826, 2.372994641670527205, -1.919880095332464842 ) ) ;
#5370 = AXIS2_PLACEMENT_3D ( 'NONE', #5186, #3321, #883 ) ;
#5371 = DIRECTION ( 'NONE',  ( -5.814534955400682504E-16, 0.000000000000000000, 1.000000000000000000 ) ) ;
#5372 = CARTESIAN_POINT ( 'NONE',  ( 1.874999999999999334, 3.061149402765582561, -1.294448767816122281 ) ) ;
#5373 = PRESENTATION_LAYER_ASSIGNMENT (  '', '', ( #1273 ) ) ;
#5374 = CIRCLE ( 'NONE', #759, 0.5500000000000003775 ) ;
#5375 = EDGE_CURVE ( 'NONE', #3430, #892, #2296, .T. ) ;
#5376 = DIRECTION ( 'NONE',  ( -1.972152263052529514E-31, 1.094764425253763337E-47, -1.000000000000000000 ) ) ;
#5377 = CARTESIAN_POINT ( 'NONE',  ( -2.827778409939248672, 2.118235399615123082, -0.9944487678161233468 ) ) ;
#5378 = ORIENTED_EDGE ( 'NONE', *, *, #2898, .F. ) ;
#5379 = ORIENTED_EDGE ( 'NONE', *, *, #2872, .F. ) ;
#5380 = EDGE_CURVE ( 'NONE', #706, #4854, #1267, .T. ) ;
#5381 = CARTESIAN_POINT ( 'NONE',  ( -1.627778409939249826, 2.118235399615123082, 1.294448767816121837 ) ) ;
#5382 = CARTESIAN_POINT ( 'NONE',  ( 4.664999999999999147, 1.611566968151564527, 0.9999999999999995559 ) ) ;
#5383 = CARTESIAN_POINT ( 'NONE',  ( -2.827778409939249560, 2.118235399615123082, 0.9944487678161212374 ) ) ;
#5384 = DIRECTION ( 'NONE',  ( 0.000000000000000000, 1.000000000000000000, 0.000000000000000000 ) ) ;
#5385 = ADVANCED_FACE ( 'NONE', ( #5180 ), #375, .F. ) ;
#5386 = DIRECTION ( 'NONE',  ( -1.000000000000000000, 3.889384548663212703E-62, -1.972152263052529076E-31 ) ) ;
#5387 = EDGE_CURVE ( 'NONE', #3360, #5336, #4670, .T. ) ;
#5388 = ORIENTED_EDGE ( 'NONE', *, *, #245, .F. ) ;
#5389 = ORIENTED_EDGE ( 'NONE', *, *, #5820, .F. ) ;
#5390 = APPLICATION_PROTOCOL_DEFINITION ( 'draft international standard', 'automotive_design', 1998, #2379 ) ;
#5391 = VERTEX_POINT ( 'NONE', #1209 ) ;
#5392 = CARTESIAN_POINT ( 'NONE',  ( -4.865000000000000213, 1.818235399615123038, -2.515000000000000124 ) ) ;
#5393 = CARTESIAN_POINT ( 'NONE',  ( 4.864999999999998437, 2.236750975993232249, 0.3748159921583313348 ) ) ;
#5394 = VECTOR ( 'NONE', #2045, 1000.000000000000000 ) ;
#5395 = VERTEX_POINT ( 'NONE', #3166 ) ;
#5396 = ORIENTED_EDGE ( 'NONE', *, *, #6311, .F. ) ;
#5397 = VECTOR ( 'NONE', #5008, 1000.000000000000000 ) ;
#5398 = DIRECTION ( 'NONE',  ( 0.000000000000000000, -0.000000000000000000, 1.000000000000000000 ) ) ;
#5399 = VERTEX_POINT ( 'NONE', #4763 ) ;
#5400 = DIRECTION ( 'NONE',  ( 0.000000000000000000, 0.000000000000000000, 1.000000000000000000 ) ) ;
#5401 = ORIENTED_EDGE ( 'NONE', *, *, #956, .T. ) ;
#5402 = CARTESIAN_POINT ( 'NONE',  ( 1.591125123973731403, 0.2000000000000057288, -1.400000000000000577 ) ) ;
#5403 = PLANE ( 'NONE',  #5781 ) ;
#5404 = VECTOR ( 'NONE', #4093, 1000.000000000000000 ) ;
#5405 = VERTEX_POINT ( 'NONE', #286 ) ;
#5406 = DIRECTION ( 'NONE',  ( -3.001827410575581494E-16, -0.7071067811865457964, 0.7071067811865492381 ) ) ;
#5407 = CARTESIAN_POINT ( 'NONE',  ( 1.627778409939249826, 3.132929601890217963, 1.294448767816122281 ) ) ;
#5408 = CYLINDRICAL_SURFACE ( 'NONE', #620, 0.04999999999999991257 ) ;
#5409 = AXIS2_PLACEMENT_3D ( 'NONE', #4842, #4334, #6272 ) ;
#5410 = DIRECTION ( 'NONE',  ( -4.415885040048125899E-17, -0.7071067811865489050, -0.7071067811865462405 ) ) ;
#5411 = VECTOR ( 'NONE', #997, 1000.000000000000000 ) ;
#5412 = CARTESIAN_POINT ( 'NONE',  ( 1.366818319492648204, 3.132929601890217963, 1.394448767816122592 ) ) ;
#5413 = ORIENTED_EDGE ( 'NONE', *, *, #2093, .F. ) ;
#5414 = CARTESIAN_POINT ( 'NONE',  ( -4.314999999999999503, 0.5499999999999986011, 0.9999999999999995559 ) ) ;
#5415 = FACE_OUTER_BOUND ( 'NONE', #6151, .T. ) ;
#5416 = EDGE_CURVE ( 'NONE', #6228, #4882, #3385, .T. ) ;
#5417 = DIRECTION ( 'NONE',  ( 1.000000000000000000, -3.497202527569243102E-15, -0.000000000000000000 ) ) ;
#5418 = CARTESIAN_POINT ( 'NONE',  ( -1.874999999999999334, 3.061149402765582561, -1.294448767816122281 ) ) ;
#5419 = CARTESIAN_POINT ( 'NONE',  ( 4.864999999999999325, 0.9000000000000036859, 0.4000000000000000222 ) ) ;
#5420 = CARTESIAN_POINT ( 'NONE',  ( -4.314999999999999503, 0.5499999999999986011, 0.9999999999999997780 ) ) ;
#5421 = APPLICATION_CONTEXT ( 'automotive_design' ) ;
#5422 = EDGE_LOOP ( 'NONE', ( #2270, #5821, #1380, #6038 ) ) ;
#5423 = ORIENTED_EDGE ( 'NONE', *, *, #5802, .F. ) ;
#5424 = EDGE_CURVE ( 'NONE', #758, #1996, #1300, .T. ) ;
#5425 = EDGE_CURVE ( 'NONE', #1941, #5904, #5731, .T. ) ;
#5426 = EDGE_CURVE ( 'NONE', #1786, #5795, #757, .T. ) ;
#5427 = CARTESIAN_POINT ( 'NONE',  ( -1.366818319492648204, 3.090491792929919601, 1.202382944073070226 ) ) ;
#5428 = CARTESIAN_POINT ( 'NONE',  ( -4.664999999999999147, 1.611566968151564083, 0.9999999999999997780 ) ) ;
#5429 = ORIENTED_EDGE ( 'NONE', *, *, #4798, .F. ) ;
#5430 = DIRECTION ( 'NONE',  ( 6.023345402697287394E-17, -1.224646799147351235E-16, 1.000000000000000000 ) ) ;
#5431 = ORIENTED_EDGE ( 'NONE', *, *, #973, .T. ) ;
#5432 = LINE ( 'NONE', #5467, #4451 ) ;
#5433 = EDGE_CURVE ( 'NONE', #4443, #1599, #223, .T. ) ;
#5434 = ORIENTED_EDGE ( 'NONE', *, *, #1191, .T. ) ;
#5435 = VECTOR ( 'NONE', #813, 1000.000000000000000 ) ;
#5436 = CARTESIAN_POINT ( 'NONE',  ( 2.827778409939249560, 2.118235399615123082, 0.9944487678161212374 ) ) ;
#5437 = CARTESIAN_POINT ( 'NONE',  ( -8.673617379884039416E-16, -1.627707704994875121E-14, 0.9999999999999995559 ) ) ;
#5438 = CARTESIAN_POINT ( 'NONE',  ( 4.864999999999999325, 1.583607624610294806, 0.4000000000000000222 ) ) ;
#5439 = LINE ( 'NONE', #499, #3666 ) ;
#5440 = VERTEX_POINT ( 'NONE', #786 ) ;
#5441 = AXIS2_PLACEMENT_3D ( 'NONE', #1973, #3907, #1426 ) ;
#5442 = CARTESIAN_POINT ( 'NONE',  ( 1.894460780100799324, 2.919136647305522470, -1.394448767816122370 ) ) ;
#5443 = CIRCLE ( 'NONE', #4619, 0.04999999999999969746 ) ;
#5444 = VECTOR ( 'NONE', #1407, 1000.000000000000000 ) ;
#5445 = DIRECTION ( 'NONE',  ( 1.000000000000000000, -0.000000000000000000, 0.000000000000000000 ) ) ;
#5446 = EDGE_LOOP ( 'NONE', ( #5631, #1237, #2187, #5684 ) ) ;
#5447 = DIRECTION ( 'NONE',  ( 0.000000000000000000, 1.321701948486275810E-32, -1.000000000000000000 ) ) ;
#5448 = CARTESIAN_POINT ( 'NONE',  ( -4.864999999999999325, 1.611566968151564083, 0.9999999999999995559 ) ) ;
#5449 = LINE ( 'NONE', #1042, #5948 ) ;
#5450 = CARTESIAN_POINT ( 'NONE',  ( -3.873634909763690182, -1.452381048782462436, -0.7448702942612720479 ) ) ;
#5451 = DIRECTION ( 'NONE',  ( 0.000000000000000000, -1.000000000000000000, 1.321701948486275810E-32 ) ) ;
#5452 = ORIENTED_EDGE ( 'NONE', *, *, #741, .F. ) ;
#5453 = CARTESIAN_POINT ( 'NONE',  ( 1.627778409939248716, 3.810000000000000053, -0.9944487678161221256 ) ) ;
#5454 = ORIENTED_EDGE ( 'NONE', *, *, #3220, .T. ) ;
#5455 = APPLICATION_PROTOCOL_DEFINITION ( 'draft international standard', 'automotive_design', 1998, #3572 ) ;
#5456 = ORIENTED_EDGE ( 'NONE', *, *, #1102, .F. ) ;
#5457 = DIRECTION ( 'NONE',  ( -1.000000000000000000, 3.469446951953559878E-18, -3.469446951953549092E-18 ) ) ;
#5458 = CARTESIAN_POINT ( 'NONE',  ( -3.127778409939248938, 3.610000000000001208, 0.7448702942612707156 ) ) ;
#5459 = ADVANCED_FACE ( 'NONE', ( #2714 ), #254, .F. ) ;
#5460 = ORIENTED_EDGE ( 'NONE', *, *, #746, .F. ) ;
#5461 = VECTOR ( 'NONE', #2679, 1000.000000000000000 ) ;
#5462 = ADVANCED_FACE ( 'NONE', ( #2202 ), #6115, .T. ) ;
#5463 = DIRECTION ( 'NONE',  ( 4.163336342344335178E-17, -0.000000000000000000, 1.000000000000000000 ) ) ;
#5464 = CARTESIAN_POINT ( 'NONE',  ( -2.827778409939249560, 1.818235399615123482, 0.9944487678161212374 ) ) ;
#5465 = LINE ( 'NONE', #3230, #2098 ) ;
#5466 = ORIENTED_EDGE ( 'NONE', *, *, #3897, .F. ) ;
#5467 = CARTESIAN_POINT ( 'NONE',  ( 4.664999999999999147, 0.7000000000000022871, -2.515000000000000124 ) ) ;
#5468 = VECTOR ( 'NONE', #755, 1000.000000000000000 ) ;
#5469 = ADVANCED_FACE ( 'NONE', ( #3196 ), #4696, .F. ) ;
#5470 = ORIENTED_EDGE ( 'NONE', *, *, #5617, .F. ) ;
#5471 = SURFACE_STYLE_USAGE ( .BOTH. , #2549 ) ;
#5472 = EDGE_CURVE ( 'NONE', #2092, #4083, #3717, .T. ) ;
#5473 = LINE ( 'NONE', #1069, #149 ) ;
#5474 = CARTESIAN_POINT ( 'NONE',  ( 1.627778409939249826, 3.061149402765582561, 1.394448767816122592 ) ) ;
#5475 = CARTESIAN_POINT ( 'NONE',  ( 1.874999999999999556, 3.061149402765582561, -1.394448767816122592 ) ) ;
#5476 = ORIENTED_EDGE ( 'NONE', *, *, #6157, .F. ) ;
#5477 = VECTOR ( 'NONE', #704, 1000.000000000000000 ) ;
#5478 = CARTESIAN_POINT ( 'NONE',  ( -3.127778409939249382, 3.510000000000000231, 0.9944487678161212374 ) ) ;
#5479 = VECTOR ( 'NONE', #2704, 1000.000000000000000 ) ;
#5480 = DIRECTION ( 'NONE',  ( -1.000000000000000000, 5.551115123125782702E-17, 1.972152263052529514E-31 ) ) ;
#5481 = ORIENTED_EDGE ( 'NONE', *, *, #1220, .T. ) ;
#5482 = DIRECTION ( 'NONE',  ( 0.000000000000000000, -1.000000000000000000, -6.195440985631450387E-16 ) ) ;
#5483 = CARTESIAN_POINT ( 'NONE',  ( -1.627778409939248716, 3.510000000000000231, -1.294448767816122725 ) ) ;
#5484 = DIRECTION ( 'NONE',  ( -4.163336342344335178E-17, -3.885780586188045919E-16, 1.000000000000000000 ) ) ;
#5485 = LINE ( 'NONE', #3464, #3015 ) ;
#5486 = ORIENTED_EDGE ( 'NONE', *, *, #3325, .T. ) ;
#5487 = CARTESIAN_POINT ( 'NONE',  ( 4.864999999999998437, 0.6053979116170363772, -0.4184320681164753752 ) ) ;
#5488 = ORIENTED_EDGE ( 'NONE', *, *, #1723, .T. ) ;
#5489 = CARTESIAN_POINT ( 'NONE',  ( 1.627778409939249826, 2.919136647305522470, -1.444448767816122192 ) ) ;
#5490 = LINE ( 'NONE', #170, #2672 ) ;
#5491 = PRODUCT_RELATED_PRODUCT_CATEGORY ( 'part', '', ( #1279 ) ) ;
#5492 = VERTEX_POINT ( 'NONE', #6175 ) ;
#5493 =( LENGTH_UNIT ( ) NAMED_UNIT ( * ) SI_UNIT ( .MILLI., .METRE. ) );
#5494 = ORIENTED_EDGE ( 'NONE', *, *, #3496, .F. ) ;
#5495 = DIRECTION ( 'NONE',  ( 0.000000000000000000, 1.000000000000000000, 1.321701948486275810E-32 ) ) ;
#5496 = EDGE_CURVE ( 'NONE', #5507, #5179, #3748, .T. ) ;
#5497 = LINE ( 'NONE', #2605, #2394 ) ;
#5498 = FACE_OUTER_BOUND ( 'NONE', #3996, .T. ) ;
#5499 = VECTOR ( 'NONE', #3491, 1000.000000000000000 ) ;
#5500 = CARTESIAN_POINT ( 'NONE',  ( 4.864999999999998437, 2.236750975993232249, 0.3748159921583313348 ) ) ;
#5501 = VECTOR ( 'NONE', #3476, 1000.000000000000000 ) ;
#5502 = VERTEX_POINT ( 'NONE', #4726 ) ;
#5503 = CYLINDRICAL_SURFACE ( 'NONE', #762, 0.2999999999999999334 ) ;
#5504 = ADVANCED_FACE ( 'NONE', ( #6207 ), #3777, .F. ) ;
#5505 = EDGE_CURVE ( 'NONE', #2029, #4274, #1940, .T. ) ;
#5506 = CARTESIAN_POINT ( 'NONE',  ( -3.752267713333899746, 0.2000000000000052292, -1.400000000000000355 ) ) ;
#5507 = VERTEX_POINT ( 'NONE', #4324 ) ;
#5508 = EDGE_CURVE ( 'NONE', #1599, #824, #5312, .T. ) ;
#5509 = DIRECTION ( 'NONE',  ( -1.000000000000000000, 4.622231866529364679E-33, -4.163336342344337027E-17 ) ) ;
#5510 = PRODUCT_DEFINITION_CONTEXT ( 'detailed design', #699, 'design' ) ;
#5511 = VECTOR ( 'NONE', #5733, 1000.000000000000000 ) ;
#5512 = AXIS2_PLACEMENT_3D ( 'NONE', #3336, #6286, #927 ) ;
#5513 = PLANE ( 'NONE',  #845 ) ;
#5514 = SHAPE_REPRESENTATION ( '0154002.DR_6', ( #1731 ), #3987 ) ;
#5515 = CARTESIAN_POINT ( 'NONE',  ( 0.000000000000000000, 1.583607624610294806, -0.4000000000000000222 ) ) ;
#5516 = CARTESIAN_POINT ( 'NONE',  ( 2.827778409939249560, 3.510000000000000231, 1.294448767816120949 ) ) ;
#5517 = VERTEX_POINT ( 'NONE', #3940 ) ;
#5518 = STYLED_ITEM ( 'NONE', ( #5046 ), #1697 ) ;
#5519 = LINE ( 'NONE', #4513, #1493 ) ;
#5520 = CARTESIAN_POINT ( 'NONE',  ( -1.366818319492648204, 3.132929601890217963, -1.394448767816122592 ) ) ;
#5521 = DIRECTION ( 'NONE',  ( 1.000000000000000000, -3.889384548663212703E-62, 1.972152263052529076E-31 ) ) ;
#5522 = EDGE_LOOP ( 'NONE', ( #4486, #793, #3370, #5741 ) ) ;
#5523 = FACE_OUTER_BOUND ( 'NONE', #2892, .T. ) ;
#5524 = ORIENTED_EDGE ( 'NONE', *, *, #1628, .T. ) ;
#5525 = VECTOR ( 'NONE', #2644, 1000.000000000000000 ) ;
#5526 = VECTOR ( 'NONE', #3089, 1000.000000000000000 ) ;
#5527 = PLANE ( 'NONE',  #281 ) ;
#5528 = LINE ( 'NONE', #4118, #1546 ) ;
#5529 = EDGE_LOOP ( 'NONE', ( #4348, #2680, #3577, #5876 ) ) ;
#5530 = CARTESIAN_POINT ( 'NONE',  ( -1.126143534192404871, 2.919136647305522470, -1.444448767816122192 ) ) ;
#5531 = CARTESIAN_POINT ( 'NONE',  ( 3.127778409939248494, 2.118235399615123082, -0.9944487678161233468 ) ) ;
#5532 = CARTESIAN_POINT ( 'NONE',  ( 1.627778409939249604, 1.918235399615123127, 0.9944487678161216815 ) ) ;
#5533 = ADVANCED_FACE ( 'NONE', ( #3455 ), #465, .T. ) ;
#5534 = ORIENTED_EDGE ( 'NONE', *, *, #2273, .T. ) ;
#5535 = VECTOR ( 'NONE', #486, 1000.000000000000000 ) ;
#5536 = SURFACE_STYLE_FILL_AREA ( #2218 ) ;
#5537 = VERTEX_POINT ( 'NONE', #4354 ) ;
#5538 = DIRECTION ( 'NONE',  ( 0.000000000000000000, 0.000000000000000000, 1.000000000000000000 ) ) ;
#5539 = LINE ( 'NONE', #1077, #5745 ) ;
#5540 = FACE_OUTER_BOUND ( 'NONE', #4362, .T. ) ;
#5541 = VERTEX_POINT ( 'NONE', #5274 ) ;
#5542 = DIRECTION ( 'NONE',  ( -0.000000000000000000, -0.000000000000000000, -1.000000000000000000 ) ) ;
#5543 = CARTESIAN_POINT ( 'NONE',  ( -4.864999999999999325, 2.236750975993232693, -0.3748159921583319454 ) ) ;
#5544 = DIRECTION ( 'NONE',  ( 6.245004513516505540E-17, 1.000000000000000000, -0.000000000000000000 ) ) ;
#5545 = PLANE ( 'NONE',  #215 ) ;
#5546 = EDGE_CURVE ( 'NONE', #4782, #1176, #2491, .T. ) ;
#5547 = ORIENTED_EDGE ( 'NONE', *, *, #5213, .F. ) ;
#5548 = PLANE ( 'NONE',  #6309 ) ;
#5549 = CARTESIAN_POINT ( 'NONE',  ( -3.327778409939248228, 3.810000000000000053, 0.7448702942612706046 ) ) ;
#5550 = ORIENTED_EDGE ( 'NONE', *, *, #1800, .T. ) ;
#5551 = DIRECTION ( 'NONE',  ( 0.000000000000000000, 0.000000000000000000, 1.000000000000000000 ) ) ;
#5552 = VERTEX_POINT ( 'NONE', #5340 ) ;
#5553 = LINE ( 'NONE', #6005, #3133 ) ;
#5554 = CARTESIAN_POINT ( 'NONE',  ( 3.127778409939248938, 3.610000000000001208, 0.7448702942612743794 ) ) ;
#5555 = CARTESIAN_POINT ( 'NONE',  ( -3.127778409939248494, 3.610000000000001208, -0.7448702942612716038 ) ) ;
#5556 = ORIENTED_EDGE ( 'NONE', *, *, #4445, .T. ) ;
#5557 = VECTOR ( 'NONE', #4868, 1000.000000000000000 ) ;
#5558 = FACE_OUTER_BOUND ( 'NONE', #1614, .T. ) ;
#5559 = EDGE_LOOP ( 'NONE', ( #2668, #1427, #6134, #5006, #2986, #2171, #4267 ) ) ;
#5560 = CARTESIAN_POINT ( 'NONE',  ( 1.366818319492648204, 2.883781308246195163, -1.409093428756795108 ) ) ;
#5561 = SURFACE_STYLE_FILL_AREA ( #1134 ) ;
#5562 = VERTEX_POINT ( 'NONE', #2728 ) ;
#5563 = PLANE ( 'NONE',  #2571 ) ;
#5564 = VECTOR ( 'NONE', #5143, 1000.000000000000000 ) ;
#5565 = DIRECTION ( 'NONE',  ( 1.000000000000000000, 0.000000000000000000, -0.000000000000000000 ) ) ;
#5566 = AXIS2_PLACEMENT_3D ( 'NONE', #2247, #4627, #5622 ) ;
#5567 = PLANE ( 'NONE',  #1110 ) ;
#5568 = PLANE ( 'NONE',  #2690 ) ;
#5569 = ITEM_DEFINED_TRANSFORMATION ( 'NONE', 'NONE', #4892,  #1731 ) ;
#5570 = ORIENTED_EDGE ( 'NONE', *, *, #2099, .F. ) ;
#5571 = AXIS2_PLACEMENT_3D ( 'NONE', #2074, #1487, #3551 ) ;
#5572 = CARTESIAN_POINT ( 'NONE',  ( -1.874999999999999556, 3.373604387190460407, -1.394448767816122592 ) ) ;
#5573 = DIRECTION ( 'NONE',  ( -3.608224830031756291E-16, 0.000000000000000000, -1.000000000000000000 ) ) ;
#5574 = LINE ( 'NONE', #5116, #4733 ) ;
#5575 = EDGE_LOOP ( 'NONE', ( #3391, #4738, #5476, #4377 ) ) ;
#5576 = CARTESIAN_POINT ( 'NONE',  ( -4.865000000000000213, 0.2000000000000000944, -2.515000000000000124 ) ) ;
#5577 = EDGE_LOOP ( 'NONE', ( #5239, #4325, #3082, #901, #3596, #3466, #646, #4269, #550, #4305, #316, #404 ) ) ;
#5578 = VECTOR ( 'NONE', #4252, 1000.000000000000000 ) ;
#5579 = ORIENTED_EDGE ( 'NONE', *, *, #3911, .F. ) ;
#5580 = EDGE_CURVE ( 'NONE', #5243, #5395, #1875, .T. ) ;
#5581 = DIRECTION ( 'NONE',  ( 1.000000000000000000, 0.000000000000000000, -7.891154582329502122E-16 ) ) ;
#5582 = CARTESIAN_POINT ( 'NONE',  ( 1.627778409939249826, 3.510000000000000231, 1.294448767816121393 ) ) ;
#5583 = EDGE_CURVE ( 'NONE', #2696, #5067, #5794, .T. ) ;
#5584 = ORIENTED_EDGE ( 'NONE', *, *, #736, .F. ) ;
#5585 = VERTEX_POINT ( 'NONE', #4447 ) ;
#5586 = ORIENTED_EDGE ( 'NONE', *, *, #2200, .F. ) ;
#5587 = CARTESIAN_POINT ( 'NONE',  ( 1.627778409939249826, 3.061149402765582561, 1.294448767816122281 ) ) ;
#5588 = CARTESIAN_POINT ( 'NONE',  ( -1.366818319492648204, 3.132929601890217963, 1.394448767816122592 ) ) ;
#5589 = ORIENTED_EDGE ( 'NONE', *, *, #3574, .F. ) ;
#5590 = CARTESIAN_POINT ( 'NONE',  ( -3.127778409939248938, 0.000000000000000000, -1.047903704317514672E-15 ) ) ;
#5591 =( NAMED_UNIT ( * ) PLANE_ANGLE_UNIT ( ) SI_UNIT ( $, .RADIAN. ) );
#5592 = VERTEX_POINT ( 'NONE', #4415 ) ;
#5593 = DIRECTION ( 'NONE',  ( 1.000000000000000000, -0.000000000000000000, 0.000000000000000000 ) ) ;
#5594 = AXIS2_PLACEMENT_3D ( 'NONE', #6153, #1277, #2344 ) ;
#5595 = CARTESIAN_POINT ( 'NONE',  ( -4.864999999999999325, 1.633217365692808620, 0.3748159921583313348 ) ) ;
#5596 = LINE ( 'NONE', #247, #6070 ) ;
#5597 = EDGE_LOOP ( 'NONE', ( #1627, #4430, #4236 ) ) ;
#5598 = VERTEX_POINT ( 'NONE', #2870 ) ;
#5599 = DIRECTION ( 'NONE',  ( 0.000000000000000000, 0.000000000000000000, -1.000000000000000000 ) ) ;
#5600 = CIRCLE ( 'NONE', #4177, 0.05000000000000012768 ) ;
#5601 = VECTOR ( 'NONE', #2449, 1000.000000000000000 ) ;
#5602 = DIRECTION ( 'NONE',  ( -3.350313119968968612E-16, -0.000000000000000000, -1.000000000000000000 ) ) ;
#5603 = EDGE_LOOP ( 'NONE', ( #4922, #296, #5211, #4355, #952 ) ) ;
#5604 = CARTESIAN_POINT ( 'NONE',  ( -4.865000000000000213, 3.608173674087660654, 1.895119576905404335 ) ) ;
#5605 = STYLED_ITEM ( 'NONE', ( #2551 ), #1689 ) ;
#5606 = EDGE_CURVE ( 'NONE', #1090, #2959, #3705, .T. ) ;
#5607 = ORIENTED_EDGE ( 'NONE', *, *, #2355, .F. ) ;
#5608 = CARTESIAN_POINT ( 'NONE',  ( 3.127778409939248938, 0.000000000000000000, -1.047903704317514672E-15 ) ) ;
#5609 = CARTESIAN_POINT ( 'NONE',  ( 2.827778409939249560, 2.118235399615123082, 0.9944487678161210154 ) ) ;
#5610 = EDGE_CURVE ( 'NONE', #5405, #5336, #3798, .T. ) ;
#5611 = EDGE_CURVE ( 'NONE', #5336, #1184, #5861, .T. ) ;
#5612 = VECTOR ( 'NONE', #548, 1000.000000000000000 ) ;
#5613 = ORIENTED_EDGE ( 'NONE', *, *, #4139, .F. ) ;
#5614 =( LENGTH_UNIT ( ) NAMED_UNIT ( * ) SI_UNIT ( .MILLI., .METRE. ) );
#5615 = EDGE_LOOP ( 'NONE', ( #2633, #4764, #5789, #1000 ) ) ;
#5616 = AXIS2_PLACEMENT_3D ( 'NONE', #5959, #5023, #4105 ) ;
#5617 = EDGE_CURVE ( 'NONE', #2304, #166, #3809, .T. ) ;
#5618 = DIRECTION ( 'NONE',  ( 0.000000000000000000, 1.000000000000000000, -0.000000000000000000 ) ) ;
#5619 = CARTESIAN_POINT ( 'NONE',  ( 1.591125123973731625, 0.2000000000000017319, -1.000000000000000444 ) ) ;
#5620 = EDGE_LOOP ( 'NONE', ( #5634, #3960, #5332, #5773 ) ) ;
#5621 = VERTEX_POINT ( 'NONE', #1456 ) ;
#5622 = DIRECTION ( 'NONE',  ( 0.000000000000000000, 1.000000000000000000, 1.224646799147351235E-16 ) ) ;
#5623 = EDGE_CURVE ( 'NONE', #4307, #769, #816, .T. ) ;
#5624 = LINE ( 'NONE', #2854, #3140 ) ;
#5625 = EDGE_LOOP ( 'NONE', ( #3620, #3392, #4910, #88 ) ) ;
#5626 = CARTESIAN_POINT ( 'NONE',  ( -1.126143534192405093, 3.132929601890217963, -1.394448767816122592 ) ) ;
#5627 = ADVANCED_FACE ( 'NONE', ( #5762 ), #2393, .F. ) ;
#5628 = CARTESIAN_POINT ( 'NONE',  ( 2.827778409939249560, 2.118235399615123082, 1.294448767816120949 ) ) ;
#5629 = DIRECTION ( 'NONE',  ( 3.313426411101296887E-47, 1.000000000000000000, -1.038076240024720344E-31 ) ) ;
#5630 = VECTOR ( 'NONE', #3186, 1000.000000000000000 ) ;
#5631 = ORIENTED_EDGE ( 'NONE', *, *, #3102, .F. ) ;
#5632 = CARTESIAN_POINT ( 'NONE',  ( -1.874999999999999334, 3.061149402765582561, 1.394448767816122592 ) ) ;
#5633 = CARTESIAN_POINT ( 'NONE',  ( 2.827778409939250004, 3.685735931288071310, 1.294448767816121171 ) ) ;
#5634 = ORIENTED_EDGE ( 'NONE', *, *, #1018, .F. ) ;
#5635 = DIRECTION ( 'NONE',  ( -1.000000000000000000, -0.000000000000000000, -0.000000000000000000 ) ) ;
#5636 = ORIENTED_EDGE ( 'NONE', *, *, #171, .T. ) ;
#5637 = AXIS2_PLACEMENT_3D ( 'NONE', #5314, #4296, #406 ) ;
#5638 = PRODUCT_DEFINITION_SHAPE ( 'NONE', 'NONE',  #6327 ) ;
#5639 = DIRECTION ( 'NONE',  ( -0.000000000000000000, -1.000000000000000000, -0.000000000000000000 ) ) ;
#5640 = DIRECTION ( 'NONE',  ( 1.000000000000000000, 0.000000000000000000, 1.972152263052529076E-31 ) ) ;
#5641 = ORIENTED_EDGE ( 'NONE', *, *, #1061, .T. ) ;
#5642 = VECTOR ( 'NONE', #3842, 1000.000000000000000 ) ;
#5643 = STYLED_ITEM ( 'NONE', ( #1618 ), #3938 ) ;
#5644 = ORIENTED_EDGE ( 'NONE', *, *, #2006, .T. ) ;
#5645 = CARTESIAN_POINT ( 'NONE',  ( 0.000000000000000000, 0.000000000000000000, 0.000000000000000000 ) ) ;
#5646 = EDGE_LOOP ( 'NONE', ( #797, #3483, #2378, #4652 ) ) ;
#5647 = ORIENTED_EDGE ( 'NONE', *, *, #1617, .T. ) ;
#5648 = LINE ( 'NONE', #946, #4407 ) ;
#5649 = FACE_OUTER_BOUND ( 'NONE', #220, .T. ) ;
#5650 = EDGE_CURVE ( 'NONE', #3430, #4885, #1745, .T. ) ;
#5651 = ORIENTED_EDGE ( 'NONE', *, *, #2028, .F. ) ;
#5652 = DIRECTION ( 'NONE',  ( 0.000000000000000000, 1.000000000000000000, 1.224646799147351235E-16 ) ) ;
#5653 = ADVANCED_FACE ( 'NONE', ( #2839 ), #2935, .T. ) ;
#5654 = LINE ( 'NONE', #3302, #782 ) ;
#5655 = ORIENTED_EDGE ( 'NONE', *, *, #2088, .T. ) ;
#5656 = APPLICATION_CONTEXT ( 'automotive_design' ) ;
#5657 = EDGE_CURVE ( 'NONE', #730, #5, #4413, .T. ) ;
#5658 = CARTESIAN_POINT ( 'NONE',  ( -4.664999999999999147, 0.000000000000000000, 0.000000000000000000 ) ) ;
#5659 = EDGE_CURVE ( 'NONE', #4208, #2081, #5539, .T. ) ;
#5660 = DIRECTION ( 'NONE',  ( -1.000000000000000000, 7.376470667572110513E-33, -6.023345402697267673E-17 ) ) ;
#5661 = CARTESIAN_POINT ( 'NONE',  ( -1.874999999999999334, 3.373604387190460407, -1.394448767816122592 ) ) ;
#5662 = ORIENTED_EDGE ( 'NONE', *, *, #2093, .T. ) ;
#5663 = DIRECTION ( 'NONE',  ( 1.000000000000000000, -0.000000000000000000, -3.350313119968968612E-16 ) ) ;
#5664 = FACE_OUTER_BOUND ( 'NONE', #788, .T. ) ;
#5665 = CLOSED_SHELL ( 'NONE', ( #4734, #3331, #178, #1622, #480, #6269, #5459, #5935, #2913, #1144, #2603, #4113, #3377 ) ) ;
#5666 = FACE_OUTER_BOUND ( 'NONE', #3036, .T. ) ;
#5667 = CIRCLE ( 'NONE', #4237, 0.1500000000000001887 ) ;
#5668 = CARTESIAN_POINT ( 'NONE',  ( 1.627778409939249826, 2.883781308246195163, -1.409093428756794886 ) ) ;
#5669 = EDGE_LOOP ( 'NONE', ( #4512, #3882, #1031, #5191, #3722, #4705, #4966, #1146, #801, #5127, #2479, #2090, #3718, #3554, #914, #4000, #1757, #2748, #2993, #3162 ) ) ;
#5670 = LINE ( 'NONE', #1849, #986 ) ;
#5671 = CARTESIAN_POINT ( 'NONE',  ( -4.648481797856809372, 3.608173674087660654, 1.895119576905404113 ) ) ;
#5672 = LINE ( 'NONE', #6094, #3906 ) ;
#5673 = VECTOR ( 'NONE', #753, 1000.000000000000000 ) ;
#5674 = VECTOR ( 'NONE', #3898, 1000.000000000000000 ) ;
#5675 = ORIENTED_EDGE ( 'NONE', *, *, #3661, .T. ) ;
#5676 = CARTESIAN_POINT ( 'NONE',  ( 0.000000000000000000, 0.000000000000000000, 0.000000000000000000 ) ) ;
#5677 = CIRCLE ( 'NONE', #756, 0.2999999999999999334 ) ;
#5678 = ORIENTED_EDGE ( 'NONE', *, *, #2107, .F. ) ;
#5679 = AXIS2_PLACEMENT_3D ( 'NONE', #969, #2454, #3307 ) ;
#5680 = CARTESIAN_POINT ( 'NONE',  ( -8.673617379884029556E-16, -1.598316181815338749E-14, -1.400000000000000577 ) ) ;
#5681 = DIRECTION ( 'NONE',  ( -4.857225732735062946E-17, -1.000000000000000000, -3.885780586188045919E-16 ) ) ;
#5682 = PRODUCT_RELATED_PRODUCT_CATEGORY ( 'part', '', ( #2307 ) ) ;
#5683 = AXIS2_PLACEMENT_3D ( 'NONE', #1596, #2529, #2499 ) ;
#5684 = ORIENTED_EDGE ( 'NONE', *, *, #973, .F. ) ;
#5685 = DIRECTION ( 'NONE',  ( 5.551115123125781470E-17, -1.000000000000000000, -1.094764425253763094E-47 ) ) ;
#5686 = EDGE_CURVE ( 'NONE', #4661, #4859, #6047, .T. ) ;
#5687 = CARTESIAN_POINT ( 'NONE',  ( 4.864999999999999325, 0.5499999999999988232, 0.9999999999999995559 ) ) ;
#5688 = ORIENTED_EDGE ( 'NONE', *, *, #671, .T. ) ;
#5689 = DIRECTION ( 'NONE',  ( -4.214856327685356333E-31, 1.224646799147351235E-16, -1.000000000000000000 ) ) ;
#5690 = EDGE_CURVE ( 'NONE', #4129, #5786, #6018, .T. ) ;
#5691 = VERTEX_POINT ( 'NONE', #3611 ) ;
#5692 = CARTESIAN_POINT ( 'NONE',  ( 2.827778409939248228, 1.942499468327051781, -1.294448767816123391 ) ) ;
#5693 = DIRECTION ( 'NONE',  ( -0.7071067811865482389, 0.7071067811865469066, 0.000000000000000000 ) ) ;
#5694 = ADVANCED_FACE ( 'NONE', ( #4964, #5925 ), #5567, .F. ) ;
#5695 = EDGE_LOOP ( 'NONE', ( #3171, #5570, #829, #3291, #2926, #2512, #5183, #5100, #2453, #3011, #4152, #5011 ) ) ;
#5696 = EDGE_CURVE ( 'NONE', #589, #2871, #1038, .T. ) ;
#5697 = CARTESIAN_POINT ( 'NONE',  ( 1.366818319492648204, 3.373604387190460407, 1.294448767816122281 ) ) ;
#5698 = EDGE_CURVE ( 'NONE', #1259, #4867, #2108, .T. ) ;
#5700 = DIRECTION ( 'NONE',  ( 1.000000000000000000, -0.000000000000000000, 3.191891195797326040E-16 ) ) ;
#5699 = APPLICATION_CONTEXT ( 'automotive_design' ) ;
#5701 = VECTOR ( 'NONE', #2079, 1000.000000000000000 ) ;
#5702 = CARTESIAN_POINT ( 'NONE',  ( 4.664999999999999147, 1.633217365692808620, -0.4184320681164754308 ) ) ;
#5703 = CARTESIAN_POINT ( 'NONE',  ( 1.301042606982604926E-15, -1.624898812461638181E-14, -1.000000000000000444 ) ) ;
#5704 = ORIENTED_EDGE ( 'NONE', *, *, #3911, .T. ) ;
#5705 = AXIS2_PLACEMENT_3D ( 'NONE', #471, #2464, #3912 ) ;
#5706 = LINE ( 'NONE', #2370, #3659 ) ;
#5707 = CARTESIAN_POINT ( 'NONE',  ( 1.874999999999999556, 3.061149402765582561, -1.394448767816122592 ) ) ;
#5708 = DIRECTION ( 'NONE',  ( 1.000000000000000000, -3.469446951953559878E-18, 3.469446951953549092E-18 ) ) ;
#5709 = EDGE_CURVE ( 'NONE', #5863, #5067, #2042, .T. ) ;
#5710 = ADVANCED_BREP_SHAPE_REPRESENTATION ( '', ( #1823, #1731 ), #4085 ) ;
#5711 = EDGE_LOOP ( 'NONE', ( #6273, #4607, #502, #3494 ) ) ;
#5712 = SHAPE_DEFINITION_REPRESENTATION ( #3228, #5289 ) ;
#5713 = ORIENTED_EDGE ( 'NONE', *, *, #145, .T. ) ;
#5714 = EDGE_LOOP ( 'NONE', ( #4836, #4822, #5641, #2895 ) ) ;
#5715 = CARTESIAN_POINT ( 'NONE',  ( -3.127778409939249826, 2.118235399615123082, 1.170184699104193093 ) ) ;
#5716 = DIRECTION ( 'NONE',  ( 1.000000000000000000, -4.930380657631323784E-32, -2.911116689277473781E-16 ) ) ;
#5717 = AXIS2_PLACEMENT_3D ( 'NONE', #4309, #894, #1413 ) ;
#5718 = ORIENTED_EDGE ( 'NONE', *, *, #2828, .F. ) ;
#5719 = PLANE ( 'NONE',  #4588 ) ;
#5720 = DIRECTION ( 'NONE',  ( 0.000000000000000000, -1.000000000000000000, -3.942553354492740573E-16 ) ) ;
#5721 = ORIENTED_EDGE ( 'NONE', *, *, #5298, .F. ) ;
#5722 = DIRECTION ( 'NONE',  ( 0.7071067811865482389, -0.7071067811865469066, -0.000000000000000000 ) ) ;
#5723 = VERTEX_POINT ( 'NONE', #2136 ) ;
#5724 = DIRECTION ( 'NONE',  ( -3.154042683594193247E-15, -1.000000000000000000, -3.942553354492741559E-16 ) ) ;
#5725 = CARTESIAN_POINT ( 'NONE',  ( -1.627778409939249826, 2.118235399615123082, 0.9944487678161227917 ) ) ;
#5726 = ORIENTED_EDGE ( 'NONE', *, *, #5930, .T. ) ;
#5727 = FILL_AREA_STYLE_COLOUR ( '', #922 ) ;
#5728 = LINE ( 'NONE', #3283, #2697 ) ;
#5729 = EDGE_CURVE ( 'NONE', #294, #427, #5200, .T. ) ;
#5730 = CARTESIAN_POINT ( 'NONE',  ( -1.126143534192405093, 2.302283963551872592, 1.849169417213810673 ) ) ;
#5731 = LINE ( 'NONE', #1812, #721 ) ;
#5732 = VERTEX_POINT ( 'NONE', #3002 ) ;
#5733 = DIRECTION ( 'NONE',  ( 1.000000000000000000, -7.376470667572110513E-33, 6.023345402697267673E-17 ) ) ;
#5734 = CARTESIAN_POINT ( 'NONE',  ( 1.301042606982605912E-15, -1.654290335641174553E-14, 1.399999999999999245 ) ) ;
#5735 = LINE ( 'NONE', #6179, #2869 ) ;
#5736 = EDGE_CURVE ( 'NONE', #2110, #5691, #2137, .T. ) ;
#5737 = VERTEX_POINT ( 'NONE', #185 ) ;
#5738 = VECTOR ( 'NONE', #5966, 1000.000000000000000 ) ;
#5739 = EDGE_CURVE ( 'NONE', #2403, #5770, #594, .T. ) ;
#5740 = APPLICATION_PROTOCOL_DEFINITION ( 'draft international standard', 'automotive_design', 1998, #4669 ) ;
#5741 = ORIENTED_EDGE ( 'NONE', *, *, #2028, .T. ) ;
#5742 = AXIS2_PLACEMENT_3D ( 'NONE', #2300, #1241, #2689 ) ;
#5743 = CARTESIAN_POINT ( 'NONE',  ( 4.664999999999999147, 1.583607624610294806, 0.4000000000000000222 ) ) ;
#5744 = LINE ( 'NONE', #2345, #3727 ) ;
#5745 = VECTOR ( 'NONE', #651, 1000.000000000000000 ) ;
#5746 = PRODUCT_DEFINITION_SHAPE ( 'NONE', 'NONE',  #2737 ) ;
#5747 = VECTOR ( 'NONE', #3547, 1000.000000000000000 ) ;
#5748 =( BOUNDED_CURVE ( )  B_SPLINE_CURVE ( 3, ( #5671, #1271, #6007, #2509 ),
 .UNSPECIFIED., .F., .F. ) 
 B_SPLINE_CURVE_WITH_KNOTS ( ( 4, 4 ),
 ( 0.3333871812579824456, 1.570796326794896558 ),
 .UNSPECIFIED. ) 
 CURVE ( )  GEOMETRIC_REPRESENTATION_ITEM ( )  RATIONAL_B_SPLINE_CURVE ( ( 1.000000000000000000, 0.8764203082159538472, 0.8764203082159538472, 1.000000000000000000 ) ) 
 REPRESENTATION_ITEM ( '' )  );
#5749 = EDGE_LOOP ( 'NONE', ( #487, #5825, #2615, #509, #4920, #3318, #4817, #6058, #3050, #3893, #4719, #3865 ) ) ;
#5750 = DIRECTION ( 'NONE',  ( 1.000000000000000000, 0.000000000000000000, 0.000000000000000000 ) ) ;
#5751 = LINE ( 'NONE', #1348, #3992 ) ;
#5752 = ORIENTED_EDGE ( 'NONE', *, *, #2683, .T. ) ;
#5753 = CARTESIAN_POINT ( 'NONE',  ( 4.314999999999999503, 0.5499999999999992673, -1.000000000000000444 ) ) ;
#5754 = ORIENTED_EDGE ( 'NONE', *, *, #5686, .F. ) ;
#5755 = LINE ( 'NONE', #6323, #3944 ) ;
#5756 = LINE ( 'NONE', #5204, #2179 ) ;
#5757 = ORIENTED_EDGE ( 'NONE', *, *, #4288, .T. ) ;
#5758 = DIRECTION ( 'NONE',  ( -1.000000000000000000, 5.551115123125782702E-17, -1.972152263052529514E-31 ) ) ;
#5759 = CARTESIAN_POINT ( 'NONE',  ( -4.865000000000000213, 1.818235399615123482, -2.515000000000000124 ) ) ;
#5760 = UNCERTAINTY_MEASURE_WITH_UNIT (LENGTH_MEASURE( 1.000000000000000082E-05 ), #3398, 'distance_accuracy_value', 'NONE');
#5761 = CARTESIAN_POINT ( 'NONE',  ( -3.873634909763689738, -1.452381048782462436, -1.294448767816123613 ) ) ;
#5762 = FACE_OUTER_BOUND ( 'NONE', #4950, .T. ) ;
#5763 = EDGE_LOOP ( 'NONE', ( #4911, #40, #3, #2195 ) ) ;
#5764 = CIRCLE ( 'NONE', #3000, 0.2000000000000000944 ) ;
#5765 = FACE_OUTER_BOUND ( 'NONE', #2613, .T. ) ;
#5766 = LINE ( 'NONE', #4730, #3043 ) ;
#5767 = CARTESIAN_POINT ( 'NONE',  ( 3.327778409939250004, 3.810000000000000053, -1.825224324045338076 ) ) ;
#5768 = CARTESIAN_POINT ( 'NONE',  ( 2.827778409939249560, 2.118235399615122638, 1.294448767816121615 ) ) ;
#5769 = AXIS2_PLACEMENT_3D ( 'NONE', #5887, #1519, #497 ) ;
#5770 = VERTEX_POINT ( 'NONE', #64 ) ;
#5771 = EDGE_CURVE ( 'NONE', #4427, #2808, #4010, .T. ) ;
#5772 = APPLICATION_PROTOCOL_DEFINITION ( 'draft international standard', 'automotive_design', 1998, #2587 ) ;
#5773 = ORIENTED_EDGE ( 'NONE', *, *, #5261, .F. ) ;
#5774 = ADVANCED_FACE ( 'NONE', ( #5080 ), #564, .T. ) ;
#5775 = EDGE_CURVE ( 'NONE', #4073, #1362, #2650, .T. ) ;
#5776 = PLANE ( 'NONE',  #475 ) ;
#5777 = CARTESIAN_POINT ( 'NONE',  ( -2.986176789632889239, 3.510000000000000231, -1.194448767816121082 ) ) ;
#5778 = CIRCLE ( 'NONE', #3532, 0.3500000000000002554 ) ;
#5779 = ORIENTED_EDGE ( 'NONE', *, *, #1886, .F. ) ;
#5780 = EDGE_CURVE ( 'NONE', #5391, #1184, #621, .T. ) ;
#5781 = AXIS2_PLACEMENT_3D ( 'NONE', #6294, #4830, #1905 ) ;
#5782 = LINE ( 'NONE', #423, #4895 ) ;
#5783 = DIRECTION ( 'NONE',  ( 1.000000000000000000, 0.000000000000000000, 0.000000000000000000 ) ) ;
#5784 = ORIENTED_EDGE ( 'NONE', *, *, #2006, .F. ) ;
#5785 = PLANE ( 'NONE',  #2906 ) ;
#5786 = VERTEX_POINT ( 'NONE', #3978 ) ;
#5787 = LINE ( 'NONE', #5303, #2746 ) ;
#5788 = PLANE ( 'NONE',  #5769 ) ;
#5789 = ORIENTED_EDGE ( 'NONE', *, *, #3544, .T. ) ;
#5790 = DIRECTION ( 'NONE',  ( 0.000000000000000000, -1.000000000000000000, 3.481703215984523352E-32 ) ) ;
#5791 = CARTESIAN_POINT ( 'NONE',  ( 3.752267713333899302, 0.2000000000000132505, -1.400000000000000355 ) ) ;
#5792 = CARTESIAN_POINT ( 'NONE',  ( 1.875000000000000888, 1.818235399615123038, -1.294448767816123613 ) ) ;
#5793 = MANIFOLD_SOLID_BREP ( 'Mirror4[2]', #1459 ) ;
#5794 = LINE ( 'NONE', #1395, #5954 ) ;
#5795 = VERTEX_POINT ( 'NONE', #5142 ) ;
#5796 = DIRECTION ( 'NONE',  ( 0.000000000000000000, -0.7071067811865462405, 0.7071067811865489050 ) ) ;
#5797 = AXIS2_PLACEMENT_3D ( 'NONE', #4483, #4937, #4013 ) ;
#5798 = DIRECTION ( 'NONE',  ( 3.350313119968968612E-16, 0.000000000000000000, -1.000000000000000000 ) ) ;
#5799 = LINE ( 'NONE', #912, #1578 ) ;
#5800 = CARTESIAN_POINT ( 'NONE',  ( -4.648481797856809372, 3.608173674087660654, -1.895119576905404335 ) ) ;
#5801 = VERTEX_POINT ( 'NONE', #5628 ) ;
#5802 = EDGE_CURVE ( 'NONE', #1792, #2977, #3157, .T. ) ;
#5803 = AXIS2_PLACEMENT_3D ( 'NONE', #4976, #4459, #3993 ) ;
#5804 = SHAPE_DEFINITION_REPRESENTATION ( #3699, #4846 ) ;
#5805 = VERTEX_POINT ( 'NONE', #4690 ) ;
#5806 = DIRECTION ( 'NONE',  ( 1.000000000000000000, -0.000000000000000000, -3.350313119968968612E-16 ) ) ;
#5807 = DIRECTION ( 'NONE',  ( -1.972152263052529514E-31, 1.094764425253763337E-47, -1.000000000000000000 ) ) ;
#5808 = VECTOR ( 'NONE', #2085, 1000.000000000000000 ) ;
#5809 = VECTOR ( 'NONE', #1446, 1000.000000000000000 ) ;
#5810 = EDGE_CURVE ( 'NONE', #1203, #1863, #4632, .T. ) ;
#5811 = EDGE_CURVE ( 'NONE', #4774, #6033, #3219, .T. ) ;
#5812 = ORIENTED_EDGE ( 'NONE', *, *, #4203, .F. ) ;
#5813 = CARTESIAN_POINT ( 'NONE',  ( 1.366818319492648204, 3.061149402765582561, -1.294448767816122281 ) ) ;
#5814 = VECTOR ( 'NONE', #4990, 1000.000000000000000 ) ;
#5815 = EDGE_LOOP ( 'NONE', ( #466, #2044, #985, #6010 ) ) ;
#5816 = DIRECTION ( 'NONE',  ( 0.000000000000000000, 0.000000000000000000, -1.000000000000000000 ) ) ;
#5817 = PRESENTATION_STYLE_ASSIGNMENT (( #4921 ) ) ;
#5818 = ORIENTED_EDGE ( 'NONE', *, *, #4366, .F. ) ;
#5819 = CARTESIAN_POINT ( 'NONE',  ( 1.875000000000000888, 1.818235399615122816, 2.515000000000000124 ) ) ;
#5820 = EDGE_CURVE ( 'NONE', #6003, #3309, #5237, .T. ) ;
#5821 = ORIENTED_EDGE ( 'NONE', *, *, #5022, .F. ) ;
#5822 = CARTESIAN_POINT ( 'NONE',  ( -1.894460780100799324, 2.919136647305522470, -1.444448767816122192 ) ) ;
#5823 = CARTESIAN_POINT ( 'NONE',  ( -3.873634909763689738, 3.810000000000000053, -1.294448767816123391 ) ) ;
#5824 = VECTOR ( 'NONE', #5197, 1000.000000000000000 ) ;
#5825 = ORIENTED_EDGE ( 'NONE', *, *, #2949, .F. ) ;
#5826 = PLANE ( 'NONE',  #2628 ) ;
#5827 = CARTESIAN_POINT ( 'NONE',  ( 1.627778409939248716, 1.818235399615123482, -1.294448767816123169 ) ) ;
#5828 = CARTESIAN_POINT ( 'NONE',  ( -4.864999999999999325, 1.611566968151564083, 0.3748159921583313348 ) ) ;
#5829 = CARTESIAN_POINT ( 'NONE',  ( 1.366818319492648204, 3.132929601890217963, 1.294448767816122281 ) ) ;
#5830 = ORIENTED_EDGE ( 'NONE', *, *, #6278, .F. ) ;
#5831 = CARTESIAN_POINT ( 'NONE',  ( 1.627778409939248716, 1.918235399615123127, -0.9944487678161223476 ) ) ;
#5832 = CARTESIAN_POINT ( 'NONE',  ( 1.366818319492648204, 2.813070630127540550, 1.338382750638140273 ) ) ;
#5833 = LINE ( 'NONE', #2496, #9 ) ;
#5834 = CARTESIAN_POINT ( 'NONE',  ( 1.126143534192404871, 2.372994641670527205, -1.919880095332464842 ) ) ;
#5835 = DIRECTION ( 'NONE',  ( 1.000000000000000000, -0.000000000000000000, 0.000000000000000000 ) ) ;
#5836 = ORIENTED_EDGE ( 'NONE', *, *, #3619, .T. ) ;
#5837 = ORIENTED_EDGE ( 'NONE', *, *, #705, .T. ) ;
#5838 = APPLICATION_PROTOCOL_DEFINITION ( 'draft international standard', 'automotive_design', 1998, #3270 ) ;
#5839 = EDGE_LOOP ( 'NONE', ( #5047, #3441, #3266, #1525 ) ) ;
#5840 = PLANE ( 'NONE',  #2526 ) ;
#5841 = CARTESIAN_POINT ( 'NONE',  ( -3.752267713333900190, -3.032172238846238581E-15, -1.540743955509788682E-30 ) ) ;
#5842 = ORIENTED_EDGE ( 'NONE', *, *, #14, .F. ) ;
#5843 = ORIENTED_EDGE ( 'NONE', *, *, #3822, .T. ) ;
#5844 = EDGE_CURVE ( 'NONE', #1022, #4107, #3191, .T. ) ;
#5845 = CARTESIAN_POINT ( 'NONE',  ( 1.875000000000000666, 3.810000000000000053, -2.515000000000000124 ) ) ;
#5846 = ORIENTED_EDGE ( 'NONE', *, *, #1377, .T. ) ;
#5847 = LINE ( 'NONE', #1384, #5809 ) ;
#5848 = VERTEX_POINT ( 'NONE', #2193 ) ;
#5849 = CIRCLE ( 'NONE', #1328, 0.2999999999999999334 ) ;
#5850 = CARTESIAN_POINT ( 'NONE',  ( 4.664999999999999147, 3.510000000000000231, 1.929118480386108558 ) ) ;
#5851 = ADVANCED_FACE ( 'NONE', ( #747 ), #837, .F. ) ;
#5852 = ORIENTED_EDGE ( 'NONE', *, *, #2474, .T. ) ;
#5853 = DIRECTION ( 'NONE',  ( 1.000000000000000000, 0.000000000000000000, 0.000000000000000000 ) ) ;
#5854 = DIRECTION ( 'NONE',  ( 0.000000000000000000, 0.000000000000000000, -1.000000000000000000 ) ) ;
#5855 = ADVANCED_FACE ( 'NONE', ( #216 ), #2434, .T. ) ;
#5856 = EDGE_CURVE ( 'NONE', #3293, #4208, #1289, .T. ) ;
#5857 = SURFACE_STYLE_FILL_AREA ( #4796 ) ;
#5858 = CARTESIAN_POINT ( 'NONE',  ( -1.627778409939249826, 3.061149402765582561, -1.394448767816122592 ) ) ;
#5859 = EDGE_CURVE ( 'NONE', #3286, #1986, #3710, .T. ) ;
#5860 = LINE ( 'NONE', #5923, #4644 ) ;
#5861 = LINE ( 'NONE', #29, #2064 ) ;
#5862 = ORIENTED_EDGE ( 'NONE', *, *, #2715, .T. ) ;
#5863 = VERTEX_POINT ( 'NONE', #2769 ) ;
#5864 = CARTESIAN_POINT ( 'NONE',  ( -1.874999999999999556, 3.809999999999999609, -2.515000000000000124 ) ) ;
#5865 = CARTESIAN_POINT ( 'NONE',  ( -4.865000000000000213, 3.810000000000000053, -1.825224324045338076 ) ) ;
#5866 = LINE ( 'NONE', #3389, #353 ) ;
#5867 = CARTESIAN_POINT ( 'NONE',  ( 4.648481797856809372, 3.608173674087660654, -1.895119576905404335 ) ) ;
#5868 = FACE_OUTER_BOUND ( 'NONE', #4532, .T. ) ;
#5869 = ORIENTED_EDGE ( 'NONE', *, *, #2083, .T. ) ;
#5870 = EDGE_LOOP ( 'NONE', ( #863, #5060, #516, #2826 ) ) ;
#5871 = CARTESIAN_POINT ( 'NONE',  ( -1.627778409939249826, 2.372994641670527205, -1.919880095332464842 ) ) ;
#5872 = DIRECTION ( 'NONE',  ( -4.282837881357679770E-31, -1.224646799147345565E-16, 1.000000000000000000 ) ) ;
#5873 = VECTOR ( 'NONE', #5652, 1000.000000000000000 ) ;
#5874 = ORIENTED_EDGE ( 'NONE', *, *, #1700, .F. ) ;
#5875 = VECTOR ( 'NONE', #3970, 1000.000000000000000 ) ;
#5876 = ORIENTED_EDGE ( 'NONE', *, *, #2135, .F. ) ;
#5877 = PRODUCT_RELATED_PRODUCT_CATEGORY ( 'part', '', ( #4212 ) ) ;
#5878 = CARTESIAN_POINT ( 'NONE',  ( 4.864999999999998437, 2.236750975993232249, -0.3748159921583318344 ) ) ;
#5879 = CARTESIAN_POINT ( 'NONE',  ( 1.894460780100799324, 2.919136647305522470, -1.444448767816122192 ) ) ;
#5880 = EDGE_LOOP ( 'NONE', ( #182, #1445, #5205, #11 ) ) ;
#5881 = AXIS2_PLACEMENT_3D ( 'NONE', #5791, #4797, #1775 ) ;
#5882 = CARTESIAN_POINT ( 'NONE',  ( -4.664999999999999147, 0.5499999999999994893, -1.000000000000000444 ) ) ;
#5883 = EDGE_CURVE ( 'NONE', #1434, #6131, #3250, .T. ) ;
#5884 = EDGE_LOOP ( 'NONE', ( #6025, #200, #4983, #274, #2492, #172, #1441, #852 ) ) ;
#5885 = VECTOR ( 'NONE', #364, 1000.000000000000000 ) ;
#5886 = DIRECTION ( 'NONE',  ( -0.000000000000000000, 0.000000000000000000, -1.000000000000000000 ) ) ;
#5887 = CARTESIAN_POINT ( 'NONE',  ( -4.664999999999999147, 1.611566968151564083, 0.3748159921583313348 ) ) ;
#5888 = AXIS2_PLACEMENT_3D ( 'NONE', #4390, #4453, #86 ) ;
#5889 = DIRECTION ( 'NONE',  ( 0.000000000000000000, 0.9449393261893695994, 0.3272455802922021872 ) ) ;
#5890 = PRESENTATION_STYLE_ASSIGNMENT (( #92 ) ) ;
#5891 = CARTESIAN_POINT ( 'NONE',  ( -8.673617379884041389E-16, -1.632606292191464464E-14, 1.399999999999999689 ) ) ;
#5892 = EDGE_CURVE ( 'NONE', #4774, #1958, #6325, .T. ) ;
#5893 = EDGE_CURVE ( 'NONE', #995, #4248, #297, .T. ) ;
#5894 = DIRECTION ( 'NONE',  ( -1.000000000000000000, 0.000000000000000000, 3.350313119968968612E-16 ) ) ;
#5895 = ADVANCED_FACE ( 'NONE', ( #1867 ), #3800, .F. ) ;
#5896 = ORIENTED_EDGE ( 'NONE', *, *, #5780, .F. ) ;
#5897 = LINE ( 'NONE', #6298, #1250 ) ;
#5898 = EDGE_CURVE ( 'NONE', #5786, #5269, #5787, .T. ) ;
#5899 = DIRECTION ( 'NONE',  ( 0.000000000000000000, 0.7071067811865462405, -0.7071067811865489050 ) ) ;
#5900 = CARTESIAN_POINT ( 'NONE',  ( -1.874999999999999556, 3.132929601890217963, 1.294448767816122059 ) ) ;
#5901 = DIRECTION ( 'NONE',  ( 0.000000000000000000, 1.000000000000000000, 1.224646799147351235E-16 ) ) ;
#5902 = DIRECTION ( 'NONE',  ( -2.457523583496799241E-32, -1.000000000000000000, -1.224646799147365287E-16 ) ) ;
#5903 = CARTESIAN_POINT ( 'NONE',  ( 1.366818319492648204, 3.373604387190460852, -1.394448767816122592 ) ) ;
#5904 = VERTEX_POINT ( 'NONE', #2357 ) ;
#5905 = ORIENTED_EDGE ( 'NONE', *, *, #3141, .F. ) ;
#5906 = CONTEXT_DEPENDENT_SHAPE_REPRESENTATION ( #2018, #3330 ) ;
#5907 = ORIENTED_EDGE ( 'NONE', *, *, #904, .T. ) ;
#5908 = FACE_OUTER_BOUND ( 'NONE', #1268, .T. ) ;
#5909 = CARTESIAN_POINT ( 'NONE',  ( 1.627778409939249826, 3.132929601890217963, -1.294448767816122281 ) ) ;
#5910 = VECTOR ( 'NONE', #3237, 1000.000000000000000 ) ;
#5911 = EDGE_CURVE ( 'NONE', #977, #5110, #395, .T. ) ;
#5912 = AXIS2_PLACEMENT_3D ( 'NONE', #533, #598, #3006 ) ;
#5913 = EDGE_LOOP ( 'NONE', ( #138, #4790, #839, #4335, #608, #571 ) ) ;
#5914 = VECTOR ( 'NONE', #2316, 1000.000000000000000 ) ;
#5915 = DIRECTION ( 'NONE',  ( -5.551115123125781470E-17, 1.000000000000000000, 1.094764425253763094E-47 ) ) ;
#5916 = ORIENTED_EDGE ( 'NONE', *, *, #1443, .F. ) ;
#5917 = DIRECTION ( 'NONE',  ( 0.000000000000000000, -0.9449393261893695994, 0.3272455802922022428 ) ) ;
#5918 = ORIENTED_EDGE ( 'NONE', *, *, #2879, .F. ) ;
#5919 = DIRECTION ( 'NONE',  ( 1.000000000000000000, 1.595945597898661294E-16, -0.000000000000000000 ) ) ;
#5920 = LINE ( 'NONE', #5437, #1467 ) ;
#5921 = DIRECTION ( 'NONE',  ( 1.000000000000000000, -0.000000000000000000, 0.000000000000000000 ) ) ;
#5922 = CARTESIAN_POINT ( 'NONE',  ( -2.986176789632889239, 3.710000000000000409, 0.9944487678161216815 ) ) ;
#5923 = CARTESIAN_POINT ( 'NONE',  ( 3.873634909763690626, -1.452381048782462436, 0.7448702942612743794 ) ) ;
#5924 = CIRCLE ( 'NONE', #96, 0.04999999999999991257 ) ;
#5925 = FACE_BOUND ( 'NONE', #1385, .T. ) ;
#5926 = PRESENTATION_LAYER_ASSIGNMENT (  '', '', ( #2845 ) ) ;
#5927 = EDGE_LOOP ( 'NONE', ( #2352, #3352, #4115, #5953, #3768, #4802, #3549, #2923 ) ) ;
#5928 = FACE_OUTER_BOUND ( 'NONE', #1092, .T. ) ;
#5929 = DIRECTION ( 'NONE',  ( 1.000000000000000000, -0.000000000000000000, 2.911116689277474274E-16 ) ) ;
#5930 = EDGE_CURVE ( 'NONE', #6101, #4387, #460, .T. ) ;
#5931 = CARTESIAN_POINT ( 'NONE',  ( -3.127778409939249382, 3.510000000000001119, 0.9944487678161207933 ) ) ;
#5932 = CARTESIAN_POINT ( 'NONE',  ( -1.874999999999998668, 3.810000000000000053, -1.294448767816122059 ) ) ;
#5933 = DIRECTION ( 'NONE',  ( 0.000000000000000000, 0.000000000000000000, -1.000000000000000000 ) ) ;
#5934 = EDGE_LOOP ( 'NONE', ( #5675, #4847, #2297, #909 ) ) ;
#5935 = ADVANCED_FACE ( 'NONE', ( #5368 ), #2927, .F. ) ;
#5936 = ORIENTED_EDGE ( 'NONE', *, *, #1497, .T. ) ;
#5937 = EDGE_CURVE ( 'NONE', #3728, #248, #3447, .T. ) ;
#5938 = CARTESIAN_POINT ( 'NONE',  ( 1.126143534192405093, 3.132929601890217963, -1.394448767816122592 ) ) ;
#5939 = CARTESIAN_POINT ( 'NONE',  ( -3.752267713333899302, 0.1999999999999969302, 0.9999999999999995559 ) ) ;
#5940 = EDGE_CURVE ( 'NONE', #1540, #2948, #3958, .T. ) ;
#5941 = EDGE_CURVE ( 'NONE', #4387, #4640, #5755, .T. ) ;
#5942 = ORIENTED_EDGE ( 'NONE', *, *, #5810, .T. ) ;
#5943 = CARTESIAN_POINT ( 'NONE',  ( 3.127778409939248494, 1.818235399615122816, -0.7448702942612649425 ) ) ;
#5944 = FACE_OUTER_BOUND ( 'NONE', #1356, .T. ) ;
#5945 = ORIENTED_EDGE ( 'NONE', *, *, #6316, .T. ) ;
#5946 = DIRECTION ( 'NONE',  ( -0.7071067811865482389, -0.7071067811865469066, 0.000000000000000000 ) ) ;
#5947 = ORIENTED_EDGE ( 'NONE', *, *, #522, .T. ) ;
#5948 = VECTOR ( 'NONE', #5048, 1000.000000000000000 ) ;
#5949 = DIRECTION ( 'NONE',  ( 1.000000000000000000, 0.000000000000000000, 0.000000000000000000 ) ) ;
#5950 = DIRECTION ( 'NONE',  ( -0.000000000000000000, 3.885780586188046905E-16, 1.000000000000000000 ) ) ;
#5951 = VECTOR ( 'NONE', #4617, 1000.000000000000000 ) ;
#5952 = CARTESIAN_POINT ( 'NONE',  ( -1.874999999999999112, 1.818235399615123038, 2.515000000000000124 ) ) ;
#5953 = ORIENTED_EDGE ( 'NONE', *, *, #488, .F. ) ;
#5954 = VECTOR ( 'NONE', #908, 1000.000000000000000 ) ;
#5955 = CARTESIAN_POINT ( 'NONE',  ( 4.364999999999999325, 3.810000000000000053, 1.611637779048592956 ) ) ;
#5956 = VECTOR ( 'NONE', #2836, 1000.000000000000000 ) ;
#5957 = AXIS2_PLACEMENT_3D ( 'NONE', #991, #2473, #2883 ) ;
#5958 =( BOUNDED_SURFACE ( )  B_SPLINE_SURFACE ( 3, 3, ( 
 ( #1491, #4545, #1007, #3946 ),
 ( #4450, #3128, #6168, #1172 ),
 ( #311, #5084, #2196, #5174 ),
 ( #222, #1774, #2169, #3743 ) ),
 .UNSPECIFIED., .F., .F., .F. ) 
 B_SPLINE_SURFACE_WITH_KNOTS ( ( 4, 4 ),
 ( 4, 4 ),
 ( 0.000000000000000000, 1.000000000000000000 ),
 ( 0.000000000000000000, 1.000000000000000000 ),
 .UNSPECIFIED. ) 
 GEOMETRIC_REPRESENTATION_ITEM ( )  RATIONAL_B_SPLINE_SURFACE ( (
 ( 1.000000000000000000, 0.8047378541243640493, 0.8047378541243640493, 1.000000000000000000),
 ( 0.8047378541243646044, 0.6476030138606866382, 0.6476030138606866382, 0.8047378541243646044),
 ( 0.8047378541243646044, 0.6476030138606866382, 0.6476030138606866382, 0.8047378541243646044),
 ( 1.000000000000000000, 0.8047378541243640493, 0.8047378541243640493, 1.000000000000000000) ) ) 
 REPRESENTATION_ITEM ( '' )  SURFACE ( )  );
#5959 = CARTESIAN_POINT ( 'NONE',  ( -1.627778409939249826, 3.510000000000000231, 0.9944487678161219035 ) ) ;
#5960 = ORIENTED_EDGE ( 'NONE', *, *, #5611, .T. ) ;
#5961 = DIRECTION ( 'NONE',  ( 0.7071067811865482389, 0.7071067811865469066, -0.000000000000000000 ) ) ;
#5962 = CARTESIAN_POINT ( 'NONE',  ( -4.664999999999999147, 2.236750975993232249, 0.3748159921583313348 ) ) ;
#5963 = CARTESIAN_POINT ( 'NONE',  ( -1.874999999999999112, 1.818235399615123260, -1.294448767816122059 ) ) ;
#5964 = CARTESIAN_POINT ( 'NONE',  ( -2.986176789632888351, 2.118235399615123082, 0.9944487678161231248 ) ) ;
#5965 = ORIENTED_EDGE ( 'NONE', *, *, #6283, .F. ) ;
#5966 = DIRECTION ( 'NONE',  ( 0.000000000000000000, -0.000000000000000000, 1.000000000000000000 ) ) ;
#5967 = ADVANCED_FACE ( 'NONE', ( #3900 ), #3371, .F. ) ;
#5968 = ORIENTED_EDGE ( 'NONE', *, *, #1852, .F. ) ;
#5969 = PRODUCT_CONTEXT ( 'NONE', #2056, 'mechanical' ) ;
#5970 = CARTESIAN_POINT ( 'NONE',  ( -3.127778409939248938, 1.818235399615123482, -0.7448702942612714928 ) ) ;
#5971 = LINE ( 'NONE', #1669, #3595 ) ;
#5972 = ADVANCED_FACE ( 'NONE', ( #5333 ), #4889, .T. ) ;
#5973 = EDGE_CURVE ( 'NONE', #4427, #4208, #2417, .T. ) ;
#5974 = ORIENTED_EDGE ( 'NONE', *, *, #4108, .F. ) ;
#5975 = DIRECTION ( 'NONE',  ( 0.000000000000000000, 0.000000000000000000, 1.000000000000000000 ) ) ;
#5976 = ADVANCED_FACE ( 'NONE', ( #4823 ), #4856, .F. ) ;
#5977 = CARTESIAN_POINT ( 'NONE',  ( 4.864999999999998437, 0.6053979116170363772, -0.4184320681164754308 ) ) ;
#5978 = FACE_OUTER_BOUND ( 'NONE', #1843, .T. ) ;
#5979 = PLANE ( 'NONE',  #992 ) ;
#5980 = CARTESIAN_POINT ( 'NONE',  ( 3.127778409939248938, 3.610000000000001208, 0.7448702942612743794 ) ) ;
#5981 = VECTOR ( 'NONE', #3651, 1000.000000000000000 ) ;
#5982 = EDGE_LOOP ( 'NONE', ( #5818, #4126, #3790, #1072, #4645, #1533, #917, #2820 ) ) ;
#5983 = CARTESIAN_POINT ( 'NONE',  ( 4.665000000000000036, 0.1999999999999989009, -1.000000000000000444 ) ) ;
#5984 = CARTESIAN_POINT ( 'NONE',  ( -4.664999999999999147, 2.236750975993232249, 0.3748159921583313348 ) ) ;
#5985 =( NAMED_UNIT ( * ) PLANE_ANGLE_UNIT ( ) SI_UNIT ( $, .RADIAN. ) );
#5986 = ORIENTED_EDGE ( 'NONE', *, *, #1382, .F. ) ;
#5987 = AXIS2_PLACEMENT_3D ( 'NONE', #1611, #3113, #1642 ) ;
#5988 = DIRECTION ( 'NONE',  ( 1.000000000000000000, -1.555753819465285427E-61, -3.068183415811079096E-92 ) ) ;
#5989 = CARTESIAN_POINT ( 'NONE',  ( -4.865000000000000213, 1.818235399615123038, 2.515000000000000124 ) ) ;
#5990 = CIRCLE ( 'NONE', #3428, 0.2999999999999999334 ) ;
#5991 = LINE ( 'NONE', #1684, #339 ) ;
#5992 = ORIENTED_EDGE ( 'NONE', *, *, #5184, .F. ) ;
#5993 = LINE ( 'NONE', #5962, #1087 ) ;
#5994 = CIRCLE ( 'NONE', #4557, 0.2999999999999999334 ) ;
#5995 = CARTESIAN_POINT ( 'NONE',  ( -2.827778409939249560, 3.510000000000000231, 0.9944487678161214594 ) ) ;
#5996 = CARTESIAN_POINT ( 'NONE',  ( 1.126143534192404871, 2.372994641670527205, -1.919880095332465064 ) ) ;
#5997 = ORIENTED_EDGE ( 'NONE', *, *, #6048, .F. ) ;
#5998 = CARTESIAN_POINT ( 'NONE',  ( -3.127778409939248494, 3.509999999999999787, -0.9944487678161233468 ) ) ;
#5999 = ORIENTED_EDGE ( 'NONE', *, *, #3473, .T. ) ;
#6000 = CARTESIAN_POINT ( 'NONE',  ( -1.627778409939249826, 2.919136647305522470, 1.444448767816122192 ) ) ;
#6001 = DIRECTION ( 'NONE',  ( -7.778769097326426270E-62, 1.000000000000000000, 1.534091707905539378E-92 ) ) ;
#6002 = EDGE_CURVE ( 'NONE', #4523, #2210, #4346, .T. ) ;
#6003 = VERTEX_POINT ( 'NONE', #2323 ) ;
#6004 = EDGE_LOOP ( 'NONE', ( #2069, #74, #284, #1773, #1221, #4561, #510, #234 ) ) ;
#6005 = CARTESIAN_POINT ( 'NONE',  ( -1.627778409939249826, 3.019781114811264544, -1.131672265954415391 ) ) ;
#6006 = CARTESIAN_POINT ( 'NONE',  ( 3.873634909763690626, 3.810000000000000053, 0.7448702942612743794 ) ) ;
#6007 = CARTESIAN_POINT ( 'NONE',  ( -4.497352102650421735, 3.810000000000000053, 1.743989881699015365 ) ) ;
#6008 = EDGE_CURVE ( 'NONE', #6297, #4083, #3932, .T. ) ;
#6009 = VECTOR ( 'NONE', #2849, 1000.000000000000000 ) ;
#6010 = ORIENTED_EDGE ( 'NONE', *, *, #2292, .T. ) ;
#6011 = LINE ( 'NONE', #971, #4023 ) ;
#6012 = DIRECTION ( 'NONE',  ( 0.000000000000000000, 1.445602896647339508E-15, 1.000000000000000000 ) ) ;
#6013 = ORIENTED_EDGE ( 'NONE', *, *, #556, .F. ) ;
#6014 = VECTOR ( 'NONE', #4687, 1000.000000000000000 ) ;
#6015 = EDGE_CURVE ( 'NONE', #3269, #38, #3866, .T. ) ;
#6016 = CARTESIAN_POINT ( 'NONE',  ( -1.874999999999999556, 3.061149402765582561, 1.394448767816122592 ) ) ;
#6017 = ADVANCED_BREP_SHAPE_REPRESENTATION ( '', ( #5793, #1731 ), #785 ) ;
#6018 = LINE ( 'NONE', #1138, #1717 ) ;
#6020 = CARTESIAN_POINT ( 'NONE',  ( -2.827778409939249560, 2.118235399615123082, 0.9944487678161212374 ) ) ;
#6019 = AXIS2_PLACEMENT_3D ( 'NONE', #5676, #4150, #3172 ) ;
#6021 = ORIENTED_EDGE ( 'NONE', *, *, #1062, .F. ) ;
#6022 = CARTESIAN_POINT ( 'NONE',  ( -1.627778409939249604, 2.302283963551872592, 1.849169417213810451 ) ) ;
#6023 = DIRECTION ( 'NONE',  ( -9.190301455651994067E-48, 5.758530533717826443E-32, -1.000000000000000000 ) ) ;
#6024 = DIRECTION ( 'NONE',  ( 1.000000000000000000, -0.000000000000000000, 0.000000000000000000 ) ) ;
#6025 = ORIENTED_EDGE ( 'NONE', *, *, #2402, .F. ) ;
#6026 = CARTESIAN_POINT ( 'NONE',  ( 1.875000000000000888, 1.818235399615123038, -2.515000000000000124 ) ) ;
#6027 = ORIENTED_EDGE ( 'NONE', *, *, #3418, .F. ) ;
#6028 = VECTOR ( 'NONE', #5051, 1000.000000000000000 ) ;
#6029 = DIRECTION ( 'NONE',  ( 0.000000000000000000, 0.000000000000000000, -1.000000000000000000 ) ) ;
#6030 = CARTESIAN_POINT ( 'NONE',  ( -1.591125123973732070, -1.257674520083185143E-14, 0.9999999999999993339 ) ) ;
#6031 = ORIENTED_EDGE ( 'NONE', *, *, #1664, .F. ) ;
#6032 = DIRECTION ( 'NONE',  ( 1.000000000000000000, 0.000000000000000000, 0.000000000000000000 ) ) ;
#6033 = VERTEX_POINT ( 'NONE', #2800 ) ;
#6034 = CARTESIAN_POINT ( 'NONE',  ( 4.648481797856809372, 3.608173674087660654, -1.895119576905404335 ) ) ;
#6035 = DIRECTION ( 'NONE',  ( -0.7071067811865423547, 0.7071067811865526798, 2.058470351813422341E-16 ) ) ;
#6036 = PRODUCT_DEFINITION ( 'UNKNOWN', '', #482, #6259 ) ;
#6037 = LINE ( 'NONE', #2067, #484 ) ;
#6038 = ORIENTED_EDGE ( 'NONE', *, *, #1145, .F. ) ;
#6039 = EDGE_CURVE ( 'NONE', #3058, #1941, #4562, .T. ) ;
#6040 = DIRECTION ( 'NONE',  ( 0.000000000000000000, 0.000000000000000000, -1.000000000000000000 ) ) ;
#6041 = ORIENTED_EDGE ( 'NONE', *, *, #6048, .T. ) ;
#6042 = SURFACE_SIDE_STYLE ('',( #4100 ) ) ;
#6043 = ORIENTED_EDGE ( 'NONE', *, *, #3822, .F. ) ;
#6044 = CARTESIAN_POINT ( 'NONE',  ( 1.064999999999999059, -1.248358791273551419E-14, -1.000000000000000444 ) ) ;
#6045 = DIRECTION ( 'NONE',  ( -1.000000000000000000, -6.938893903907228378E-17, 2.696301922142129647E-32 ) ) ;
#6046 = CIRCLE ( 'NONE', #3271, 0.04999999999999991257 ) ;
#6047 = LINE ( 'NONE', #1657, #2978 ) ;
#6048 = EDGE_CURVE ( 'NONE', #248, #1027, #869, .T. ) ;
#6049 = VECTOR ( 'NONE', #1305, 1000.000000000000000 ) ;
#6050 = DIRECTION ( 'NONE',  ( -0.000000000000000000, -1.000000000000000000, 3.885780586188046905E-16 ) ) ;
#6051 = EDGE_LOOP ( 'NONE', ( #3363, #3518, #344, #4528 ) ) ;
#6052 = MANIFOLD_SOLID_BREP ( 'Fillet1', #5244 ) ;
#6053 = ADVANCED_FACE ( 'NONE', ( #1032 ), #5503, .T. ) ;
#6054 = CARTESIAN_POINT ( 'NONE',  ( 1.874999999999999556, 3.061149402765582561, 1.394448767816122592 ) ) ;
#6055 = LINE ( 'NONE', #1043, #5121 ) ;
#6056 = CARTESIAN_POINT ( 'NONE',  ( 3.127778409939250270, 3.685735931288071754, 1.097392492968406463 ) ) ;
#6057 = DIRECTION ( 'NONE',  ( -1.000000000000000000, -1.326790515274858196E-47, 9.860761315262647568E-32 ) ) ;
#6058 = ORIENTED_EDGE ( 'NONE', *, *, #741, .T. ) ;
#6059 = ORIENTED_EDGE ( 'NONE', *, *, #3731, .F. ) ;
#6060 = FACE_OUTER_BOUND ( 'NONE', #1245, .T. ) ;
#6061 = DIRECTION ( 'NONE',  ( -1.000000000000000000, -3.469446951953614805E-17, -4.163336342344338259E-17 ) ) ;
#6062 = ORIENTED_EDGE ( 'NONE', *, *, #1962, .T. ) ;
#6063 = ORIENTED_EDGE ( 'NONE', *, *, #5941, .T. ) ;
#6064 = ORIENTED_EDGE ( 'NONE', *, *, #1191, .F. ) ;
#6065 = ORIENTED_EDGE ( 'NONE', *, *, #5657, .T. ) ;
#6066 = DIRECTION ( 'NONE',  ( 3.944304526105059027E-31, 1.401298464324816760E-45, -1.000000000000000000 ) ) ;
#6067 = DIRECTION ( 'NONE',  ( 1.000000000000000000, -0.000000000000000000, 0.000000000000000000 ) ) ;
#6068 = CARTESIAN_POINT ( 'NONE',  ( 1.126143534192404871, 2.372994641670527205, 1.919880095332464842 ) ) ;
#6069 = EDGE_LOOP ( 'NONE', ( #150, #2889, #1148, #47, #3009, #2039, #4570, #3474, #2438, #5093, #5360, #3607 ) ) ;
#6070 = VECTOR ( 'NONE', #6050, 1000.000000000000000 ) ;
#6071 = DIRECTION ( 'NONE',  ( 0.000000000000000000, 1.110223024625156294E-16, -1.000000000000000000 ) ) ;
#6072 = CARTESIAN_POINT ( 'NONE',  ( -4.664999999999999147, 0.7000000000000006217, 2.515000000000000124 ) ) ;
#6073 =( NAMED_UNIT ( * ) SI_UNIT ( $, .STERADIAN. ) SOLID_ANGLE_UNIT ( ) );
#6074 = VERTEX_POINT ( 'NONE', #4504 ) ;
#6075 = CIRCLE ( 'NONE', #4544, 0.2999999999999999334 ) ;
#6076 = PLANE ( 'NONE',  #4553 ) ;
#6077 = ADVANCED_FACE ( 'NONE', ( #5044 ), #644, .T. ) ;
#6078 = CARTESIAN_POINT ( 'NONE',  ( 3.127778409939248494, 2.118235399615122638, -0.9944487678161231248 ) ) ;
#6079 = FACE_OUTER_BOUND ( 'NONE', #6004, .T. ) ;
#6080 = VERTEX_POINT ( 'NONE', #4069 ) ;
#6081 = VECTOR ( 'NONE', #5988, 1000.000000000000000 ) ;
#6082 = EDGE_LOOP ( 'NONE', ( #6176, #5636, #2346, #2548 ) ) ;
#6083 = CARTESIAN_POINT ( 'NONE',  ( -1.894460780100799324, 2.919136647305522470, -1.394448767816122370 ) ) ;
#6084 = VECTOR ( 'NONE', #1318, 1000.000000000000000 ) ;
#6085 = ADVANCED_FACE ( 'NONE', ( #2035 ), #2963, .T. ) ;
#6086 = CARTESIAN_POINT ( 'NONE',  ( 1.627778409939249826, 3.710000000000000409, 0.9944487678161216815 ) ) ;
#6087 = ADVANCED_FACE ( 'NONE', ( #5018 ), #2580, .F. ) ;
#6088 = AXIS2_PLACEMENT_3D ( 'NONE', #828, #2787, #4741 ) ;
#6089 = EDGE_CURVE ( 'NONE', #5099, #2343, #1648, .T. ) ;
#6090 = LINE ( 'NONE', #1563, #1644 ) ;
#6091 = ORIENTED_EDGE ( 'NONE', *, *, #3888, .F. ) ;
#6092 = CIRCLE ( 'NONE', #3315, 0.2999999999999999334 ) ;
#6093 = LINE ( 'NONE', #4641, #2319 ) ;
#6094 = CARTESIAN_POINT ( 'NONE',  ( 4.864999999999999325, 0.000000000000000000, -0.4000000000000000222 ) ) ;
#6095 = AXIS2_PLACEMENT_3D ( 'NONE', #5267, #4756, #4283 ) ;
#6096 = EDGE_CURVE ( 'NONE', #5264, #5502, #2484, .T. ) ;
#6097 = EDGE_LOOP ( 'NONE', ( #5356, #3875, #3785, #4942, #1 ) ) ;
#6098 = CYLINDRICAL_SURFACE ( 'NONE', #1492, 0.2999999999999999334 ) ;
#6099 = EDGE_CURVE ( 'NONE', #3598, #706, #4988, .T. ) ;
#6100 = DIRECTION ( 'NONE',  ( -0.000000000000000000, -1.000000000000000000, 0.000000000000000000 ) ) ;
#6101 = VERTEX_POINT ( 'NONE', #1518 ) ;
#6102 = PLANE ( 'NONE',  #1465 ) ;
#6103 =( NAMED_UNIT ( * ) PLANE_ANGLE_UNIT ( ) SI_UNIT ( $, .RADIAN. ) );
#6104 = CARTESIAN_POINT ( 'NONE',  ( 4.664999999999998259, 3.543494049304025673, 1.917519027069848558 ) ) ;
#6105 = ORIENTED_EDGE ( 'NONE', *, *, #746, .T. ) ;
#6106 = LINE ( 'NONE', #3087, #6279 ) ;
#6107 = CIRCLE ( 'NONE', #4985, 0.1999999999999998723 ) ;
#6108 =( NAMED_UNIT ( * ) PLANE_ANGLE_UNIT ( ) SI_UNIT ( $, .RADIAN. ) );
#6109 = DIRECTION ( 'NONE',  ( 7.047733403467682675E-17, 0.000000000000000000, -1.000000000000000000 ) ) ;
#6110 = ORIENTED_EDGE ( 'NONE', *, *, #5775, .F. ) ;
#6111 = FACE_OUTER_BOUND ( 'NONE', #1308, .T. ) ;
#6112 = AXIS2_PLACEMENT_3D ( 'NONE', #4804, #4297, #3320 ) ;
#6113 = VECTOR ( 'NONE', #424, 1000.000000000000000 ) ;
#6114 = CARTESIAN_POINT ( 'NONE',  ( 2.827778409939249560, 3.510000000000000231, 1.294448767816121171 ) ) ;
#6115 = CYLINDRICAL_SURFACE ( 'NONE', #4618, 0.6251840078416683877 ) ;
#6116 = VECTOR ( 'NONE', #2457, 1000.000000000000000 ) ;
#6117 = ORIENTED_EDGE ( 'NONE', *, *, #4703, .F. ) ;
#6118 = EDGE_CURVE ( 'NONE', #4623, #6271, #6173, .T. ) ;
#6119 = CARTESIAN_POINT ( 'NONE',  ( -4.865000000000000213, 1.818235399615123038, -2.515000000000000124 ) ) ;
#6120 = CARTESIAN_POINT ( 'NONE',  ( 1.627778409939249826, 2.919136647305522470, 1.394448767816122370 ) ) ;
#6121 = ADVANCED_FACE ( 'NONE', ( #555 ), #1550, .F. ) ;
#6122 = EDGE_LOOP ( 'NONE', ( #5164, #5968, #4068, #2620 ) ) ;
#6123 = ORIENTED_EDGE ( 'NONE', *, *, #3634, .T. ) ;
#6124 = AXIS2_PLACEMENT_3D ( 'NONE', #336, #2287, #5724 ) ;
#6125 = ORIENTED_EDGE ( 'NONE', *, *, #5343, .F. ) ;
#6126 = DIRECTION ( 'NONE',  ( 0.000000000000000000, -0.7071067811865487940, 0.7071067811865463515 ) ) ;
#6127 = EDGE_CURVE ( 'NONE', #265, #1895, #3624, .T. ) ;
#6128 = CARTESIAN_POINT ( 'NONE',  ( 4.665000000000000036, 1.818235399615123038, 2.515000000000000124 ) ) ;
#6129 = FACE_OUTER_BOUND ( 'NONE', #1274, .T. ) ;
#6130 = EDGE_CURVE ( 'NONE', #5592, #5395, #4038, .T. ) ;
#6131 = VERTEX_POINT ( 'NONE', #2183 ) ;
#6132 = DIRECTION ( 'NONE',  ( 1.000000000000000000, -0.000000000000000000, 3.010080439365626374E-16 ) ) ;
#6133 = CARTESIAN_POINT ( 'NONE',  ( 4.864999999999998437, 1.611566968151564527, 0.4184320681164753197 ) ) ;
#6134 = ORIENTED_EDGE ( 'NONE', *, *, #3690, .T. ) ;
#6135 = FACE_OUTER_BOUND ( 'NONE', #2167, .T. ) ;
#6136 = CARTESIAN_POINT ( 'NONE',  ( 3.127778409939248494, 2.118235399615123082, -0.9944487678161233468 ) ) ;
#6137 = DIRECTION ( 'NONE',  ( 2.775557561562888578E-17, 1.155557966632341170E-33, 1.000000000000000000 ) ) ;
#6138 = ORIENTED_EDGE ( 'NONE', *, *, #2640, .F. ) ;
#6139 = LINE ( 'NONE', #5572, #177 ) ;
#6140 = DIRECTION ( 'NONE',  ( 3.552713678800500140E-15, -1.000000000000000000, -0.000000000000000000 ) ) ;
#6141 = CARTESIAN_POINT ( 'NONE',  ( -1.366818319492648204, 3.061149402765582561, -1.294448767816122281 ) ) ;
#6142 = CARTESIAN_POINT ( 'NONE',  ( -1.366818319492648204, 3.090491792929919601, -1.202382944073070226 ) ) ;
#6143 = ORIENTED_EDGE ( 'NONE', *, *, #5729, .T. ) ;
#6144 = AXIS2_PLACEMENT_3D ( 'NONE', #1913, #439, #3386 ) ;
#6145 = PRODUCT ( '0154002.DR_5', '0154002.DR_5', '', ( #2814 ) ) ;
#6146 = CARTESIAN_POINT ( 'NONE',  ( -3.127778409939250270, 3.685735931288071754, 1.097392492969240907 ) ) ;
#6147 = CIRCLE ( 'NONE', #5742, 0.6251840078416682767 ) ;
#6148 = LINE ( 'NONE', #761, #1841 ) ;
#6149 = ADVANCED_FACE ( 'NONE', ( #1678 ), #2669, .F. ) ;
#6150 = AXIS2_PLACEMENT_3D ( 'NONE', #5438, #1104, #3060 ) ;
#6151 = EDGE_LOOP ( 'NONE', ( #836, #1106, #5986 ) ) ;
#6152 = VERTEX_POINT ( 'NONE', #5196 ) ;
#6153 = CARTESIAN_POINT ( 'NONE',  ( 2.827778409939248672, 2.118235399615123082, -0.9944487678161233468 ) ) ;
#6154 = LINE ( 'NONE', #735, #648 ) ;
#6155 = ADVANCED_BREP_SHAPE_REPRESENTATION ( '', ( #1813, #1731 ), #3465 ) ;
#6156 = ADVANCED_FACE ( 'NONE', ( #3117 ), #6102, .F. ) ;
#6157 = EDGE_CURVE ( 'NONE', #3469, #38, #5074, .T. ) ;
#6158 = EDGE_CURVE ( 'NONE', #3078, #531, #2759, .T. ) ;
#6159 = EDGE_LOOP ( 'NONE', ( #5655, #577, #691, #4188, #2470, #1192, #4311 ) ) ;
#6160 = CARTESIAN_POINT ( 'NONE',  ( -1.627778409939249826, 2.118235399615123082, 1.194448767816121748 ) ) ;
#6161 = FACE_OUTER_BOUND ( 'NONE', #3337, .T. ) ;
#6162 = DIRECTION ( 'NONE',  ( -5.551115123125782702E-17, -1.000000000000000000, 0.000000000000000000 ) ) ;
#6163 = ORIENTED_EDGE ( 'NONE', *, *, #207, .F. ) ;
#6164 = DIRECTION ( 'NONE',  ( -1.000000000000000000, 0.000000000000000000, 0.000000000000000000 ) ) ;
#6165 = CARTESIAN_POINT ( 'NONE',  ( 3.003514341227320639, 2.118235399615123082, -1.294448767816123391 ) ) ;
#6166 = DIRECTION ( 'NONE',  ( -0.7071067811865469066, 0.7071067811865482389, 0.000000000000000000 ) ) ;
#6167 = ORIENTED_EDGE ( 'NONE', *, *, #2570, .F. ) ;
#6168 = CARTESIAN_POINT ( 'NONE',  ( 3.003514341227320639, 3.685735931288073530, -1.294448767816122947 ) ) ;
#6169 = FACE_OUTER_BOUND ( 'NONE', #3825, .T. ) ;
#6170 = AXIS2_PLACEMENT_3D ( 'NONE', #749, #6166, #3221 ) ;
#6171 = EDGE_CURVE ( 'NONE', #2367, #5243, #239, .T. ) ;
#6172 = CARTESIAN_POINT ( 'NONE',  ( -1.126143534192404871, 2.883781308246195163, -1.409093428756794886 ) ) ;
#6173 = CIRCLE ( 'NONE', #1762, 0.2999999999999999334 ) ;
#6174 = VECTOR ( 'NONE', #3841, 1000.000000000000000 ) ;
#6175 = CARTESIAN_POINT ( 'NONE',  ( 4.364999999999999325, 3.810000000000000053, 1.611637779048592956 ) ) ;
#6176 = ORIENTED_EDGE ( 'NONE', *, *, #3020, .T. ) ;
#6177 = CARTESIAN_POINT ( 'NONE',  ( -1.064999999999998392, 0.1999999999999964306, 0.9999999999999995559 ) ) ;
#6178 = DIRECTION ( 'NONE',  ( 0.000000000000000000, 0.000000000000000000, 1.000000000000000000 ) ) ;
#6179 = CARTESIAN_POINT ( 'NONE',  ( 1.591125123973732292, -1.089529118667601957E-14, -2.022226441606597646E-30 ) ) ;
#6180 = AXIS2_PLACEMENT_3D ( 'NONE', #3238, #2817, #2272 ) ;
#6181 = AXIS2_PLACEMENT_3D ( 'NONE', #1065, #2415, #1932 ) ;
#6182 = EDGE_LOOP ( 'NONE', ( #4747, #4947, #2435, #3513 ) ) ;
#6183 =( NAMED_UNIT ( * ) PLANE_ANGLE_UNIT ( ) SI_UNIT ( $, .RADIAN. ) );
#6184 = AXIS2_PLACEMENT_3D ( 'NONE', #4230, #2908, #5901 ) ;
#6185 = ORIENTED_EDGE ( 'NONE', *, *, #3807, .F. ) ;
#6186 = DIRECTION ( 'NONE',  ( 0.000000000000000000, 0.3272455802922021872, -0.9449393261893695994 ) ) ;
#6187 = EDGE_CURVE ( 'NONE', #4169, #1704, #1251, .T. ) ;
#6188 = CARTESIAN_POINT ( 'NONE',  ( -4.864999999999999325, 0.6053979116170363772, 0.4184320681164753752 ) ) ;
#6189 =( BOUNDED_SURFACE ( )  B_SPLINE_SURFACE ( 3, 3, ( 
 ( #572, #3530, #695, #4054 ),
 ( #5005, #2532, #2566, #4020 ),
 ( #108, #4521, #4082, #4611 ),
 ( #1175, #5998, #1598, #3560 ) ),
 .UNSPECIFIED., .F., .F., .F. ) 
 B_SPLINE_SURFACE_WITH_KNOTS ( ( 4, 4 ),
 ( 4, 4 ),
 ( 0.000000000000000000, 1.000000000000000000 ),
 ( 0.000000000000000000, 1.000000000000000000 ),
 .UNSPECIFIED. ) 
 GEOMETRIC_REPRESENTATION_ITEM ( )  RATIONAL_B_SPLINE_SURFACE ( (
 ( 1.000000000000000000, 0.8047378541243647154, 0.8047378541243647154, 1.000000000000000000),
 ( 0.8047378541243649375, 0.6476030138606875264, 0.6476030138606875264, 0.8047378541243649375),
 ( 0.8047378541243649375, 0.6476030138606875264, 0.6476030138606875264, 0.8047378541243649375),
 ( 1.000000000000000000, 0.8047378541243647154, 0.8047378541243647154, 1.000000000000000000) ) ) 
 REPRESENTATION_ITEM ( '' )  SURFACE ( )  );
#6190 = ORIENTED_EDGE ( 'NONE', *, *, #1804, .F. ) ;
#6191 = DIRECTION ( 'NONE',  ( -1.000000000000000000, 2.465190328815661892E-32, -3.350313119968968612E-16 ) ) ;
#6192 = ADVANCED_FACE ( 'NONE', ( #1225 ), #3729, .T. ) ;
#6193 = DIRECTION ( 'NONE',  ( -1.000000000000000000, 0.000000000000000000, -2.911116689277474274E-16 ) ) ;
#6194 = CARTESIAN_POINT ( 'NONE',  ( -1.874999999999999334, 3.373604387190460852, 1.394448767816122592 ) ) ;
#6195 = EDGE_LOOP ( 'NONE', ( #3234, #4204, #3817, #862, #2117, #5999, #1470, #1215, #1737, #4406 ) ) ;
#6196 = CARTESIAN_POINT ( 'NONE',  ( 4.864999999999998437, 1.611566968151564527, -1.000000000000000222 ) ) ;
#6197 = ORIENTED_EDGE ( 'NONE', *, *, #4862, .T. ) ;
#6198 = CARTESIAN_POINT ( 'NONE',  ( 3.003514341227320639, 1.818235399615122594, -1.170184699104194870 ) ) ;
#6199 = PLANE ( 'NONE',  #5354 ) ;
#6200 = ORIENTED_EDGE ( 'NONE', *, *, #5256, .F. ) ;
#6201 = PLANE ( 'NONE',  #1571 ) ;
#6202 = EDGE_CURVE ( 'NONE', #1895, #4809, #3181, .T. ) ;
#6203 = VECTOR ( 'NONE', #1701, 1000.000000000000000 ) ;
#6204 = AXIS2_PLACEMENT_3D ( 'NONE', #1357, #2389, #4349 ) ;
#6205 = ADVANCED_FACE ( 'NONE', ( #3211 ), #798, .T. ) ;
#6206 = LINE ( 'NONE', #3774, #2897 ) ;
#6207 = FACE_OUTER_BOUND ( 'NONE', #3742, .T. ) ;
#6208 = ORIENTED_EDGE ( 'NONE', *, *, #5288, .F. ) ;
#6209 = VECTOR ( 'NONE', #3983, 1000.000000000000000 ) ;
#6210 = CARTESIAN_POINT ( 'NONE',  ( -1.366818319492648204, 3.132929601890217963, 1.294448767816122281 ) ) ;
#6211 = CARTESIAN_POINT ( 'NONE',  ( 1.627778409939249160, 2.118235399615123082, -1.194448767816122636 ) ) ;
#6212 = ORIENTED_EDGE ( 'NONE', *, *, #2753, .F. ) ;
#6213 = SHAPE_DEFINITION_REPRESENTATION ( #4659, #105 ) ;
#6214 = ORIENTED_EDGE ( 'NONE', *, *, #5040, .T. ) ;
#6215 = ORIENTED_EDGE ( 'NONE', *, *, #1666, .T. ) ;
#6216 = CARTESIAN_POINT ( 'NONE',  ( -2.827778409939249560, 1.818235399615123482, 1.170184699104192205 ) ) ;
#6217 = PLANE ( 'NONE',  #6088 ) ;
#6218 = MECHANICAL_DESIGN_GEOMETRIC_PRESENTATION_REPRESENTATION (  '', ( #192 ), #386 ) ;
#6219 = ORIENTED_EDGE ( 'NONE', *, *, #1142, .F. ) ;
#6220 = CARTESIAN_POINT ( 'NONE',  ( 1.126143534192404871, 3.132929601890217963, 1.394448767816122592 ) ) ;
#6221 = CARTESIAN_POINT ( 'NONE',  ( 3.873634909763690626, 1.818235399615122816, 1.294448767816125390 ) ) ;
#6222 = SURFACE_SIDE_STYLE ('',( #1736 ) ) ;
#6223 = EDGE_LOOP ( 'NONE', ( #3990, #2579, #2990, #4171, #3967, #765, #1910, #5721 ) ) ;
#6224 = DIRECTION ( 'NONE',  ( -1.000000000000000000, -2.653581030549720768E-47, 1.972152263052529514E-31 ) ) ;
#6225 = ORIENTED_EDGE ( 'NONE', *, *, #5027, .F. ) ;
#6226 = CARTESIAN_POINT ( 'NONE',  ( -4.165000000000000036, 0.2000000000000000944, 0.3999999999999993006 ) ) ;
#6227 = DIRECTION ( 'NONE',  ( 0.000000000000000000, 1.972152263052529514E-31, -1.000000000000000000 ) ) ;
#6228 = VERTEX_POINT ( 'NONE', #770 ) ;
#6229 =( NAMED_UNIT ( * ) SI_UNIT ( $, .STERADIAN. ) SOLID_ANGLE_UNIT ( ) );
#6230 = LINE ( 'NONE', #5759, #1876 ) ;
#6231 = DIRECTION ( 'NONE',  ( 0.000000000000000000, -3.885780586188046905E-16, -1.000000000000000000 ) ) ;
#6232 = DIRECTION ( 'NONE',  ( -2.911116689277474274E-16, 1.361693234560466069E-32, 1.000000000000000000 ) ) ;
#6233 = EDGE_CURVE ( 'NONE', #1581, #2510, #1162, .T. ) ;
#6234 = ORIENTED_EDGE ( 'NONE', *, *, #5505, .F. ) ;
#6235 = CARTESIAN_POINT ( 'NONE',  ( 1.126143534192404871, 2.372994641670527205, -1.919880095332465064 ) ) ;
#6236 = CARTESIAN_POINT ( 'NONE',  ( 1.627778409939249826, 1.818235399615123482, 0.9944487678161214594 ) ) ;
#6237 = DIRECTION ( 'NONE',  ( 6.023345402697287394E-17, -1.224646799147351235E-16, 1.000000000000000000 ) ) ;
#6238 = CARTESIAN_POINT ( 'NONE',  ( -4.664999999999999147, 3.543494049304026117, -1.917519027069848780 ) ) ;
#6239 = ORIENTED_EDGE ( 'NONE', *, *, #4367, .F. ) ;
#6240 = VECTOR ( 'NONE', #6057, 1000.000000000000000 ) ;
#6241 = ORIENTED_EDGE ( 'NONE', *, *, #1931, .T. ) ;
#6242 = VECTOR ( 'NONE', #5384, 1000.000000000000000 ) ;
#6243 = DIRECTION ( 'NONE',  ( -0.000000000000000000, 1.972152263052529514E-31, -1.000000000000000000 ) ) ;
#6244 = DIRECTION ( 'NONE',  ( 0.000000000000000000, 0.000000000000000000, -1.000000000000000000 ) ) ;
#6245 = VECTOR ( 'NONE', #2807, 1000.000000000000000 ) ;
#6246 = PRODUCT_DEFINITION_SHAPE ( 'NONE', 'NONE',  #4728 ) ;
#6247 = AXIS2_PLACEMENT_3D ( 'NONE', #902, #5758, #2803 ) ;
#6248 = CIRCLE ( 'NONE', #723, 0.2999999999999999334 ) ;
#6249 = ORIENTED_EDGE ( 'NONE', *, *, #1610, .F. ) ;
#6250 = CARTESIAN_POINT ( 'NONE',  ( -1.366818319492648204, 3.132929601890217963, -1.394448767816122592 ) ) ;
#6251 = DIRECTION ( 'NONE',  ( 1.000000000000000000, 5.779007220503693025E-17, 1.853776073794267126E-17 ) ) ;
#6252 = VERTEX_POINT ( 'NONE', #3240 ) ;
#6253 = DIRECTION ( 'NONE',  ( 1.000000000000000000, -6.245004513516505540E-17, -0.000000000000000000 ) ) ;
#6254 = FACE_OUTER_BOUND ( 'NONE', #5669, .T. ) ;
#6255 = ORIENTED_EDGE ( 'NONE', *, *, #4445, .F. ) ;
#6256 = CARTESIAN_POINT ( 'NONE',  ( 2.827778409939248672, 1.818235399615123482, -0.9944487678161233468 ) ) ;
#6257 = CARTESIAN_POINT ( 'NONE',  ( -1.874999999999999334, 3.061149402765582561, 1.294448767816122059 ) ) ;
#6258 = ADVANCED_FACE ( 'NONE', ( #4686 ), #2699, .F. ) ;
#6259 = PRODUCT_DEFINITION_CONTEXT ( 'detailed design', #4669, 'design' ) ;
#6260 = LINE ( 'NONE', #6295, #1568 ) ;
#6261 = DIRECTION ( 'NONE',  ( 0.000000000000000000, -3.885780586188046905E-16, -1.000000000000000000 ) ) ;
#6262 = ORIENTED_EDGE ( 'NONE', *, *, #1030, .T. ) ;
#6263 = LINE ( 'NONE', #5381, #1944 ) ;
#6264 = ADVANCED_FACE ( 'NONE', ( #328 ), #2279, .T. ) ;
#6265 = CARTESIAN_POINT ( 'NONE',  ( -3.127778409939249382, 3.510000000000000231, 0.9944487678161207933 ) ) ;
#6266 = CARTESIAN_POINT ( 'NONE',  ( 3.873634909763690182, 1.818235399615122816, -0.7448702942612651645 ) ) ;
#6267 = CARTESIAN_POINT ( 'NONE',  ( 3.127778409939249826, 2.118235399615123082, 0.9944487678161212374 ) ) ;
#6268 = EDGE_CURVE ( 'NONE', #5067, #3300, #1793, .T. ) ;
#6269 = ADVANCED_FACE ( 'NONE', ( #5558 ), #3152, .T. ) ;
#6270 = VECTOR ( 'NONE', #1778, 1000.000000000000000 ) ;
#6271 = VERTEX_POINT ( 'NONE', #4597 ) ;
#6272 = DIRECTION ( 'NONE',  ( 1.000000000000000000, 0.000000000000000000, 0.000000000000000000 ) ) ;
#6273 = ORIENTED_EDGE ( 'NONE', *, *, #6015, .T. ) ;
#6274 = AXIS2_PLACEMENT_3D ( 'NONE', #3541, #2664, #3021 ) ;
#6275 = EDGE_CURVE ( 'NONE', #5269, #3138, #1938, .T. ) ;
#6276 = CARTESIAN_POINT ( 'NONE',  ( -3.127778409939249382, 2.118235399615123082, 0.9944487678161212374 ) ) ;
#6277 = PLANE ( 'NONE',  #419 ) ;
#6278 = EDGE_CURVE ( 'NONE', #4623, #5801, #2, .T. ) ;
#6279 = VECTOR ( 'NONE', #4194, 1000.000000000000000 ) ;
#6280 = VECTOR ( 'NONE', #4768, 1000.000000000000000 ) ;
#6281 = VERTEX_POINT ( 'NONE', #2885 ) ;
#6282 = DIRECTION ( 'NONE',  ( -6.245004513516505540E-17, -1.000000000000000000, -0.000000000000000000 ) ) ;
#6283 = EDGE_CURVE ( 'NONE', #4672, #4077, #924, .T. ) ;
#6284 = AXIS2_PLACEMENT_3D ( 'NONE', #5827, #4861, #1453 ) ;
#6285 = LINE ( 'NONE', #1861, #2230 ) ;
#6286 = DIRECTION ( 'NONE',  ( 3.350313119968968612E-16, -2.239890198972934436E-32, 1.000000000000000000 ) ) ;
#6287 = EDGE_LOOP ( 'NONE', ( #2493, #4549, #2999, #964 ) ) ;
#6288 = PLANE ( 'NONE',  #4056 ) ;
#6289 = VERTEX_POINT ( 'NONE', #960 ) ;
#6290 = CARTESIAN_POINT ( 'NONE',  ( 1.126143534192404649, 3.019781114811264544, -1.131672265954415391 ) ) ;
#6291 = LINE ( 'NONE', #1001, #1976 ) ;
#6292 = ORIENTED_EDGE ( 'NONE', *, *, #3093, .T. ) ;
#6293 = LINE ( 'NONE', #840, #5956 ) ;
#6294 = CARTESIAN_POINT ( 'NONE',  ( 1.366818319492648204, 3.132929601890217963, -1.394448767816122592 ) ) ;
#6295 = CARTESIAN_POINT ( 'NONE',  ( 1.301042606982605715E-15, -1.649391748444585210E-14, 0.9999999999999995559 ) ) ;
#6296 = DIRECTION ( 'NONE',  ( -1.000000000000000000, -4.163336342344337027E-17, -4.163336342344337027E-17 ) ) ;
#6297 = VERTEX_POINT ( 'NONE', #4275 ) ;
#6298 = CARTESIAN_POINT ( 'NONE',  ( 1.366818319492648204, 3.373604387190460852, -1.394448767816122592 ) ) ;
#6299 = DIRECTION ( 'NONE',  ( -1.000000000000000000, 3.497202527569243102E-15, 0.000000000000000000 ) ) ;
#6300 = DIRECTION ( 'NONE',  ( 2.478176394252579760E-15, -1.000000000000000000, 0.000000000000000000 ) ) ;
#6301 = CARTESIAN_POINT ( 'NONE',  ( 1.627778409939249826, 3.510000000000000231, 1.294448767816121615 ) ) ;
#6302 = LINE ( 'NONE', #1432, #3275 ) ;
#6303 = ORIENTED_EDGE ( 'NONE', *, *, #2791, .F. ) ;
#6304 = VECTOR ( 'NONE', #5618, 1000.000000000000000 ) ;
#6305 = EDGE_CURVE ( 'NONE', #4552, #3899, #4306, .T. ) ;
#6306 = ORIENTED_EDGE ( 'NONE', *, *, #55, .T. ) ;
#6307 = CARTESIAN_POINT ( 'NONE',  ( -4.864999999999999325, 1.611566968151564305, -1.000000000000000444 ) ) ;
#6308 = LINE ( 'NONE', #4304, #4024 ) ;
#6309 = AXIS2_PLACEMENT_3D ( 'NONE', #3075, #2688, #5035 ) ;
#6310 = AXIS2_PLACEMENT_3D ( 'NONE', #3828, #6319, #5783 ) ;
#6311 = EDGE_CURVE ( 'NONE', #5732, #4770, #4849, .T. ) ;
#6312 = ADVANCED_BREP_SHAPE_REPRESENTATION ( '', ( #1689, #1731 ), #3756 ) ;
#6313 = ORIENTED_EDGE ( 'NONE', *, *, #3332, .T. ) ;
#6314 = COLOUR_RGB ( '',1.000000000000000000, 1.000000000000000000, 1.000000000000000000 ) ;
#6315 = ADVANCED_FACE ( 'NONE', ( #1894 ), #5325, .T. ) ;
#6316 = EDGE_CURVE ( 'NONE', #1742, #1597, #4780, .T. ) ;
#6317 = CARTESIAN_POINT ( 'NONE',  ( 4.665000000000000036, 0.000000000000000000, -1.000000000000000444 ) ) ;
#6318 = ORIENTED_EDGE ( 'NONE', *, *, #2059, .F. ) ;
#6319 = DIRECTION ( 'NONE',  ( -3.350313119968968612E-16, 1.022693426037462838E-32, 1.000000000000000000 ) ) ;
#6320 = ORIENTED_EDGE ( 'NONE', *, *, #5859, .F. ) ;
#6321 = LINE ( 'NONE', #5850, #3947 ) ;
#6322 = ORIENTED_EDGE ( 'NONE', *, *, #6099, .T. ) ;
#6323 = CARTESIAN_POINT ( 'NONE',  ( -3.873634909763690626, -1.452381048782462436, 0.7448702942612707156 ) ) ;
#6324 = DIRECTION ( 'NONE',  ( 1.000000000000000000, -1.526556658859590983E-16, 3.191891195797326533E-16 ) ) ;
#6325 = CIRCLE ( 'NONE', #6124, 0.5500000000000002665 ) ;
#6326 = DIRECTION ( 'NONE',  ( 0.000000000000000000, -1.000000000000000000, -1.345525434452238829E-16 ) ) ;
#6327 = NEXT_ASSEMBLY_USAGE_OCCURRENCE ( 'NAUO1', ' ', ' ', #6036, #3602, $ ) ;
#6328 = NEXT_ASSEMBLY_USAGE_OCCURRENCE ( 'NAUO2', ' ', ' ', #6036, #3763, $ ) ;
#6329 = NEXT_ASSEMBLY_USAGE_OCCURRENCE ( 'NAUO3', ' ', ' ', #6036, #4900, $ ) ;
#6330 = NEXT_ASSEMBLY_USAGE_OCCURRENCE ( 'NAUO4', ' ', ' ', #6036, #2737, $ ) ;
#6331 = NEXT_ASSEMBLY_USAGE_OCCURRENCE ( 'NAUO5', ' ', ' ', #6036, #3088, $ ) ;
#6332 = NEXT_ASSEMBLY_USAGE_OCCURRENCE ( 'NAUO6', ' ', ' ', #6036, #4728, $ ) ;
#6333 = NEXT_ASSEMBLY_USAGE_OCCURRENCE ( 'NAUO7', ' ', ' ', #6036, #1791, $ ) ;
#6334 = NEXT_ASSEMBLY_USAGE_OCCURRENCE ( 'NAUO8', ' ', ' ', #6036, #3686, $ ) ;
#6335 = NEXT_ASSEMBLY_USAGE_OCCURRENCE ( 'NAUO9', ' ', ' ', #6036, #3966, $ ) ;
#6336 = NEXT_ASSEMBLY_USAGE_OCCURRENCE ( 'NAUO10', ' ', ' ', #6036, #2349, $ ) ;
ENDSEC;
END-ISO-10303-21;
