ISO-10303-21;
HEADER;
FILE_DESCRIPTION(('FreeCAD Model'),'2;1');
FILE_NAME('Open CASCADE Shape Model','2026-07-10T12:51:42',('Author'),(
    ''),'Open CASCADE STEP processor 7.8','FreeCAD','Unknown');
FILE_SCHEMA(('AUTOMOTIVE_DESIGN { 1 0 10303 214 1 1 1 1 }'));
ENDSEC;
DATA;
#1 = APPLICATION_PROTOCOL_DEFINITION('international standard',
  'automotive_design',2000,#2);
#2 = APPLICATION_CONTEXT(
  'core data for automotive mechanical design processes');
#3 = SHAPE_DEFINITION_REPRESENTATION(#4,#10);
#4 = PRODUCT_DEFINITION_SHAPE('','',#5);
#5 = PRODUCT_DEFINITION('design','',#6,#9);
#6 = PRODUCT_DEFINITION_FORMATION('','',#7);
#7 = PRODUCT('389690002','389690002','',(#8));
#8 = PRODUCT_CONTEXT('',#2,'mechanical');
#9 = PRODUCT_DEFINITION_CONTEXT('part definition',#2,'design');
#10 = SHAPE_REPRESENTATION('',(#11,#15),#19);
#11 = AXIS2_PLACEMENT_3D('',#12,#13,#14);
#12 = CARTESIAN_POINT('',(0.,0.,0.));
#13 = DIRECTION('',(0.,0.,1.));
#14 = DIRECTION('',(1.,0.,-0.));
#15 = AXIS2_PLACEMENT_3D('',#16,#17,#18);
#16 = CARTESIAN_POINT('',(0.,0.,0.));
#17 = DIRECTION('',(0.,0.,1.));
#18 = DIRECTION('',(1.,0.,-0.));
#19 = ( GEOMETRIC_REPRESENTATION_CONTEXT(3) 
GLOBAL_UNCERTAINTY_ASSIGNED_CONTEXT((#23)) GLOBAL_UNIT_ASSIGNED_CONTEXT(
(#20,#21,#22)) REPRESENTATION_CONTEXT('Context #1',
  '3D Context with UNIT and UNCERTAINTY') );
#20 = ( LENGTH_UNIT() NAMED_UNIT(*) SI_UNIT(.MILLI.,.METRE.) );
#21 = ( NAMED_UNIT(*) PLANE_ANGLE_UNIT() SI_UNIT($,.RADIAN.) );
#22 = ( NAMED_UNIT(*) SI_UNIT($,.STERADIAN.) SOLID_ANGLE_UNIT() );
#23 = UNCERTAINTY_MEASURE_WITH_UNIT(LENGTH_MEASURE(5.E-06),#20,
  'distance_accuracy_value','confusion accuracy');
#24 = PRODUCT_RELATED_PRODUCT_CATEGORY('part',$,(#7));
#25 = SHAPE_DEFINITION_REPRESENTATION(#26,#32);
#26 = PRODUCT_DEFINITION_SHAPE('','',#27);
#27 = PRODUCT_DEFINITION('design','',#28,#31);
#28 = PRODUCT_DEFINITION_FORMATION('','',#29);
#29 = PRODUCT('SOLID','SOLID','',(#30));
#30 = PRODUCT_CONTEXT('',#2,'mechanical');
#31 = PRODUCT_DEFINITION_CONTEXT('part definition',#2,'design');
#32 = ADVANCED_BREP_SHAPE_REPRESENTATION('',(#11,#33),#6611);
#33 = MANIFOLD_SOLID_BREP('',#34);
#34 = CLOSED_SHELL('',(#35,#184,#355,#487,#647,#752,#801,#1200,#1360,
    #1567,#1616,#1779,#1828,#1855,#1886,#1937,#1964,#2013,#2062,#2069,
    #2101,#2133,#2185,#2212,#2333,#2409,#2458,#2507,#2534,#2609,#2686,
    #2719,#3040,#3267,#3494,#3575,#3624,#3673,#3722,#3776,#3941,#4019,
    #4068,#4140,#4189,#4392,#4419,#4528,#4557,#4584,#4611,#4638,#4665,
    #4672,#4683,#4693,#4769,#4818,#4867,#4894,#4969,#5046,#5079,#5400,
    #5531,#5689,#5716,#5743,#5749,#5755,#5832,#5886,#5941,#5973,#6049,
    #6122,#6149,#6176,#6183,#6260,#6314,#6369,#6401,#6477,#6550,#6577,
    #6604));
#35 = ADVANCED_FACE('',(#36),#50,.F.);
#36 = FACE_BOUND('',#37,.F.);
#37 = EDGE_LOOP('',(#38,#73,#101,#129,#158));
#38 = ORIENTED_EDGE('',*,*,#39,.T.);
#39 = EDGE_CURVE('',#40,#42,#44,.T.);
#40 = VERTEX_POINT('',#41);
#41 = CARTESIAN_POINT('',(-13.97,0.,12.0904));
#42 = VERTEX_POINT('',#43);
#43 = CARTESIAN_POINT('',(-13.97,0.,-9.4996));
#44 = SURFACE_CURVE('',#45,(#49,#61),.PCURVE_S1.);
#45 = LINE('',#46,#47);
#46 = CARTESIAN_POINT('',(-13.97,0.,12.0904));
#47 = VECTOR('',#48,1.);
#48 = DIRECTION('',(0.,0.,-1.));
#49 = PCURVE('',#50,#55);
#50 = PLANE('',#51);
#51 = AXIS2_PLACEMENT_3D('',#52,#53,#54);
#52 = CARTESIAN_POINT('',(-13.97,0.,0.));
#53 = DIRECTION('',(1.,0.,0.));
#54 = DIRECTION('',(0.,0.,-1.));
#55 = DEFINITIONAL_REPRESENTATION('',(#56),#60);
#56 = LINE('',#57,#58);
#57 = CARTESIAN_POINT('',(-12.0904,0.));
#58 = VECTOR('',#59,1.);
#59 = DIRECTION('',(1.,0.));
#60 = ( GEOMETRIC_REPRESENTATION_CONTEXT(2) 
PARAMETRIC_REPRESENTATION_CONTEXT() REPRESENTATION_CONTEXT('2D SPACE',''
  ) );
#61 = PCURVE('',#62,#67);
#62 = PLANE('',#63);
#63 = AXIS2_PLACEMENT_3D('',#64,#65,#66);
#64 = CARTESIAN_POINT('',(-13.97,0.,12.0904));
#65 = DIRECTION('',(0.,-1.,0.));
#66 = DIRECTION('',(0.,0.,-1.));
#67 = DEFINITIONAL_REPRESENTATION('',(#68),#72);
#68 = LINE('',#69,#70);
#69 = CARTESIAN_POINT('',(0.,0.));
#70 = VECTOR('',#71,1.);
#71 = DIRECTION('',(1.,0.));
#72 = ( GEOMETRIC_REPRESENTATION_CONTEXT(2) 
PARAMETRIC_REPRESENTATION_CONTEXT() REPRESENTATION_CONTEXT('2D SPACE',''
  ) );
#73 = ORIENTED_EDGE('',*,*,#74,.T.);
#74 = EDGE_CURVE('',#42,#75,#77,.T.);
#75 = VERTEX_POINT('',#76);
#76 = CARTESIAN_POINT('',(-13.97,22.606,-9.4996));
#77 = SURFACE_CURVE('',#78,(#82,#89),.PCURVE_S1.);
#78 = LINE('',#79,#80);
#79 = CARTESIAN_POINT('',(-13.97,0.,-9.4996));
#80 = VECTOR('',#81,1.);
#81 = DIRECTION('',(0.,1.,0.));
#82 = PCURVE('',#50,#83);
#83 = DEFINITIONAL_REPRESENTATION('',(#84),#88);
#84 = LINE('',#85,#86);
#85 = CARTESIAN_POINT('',(9.4996,0.));
#86 = VECTOR('',#87,1.);
#87 = DIRECTION('',(0.,1.));
#88 = ( GEOMETRIC_REPRESENTATION_CONTEXT(2) 
PARAMETRIC_REPRESENTATION_CONTEXT() REPRESENTATION_CONTEXT('2D SPACE',''
  ) );
#89 = PCURVE('',#90,#95);
#90 = PLANE('',#91);
#91 = AXIS2_PLACEMENT_3D('',#92,#93,#94);
#92 = CARTESIAN_POINT('',(-13.97,0.,-9.4996));
#93 = DIRECTION('',(0.,0.,-1.));
#94 = DIRECTION('',(0.,1.,0.));
#95 = DEFINITIONAL_REPRESENTATION('',(#96),#100);
#96 = LINE('',#97,#98);
#97 = CARTESIAN_POINT('',(0.,0.));
#98 = VECTOR('',#99,1.);
#99 = DIRECTION('',(1.,0.));
#100 = ( GEOMETRIC_REPRESENTATION_CONTEXT(2) 
PARAMETRIC_REPRESENTATION_CONTEXT() REPRESENTATION_CONTEXT('2D SPACE',''
  ) );
#101 = ORIENTED_EDGE('',*,*,#102,.T.);
#102 = EDGE_CURVE('',#75,#103,#105,.T.);
#103 = VERTEX_POINT('',#104);
#104 = CARTESIAN_POINT('',(-13.97,22.606,9.0424));
#105 = SURFACE_CURVE('',#106,(#110,#117),.PCURVE_S1.);
#106 = LINE('',#107,#108);
#107 = CARTESIAN_POINT('',(-13.97,22.606,-9.4996));
#108 = VECTOR('',#109,1.);
#109 = DIRECTION('',(0.,0.,1.));
#110 = PCURVE('',#50,#111);
#111 = DEFINITIONAL_REPRESENTATION('',(#112),#116);
#112 = LINE('',#113,#114);
#113 = CARTESIAN_POINT('',(9.4996,22.606));
#114 = VECTOR('',#115,1.);
#115 = DIRECTION('',(-1.,0.));
#116 = ( GEOMETRIC_REPRESENTATION_CONTEXT(2) 
PARAMETRIC_REPRESENTATION_CONTEXT() REPRESENTATION_CONTEXT('2D SPACE',''
  ) );
#117 = PCURVE('',#118,#123);
#118 = PLANE('',#119);
#119 = AXIS2_PLACEMENT_3D('',#120,#121,#122);
#120 = CARTESIAN_POINT('',(-13.97,22.606,-9.4996));
#121 = DIRECTION('',(0.,1.,0.));
#122 = DIRECTION('',(0.,-0.,1.));
#123 = DEFINITIONAL_REPRESENTATION('',(#124),#128);
#124 = LINE('',#125,#126);
#125 = CARTESIAN_POINT('',(0.,0.));
#126 = VECTOR('',#127,1.);
#127 = DIRECTION('',(1.,0.));
#128 = ( GEOMETRIC_REPRESENTATION_CONTEXT(2) 
PARAMETRIC_REPRESENTATION_CONTEXT() REPRESENTATION_CONTEXT('2D SPACE',''
  ) );
#129 = ORIENTED_EDGE('',*,*,#130,.T.);
#130 = EDGE_CURVE('',#103,#131,#133,.T.);
#131 = VERTEX_POINT('',#132);
#132 = CARTESIAN_POINT('',(-13.97,19.558,12.0904));
#133 = SURFACE_CURVE('',#134,(#139,#146),.PCURVE_S1.);
#134 = CIRCLE('',#135,3.048);
#135 = AXIS2_PLACEMENT_3D('',#136,#137,#138);
#136 = CARTESIAN_POINT('',(-13.97,19.558,9.0424));
#137 = DIRECTION('',(1.,0.,0.));
#138 = DIRECTION('',(-0.,1.,0.));
#139 = PCURVE('',#50,#140);
#140 = DEFINITIONAL_REPRESENTATION('',(#141),#145);
#141 = CIRCLE('',#142,3.048);
#142 = AXIS2_PLACEMENT_2D('',#143,#144);
#143 = CARTESIAN_POINT('',(-9.0424,19.558));
#144 = DIRECTION('',(0.,1.));
#145 = ( GEOMETRIC_REPRESENTATION_CONTEXT(2) 
PARAMETRIC_REPRESENTATION_CONTEXT() REPRESENTATION_CONTEXT('2D SPACE',''
  ) );
#146 = PCURVE('',#147,#152);
#147 = CYLINDRICAL_SURFACE('',#148,3.048);
#148 = AXIS2_PLACEMENT_3D('',#149,#150,#151);
#149 = CARTESIAN_POINT('',(-13.97,19.558,9.0424));
#150 = DIRECTION('',(1.,0.,0.));
#151 = DIRECTION('',(0.,0.,-1.));
#152 = DEFINITIONAL_REPRESENTATION('',(#153),#157);
#153 = LINE('',#154,#155);
#154 = CARTESIAN_POINT('',(1.570796326795,0.));
#155 = VECTOR('',#156,1.);
#156 = DIRECTION('',(1.,0.));
#157 = ( GEOMETRIC_REPRESENTATION_CONTEXT(2) 
PARAMETRIC_REPRESENTATION_CONTEXT() REPRESENTATION_CONTEXT('2D SPACE',''
  ) );
#158 = ORIENTED_EDGE('',*,*,#159,.T.);
#159 = EDGE_CURVE('',#131,#40,#160,.T.);
#160 = SURFACE_CURVE('',#161,(#165,#172),.PCURVE_S1.);
#161 = LINE('',#162,#163);
#162 = CARTESIAN_POINT('',(-13.97,19.558,12.0904));
#163 = VECTOR('',#164,1.);
#164 = DIRECTION('',(0.,-1.,0.));
#165 = PCURVE('',#50,#166);
#166 = DEFINITIONAL_REPRESENTATION('',(#167),#171);
#167 = LINE('',#168,#169);
#168 = CARTESIAN_POINT('',(-12.0904,19.558));
#169 = VECTOR('',#170,1.);
#170 = DIRECTION('',(0.,-1.));
#171 = ( GEOMETRIC_REPRESENTATION_CONTEXT(2) 
PARAMETRIC_REPRESENTATION_CONTEXT() REPRESENTATION_CONTEXT('2D SPACE',''
  ) );
#172 = PCURVE('',#173,#178);
#173 = PLANE('',#174);
#174 = AXIS2_PLACEMENT_3D('',#175,#176,#177);
#175 = CARTESIAN_POINT('',(-13.97,19.558,12.0904));
#176 = DIRECTION('',(0.,0.,1.));
#177 = DIRECTION('',(0.,-1.,0.));
#178 = DEFINITIONAL_REPRESENTATION('',(#179),#183);
#179 = LINE('',#180,#181);
#180 = CARTESIAN_POINT('',(0.,0.));
#181 = VECTOR('',#182,1.);
#182 = DIRECTION('',(1.,0.));
#183 = ( GEOMETRIC_REPRESENTATION_CONTEXT(2) 
PARAMETRIC_REPRESENTATION_CONTEXT() REPRESENTATION_CONTEXT('2D SPACE',''
  ) );
#184 = ADVANCED_FACE('',(#185),#199,.T.);
#185 = FACE_BOUND('',#186,.F.);
#186 = EDGE_LOOP('',(#187,#222,#250,#278,#301,#329));
#187 = ORIENTED_EDGE('',*,*,#188,.T.);
#188 = EDGE_CURVE('',#189,#191,#193,.T.);
#189 = VERTEX_POINT('',#190);
#190 = CARTESIAN_POINT('',(11.4554,0.,10.0584));
#191 = VERTEX_POINT('',#192);
#192 = CARTESIAN_POINT('',(11.4554,0.,12.0904));
#193 = SURFACE_CURVE('',#194,(#198,#210),.PCURVE_S1.);
#194 = LINE('',#195,#196);
#195 = CARTESIAN_POINT('',(11.4554,0.,10.0584));
#196 = VECTOR('',#197,1.);
#197 = DIRECTION('',(0.,0.,1.));
#198 = PCURVE('',#199,#204);
#199 = PLANE('',#200);
#200 = AXIS2_PLACEMENT_3D('',#201,#202,#203);
#201 = CARTESIAN_POINT('',(-13.97,0.,12.0904));
#202 = DIRECTION('',(0.,-1.,0.));
#203 = DIRECTION('',(0.,0.,-1.));
#204 = DEFINITIONAL_REPRESENTATION('',(#205),#209);
#205 = LINE('',#206,#207);
#206 = CARTESIAN_POINT('',(2.032,25.4254));
#207 = VECTOR('',#208,1.);
#208 = DIRECTION('',(-1.,0.));
#209 = ( GEOMETRIC_REPRESENTATION_CONTEXT(2) 
PARAMETRIC_REPRESENTATION_CONTEXT() REPRESENTATION_CONTEXT('2D SPACE',''
  ) );
#210 = PCURVE('',#211,#216);
#211 = PLANE('',#212);
#212 = AXIS2_PLACEMENT_3D('',#213,#214,#215);
#213 = CARTESIAN_POINT('',(11.4554,0.,0.));
#214 = DIRECTION('',(-1.,0.,0.));
#215 = DIRECTION('',(0.,0.,1.));
#216 = DEFINITIONAL_REPRESENTATION('',(#217),#221);
#217 = LINE('',#218,#219);
#218 = CARTESIAN_POINT('',(10.0584,0.));
#219 = VECTOR('',#220,1.);
#220 = DIRECTION('',(1.,0.));
#221 = ( GEOMETRIC_REPRESENTATION_CONTEXT(2) 
PARAMETRIC_REPRESENTATION_CONTEXT() REPRESENTATION_CONTEXT('2D SPACE',''
  ) );
#222 = ORIENTED_EDGE('',*,*,#223,.T.);
#223 = EDGE_CURVE('',#191,#224,#226,.T.);
#224 = VERTEX_POINT('',#225);
#225 = CARTESIAN_POINT('',(13.97,0.,12.0904));
#226 = SURFACE_CURVE('',#227,(#231,#238),.PCURVE_S1.);
#227 = LINE('',#228,#229);
#228 = CARTESIAN_POINT('',(11.4554,0.,12.0904));
#229 = VECTOR('',#230,1.);
#230 = DIRECTION('',(1.,0.,0.));
#231 = PCURVE('',#199,#232);
#232 = DEFINITIONAL_REPRESENTATION('',(#233),#237);
#233 = LINE('',#234,#235);
#234 = CARTESIAN_POINT('',(0.,25.4254));
#235 = VECTOR('',#236,1.);
#236 = DIRECTION('',(0.,1.));
#237 = ( GEOMETRIC_REPRESENTATION_CONTEXT(2) 
PARAMETRIC_REPRESENTATION_CONTEXT() REPRESENTATION_CONTEXT('2D SPACE',''
  ) );
#238 = PCURVE('',#239,#244);
#239 = PLANE('',#240);
#240 = AXIS2_PLACEMENT_3D('',#241,#242,#243);
#241 = CARTESIAN_POINT('',(-13.97,19.558,12.0904));
#242 = DIRECTION('',(0.,0.,1.));
#243 = DIRECTION('',(0.,-1.,0.));
#244 = DEFINITIONAL_REPRESENTATION('',(#245),#249);
#245 = LINE('',#246,#247);
#246 = CARTESIAN_POINT('',(19.558,25.4254));
#247 = VECTOR('',#248,1.);
#248 = DIRECTION('',(0.,1.));
#249 = ( GEOMETRIC_REPRESENTATION_CONTEXT(2) 
PARAMETRIC_REPRESENTATION_CONTEXT() REPRESENTATION_CONTEXT('2D SPACE',''
  ) );
#250 = ORIENTED_EDGE('',*,*,#251,.T.);
#251 = EDGE_CURVE('',#224,#252,#254,.T.);
#252 = VERTEX_POINT('',#253);
#253 = CARTESIAN_POINT('',(13.97,0.,-9.4996));
#254 = SURFACE_CURVE('',#255,(#259,#266),.PCURVE_S1.);
#255 = LINE('',#256,#257);
#256 = CARTESIAN_POINT('',(13.97,0.,12.0904));
#257 = VECTOR('',#258,1.);
#258 = DIRECTION('',(0.,0.,-1.));
#259 = PCURVE('',#199,#260);
#260 = DEFINITIONAL_REPRESENTATION('',(#261),#265);
#261 = LINE('',#262,#263);
#262 = CARTESIAN_POINT('',(0.,27.94));
#263 = VECTOR('',#264,1.);
#264 = DIRECTION('',(1.,0.));
#265 = ( GEOMETRIC_REPRESENTATION_CONTEXT(2) 
PARAMETRIC_REPRESENTATION_CONTEXT() REPRESENTATION_CONTEXT('2D SPACE',''
  ) );
#266 = PCURVE('',#267,#272);
#267 = PLANE('',#268);
#268 = AXIS2_PLACEMENT_3D('',#269,#270,#271);
#269 = CARTESIAN_POINT('',(13.97,0.,0.));
#270 = DIRECTION('',(1.,0.,0.));
#271 = DIRECTION('',(0.,0.,-1.));
#272 = DEFINITIONAL_REPRESENTATION('',(#273),#277);
#273 = LINE('',#274,#275);
#274 = CARTESIAN_POINT('',(-12.0904,0.));
#275 = VECTOR('',#276,1.);
#276 = DIRECTION('',(1.,0.));
#277 = ( GEOMETRIC_REPRESENTATION_CONTEXT(2) 
PARAMETRIC_REPRESENTATION_CONTEXT() REPRESENTATION_CONTEXT('2D SPACE',''
  ) );
#278 = ORIENTED_EDGE('',*,*,#279,.F.);
#279 = EDGE_CURVE('',#280,#252,#282,.T.);
#280 = VERTEX_POINT('',#281);
#281 = CARTESIAN_POINT('',(11.43,0.,-9.4996));
#282 = SURFACE_CURVE('',#283,(#287,#294),.PCURVE_S1.);
#283 = LINE('',#284,#285);
#284 = CARTESIAN_POINT('',(11.43,0.,-9.4996));
#285 = VECTOR('',#286,1.);
#286 = DIRECTION('',(1.,0.,0.));
#287 = PCURVE('',#199,#288);
#288 = DEFINITIONAL_REPRESENTATION('',(#289),#293);
#289 = LINE('',#290,#291);
#290 = CARTESIAN_POINT('',(21.59,25.4));
#291 = VECTOR('',#292,1.);
#292 = DIRECTION('',(0.,1.));
#293 = ( GEOMETRIC_REPRESENTATION_CONTEXT(2) 
PARAMETRIC_REPRESENTATION_CONTEXT() REPRESENTATION_CONTEXT('2D SPACE',''
  ) );
#294 = PCURVE('',#90,#295);
#295 = DEFINITIONAL_REPRESENTATION('',(#296),#300);
#296 = LINE('',#297,#298);
#297 = CARTESIAN_POINT('',(0.,25.4));
#298 = VECTOR('',#299,1.);
#299 = DIRECTION('',(0.,1.));
#300 = ( GEOMETRIC_REPRESENTATION_CONTEXT(2) 
PARAMETRIC_REPRESENTATION_CONTEXT() REPRESENTATION_CONTEXT('2D SPACE',''
  ) );
#301 = ORIENTED_EDGE('',*,*,#302,.F.);
#302 = EDGE_CURVE('',#303,#280,#305,.T.);
#303 = VERTEX_POINT('',#304);
#304 = CARTESIAN_POINT('',(11.43,0.,10.0584));
#305 = SURFACE_CURVE('',#306,(#310,#317),.PCURVE_S1.);
#306 = LINE('',#307,#308);
#307 = CARTESIAN_POINT('',(11.43,0.,10.0584));
#308 = VECTOR('',#309,1.);
#309 = DIRECTION('',(0.,0.,-1.));
#310 = PCURVE('',#199,#311);
#311 = DEFINITIONAL_REPRESENTATION('',(#312),#316);
#312 = LINE('',#313,#314);
#313 = CARTESIAN_POINT('',(2.032,25.4));
#314 = VECTOR('',#315,1.);
#315 = DIRECTION('',(1.,0.));
#316 = ( GEOMETRIC_REPRESENTATION_CONTEXT(2) 
PARAMETRIC_REPRESENTATION_CONTEXT() REPRESENTATION_CONTEXT('2D SPACE',''
  ) );
#317 = PCURVE('',#318,#323);
#318 = PLANE('',#319);
#319 = AXIS2_PLACEMENT_3D('',#320,#321,#322);
#320 = CARTESIAN_POINT('',(11.43,0.,12.0904));
#321 = DIRECTION('',(1.,0.,0.));
#322 = DIRECTION('',(0.,0.,-1.));
#323 = DEFINITIONAL_REPRESENTATION('',(#324),#328);
#324 = LINE('',#325,#326);
#325 = CARTESIAN_POINT('',(2.032,0.));
#326 = VECTOR('',#327,1.);
#327 = DIRECTION('',(1.,0.));
#328 = ( GEOMETRIC_REPRESENTATION_CONTEXT(2) 
PARAMETRIC_REPRESENTATION_CONTEXT() REPRESENTATION_CONTEXT('2D SPACE',''
  ) );
#329 = ORIENTED_EDGE('',*,*,#330,.T.);
#330 = EDGE_CURVE('',#303,#189,#331,.T.);
#331 = SURFACE_CURVE('',#332,(#336,#343),.PCURVE_S1.);
#332 = LINE('',#333,#334);
#333 = CARTESIAN_POINT('',(11.43,0.,10.0584));
#334 = VECTOR('',#335,1.);
#335 = DIRECTION('',(1.,0.,0.));
#336 = PCURVE('',#199,#337);
#337 = DEFINITIONAL_REPRESENTATION('',(#338),#342);
#338 = LINE('',#339,#340);
#339 = CARTESIAN_POINT('',(2.032,25.4));
#340 = VECTOR('',#341,1.);
#341 = DIRECTION('',(0.,1.));
#342 = ( GEOMETRIC_REPRESENTATION_CONTEXT(2) 
PARAMETRIC_REPRESENTATION_CONTEXT() REPRESENTATION_CONTEXT('2D SPACE',''
  ) );
#343 = PCURVE('',#344,#349);
#344 = PLANE('',#345);
#345 = AXIS2_PLACEMENT_3D('',#346,#347,#348);
#346 = CARTESIAN_POINT('',(11.4554,8.1026,10.0584));
#347 = DIRECTION('',(0.,0.,-1.));
#348 = DIRECTION('',(0.,-1.,0.));
#349 = DEFINITIONAL_REPRESENTATION('',(#350),#354);
#350 = LINE('',#351,#352);
#351 = CARTESIAN_POINT('',(8.1026,2.54E-02));
#352 = VECTOR('',#353,1.);
#353 = DIRECTION('',(0.,-1.));
#354 = ( GEOMETRIC_REPRESENTATION_CONTEXT(2) 
PARAMETRIC_REPRESENTATION_CONTEXT() REPRESENTATION_CONTEXT('2D SPACE',''
  ) );
#355 = ADVANCED_FACE('',(#356),#62,.T.);
#356 = FACE_BOUND('',#357,.F.);
#357 = EDGE_LOOP('',(#358,#388,#416,#444,#465,#466));
#358 = ORIENTED_EDGE('',*,*,#359,.T.);
#359 = EDGE_CURVE('',#360,#362,#364,.T.);
#360 = VERTEX_POINT('',#361);
#361 = CARTESIAN_POINT('',(-11.4554,0.,12.0904));
#362 = VERTEX_POINT('',#363);
#363 = CARTESIAN_POINT('',(-11.4554,0.,10.0584));
#364 = SURFACE_CURVE('',#365,(#369,#376),.PCURVE_S1.);
#365 = LINE('',#366,#367);
#366 = CARTESIAN_POINT('',(-11.4554,0.,12.0904));
#367 = VECTOR('',#368,1.);
#368 = DIRECTION('',(0.,0.,-1.));
#369 = PCURVE('',#62,#370);
#370 = DEFINITIONAL_REPRESENTATION('',(#371),#375);
#371 = LINE('',#372,#373);
#372 = CARTESIAN_POINT('',(0.,2.5146));
#373 = VECTOR('',#374,1.);
#374 = DIRECTION('',(1.,0.));
#375 = ( GEOMETRIC_REPRESENTATION_CONTEXT(2) 
PARAMETRIC_REPRESENTATION_CONTEXT() REPRESENTATION_CONTEXT('2D SPACE',''
  ) );
#376 = PCURVE('',#377,#382);
#377 = PLANE('',#378);
#378 = AXIS2_PLACEMENT_3D('',#379,#380,#381);
#379 = CARTESIAN_POINT('',(-11.4554,0.,0.));
#380 = DIRECTION('',(-1.,0.,0.));
#381 = DIRECTION('',(0.,0.,1.));
#382 = DEFINITIONAL_REPRESENTATION('',(#383),#387);
#383 = LINE('',#384,#385);
#384 = CARTESIAN_POINT('',(12.0904,0.));
#385 = VECTOR('',#386,1.);
#386 = DIRECTION('',(-1.,0.));
#387 = ( GEOMETRIC_REPRESENTATION_CONTEXT(2) 
PARAMETRIC_REPRESENTATION_CONTEXT() REPRESENTATION_CONTEXT('2D SPACE',''
  ) );
#388 = ORIENTED_EDGE('',*,*,#389,.F.);
#389 = EDGE_CURVE('',#390,#362,#392,.T.);
#390 = VERTEX_POINT('',#391);
#391 = CARTESIAN_POINT('',(-11.43,0.,10.0584));
#392 = SURFACE_CURVE('',#393,(#397,#404),.PCURVE_S1.);
#393 = LINE('',#394,#395);
#394 = CARTESIAN_POINT('',(-11.43,0.,10.0584));
#395 = VECTOR('',#396,1.);
#396 = DIRECTION('',(-1.,0.,0.));
#397 = PCURVE('',#62,#398);
#398 = DEFINITIONAL_REPRESENTATION('',(#399),#403);
#399 = LINE('',#400,#401);
#400 = CARTESIAN_POINT('',(2.032,2.54));
#401 = VECTOR('',#402,1.);
#402 = DIRECTION('',(0.,-1.));
#403 = ( GEOMETRIC_REPRESENTATION_CONTEXT(2) 
PARAMETRIC_REPRESENTATION_CONTEXT() REPRESENTATION_CONTEXT('2D SPACE',''
  ) );
#404 = PCURVE('',#405,#410);
#405 = PLANE('',#406);
#406 = AXIS2_PLACEMENT_3D('',#407,#408,#409);
#407 = CARTESIAN_POINT('',(-1.2446,8.1026,10.0584));
#408 = DIRECTION('',(0.,0.,-1.));
#409 = DIRECTION('',(0.,-1.,0.));
#410 = DEFINITIONAL_REPRESENTATION('',(#411),#415);
#411 = LINE('',#412,#413);
#412 = CARTESIAN_POINT('',(8.1026,10.1854));
#413 = VECTOR('',#414,1.);
#414 = DIRECTION('',(0.,1.));
#415 = ( GEOMETRIC_REPRESENTATION_CONTEXT(2) 
PARAMETRIC_REPRESENTATION_CONTEXT() REPRESENTATION_CONTEXT('2D SPACE',''
  ) );
#416 = ORIENTED_EDGE('',*,*,#417,.T.);
#417 = EDGE_CURVE('',#390,#418,#420,.T.);
#418 = VERTEX_POINT('',#419);
#419 = CARTESIAN_POINT('',(-11.43,0.,-9.4996));
#420 = SURFACE_CURVE('',#421,(#425,#432),.PCURVE_S1.);
#421 = LINE('',#422,#423);
#422 = CARTESIAN_POINT('',(-11.43,0.,10.0584));
#423 = VECTOR('',#424,1.);
#424 = DIRECTION('',(0.,0.,-1.));
#425 = PCURVE('',#62,#426);
#426 = DEFINITIONAL_REPRESENTATION('',(#427),#431);
#427 = LINE('',#428,#429);
#428 = CARTESIAN_POINT('',(2.032,2.54));
#429 = VECTOR('',#430,1.);
#430 = DIRECTION('',(1.,0.));
#431 = ( GEOMETRIC_REPRESENTATION_CONTEXT(2) 
PARAMETRIC_REPRESENTATION_CONTEXT() REPRESENTATION_CONTEXT('2D SPACE',''
  ) );
#432 = PCURVE('',#433,#438);
#433 = PLANE('',#434);
#434 = AXIS2_PLACEMENT_3D('',#435,#436,#437);
#435 = CARTESIAN_POINT('',(-11.43,0.,-9.4996));
#436 = DIRECTION('',(-1.,0.,0.));
#437 = DIRECTION('',(0.,0.,1.));
#438 = DEFINITIONAL_REPRESENTATION('',(#439),#443);
#439 = LINE('',#440,#441);
#440 = CARTESIAN_POINT('',(19.558,0.));
#441 = VECTOR('',#442,1.);
#442 = DIRECTION('',(-1.,0.));
#443 = ( GEOMETRIC_REPRESENTATION_CONTEXT(2) 
PARAMETRIC_REPRESENTATION_CONTEXT() REPRESENTATION_CONTEXT('2D SPACE',''
  ) );
#444 = ORIENTED_EDGE('',*,*,#445,.F.);
#445 = EDGE_CURVE('',#42,#418,#446,.T.);
#446 = SURFACE_CURVE('',#447,(#451,#458),.PCURVE_S1.);
#447 = LINE('',#448,#449);
#448 = CARTESIAN_POINT('',(-13.97,0.,-9.4996));
#449 = VECTOR('',#450,1.);
#450 = DIRECTION('',(1.,0.,0.));
#451 = PCURVE('',#62,#452);
#452 = DEFINITIONAL_REPRESENTATION('',(#453),#457);
#453 = LINE('',#454,#455);
#454 = CARTESIAN_POINT('',(21.59,0.));
#455 = VECTOR('',#456,1.);
#456 = DIRECTION('',(0.,1.));
#457 = ( GEOMETRIC_REPRESENTATION_CONTEXT(2) 
PARAMETRIC_REPRESENTATION_CONTEXT() REPRESENTATION_CONTEXT('2D SPACE',''
  ) );
#458 = PCURVE('',#90,#459);
#459 = DEFINITIONAL_REPRESENTATION('',(#460),#464);
#460 = LINE('',#461,#462);
#461 = CARTESIAN_POINT('',(0.,0.));
#462 = VECTOR('',#463,1.);
#463 = DIRECTION('',(0.,1.));
#464 = ( GEOMETRIC_REPRESENTATION_CONTEXT(2) 
PARAMETRIC_REPRESENTATION_CONTEXT() REPRESENTATION_CONTEXT('2D SPACE',''
  ) );
#465 = ORIENTED_EDGE('',*,*,#39,.F.);
#466 = ORIENTED_EDGE('',*,*,#467,.T.);
#467 = EDGE_CURVE('',#40,#360,#468,.T.);
#468 = SURFACE_CURVE('',#469,(#473,#480),.PCURVE_S1.);
#469 = LINE('',#470,#471);
#470 = CARTESIAN_POINT('',(-13.97,0.,12.0904));
#471 = VECTOR('',#472,1.);
#472 = DIRECTION('',(1.,0.,0.));
#473 = PCURVE('',#62,#474);
#474 = DEFINITIONAL_REPRESENTATION('',(#475),#479);
#475 = LINE('',#476,#477);
#476 = CARTESIAN_POINT('',(0.,0.));
#477 = VECTOR('',#478,1.);
#478 = DIRECTION('',(0.,1.));
#479 = ( GEOMETRIC_REPRESENTATION_CONTEXT(2) 
PARAMETRIC_REPRESENTATION_CONTEXT() REPRESENTATION_CONTEXT('2D SPACE',''
  ) );
#480 = PCURVE('',#173,#481);
#481 = DEFINITIONAL_REPRESENTATION('',(#482),#486);
#482 = LINE('',#483,#484);
#483 = CARTESIAN_POINT('',(19.558,0.));
#484 = VECTOR('',#485,1.);
#485 = DIRECTION('',(0.,1.));
#486 = ( GEOMETRIC_REPRESENTATION_CONTEXT(2) 
PARAMETRIC_REPRESENTATION_CONTEXT() REPRESENTATION_CONTEXT('2D SPACE',''
  ) );
#487 = ADVANCED_FACE('',(#488),#211,.T.);
#488 = FACE_BOUND('',#489,.F.);
#489 = EDGE_LOOP('',(#490,#491,#514,#542,#570,#593,#626));
#490 = ORIENTED_EDGE('',*,*,#188,.F.);
#491 = ORIENTED_EDGE('',*,*,#492,.F.);
#492 = EDGE_CURVE('',#493,#189,#495,.T.);
#493 = VERTEX_POINT('',#494);
#494 = CARTESIAN_POINT('',(11.4554,8.1026,10.0584));
#495 = SURFACE_CURVE('',#496,(#500,#507),.PCURVE_S1.);
#496 = LINE('',#497,#498);
#497 = CARTESIAN_POINT('',(11.4554,8.1026,10.0584));
#498 = VECTOR('',#499,1.);
#499 = DIRECTION('',(0.,-1.,0.));
#500 = PCURVE('',#211,#501);
#501 = DEFINITIONAL_REPRESENTATION('',(#502),#506);
#502 = LINE('',#503,#504);
#503 = CARTESIAN_POINT('',(10.0584,8.1026));
#504 = VECTOR('',#505,1.);
#505 = DIRECTION('',(0.,-1.));
#506 = ( GEOMETRIC_REPRESENTATION_CONTEXT(2) 
PARAMETRIC_REPRESENTATION_CONTEXT() REPRESENTATION_CONTEXT('2D SPACE',''
  ) );
#507 = PCURVE('',#344,#508);
#508 = DEFINITIONAL_REPRESENTATION('',(#509),#513);
#509 = LINE('',#510,#511);
#510 = CARTESIAN_POINT('',(0.,-0.));
#511 = VECTOR('',#512,1.);
#512 = DIRECTION('',(1.,0.));
#513 = ( GEOMETRIC_REPRESENTATION_CONTEXT(2) 
PARAMETRIC_REPRESENTATION_CONTEXT() REPRESENTATION_CONTEXT('2D SPACE',''
  ) );
#514 = ORIENTED_EDGE('',*,*,#515,.T.);
#515 = EDGE_CURVE('',#493,#516,#518,.T.);
#516 = VERTEX_POINT('',#517);
#517 = CARTESIAN_POINT('',(11.4554,8.1026,-7.4676));
#518 = SURFACE_CURVE('',#519,(#523,#530),.PCURVE_S1.);
#519 = LINE('',#520,#521);
#520 = CARTESIAN_POINT('',(11.4554,8.1026,10.0584));
#521 = VECTOR('',#522,1.);
#522 = DIRECTION('',(0.,0.,-1.));
#523 = PCURVE('',#211,#524);
#524 = DEFINITIONAL_REPRESENTATION('',(#525),#529);
#525 = LINE('',#526,#527);
#526 = CARTESIAN_POINT('',(10.0584,8.1026));
#527 = VECTOR('',#528,1.);
#528 = DIRECTION('',(-1.,0.));
#529 = ( GEOMETRIC_REPRESENTATION_CONTEXT(2) 
PARAMETRIC_REPRESENTATION_CONTEXT() REPRESENTATION_CONTEXT('2D SPACE',''
  ) );
#530 = PCURVE('',#531,#536);
#531 = PLANE('',#532);
#532 = AXIS2_PLACEMENT_3D('',#533,#534,#535);
#533 = CARTESIAN_POINT('',(11.4554,8.1026,-7.4676));
#534 = DIRECTION('',(0.,-1.,0.));
#535 = DIRECTION('',(0.,0.,1.));
#536 = DEFINITIONAL_REPRESENTATION('',(#537),#541);
#537 = LINE('',#538,#539);
#538 = CARTESIAN_POINT('',(17.526,0.));
#539 = VECTOR('',#540,1.);
#540 = DIRECTION('',(-1.,0.));
#541 = ( GEOMETRIC_REPRESENTATION_CONTEXT(2) 
PARAMETRIC_REPRESENTATION_CONTEXT() REPRESENTATION_CONTEXT('2D SPACE',''
  ) );
#542 = ORIENTED_EDGE('',*,*,#543,.F.);
#543 = EDGE_CURVE('',#544,#516,#546,.T.);
#544 = VERTEX_POINT('',#545);
#545 = CARTESIAN_POINT('',(11.4554,22.606,-7.4676));
#546 = SURFACE_CURVE('',#547,(#551,#558),.PCURVE_S1.);
#547 = LINE('',#548,#549);
#548 = CARTESIAN_POINT('',(11.4554,22.606,-7.4676));
#549 = VECTOR('',#550,1.);
#550 = DIRECTION('',(0.,-1.,0.));
#551 = PCURVE('',#211,#552);
#552 = DEFINITIONAL_REPRESENTATION('',(#553),#557);
#553 = LINE('',#554,#555);
#554 = CARTESIAN_POINT('',(-7.4676,22.606));
#555 = VECTOR('',#556,1.);
#556 = DIRECTION('',(0.,-1.));
#557 = ( GEOMETRIC_REPRESENTATION_CONTEXT(2) 
PARAMETRIC_REPRESENTATION_CONTEXT() REPRESENTATION_CONTEXT('2D SPACE',''
  ) );
#558 = PCURVE('',#559,#564);
#559 = PLANE('',#560);
#560 = AXIS2_PLACEMENT_3D('',#561,#562,#563);
#561 = CARTESIAN_POINT('',(11.4554,22.606,-7.4676));
#562 = DIRECTION('',(0.,0.,-1.));
#563 = DIRECTION('',(0.,-1.,0.));
#564 = DEFINITIONAL_REPRESENTATION('',(#565),#569);
#565 = LINE('',#566,#567);
#566 = CARTESIAN_POINT('',(0.,-0.));
#567 = VECTOR('',#568,1.);
#568 = DIRECTION('',(1.,0.));
#569 = ( GEOMETRIC_REPRESENTATION_CONTEXT(2) 
PARAMETRIC_REPRESENTATION_CONTEXT() REPRESENTATION_CONTEXT('2D SPACE',''
  ) );
#570 = ORIENTED_EDGE('',*,*,#571,.T.);
#571 = EDGE_CURVE('',#544,#572,#574,.T.);
#572 = VERTEX_POINT('',#573);
#573 = CARTESIAN_POINT('',(11.4554,22.606,9.0424));
#574 = SURFACE_CURVE('',#575,(#579,#586),.PCURVE_S1.);
#575 = LINE('',#576,#577);
#576 = CARTESIAN_POINT('',(11.4554,22.606,-7.4676));
#577 = VECTOR('',#578,1.);
#578 = DIRECTION('',(0.,0.,1.));
#579 = PCURVE('',#211,#580);
#580 = DEFINITIONAL_REPRESENTATION('',(#581),#585);
#581 = LINE('',#582,#583);
#582 = CARTESIAN_POINT('',(-7.4676,22.606));
#583 = VECTOR('',#584,1.);
#584 = DIRECTION('',(1.,0.));
#585 = ( GEOMETRIC_REPRESENTATION_CONTEXT(2) 
PARAMETRIC_REPRESENTATION_CONTEXT() REPRESENTATION_CONTEXT('2D SPACE',''
  ) );
#586 = PCURVE('',#118,#587);
#587 = DEFINITIONAL_REPRESENTATION('',(#588),#592);
#588 = LINE('',#589,#590);
#589 = CARTESIAN_POINT('',(2.032,25.4254));
#590 = VECTOR('',#591,1.);
#591 = DIRECTION('',(1.,0.));
#592 = ( GEOMETRIC_REPRESENTATION_CONTEXT(2) 
PARAMETRIC_REPRESENTATION_CONTEXT() REPRESENTATION_CONTEXT('2D SPACE',''
  ) );
#593 = ORIENTED_EDGE('',*,*,#594,.T.);
#594 = EDGE_CURVE('',#572,#595,#597,.T.);
#595 = VERTEX_POINT('',#596);
#596 = CARTESIAN_POINT('',(11.4554,19.558,12.0904));
#597 = SURFACE_CURVE('',#598,(#603,#614),.PCURVE_S1.);
#598 = CIRCLE('',#599,3.048);
#599 = AXIS2_PLACEMENT_3D('',#600,#601,#602);
#600 = CARTESIAN_POINT('',(11.4554,19.558,9.0424));
#601 = DIRECTION('',(1.,0.,0.));
#602 = DIRECTION('',(-0.,1.,0.));
#603 = PCURVE('',#211,#604);
#604 = DEFINITIONAL_REPRESENTATION('',(#605),#613);
#605 = ( BOUNDED_CURVE() B_SPLINE_CURVE(2,(#606,#607,#608,#609,#610,#611
,#612),.UNSPECIFIED.,.T.,.F.) B_SPLINE_CURVE_WITH_KNOTS((1,2,2,2,2,1),(
    -2.094395102393,0.,2.094395102393,4.188790204786,6.28318530718,
8.377580409573),.UNSPECIFIED.) CURVE() GEOMETRIC_REPRESENTATION_ITEM() 
RATIONAL_B_SPLINE_CURVE((1.,0.5,1.,0.5,1.,0.5,1.)) REPRESENTATION_ITEM(
  '') );
#606 = CARTESIAN_POINT('',(9.0424,22.606));
#607 = CARTESIAN_POINT('',(14.32169086147,22.606));
#608 = CARTESIAN_POINT('',(11.682045430735,18.034));
#609 = CARTESIAN_POINT('',(9.0424,13.462));
#610 = CARTESIAN_POINT('',(6.402754569265,18.034));
#611 = CARTESIAN_POINT('',(3.76310913853,22.606));
#612 = CARTESIAN_POINT('',(9.0424,22.606));
#613 = ( GEOMETRIC_REPRESENTATION_CONTEXT(2) 
PARAMETRIC_REPRESENTATION_CONTEXT() REPRESENTATION_CONTEXT('2D SPACE',''
  ) );
#614 = PCURVE('',#615,#620);
#615 = CYLINDRICAL_SURFACE('',#616,3.048);
#616 = AXIS2_PLACEMENT_3D('',#617,#618,#619);
#617 = CARTESIAN_POINT('',(-13.97,19.558,9.0424));
#618 = DIRECTION('',(1.,0.,0.));
#619 = DIRECTION('',(0.,0.,-1.));
#620 = DEFINITIONAL_REPRESENTATION('',(#621),#625);
#621 = LINE('',#622,#623);
#622 = CARTESIAN_POINT('',(1.570796326795,25.4254));
#623 = VECTOR('',#624,1.);
#624 = DIRECTION('',(1.,0.));
#625 = ( GEOMETRIC_REPRESENTATION_CONTEXT(2) 
PARAMETRIC_REPRESENTATION_CONTEXT() REPRESENTATION_CONTEXT('2D SPACE',''
  ) );
#626 = ORIENTED_EDGE('',*,*,#627,.F.);
#627 = EDGE_CURVE('',#191,#595,#628,.T.);
#628 = SURFACE_CURVE('',#629,(#633,#640),.PCURVE_S1.);
#629 = LINE('',#630,#631);
#630 = CARTESIAN_POINT('',(11.4554,0.,12.0904));
#631 = VECTOR('',#632,1.);
#632 = DIRECTION('',(0.,1.,0.));
#633 = PCURVE('',#211,#634);
#634 = DEFINITIONAL_REPRESENTATION('',(#635),#639);
#635 = LINE('',#636,#637);
#636 = CARTESIAN_POINT('',(12.0904,0.));
#637 = VECTOR('',#638,1.);
#638 = DIRECTION('',(0.,1.));
#639 = ( GEOMETRIC_REPRESENTATION_CONTEXT(2) 
PARAMETRIC_REPRESENTATION_CONTEXT() REPRESENTATION_CONTEXT('2D SPACE',''
  ) );
#640 = PCURVE('',#239,#641);
#641 = DEFINITIONAL_REPRESENTATION('',(#642),#646);
#642 = LINE('',#643,#644);
#643 = CARTESIAN_POINT('',(19.558,25.4254));
#644 = VECTOR('',#645,1.);
#645 = DIRECTION('',(-1.,0.));
#646 = ( GEOMETRIC_REPRESENTATION_CONTEXT(2) 
PARAMETRIC_REPRESENTATION_CONTEXT() REPRESENTATION_CONTEXT('2D SPACE',''
  ) );
#647 = ADVANCED_FACE('',(#648),#344,.F.);
#648 = FACE_BOUND('',#649,.F.);
#649 = EDGE_LOOP('',(#650,#651,#674,#702,#730,#751));
#650 = ORIENTED_EDGE('',*,*,#330,.F.);
#651 = ORIENTED_EDGE('',*,*,#652,.T.);
#652 = EDGE_CURVE('',#303,#653,#655,.T.);
#653 = VERTEX_POINT('',#654);
#654 = CARTESIAN_POINT('',(11.43,0.508,10.0584));
#655 = SURFACE_CURVE('',#656,(#660,#667),.PCURVE_S1.);
#656 = LINE('',#657,#658);
#657 = CARTESIAN_POINT('',(11.43,0.,10.0584));
#658 = VECTOR('',#659,1.);
#659 = DIRECTION('',(0.,1.,0.));
#660 = PCURVE('',#344,#661);
#661 = DEFINITIONAL_REPRESENTATION('',(#662),#666);
#662 = LINE('',#663,#664);
#663 = CARTESIAN_POINT('',(8.1026,2.54E-02));
#664 = VECTOR('',#665,1.);
#665 = DIRECTION('',(-1.,-0.));
#666 = ( GEOMETRIC_REPRESENTATION_CONTEXT(2) 
PARAMETRIC_REPRESENTATION_CONTEXT() REPRESENTATION_CONTEXT('2D SPACE',''
  ) );
#667 = PCURVE('',#318,#668);
#668 = DEFINITIONAL_REPRESENTATION('',(#669),#673);
#669 = LINE('',#670,#671);
#670 = CARTESIAN_POINT('',(2.032,0.));
#671 = VECTOR('',#672,1.);
#672 = DIRECTION('',(0.,1.));
#673 = ( GEOMETRIC_REPRESENTATION_CONTEXT(2) 
PARAMETRIC_REPRESENTATION_CONTEXT() REPRESENTATION_CONTEXT('2D SPACE',''
  ) );
#674 = ORIENTED_EDGE('',*,*,#675,.T.);
#675 = EDGE_CURVE('',#653,#676,#678,.T.);
#676 = VERTEX_POINT('',#677);
#677 = CARTESIAN_POINT('',(1.2446,0.508,10.0584));
#678 = SURFACE_CURVE('',#679,(#683,#690),.PCURVE_S1.);
#679 = LINE('',#680,#681);
#680 = CARTESIAN_POINT('',(11.43,0.508,10.0584));
#681 = VECTOR('',#682,1.);
#682 = DIRECTION('',(-1.,0.,0.));
#683 = PCURVE('',#344,#684);
#684 = DEFINITIONAL_REPRESENTATION('',(#685),#689);
#685 = LINE('',#686,#687);
#686 = CARTESIAN_POINT('',(7.5946,2.54E-02));
#687 = VECTOR('',#688,1.);
#688 = DIRECTION('',(0.,1.));
#689 = ( GEOMETRIC_REPRESENTATION_CONTEXT(2) 
PARAMETRIC_REPRESENTATION_CONTEXT() REPRESENTATION_CONTEXT('2D SPACE',''
  ) );
#690 = PCURVE('',#691,#696);
#691 = PLANE('',#692);
#692 = AXIS2_PLACEMENT_3D('',#693,#694,#695);
#693 = CARTESIAN_POINT('',(0.,0.508,0.));
#694 = DIRECTION('',(0.,1.,0.));
#695 = DIRECTION('',(1.,0.,0.));
#696 = DEFINITIONAL_REPRESENTATION('',(#697),#701);
#697 = LINE('',#698,#699);
#698 = CARTESIAN_POINT('',(11.43,-10.0584));
#699 = VECTOR('',#700,1.);
#700 = DIRECTION('',(-1.,0.));
#701 = ( GEOMETRIC_REPRESENTATION_CONTEXT(2) 
PARAMETRIC_REPRESENTATION_CONTEXT() REPRESENTATION_CONTEXT('2D SPACE',''
  ) );
#702 = ORIENTED_EDGE('',*,*,#703,.F.);
#703 = EDGE_CURVE('',#704,#676,#706,.T.);
#704 = VERTEX_POINT('',#705);
#705 = CARTESIAN_POINT('',(1.2446,8.1026,10.0584));
#706 = SURFACE_CURVE('',#707,(#711,#718),.PCURVE_S1.);
#707 = LINE('',#708,#709);
#708 = CARTESIAN_POINT('',(1.2446,8.1026,10.0584));
#709 = VECTOR('',#710,1.);
#710 = DIRECTION('',(0.,-1.,0.));
#711 = PCURVE('',#344,#712);
#712 = DEFINITIONAL_REPRESENTATION('',(#713),#717);
#713 = LINE('',#714,#715);
#714 = CARTESIAN_POINT('',(0.,10.2108));
#715 = VECTOR('',#716,1.);
#716 = DIRECTION('',(1.,0.));
#717 = ( GEOMETRIC_REPRESENTATION_CONTEXT(2) 
PARAMETRIC_REPRESENTATION_CONTEXT() REPRESENTATION_CONTEXT('2D SPACE',''
  ) );
#718 = PCURVE('',#719,#724);
#719 = PLANE('',#720);
#720 = AXIS2_PLACEMENT_3D('',#721,#722,#723);
#721 = CARTESIAN_POINT('',(1.2446,0.,0.));
#722 = DIRECTION('',(-1.,0.,0.));
#723 = DIRECTION('',(0.,0.,1.));
#724 = DEFINITIONAL_REPRESENTATION('',(#725),#729);
#725 = LINE('',#726,#727);
#726 = CARTESIAN_POINT('',(10.0584,8.1026));
#727 = VECTOR('',#728,1.);
#728 = DIRECTION('',(0.,-1.));
#729 = ( GEOMETRIC_REPRESENTATION_CONTEXT(2) 
PARAMETRIC_REPRESENTATION_CONTEXT() REPRESENTATION_CONTEXT('2D SPACE',''
  ) );
#730 = ORIENTED_EDGE('',*,*,#731,.F.);
#731 = EDGE_CURVE('',#493,#704,#732,.T.);
#732 = SURFACE_CURVE('',#733,(#737,#744),.PCURVE_S1.);
#733 = LINE('',#734,#735);
#734 = CARTESIAN_POINT('',(11.4554,8.1026,10.0584));
#735 = VECTOR('',#736,1.);
#736 = DIRECTION('',(-1.,0.,0.));
#737 = PCURVE('',#344,#738);
#738 = DEFINITIONAL_REPRESENTATION('',(#739),#743);
#739 = LINE('',#740,#741);
#740 = CARTESIAN_POINT('',(0.,-0.));
#741 = VECTOR('',#742,1.);
#742 = DIRECTION('',(0.,1.));
#743 = ( GEOMETRIC_REPRESENTATION_CONTEXT(2) 
PARAMETRIC_REPRESENTATION_CONTEXT() REPRESENTATION_CONTEXT('2D SPACE',''
  ) );
#744 = PCURVE('',#531,#745);
#745 = DEFINITIONAL_REPRESENTATION('',(#746),#750);
#746 = LINE('',#747,#748);
#747 = CARTESIAN_POINT('',(17.526,0.));
#748 = VECTOR('',#749,1.);
#749 = DIRECTION('',(0.,1.));
#750 = ( GEOMETRIC_REPRESENTATION_CONTEXT(2) 
PARAMETRIC_REPRESENTATION_CONTEXT() REPRESENTATION_CONTEXT('2D SPACE',''
  ) );
#751 = ORIENTED_EDGE('',*,*,#492,.T.);
#752 = ADVANCED_FACE('',(#753),#318,.F.);
#753 = FACE_BOUND('',#754,.F.);
#754 = EDGE_LOOP('',(#755,#778,#779,#780));
#755 = ORIENTED_EDGE('',*,*,#756,.F.);
#756 = EDGE_CURVE('',#653,#757,#759,.T.);
#757 = VERTEX_POINT('',#758);
#758 = CARTESIAN_POINT('',(11.43,0.508,-9.4996));
#759 = SURFACE_CURVE('',#760,(#764,#771),.PCURVE_S1.);
#760 = LINE('',#761,#762);
#761 = CARTESIAN_POINT('',(11.43,0.508,10.0584));
#762 = VECTOR('',#763,1.);
#763 = DIRECTION('',(0.,0.,-1.));
#764 = PCURVE('',#318,#765);
#765 = DEFINITIONAL_REPRESENTATION('',(#766),#770);
#766 = LINE('',#767,#768);
#767 = CARTESIAN_POINT('',(2.032,0.508));
#768 = VECTOR('',#769,1.);
#769 = DIRECTION('',(1.,0.));
#770 = ( GEOMETRIC_REPRESENTATION_CONTEXT(2) 
PARAMETRIC_REPRESENTATION_CONTEXT() REPRESENTATION_CONTEXT('2D SPACE',''
  ) );
#771 = PCURVE('',#691,#772);
#772 = DEFINITIONAL_REPRESENTATION('',(#773),#777);
#773 = LINE('',#774,#775);
#774 = CARTESIAN_POINT('',(11.43,-10.0584));
#775 = VECTOR('',#776,1.);
#776 = DIRECTION('',(0.,1.));
#777 = ( GEOMETRIC_REPRESENTATION_CONTEXT(2) 
PARAMETRIC_REPRESENTATION_CONTEXT() REPRESENTATION_CONTEXT('2D SPACE',''
  ) );
#778 = ORIENTED_EDGE('',*,*,#652,.F.);
#779 = ORIENTED_EDGE('',*,*,#302,.T.);
#780 = ORIENTED_EDGE('',*,*,#781,.T.);
#781 = EDGE_CURVE('',#280,#757,#782,.T.);
#782 = SURFACE_CURVE('',#783,(#787,#794),.PCURVE_S1.);
#783 = LINE('',#784,#785);
#784 = CARTESIAN_POINT('',(11.43,0.,-9.4996));
#785 = VECTOR('',#786,1.);
#786 = DIRECTION('',(0.,1.,0.));
#787 = PCURVE('',#318,#788);
#788 = DEFINITIONAL_REPRESENTATION('',(#789),#793);
#789 = LINE('',#790,#791);
#790 = CARTESIAN_POINT('',(21.59,0.));
#791 = VECTOR('',#792,1.);
#792 = DIRECTION('',(0.,1.));
#793 = ( GEOMETRIC_REPRESENTATION_CONTEXT(2) 
PARAMETRIC_REPRESENTATION_CONTEXT() REPRESENTATION_CONTEXT('2D SPACE',''
  ) );
#794 = PCURVE('',#90,#795);
#795 = DEFINITIONAL_REPRESENTATION('',(#796),#800);
#796 = LINE('',#797,#798);
#797 = CARTESIAN_POINT('',(0.,25.4));
#798 = VECTOR('',#799,1.);
#799 = DIRECTION('',(1.,0.));
#800 = ( GEOMETRIC_REPRESENTATION_CONTEXT(2) 
PARAMETRIC_REPRESENTATION_CONTEXT() REPRESENTATION_CONTEXT('2D SPACE',''
  ) );
#801 = ADVANCED_FACE('',(#802,#952,#1076),#691,.F.);
#802 = FACE_BOUND('',#803,.F.);
#803 = EDGE_LOOP('',(#804,#834,#862,#883,#884,#885,#908,#931));
#804 = ORIENTED_EDGE('',*,*,#805,.F.);
#805 = EDGE_CURVE('',#806,#808,#810,.T.);
#806 = VERTEX_POINT('',#807);
#807 = CARTESIAN_POINT('',(-1.2446,0.508,12.0904));
#808 = VERTEX_POINT('',#809);
#809 = CARTESIAN_POINT('',(-1.2446,0.508,10.0584));
#810 = SURFACE_CURVE('',#811,(#815,#822),.PCURVE_S1.);
#811 = LINE('',#812,#813);
#812 = CARTESIAN_POINT('',(-1.2446,0.508,12.0904));
#813 = VECTOR('',#814,1.);
#814 = DIRECTION('',(0.,0.,-1.));
#815 = PCURVE('',#691,#816);
#816 = DEFINITIONAL_REPRESENTATION('',(#817),#821);
#817 = LINE('',#818,#819);
#818 = CARTESIAN_POINT('',(-1.2446,-12.0904));
#819 = VECTOR('',#820,1.);
#820 = DIRECTION('',(0.,1.));
#821 = ( GEOMETRIC_REPRESENTATION_CONTEXT(2) 
PARAMETRIC_REPRESENTATION_CONTEXT() REPRESENTATION_CONTEXT('2D SPACE',''
  ) );
#822 = PCURVE('',#823,#828);
#823 = PLANE('',#824);
#824 = AXIS2_PLACEMENT_3D('',#825,#826,#827);
#825 = CARTESIAN_POINT('',(-1.2446,0.,0.));
#826 = DIRECTION('',(-1.,0.,0.));
#827 = DIRECTION('',(0.,0.,1.));
#828 = DEFINITIONAL_REPRESENTATION('',(#829),#833);
#829 = LINE('',#830,#831);
#830 = CARTESIAN_POINT('',(12.0904,0.508));
#831 = VECTOR('',#832,1.);
#832 = DIRECTION('',(-1.,0.));
#833 = ( GEOMETRIC_REPRESENTATION_CONTEXT(2) 
PARAMETRIC_REPRESENTATION_CONTEXT() REPRESENTATION_CONTEXT('2D SPACE',''
  ) );
#834 = ORIENTED_EDGE('',*,*,#835,.T.);
#835 = EDGE_CURVE('',#806,#836,#838,.T.);
#836 = VERTEX_POINT('',#837);
#837 = CARTESIAN_POINT('',(1.2446,0.508,12.0904));
#838 = SURFACE_CURVE('',#839,(#843,#850),.PCURVE_S1.);
#839 = LINE('',#840,#841);
#840 = CARTESIAN_POINT('',(-1.2446,0.508,12.0904));
#841 = VECTOR('',#842,1.);
#842 = DIRECTION('',(1.,0.,0.));
#843 = PCURVE('',#691,#844);
#844 = DEFINITIONAL_REPRESENTATION('',(#845),#849);
#845 = LINE('',#846,#847);
#846 = CARTESIAN_POINT('',(-1.2446,-12.0904));
#847 = VECTOR('',#848,1.);
#848 = DIRECTION('',(1.,0.));
#849 = ( GEOMETRIC_REPRESENTATION_CONTEXT(2) 
PARAMETRIC_REPRESENTATION_CONTEXT() REPRESENTATION_CONTEXT('2D SPACE',''
  ) );
#850 = PCURVE('',#851,#856);
#851 = PLANE('',#852);
#852 = AXIS2_PLACEMENT_3D('',#853,#854,#855);
#853 = CARTESIAN_POINT('',(-13.97,19.558,12.0904));
#854 = DIRECTION('',(0.,0.,1.));
#855 = DIRECTION('',(0.,-1.,0.));
#856 = DEFINITIONAL_REPRESENTATION('',(#857),#861);
#857 = LINE('',#858,#859);
#858 = CARTESIAN_POINT('',(19.05,12.7254));
#859 = VECTOR('',#860,1.);
#860 = DIRECTION('',(0.,1.));
#861 = ( GEOMETRIC_REPRESENTATION_CONTEXT(2) 
PARAMETRIC_REPRESENTATION_CONTEXT() REPRESENTATION_CONTEXT('2D SPACE',''
  ) );
#862 = ORIENTED_EDGE('',*,*,#863,.T.);
#863 = EDGE_CURVE('',#836,#676,#864,.T.);
#864 = SURFACE_CURVE('',#865,(#869,#876),.PCURVE_S1.);
#865 = LINE('',#866,#867);
#866 = CARTESIAN_POINT('',(1.2446,0.508,12.0904));
#867 = VECTOR('',#868,1.);
#868 = DIRECTION('',(0.,0.,-1.));
#869 = PCURVE('',#691,#870);
#870 = DEFINITIONAL_REPRESENTATION('',(#871),#875);
#871 = LINE('',#872,#873);
#872 = CARTESIAN_POINT('',(1.2446,-12.0904));
#873 = VECTOR('',#874,1.);
#874 = DIRECTION('',(0.,1.));
#875 = ( GEOMETRIC_REPRESENTATION_CONTEXT(2) 
PARAMETRIC_REPRESENTATION_CONTEXT() REPRESENTATION_CONTEXT('2D SPACE',''
  ) );
#876 = PCURVE('',#719,#877);
#877 = DEFINITIONAL_REPRESENTATION('',(#878),#882);
#878 = LINE('',#879,#880);
#879 = CARTESIAN_POINT('',(12.0904,0.508));
#880 = VECTOR('',#881,1.);
#881 = DIRECTION('',(-1.,0.));
#882 = ( GEOMETRIC_REPRESENTATION_CONTEXT(2) 
PARAMETRIC_REPRESENTATION_CONTEXT() REPRESENTATION_CONTEXT('2D SPACE',''
  ) );
#883 = ORIENTED_EDGE('',*,*,#675,.F.);
#884 = ORIENTED_EDGE('',*,*,#756,.T.);
#885 = ORIENTED_EDGE('',*,*,#886,.F.);
#886 = EDGE_CURVE('',#887,#757,#889,.T.);
#887 = VERTEX_POINT('',#888);
#888 = CARTESIAN_POINT('',(-11.43,0.508,-9.4996));
#889 = SURFACE_CURVE('',#890,(#894,#901),.PCURVE_S1.);
#890 = LINE('',#891,#892);
#891 = CARTESIAN_POINT('',(-11.43,0.508,-9.4996));
#892 = VECTOR('',#893,1.);
#893 = DIRECTION('',(1.,0.,0.));
#894 = PCURVE('',#691,#895);
#895 = DEFINITIONAL_REPRESENTATION('',(#896),#900);
#896 = LINE('',#897,#898);
#897 = CARTESIAN_POINT('',(-11.43,9.4996));
#898 = VECTOR('',#899,1.);
#899 = DIRECTION('',(1.,0.));
#900 = ( GEOMETRIC_REPRESENTATION_CONTEXT(2) 
PARAMETRIC_REPRESENTATION_CONTEXT() REPRESENTATION_CONTEXT('2D SPACE',''
  ) );
#901 = PCURVE('',#90,#902);
#902 = DEFINITIONAL_REPRESENTATION('',(#903),#907);
#903 = LINE('',#904,#905);
#904 = CARTESIAN_POINT('',(0.508,2.54));
#905 = VECTOR('',#906,1.);
#906 = DIRECTION('',(0.,1.));
#907 = ( GEOMETRIC_REPRESENTATION_CONTEXT(2) 
PARAMETRIC_REPRESENTATION_CONTEXT() REPRESENTATION_CONTEXT('2D SPACE',''
  ) );
#908 = ORIENTED_EDGE('',*,*,#909,.T.);
#909 = EDGE_CURVE('',#887,#910,#912,.T.);
#910 = VERTEX_POINT('',#911);
#911 = CARTESIAN_POINT('',(-11.43,0.508,10.0584));
#912 = SURFACE_CURVE('',#913,(#917,#924),.PCURVE_S1.);
#913 = LINE('',#914,#915);
#914 = CARTESIAN_POINT('',(-11.43,0.508,-9.4996));
#915 = VECTOR('',#916,1.);
#916 = DIRECTION('',(0.,0.,1.));
#917 = PCURVE('',#691,#918);
#918 = DEFINITIONAL_REPRESENTATION('',(#919),#923);
#919 = LINE('',#920,#921);
#920 = CARTESIAN_POINT('',(-11.43,9.4996));
#921 = VECTOR('',#922,1.);
#922 = DIRECTION('',(0.,-1.));
#923 = ( GEOMETRIC_REPRESENTATION_CONTEXT(2) 
PARAMETRIC_REPRESENTATION_CONTEXT() REPRESENTATION_CONTEXT('2D SPACE',''
  ) );
#924 = PCURVE('',#433,#925);
#925 = DEFINITIONAL_REPRESENTATION('',(#926),#930);
#926 = LINE('',#927,#928);
#927 = CARTESIAN_POINT('',(0.,0.508));
#928 = VECTOR('',#929,1.);
#929 = DIRECTION('',(1.,0.));
#930 = ( GEOMETRIC_REPRESENTATION_CONTEXT(2) 
PARAMETRIC_REPRESENTATION_CONTEXT() REPRESENTATION_CONTEXT('2D SPACE',''
  ) );
#931 = ORIENTED_EDGE('',*,*,#932,.F.);
#932 = EDGE_CURVE('',#808,#910,#933,.T.);
#933 = SURFACE_CURVE('',#934,(#938,#945),.PCURVE_S1.);
#934 = LINE('',#935,#936);
#935 = CARTESIAN_POINT('',(-1.2446,0.508,10.0584));
#936 = VECTOR('',#937,1.);
#937 = DIRECTION('',(-1.,0.,0.));
#938 = PCURVE('',#691,#939);
#939 = DEFINITIONAL_REPRESENTATION('',(#940),#944);
#940 = LINE('',#941,#942);
#941 = CARTESIAN_POINT('',(-1.2446,-10.0584));
#942 = VECTOR('',#943,1.);
#943 = DIRECTION('',(-1.,0.));
#944 = ( GEOMETRIC_REPRESENTATION_CONTEXT(2) 
PARAMETRIC_REPRESENTATION_CONTEXT() REPRESENTATION_CONTEXT('2D SPACE',''
  ) );
#945 = PCURVE('',#405,#946);
#946 = DEFINITIONAL_REPRESENTATION('',(#947),#951);
#947 = LINE('',#948,#949);
#948 = CARTESIAN_POINT('',(7.5946,0.));
#949 = VECTOR('',#950,1.);
#950 = DIRECTION('',(0.,1.));
#951 = ( GEOMETRIC_REPRESENTATION_CONTEXT(2) 
PARAMETRIC_REPRESENTATION_CONTEXT() REPRESENTATION_CONTEXT('2D SPACE',''
  ) );
#952 = FACE_BOUND('',#953,.F.);
#953 = EDGE_LOOP('',(#954,#989,#1017,#1050));
#954 = ORIENTED_EDGE('',*,*,#955,.T.);
#955 = EDGE_CURVE('',#956,#958,#960,.T.);
#956 = VERTEX_POINT('',#957);
#957 = CARTESIAN_POINT('',(-7.0993,0.508,-5.6007));
#958 = VERTEX_POINT('',#959);
#959 = CARTESIAN_POINT('',(-7.0993,0.508,-7.4041));
#960 = SURFACE_CURVE('',#961,(#966,#977),.PCURVE_S1.);
#961 = CIRCLE('',#962,0.9017);
#962 = AXIS2_PLACEMENT_3D('',#963,#964,#965);
#963 = CARTESIAN_POINT('',(-7.0993,0.508,-6.5024));
#964 = DIRECTION('',(0.,-1.,0.));
#965 = DIRECTION('',(0.,0.,1.));
#966 = PCURVE('',#691,#967);
#967 = DEFINITIONAL_REPRESENTATION('',(#968),#976);
#968 = ( BOUNDED_CURVE() B_SPLINE_CURVE(2,(#969,#970,#971,#972,#973,#974
,#975),.UNSPECIFIED.,.T.,.F.) B_SPLINE_CURVE_WITH_KNOTS((1,2,2,2,2,1),(
    -2.094395102393,0.,2.094395102393,4.188790204786,6.28318530718,
8.377580409573),.UNSPECIFIED.) CURVE() GEOMETRIC_REPRESENTATION_ITEM() 
RATIONAL_B_SPLINE_CURVE((1.,0.5,1.,0.5,1.,0.5,1.)) REPRESENTATION_ITEM(
  '') );
#969 = CARTESIAN_POINT('',(-7.0993,5.6007));
#970 = CARTESIAN_POINT('',(-8.661090213185,5.6007));
#971 = CARTESIAN_POINT('',(-7.880195106592,6.95325));
#972 = CARTESIAN_POINT('',(-7.0993,8.3058));
#973 = CARTESIAN_POINT('',(-6.318404893408,6.95325));
#974 = CARTESIAN_POINT('',(-5.537509786815,5.6007));
#975 = CARTESIAN_POINT('',(-7.0993,5.6007));
#976 = ( GEOMETRIC_REPRESENTATION_CONTEXT(2) 
PARAMETRIC_REPRESENTATION_CONTEXT() REPRESENTATION_CONTEXT('2D SPACE',''
  ) );
#977 = PCURVE('',#978,#983);
#978 = CYLINDRICAL_SURFACE('',#979,0.9017);
#979 = AXIS2_PLACEMENT_3D('',#980,#981,#982);
#980 = CARTESIAN_POINT('',(-7.0993,0.508,-6.5024));
#981 = DIRECTION('',(0.,-1.,0.));
#982 = DIRECTION('',(1.,0.,0.));
#983 = DEFINITIONAL_REPRESENTATION('',(#984),#988);
#984 = LINE('',#985,#986);
#985 = CARTESIAN_POINT('',(1.570796326795,0.));
#986 = VECTOR('',#987,1.);
#987 = DIRECTION('',(1.,0.));
#988 = ( GEOMETRIC_REPRESENTATION_CONTEXT(2) 
PARAMETRIC_REPRESENTATION_CONTEXT() REPRESENTATION_CONTEXT('2D SPACE',''
  ) );
#989 = ORIENTED_EDGE('',*,*,#990,.T.);
#990 = EDGE_CURVE('',#958,#991,#993,.T.);
#991 = VERTEX_POINT('',#992);
#992 = CARTESIAN_POINT('',(-5.6007,0.508,-7.4041));
#993 = SURFACE_CURVE('',#994,(#998,#1005),.PCURVE_S1.);
#994 = LINE('',#995,#996);
#995 = CARTESIAN_POINT('',(-7.0993,0.508,-7.4041));
#996 = VECTOR('',#997,1.);
#997 = DIRECTION('',(1.,0.,0.));
#998 = PCURVE('',#691,#999);
#999 = DEFINITIONAL_REPRESENTATION('',(#1000),#1004);
#1000 = LINE('',#1001,#1002);
#1001 = CARTESIAN_POINT('',(-7.0993,7.4041));
#1002 = VECTOR('',#1003,1.);
#1003 = DIRECTION('',(1.,0.));
#1004 = ( GEOMETRIC_REPRESENTATION_CONTEXT(2) 
PARAMETRIC_REPRESENTATION_CONTEXT() REPRESENTATION_CONTEXT('2D SPACE',''
  ) );
#1005 = PCURVE('',#1006,#1011);
#1006 = PLANE('',#1007);
#1007 = AXIS2_PLACEMENT_3D('',#1008,#1009,#1010);
#1008 = CARTESIAN_POINT('',(-7.0993,0.508,-7.4041));
#1009 = DIRECTION('',(0.,0.,-1.));
#1010 = DIRECTION('',(1.,0.,0.));
#1011 = DEFINITIONAL_REPRESENTATION('',(#1012),#1016);
#1012 = LINE('',#1013,#1014);
#1013 = CARTESIAN_POINT('',(0.,0.));
#1014 = VECTOR('',#1015,1.);
#1015 = DIRECTION('',(1.,0.));
#1016 = ( GEOMETRIC_REPRESENTATION_CONTEXT(2) 
PARAMETRIC_REPRESENTATION_CONTEXT() REPRESENTATION_CONTEXT('2D SPACE',''
  ) );
#1017 = ORIENTED_EDGE('',*,*,#1018,.T.);
#1018 = EDGE_CURVE('',#991,#1019,#1021,.T.);
#1019 = VERTEX_POINT('',#1020);
#1020 = CARTESIAN_POINT('',(-5.6007,0.508,-5.6007));
#1021 = SURFACE_CURVE('',#1022,(#1027,#1038),.PCURVE_S1.);
#1022 = CIRCLE('',#1023,0.9017);
#1023 = AXIS2_PLACEMENT_3D('',#1024,#1025,#1026);
#1024 = CARTESIAN_POINT('',(-5.6007,0.508,-6.5024));
#1025 = DIRECTION('',(0.,-1.,0.));
#1026 = DIRECTION('',(0.,0.,-1.));
#1027 = PCURVE('',#691,#1028);
#1028 = DEFINITIONAL_REPRESENTATION('',(#1029),#1037);
#1029 = ( BOUNDED_CURVE() B_SPLINE_CURVE(2,(#1030,#1031,#1032,#1033,
#1034,#1035,#1036),.UNSPECIFIED.,.T.,.F.) B_SPLINE_CURVE_WITH_KNOTS((1,2
    ,2,2,2,1),(-2.094395102393,0.,2.094395102393,4.188790204786,
6.28318530718,8.377580409573),.UNSPECIFIED.) CURVE() 
GEOMETRIC_REPRESENTATION_ITEM() RATIONAL_B_SPLINE_CURVE((1.,0.5,1.,0.5,
1.,0.5,1.)) REPRESENTATION_ITEM('') );
#1030 = CARTESIAN_POINT('',(-5.6007,7.4041));
#1031 = CARTESIAN_POINT('',(-4.038909786815,7.4041));
#1032 = CARTESIAN_POINT('',(-4.819804893408,6.05155));
#1033 = CARTESIAN_POINT('',(-5.6007,4.699));
#1034 = CARTESIAN_POINT('',(-6.381595106592,6.05155));
#1035 = CARTESIAN_POINT('',(-7.162490213185,7.4041));
#1036 = CARTESIAN_POINT('',(-5.6007,7.4041));
#1037 = ( GEOMETRIC_REPRESENTATION_CONTEXT(2) 
PARAMETRIC_REPRESENTATION_CONTEXT() REPRESENTATION_CONTEXT('2D SPACE',''
  ) );
#1038 = PCURVE('',#1039,#1044);
#1039 = CYLINDRICAL_SURFACE('',#1040,0.9017);
#1040 = AXIS2_PLACEMENT_3D('',#1041,#1042,#1043);
#1041 = CARTESIAN_POINT('',(-5.6007,0.508,-6.5024));
#1042 = DIRECTION('',(0.,-1.,0.));
#1043 = DIRECTION('',(1.,0.,0.));
#1044 = DEFINITIONAL_REPRESENTATION('',(#1045),#1049);
#1045 = LINE('',#1046,#1047);
#1046 = CARTESIAN_POINT('',(4.712388980385,0.));
#1047 = VECTOR('',#1048,1.);
#1048 = DIRECTION('',(1.,0.));
#1049 = ( GEOMETRIC_REPRESENTATION_CONTEXT(2) 
PARAMETRIC_REPRESENTATION_CONTEXT() REPRESENTATION_CONTEXT('2D SPACE',''
  ) );
#1050 = ORIENTED_EDGE('',*,*,#1051,.T.);
#1051 = EDGE_CURVE('',#1019,#956,#1052,.T.);
#1052 = SURFACE_CURVE('',#1053,(#1057,#1064),.PCURVE_S1.);
#1053 = LINE('',#1054,#1055);
#1054 = CARTESIAN_POINT('',(-5.6007,0.508,-5.6007));
#1055 = VECTOR('',#1056,1.);
#1056 = DIRECTION('',(-1.,0.,0.));
#1057 = PCURVE('',#691,#1058);
#1058 = DEFINITIONAL_REPRESENTATION('',(#1059),#1063);
#1059 = LINE('',#1060,#1061);
#1060 = CARTESIAN_POINT('',(-5.6007,5.6007));
#1061 = VECTOR('',#1062,1.);
#1062 = DIRECTION('',(-1.,0.));
#1063 = ( GEOMETRIC_REPRESENTATION_CONTEXT(2) 
PARAMETRIC_REPRESENTATION_CONTEXT() REPRESENTATION_CONTEXT('2D SPACE',''
  ) );
#1064 = PCURVE('',#1065,#1070);
#1065 = PLANE('',#1066);
#1066 = AXIS2_PLACEMENT_3D('',#1067,#1068,#1069);
#1067 = CARTESIAN_POINT('',(-5.6007,0.508,-5.6007));
#1068 = DIRECTION('',(0.,0.,1.));
#1069 = DIRECTION('',(-1.,0.,0.));
#1070 = DEFINITIONAL_REPRESENTATION('',(#1071),#1075);
#1071 = LINE('',#1072,#1073);
#1072 = CARTESIAN_POINT('',(0.,0.));
#1073 = VECTOR('',#1074,1.);
#1074 = DIRECTION('',(1.,0.));
#1075 = ( GEOMETRIC_REPRESENTATION_CONTEXT(2) 
PARAMETRIC_REPRESENTATION_CONTEXT() REPRESENTATION_CONTEXT('2D SPACE',''
  ) );
#1076 = FACE_BOUND('',#1077,.F.);
#1077 = EDGE_LOOP('',(#1078,#1113,#1141,#1174));
#1078 = ORIENTED_EDGE('',*,*,#1079,.T.);
#1079 = EDGE_CURVE('',#1080,#1082,#1084,.T.);
#1080 = VERTEX_POINT('',#1081);
#1081 = CARTESIAN_POINT('',(5.6007,0.508,7.4041));
#1082 = VERTEX_POINT('',#1083);
#1083 = CARTESIAN_POINT('',(5.6007,0.508,5.6007));
#1084 = SURFACE_CURVE('',#1085,(#1090,#1101),.PCURVE_S1.);
#1085 = CIRCLE('',#1086,0.9017);
#1086 = AXIS2_PLACEMENT_3D('',#1087,#1088,#1089);
#1087 = CARTESIAN_POINT('',(5.6007,0.508,6.5024));
#1088 = DIRECTION('',(0.,-1.,0.));
#1089 = DIRECTION('',(0.,0.,1.));
#1090 = PCURVE('',#691,#1091);
#1091 = DEFINITIONAL_REPRESENTATION('',(#1092),#1100);
#1092 = ( BOUNDED_CURVE() B_SPLINE_CURVE(2,(#1093,#1094,#1095,#1096,
#1097,#1098,#1099),.UNSPECIFIED.,.T.,.F.) B_SPLINE_CURVE_WITH_KNOTS((1,2
    ,2,2,2,1),(-2.094395102393,0.,2.094395102393,4.188790204786,
6.28318530718,8.377580409573),.UNSPECIFIED.) CURVE() 
GEOMETRIC_REPRESENTATION_ITEM() RATIONAL_B_SPLINE_CURVE((1.,0.5,1.,0.5,
1.,0.5,1.)) REPRESENTATION_ITEM('') );
#1093 = CARTESIAN_POINT('',(5.6007,-7.4041));
#1094 = CARTESIAN_POINT('',(4.038909786815,-7.4041));
#1095 = CARTESIAN_POINT('',(4.819804893408,-6.05155));
#1096 = CARTESIAN_POINT('',(5.6007,-4.699));
#1097 = CARTESIAN_POINT('',(6.381595106592,-6.05155));
#1098 = CARTESIAN_POINT('',(7.162490213185,-7.4041));
#1099 = CARTESIAN_POINT('',(5.6007,-7.4041));
#1100 = ( GEOMETRIC_REPRESENTATION_CONTEXT(2) 
PARAMETRIC_REPRESENTATION_CONTEXT() REPRESENTATION_CONTEXT('2D SPACE',''
  ) );
#1101 = PCURVE('',#1102,#1107);
#1102 = CYLINDRICAL_SURFACE('',#1103,0.9017);
#1103 = AXIS2_PLACEMENT_3D('',#1104,#1105,#1106);
#1104 = CARTESIAN_POINT('',(5.6007,0.508,6.5024));
#1105 = DIRECTION('',(0.,-1.,0.));
#1106 = DIRECTION('',(1.,0.,0.));
#1107 = DEFINITIONAL_REPRESENTATION('',(#1108),#1112);
#1108 = LINE('',#1109,#1110);
#1109 = CARTESIAN_POINT('',(1.570796326795,0.));
#1110 = VECTOR('',#1111,1.);
#1111 = DIRECTION('',(1.,0.));
#1112 = ( GEOMETRIC_REPRESENTATION_CONTEXT(2) 
PARAMETRIC_REPRESENTATION_CONTEXT() REPRESENTATION_CONTEXT('2D SPACE',''
  ) );
#1113 = ORIENTED_EDGE('',*,*,#1114,.T.);
#1114 = EDGE_CURVE('',#1082,#1115,#1117,.T.);
#1115 = VERTEX_POINT('',#1116);
#1116 = CARTESIAN_POINT('',(7.0993,0.508,5.6007));
#1117 = SURFACE_CURVE('',#1118,(#1122,#1129),.PCURVE_S1.);
#1118 = LINE('',#1119,#1120);
#1119 = CARTESIAN_POINT('',(5.6007,0.508,5.6007));
#1120 = VECTOR('',#1121,1.);
#1121 = DIRECTION('',(1.,0.,0.));
#1122 = PCURVE('',#691,#1123);
#1123 = DEFINITIONAL_REPRESENTATION('',(#1124),#1128);
#1124 = LINE('',#1125,#1126);
#1125 = CARTESIAN_POINT('',(5.6007,-5.6007));
#1126 = VECTOR('',#1127,1.);
#1127 = DIRECTION('',(1.,0.));
#1128 = ( GEOMETRIC_REPRESENTATION_CONTEXT(2) 
PARAMETRIC_REPRESENTATION_CONTEXT() REPRESENTATION_CONTEXT('2D SPACE',''
  ) );
#1129 = PCURVE('',#1130,#1135);
#1130 = PLANE('',#1131);
#1131 = AXIS2_PLACEMENT_3D('',#1132,#1133,#1134);
#1132 = CARTESIAN_POINT('',(5.6007,0.508,5.6007));
#1133 = DIRECTION('',(0.,0.,-1.));
#1134 = DIRECTION('',(1.,0.,0.));
#1135 = DEFINITIONAL_REPRESENTATION('',(#1136),#1140);
#1136 = LINE('',#1137,#1138);
#1137 = CARTESIAN_POINT('',(0.,0.));
#1138 = VECTOR('',#1139,1.);
#1139 = DIRECTION('',(1.,0.));
#1140 = ( GEOMETRIC_REPRESENTATION_CONTEXT(2) 
PARAMETRIC_REPRESENTATION_CONTEXT() REPRESENTATION_CONTEXT('2D SPACE',''
  ) );
#1141 = ORIENTED_EDGE('',*,*,#1142,.T.);
#1142 = EDGE_CURVE('',#1115,#1143,#1145,.T.);
#1143 = VERTEX_POINT('',#1144);
#1144 = CARTESIAN_POINT('',(7.0993,0.508,7.4041));
#1145 = SURFACE_CURVE('',#1146,(#1151,#1162),.PCURVE_S1.);
#1146 = CIRCLE('',#1147,0.9017);
#1147 = AXIS2_PLACEMENT_3D('',#1148,#1149,#1150);
#1148 = CARTESIAN_POINT('',(7.0993,0.508,6.5024));
#1149 = DIRECTION('',(0.,-1.,0.));
#1150 = DIRECTION('',(0.,0.,-1.));
#1151 = PCURVE('',#691,#1152);
#1152 = DEFINITIONAL_REPRESENTATION('',(#1153),#1161);
#1153 = ( BOUNDED_CURVE() B_SPLINE_CURVE(2,(#1154,#1155,#1156,#1157,
#1158,#1159,#1160),.UNSPECIFIED.,.T.,.F.) B_SPLINE_CURVE_WITH_KNOTS((1,2
    ,2,2,2,1),(-2.094395102393,0.,2.094395102393,4.188790204786,
6.28318530718,8.377580409573),.UNSPECIFIED.) CURVE() 
GEOMETRIC_REPRESENTATION_ITEM() RATIONAL_B_SPLINE_CURVE((1.,0.5,1.,0.5,
1.,0.5,1.)) REPRESENTATION_ITEM('') );
#1154 = CARTESIAN_POINT('',(7.0993,-5.6007));
#1155 = CARTESIAN_POINT('',(8.661090213185,-5.6007));
#1156 = CARTESIAN_POINT('',(7.880195106592,-6.95325));
#1157 = CARTESIAN_POINT('',(7.0993,-8.3058));
#1158 = CARTESIAN_POINT('',(6.318404893408,-6.95325));
#1159 = CARTESIAN_POINT('',(5.537509786815,-5.6007));
#1160 = CARTESIAN_POINT('',(7.0993,-5.6007));
#1161 = ( GEOMETRIC_REPRESENTATION_CONTEXT(2) 
PARAMETRIC_REPRESENTATION_CONTEXT() REPRESENTATION_CONTEXT('2D SPACE',''
  ) );
#1162 = PCURVE('',#1163,#1168);
#1163 = CYLINDRICAL_SURFACE('',#1164,0.9017);
#1164 = AXIS2_PLACEMENT_3D('',#1165,#1166,#1167);
#1165 = CARTESIAN_POINT('',(7.0993,0.508,6.5024));
#1166 = DIRECTION('',(0.,-1.,0.));
#1167 = DIRECTION('',(1.,0.,0.));
#1168 = DEFINITIONAL_REPRESENTATION('',(#1169),#1173);
#1169 = LINE('',#1170,#1171);
#1170 = CARTESIAN_POINT('',(4.712388980385,0.));
#1171 = VECTOR('',#1172,1.);
#1172 = DIRECTION('',(1.,0.));
#1173 = ( GEOMETRIC_REPRESENTATION_CONTEXT(2) 
PARAMETRIC_REPRESENTATION_CONTEXT() REPRESENTATION_CONTEXT('2D SPACE',''
  ) );
#1174 = ORIENTED_EDGE('',*,*,#1175,.T.);
#1175 = EDGE_CURVE('',#1143,#1080,#1176,.T.);
#1176 = SURFACE_CURVE('',#1177,(#1181,#1188),.PCURVE_S1.);
#1177 = LINE('',#1178,#1179);
#1178 = CARTESIAN_POINT('',(7.0993,0.508,7.4041));
#1179 = VECTOR('',#1180,1.);
#1180 = DIRECTION('',(-1.,0.,0.));
#1181 = PCURVE('',#691,#1182);
#1182 = DEFINITIONAL_REPRESENTATION('',(#1183),#1187);
#1183 = LINE('',#1184,#1185);
#1184 = CARTESIAN_POINT('',(7.0993,-7.4041));
#1185 = VECTOR('',#1186,1.);
#1186 = DIRECTION('',(-1.,0.));
#1187 = ( GEOMETRIC_REPRESENTATION_CONTEXT(2) 
PARAMETRIC_REPRESENTATION_CONTEXT() REPRESENTATION_CONTEXT('2D SPACE',''
  ) );
#1188 = PCURVE('',#1189,#1194);
#1189 = PLANE('',#1190);
#1190 = AXIS2_PLACEMENT_3D('',#1191,#1192,#1193);
#1191 = CARTESIAN_POINT('',(7.0993,0.508,7.4041));
#1192 = DIRECTION('',(0.,0.,1.));
#1193 = DIRECTION('',(-1.,0.,0.));
#1194 = DEFINITIONAL_REPRESENTATION('',(#1195),#1199);
#1195 = LINE('',#1196,#1197);
#1196 = CARTESIAN_POINT('',(0.,0.));
#1197 = VECTOR('',#1198,1.);
#1198 = DIRECTION('',(1.,0.));
#1199 = ( GEOMETRIC_REPRESENTATION_CONTEXT(2) 
PARAMETRIC_REPRESENTATION_CONTEXT() REPRESENTATION_CONTEXT('2D SPACE',''
  ) );
#1200 = ADVANCED_FACE('',(#1201),#823,.T.);
#1201 = FACE_BOUND('',#1202,.F.);
#1202 = EDGE_LOOP('',(#1203,#1228,#1261,#1282,#1283,#1306,#1334));
#1203 = ORIENTED_EDGE('',*,*,#1204,.F.);
#1204 = EDGE_CURVE('',#1205,#1207,#1209,.T.);
#1205 = VERTEX_POINT('',#1206);
#1206 = CARTESIAN_POINT('',(-1.2446,22.606,9.0424));
#1207 = VERTEX_POINT('',#1208);
#1208 = CARTESIAN_POINT('',(-1.2446,22.606,-7.4676));
#1209 = SURFACE_CURVE('',#1210,(#1214,#1221),.PCURVE_S1.);
#1210 = LINE('',#1211,#1212);
#1211 = CARTESIAN_POINT('',(-1.2446,22.606,9.0424));
#1212 = VECTOR('',#1213,1.);
#1213 = DIRECTION('',(0.,0.,-1.));
#1214 = PCURVE('',#823,#1215);
#1215 = DEFINITIONAL_REPRESENTATION('',(#1216),#1220);
#1216 = LINE('',#1217,#1218);
#1217 = CARTESIAN_POINT('',(9.0424,22.606));
#1218 = VECTOR('',#1219,1.);
#1219 = DIRECTION('',(-1.,0.));
#1220 = ( GEOMETRIC_REPRESENTATION_CONTEXT(2) 
PARAMETRIC_REPRESENTATION_CONTEXT() REPRESENTATION_CONTEXT('2D SPACE',''
  ) );
#1221 = PCURVE('',#118,#1222);
#1222 = DEFINITIONAL_REPRESENTATION('',(#1223),#1227);
#1223 = LINE('',#1224,#1225);
#1224 = CARTESIAN_POINT('',(18.542,12.7254));
#1225 = VECTOR('',#1226,1.);
#1226 = DIRECTION('',(-1.,0.));
#1227 = ( GEOMETRIC_REPRESENTATION_CONTEXT(2) 
PARAMETRIC_REPRESENTATION_CONTEXT() REPRESENTATION_CONTEXT('2D SPACE',''
  ) );
#1228 = ORIENTED_EDGE('',*,*,#1229,.T.);
#1229 = EDGE_CURVE('',#1205,#1230,#1232,.T.);
#1230 = VERTEX_POINT('',#1231);
#1231 = CARTESIAN_POINT('',(-1.2446,19.558,12.0904));
#1232 = SURFACE_CURVE('',#1233,(#1238,#1249),.PCURVE_S1.);
#1233 = CIRCLE('',#1234,3.048);
#1234 = AXIS2_PLACEMENT_3D('',#1235,#1236,#1237);
#1235 = CARTESIAN_POINT('',(-1.2446,19.558,9.0424));
#1236 = DIRECTION('',(1.,0.,0.));
#1237 = DIRECTION('',(-0.,1.,0.));
#1238 = PCURVE('',#823,#1239);
#1239 = DEFINITIONAL_REPRESENTATION('',(#1240),#1248);
#1240 = ( BOUNDED_CURVE() B_SPLINE_CURVE(2,(#1241,#1242,#1243,#1244,
#1245,#1246,#1247),.UNSPECIFIED.,.T.,.F.) B_SPLINE_CURVE_WITH_KNOTS((1,2
    ,2,2,2,1),(-2.094395102393,0.,2.094395102393,4.188790204786,
6.28318530718,8.377580409573),.UNSPECIFIED.) CURVE() 
GEOMETRIC_REPRESENTATION_ITEM() RATIONAL_B_SPLINE_CURVE((1.,0.5,1.,0.5,
1.,0.5,1.)) REPRESENTATION_ITEM('') );
#1241 = CARTESIAN_POINT('',(9.0424,22.606));
#1242 = CARTESIAN_POINT('',(14.32169086147,22.606));
#1243 = CARTESIAN_POINT('',(11.682045430735,18.034));
#1244 = CARTESIAN_POINT('',(9.0424,13.462));
#1245 = CARTESIAN_POINT('',(6.402754569265,18.034));
#1246 = CARTESIAN_POINT('',(3.76310913853,22.606));
#1247 = CARTESIAN_POINT('',(9.0424,22.606));
#1248 = ( GEOMETRIC_REPRESENTATION_CONTEXT(2) 
PARAMETRIC_REPRESENTATION_CONTEXT() REPRESENTATION_CONTEXT('2D SPACE',''
  ) );
#1249 = PCURVE('',#1250,#1255);
#1250 = CYLINDRICAL_SURFACE('',#1251,3.048);
#1251 = AXIS2_PLACEMENT_3D('',#1252,#1253,#1254);
#1252 = CARTESIAN_POINT('',(-13.97,19.558,9.0424));
#1253 = DIRECTION('',(1.,0.,0.));
#1254 = DIRECTION('',(0.,0.,-1.));
#1255 = DEFINITIONAL_REPRESENTATION('',(#1256),#1260);
#1256 = LINE('',#1257,#1258);
#1257 = CARTESIAN_POINT('',(1.570796326795,12.7254));
#1258 = VECTOR('',#1259,1.);
#1259 = DIRECTION('',(1.,0.));
#1260 = ( GEOMETRIC_REPRESENTATION_CONTEXT(2) 
PARAMETRIC_REPRESENTATION_CONTEXT() REPRESENTATION_CONTEXT('2D SPACE',''
  ) );
#1261 = ORIENTED_EDGE('',*,*,#1262,.T.);
#1262 = EDGE_CURVE('',#1230,#806,#1263,.T.);
#1263 = SURFACE_CURVE('',#1264,(#1268,#1275),.PCURVE_S1.);
#1264 = LINE('',#1265,#1266);
#1265 = CARTESIAN_POINT('',(-1.2446,19.558,12.0904));
#1266 = VECTOR('',#1267,1.);
#1267 = DIRECTION('',(0.,-1.,0.));
#1268 = PCURVE('',#823,#1269);
#1269 = DEFINITIONAL_REPRESENTATION('',(#1270),#1274);
#1270 = LINE('',#1271,#1272);
#1271 = CARTESIAN_POINT('',(12.0904,19.558));
#1272 = VECTOR('',#1273,1.);
#1273 = DIRECTION('',(0.,-1.));
#1274 = ( GEOMETRIC_REPRESENTATION_CONTEXT(2) 
PARAMETRIC_REPRESENTATION_CONTEXT() REPRESENTATION_CONTEXT('2D SPACE',''
  ) );
#1275 = PCURVE('',#851,#1276);
#1276 = DEFINITIONAL_REPRESENTATION('',(#1277),#1281);
#1277 = LINE('',#1278,#1279);
#1278 = CARTESIAN_POINT('',(0.,12.7254));
#1279 = VECTOR('',#1280,1.);
#1280 = DIRECTION('',(1.,0.));
#1281 = ( GEOMETRIC_REPRESENTATION_CONTEXT(2) 
PARAMETRIC_REPRESENTATION_CONTEXT() REPRESENTATION_CONTEXT('2D SPACE',''
  ) );
#1282 = ORIENTED_EDGE('',*,*,#805,.T.);
#1283 = ORIENTED_EDGE('',*,*,#1284,.F.);
#1284 = EDGE_CURVE('',#1285,#808,#1287,.T.);
#1285 = VERTEX_POINT('',#1286);
#1286 = CARTESIAN_POINT('',(-1.2446,8.1026,10.0584));
#1287 = SURFACE_CURVE('',#1288,(#1292,#1299),.PCURVE_S1.);
#1288 = LINE('',#1289,#1290);
#1289 = CARTESIAN_POINT('',(-1.2446,8.1026,10.0584));
#1290 = VECTOR('',#1291,1.);
#1291 = DIRECTION('',(0.,-1.,0.));
#1292 = PCURVE('',#823,#1293);
#1293 = DEFINITIONAL_REPRESENTATION('',(#1294),#1298);
#1294 = LINE('',#1295,#1296);
#1295 = CARTESIAN_POINT('',(10.0584,8.1026));
#1296 = VECTOR('',#1297,1.);
#1297 = DIRECTION('',(0.,-1.));
#1298 = ( GEOMETRIC_REPRESENTATION_CONTEXT(2) 
PARAMETRIC_REPRESENTATION_CONTEXT() REPRESENTATION_CONTEXT('2D SPACE',''
  ) );
#1299 = PCURVE('',#405,#1300);
#1300 = DEFINITIONAL_REPRESENTATION('',(#1301),#1305);
#1301 = LINE('',#1302,#1303);
#1302 = CARTESIAN_POINT('',(0.,-0.));
#1303 = VECTOR('',#1304,1.);
#1304 = DIRECTION('',(1.,0.));
#1305 = ( GEOMETRIC_REPRESENTATION_CONTEXT(2) 
PARAMETRIC_REPRESENTATION_CONTEXT() REPRESENTATION_CONTEXT('2D SPACE',''
  ) );
#1306 = ORIENTED_EDGE('',*,*,#1307,.F.);
#1307 = EDGE_CURVE('',#1308,#1285,#1310,.T.);
#1308 = VERTEX_POINT('',#1309);
#1309 = CARTESIAN_POINT('',(-1.2446,8.1026,-7.4676));
#1310 = SURFACE_CURVE('',#1311,(#1315,#1322),.PCURVE_S1.);
#1311 = LINE('',#1312,#1313);
#1312 = CARTESIAN_POINT('',(-1.2446,8.1026,-7.4676));
#1313 = VECTOR('',#1314,1.);
#1314 = DIRECTION('',(0.,0.,1.));
#1315 = PCURVE('',#823,#1316);
#1316 = DEFINITIONAL_REPRESENTATION('',(#1317),#1321);
#1317 = LINE('',#1318,#1319);
#1318 = CARTESIAN_POINT('',(-7.4676,8.1026));
#1319 = VECTOR('',#1320,1.);
#1320 = DIRECTION('',(1.,0.));
#1321 = ( GEOMETRIC_REPRESENTATION_CONTEXT(2) 
PARAMETRIC_REPRESENTATION_CONTEXT() REPRESENTATION_CONTEXT('2D SPACE',''
  ) );
#1322 = PCURVE('',#1323,#1328);
#1323 = PLANE('',#1324);
#1324 = AXIS2_PLACEMENT_3D('',#1325,#1326,#1327);
#1325 = CARTESIAN_POINT('',(-1.2446,8.1026,-7.4676));
#1326 = DIRECTION('',(0.,-1.,0.));
#1327 = DIRECTION('',(0.,0.,1.));
#1328 = DEFINITIONAL_REPRESENTATION('',(#1329),#1333);
#1329 = LINE('',#1330,#1331);
#1330 = CARTESIAN_POINT('',(0.,0.));
#1331 = VECTOR('',#1332,1.);
#1332 = DIRECTION('',(1.,0.));
#1333 = ( GEOMETRIC_REPRESENTATION_CONTEXT(2) 
PARAMETRIC_REPRESENTATION_CONTEXT() REPRESENTATION_CONTEXT('2D SPACE',''
  ) );
#1334 = ORIENTED_EDGE('',*,*,#1335,.F.);
#1335 = EDGE_CURVE('',#1207,#1308,#1336,.T.);
#1336 = SURFACE_CURVE('',#1337,(#1341,#1348),.PCURVE_S1.);
#1337 = LINE('',#1338,#1339);
#1338 = CARTESIAN_POINT('',(-1.2446,22.606,-7.4676));
#1339 = VECTOR('',#1340,1.);
#1340 = DIRECTION('',(0.,-1.,0.));
#1341 = PCURVE('',#823,#1342);
#1342 = DEFINITIONAL_REPRESENTATION('',(#1343),#1347);
#1343 = LINE('',#1344,#1345);
#1344 = CARTESIAN_POINT('',(-7.4676,22.606));
#1345 = VECTOR('',#1346,1.);
#1346 = DIRECTION('',(0.,-1.));
#1347 = ( GEOMETRIC_REPRESENTATION_CONTEXT(2) 
PARAMETRIC_REPRESENTATION_CONTEXT() REPRESENTATION_CONTEXT('2D SPACE',''
  ) );
#1348 = PCURVE('',#1349,#1354);
#1349 = PLANE('',#1350);
#1350 = AXIS2_PLACEMENT_3D('',#1351,#1352,#1353);
#1351 = CARTESIAN_POINT('',(-1.2446,22.606,-7.4676));
#1352 = DIRECTION('',(0.,0.,-1.));
#1353 = DIRECTION('',(0.,-1.,0.));
#1354 = DEFINITIONAL_REPRESENTATION('',(#1355),#1359);
#1355 = LINE('',#1356,#1357);
#1356 = CARTESIAN_POINT('',(0.,-0.));
#1357 = VECTOR('',#1358,1.);
#1358 = DIRECTION('',(1.,0.));
#1359 = ( GEOMETRIC_REPRESENTATION_CONTEXT(2) 
PARAMETRIC_REPRESENTATION_CONTEXT() REPRESENTATION_CONTEXT('2D SPACE',''
  ) );
#1360 = ADVANCED_FACE('',(#1361),#118,.T.);
#1361 = FACE_BOUND('',#1362,.F.);
#1362 = EDGE_LOOP('',(#1363,#1364,#1387,#1410,#1431,#1432,#1455,#1478,
    #1499,#1500,#1523,#1546));
#1363 = ORIENTED_EDGE('',*,*,#1204,.T.);
#1364 = ORIENTED_EDGE('',*,*,#1365,.T.);
#1365 = EDGE_CURVE('',#1207,#1366,#1368,.T.);
#1366 = VERTEX_POINT('',#1367);
#1367 = CARTESIAN_POINT('',(-11.4554,22.606,-7.4676));
#1368 = SURFACE_CURVE('',#1369,(#1373,#1380),.PCURVE_S1.);
#1369 = LINE('',#1370,#1371);
#1370 = CARTESIAN_POINT('',(-1.2446,22.606,-7.4676));
#1371 = VECTOR('',#1372,1.);
#1372 = DIRECTION('',(-1.,0.,0.));
#1373 = PCURVE('',#118,#1374);
#1374 = DEFINITIONAL_REPRESENTATION('',(#1375),#1379);
#1375 = LINE('',#1376,#1377);
#1376 = CARTESIAN_POINT('',(2.032,12.7254));
#1377 = VECTOR('',#1378,1.);
#1378 = DIRECTION('',(0.,-1.));
#1379 = ( GEOMETRIC_REPRESENTATION_CONTEXT(2) 
PARAMETRIC_REPRESENTATION_CONTEXT() REPRESENTATION_CONTEXT('2D SPACE',''
  ) );
#1380 = PCURVE('',#1349,#1381);
#1381 = DEFINITIONAL_REPRESENTATION('',(#1382),#1386);
#1382 = LINE('',#1383,#1384);
#1383 = CARTESIAN_POINT('',(0.,-0.));
#1384 = VECTOR('',#1385,1.);
#1385 = DIRECTION('',(0.,1.));
#1386 = ( GEOMETRIC_REPRESENTATION_CONTEXT(2) 
PARAMETRIC_REPRESENTATION_CONTEXT() REPRESENTATION_CONTEXT('2D SPACE',''
  ) );
#1387 = ORIENTED_EDGE('',*,*,#1388,.F.);
#1388 = EDGE_CURVE('',#1389,#1366,#1391,.T.);
#1389 = VERTEX_POINT('',#1390);
#1390 = CARTESIAN_POINT('',(-11.4554,22.606,9.0424));
#1391 = SURFACE_CURVE('',#1392,(#1396,#1403),.PCURVE_S1.);
#1392 = LINE('',#1393,#1394);
#1393 = CARTESIAN_POINT('',(-11.4554,22.606,9.0424));
#1394 = VECTOR('',#1395,1.);
#1395 = DIRECTION('',(0.,0.,-1.));
#1396 = PCURVE('',#118,#1397);
#1397 = DEFINITIONAL_REPRESENTATION('',(#1398),#1402);
#1398 = LINE('',#1399,#1400);
#1399 = CARTESIAN_POINT('',(18.542,2.5146));
#1400 = VECTOR('',#1401,1.);
#1401 = DIRECTION('',(-1.,0.));
#1402 = ( GEOMETRIC_REPRESENTATION_CONTEXT(2) 
PARAMETRIC_REPRESENTATION_CONTEXT() REPRESENTATION_CONTEXT('2D SPACE',''
  ) );
#1403 = PCURVE('',#377,#1404);
#1404 = DEFINITIONAL_REPRESENTATION('',(#1405),#1409);
#1405 = LINE('',#1406,#1407);
#1406 = CARTESIAN_POINT('',(9.0424,22.606));
#1407 = VECTOR('',#1408,1.);
#1408 = DIRECTION('',(-1.,0.));
#1409 = ( GEOMETRIC_REPRESENTATION_CONTEXT(2) 
PARAMETRIC_REPRESENTATION_CONTEXT() REPRESENTATION_CONTEXT('2D SPACE',''
  ) );
#1410 = ORIENTED_EDGE('',*,*,#1411,.F.);
#1411 = EDGE_CURVE('',#103,#1389,#1412,.T.);
#1412 = SURFACE_CURVE('',#1413,(#1417,#1424),.PCURVE_S1.);
#1413 = LINE('',#1414,#1415);
#1414 = CARTESIAN_POINT('',(-13.97,22.606,9.0424));
#1415 = VECTOR('',#1416,1.);
#1416 = DIRECTION('',(1.,0.,0.));
#1417 = PCURVE('',#118,#1418);
#1418 = DEFINITIONAL_REPRESENTATION('',(#1419),#1423);
#1419 = LINE('',#1420,#1421);
#1420 = CARTESIAN_POINT('',(18.542,0.));
#1421 = VECTOR('',#1422,1.);
#1422 = DIRECTION('',(0.,1.));
#1423 = ( GEOMETRIC_REPRESENTATION_CONTEXT(2) 
PARAMETRIC_REPRESENTATION_CONTEXT() REPRESENTATION_CONTEXT('2D SPACE',''
  ) );
#1424 = PCURVE('',#147,#1425);
#1425 = DEFINITIONAL_REPRESENTATION('',(#1426),#1430);
#1426 = LINE('',#1427,#1428);
#1427 = CARTESIAN_POINT('',(1.570796326795,0.));
#1428 = VECTOR('',#1429,1.);
#1429 = DIRECTION('',(0.,1.));
#1430 = ( GEOMETRIC_REPRESENTATION_CONTEXT(2) 
PARAMETRIC_REPRESENTATION_CONTEXT() REPRESENTATION_CONTEXT('2D SPACE',''
  ) );
#1431 = ORIENTED_EDGE('',*,*,#102,.F.);
#1432 = ORIENTED_EDGE('',*,*,#1433,.T.);
#1433 = EDGE_CURVE('',#75,#1434,#1436,.T.);
#1434 = VERTEX_POINT('',#1435);
#1435 = CARTESIAN_POINT('',(13.97,22.606,-9.4996));
#1436 = SURFACE_CURVE('',#1437,(#1441,#1448),.PCURVE_S1.);
#1437 = LINE('',#1438,#1439);
#1438 = CARTESIAN_POINT('',(-13.97,22.606,-9.4996));
#1439 = VECTOR('',#1440,1.);
#1440 = DIRECTION('',(1.,0.,0.));
#1441 = PCURVE('',#118,#1442);
#1442 = DEFINITIONAL_REPRESENTATION('',(#1443),#1447);
#1443 = LINE('',#1444,#1445);
#1444 = CARTESIAN_POINT('',(0.,0.));
#1445 = VECTOR('',#1446,1.);
#1446 = DIRECTION('',(0.,1.));
#1447 = ( GEOMETRIC_REPRESENTATION_CONTEXT(2) 
PARAMETRIC_REPRESENTATION_CONTEXT() REPRESENTATION_CONTEXT('2D SPACE',''
  ) );
#1448 = PCURVE('',#90,#1449);
#1449 = DEFINITIONAL_REPRESENTATION('',(#1450),#1454);
#1450 = LINE('',#1451,#1452);
#1451 = CARTESIAN_POINT('',(22.606,0.));
#1452 = VECTOR('',#1453,1.);
#1453 = DIRECTION('',(0.,1.));
#1454 = ( GEOMETRIC_REPRESENTATION_CONTEXT(2) 
PARAMETRIC_REPRESENTATION_CONTEXT() REPRESENTATION_CONTEXT('2D SPACE',''
  ) );
#1455 = ORIENTED_EDGE('',*,*,#1456,.T.);
#1456 = EDGE_CURVE('',#1434,#1457,#1459,.T.);
#1457 = VERTEX_POINT('',#1458);
#1458 = CARTESIAN_POINT('',(13.97,22.606,9.0424));
#1459 = SURFACE_CURVE('',#1460,(#1464,#1471),.PCURVE_S1.);
#1460 = LINE('',#1461,#1462);
#1461 = CARTESIAN_POINT('',(13.97,22.606,-9.4996));
#1462 = VECTOR('',#1463,1.);
#1463 = DIRECTION('',(0.,0.,1.));
#1464 = PCURVE('',#118,#1465);
#1465 = DEFINITIONAL_REPRESENTATION('',(#1466),#1470);
#1466 = LINE('',#1467,#1468);
#1467 = CARTESIAN_POINT('',(0.,27.94));
#1468 = VECTOR('',#1469,1.);
#1469 = DIRECTION('',(1.,0.));
#1470 = ( GEOMETRIC_REPRESENTATION_CONTEXT(2) 
PARAMETRIC_REPRESENTATION_CONTEXT() REPRESENTATION_CONTEXT('2D SPACE',''
  ) );
#1471 = PCURVE('',#267,#1472);
#1472 = DEFINITIONAL_REPRESENTATION('',(#1473),#1477);
#1473 = LINE('',#1474,#1475);
#1474 = CARTESIAN_POINT('',(9.4996,22.606));
#1475 = VECTOR('',#1476,1.);
#1476 = DIRECTION('',(-1.,0.));
#1477 = ( GEOMETRIC_REPRESENTATION_CONTEXT(2) 
PARAMETRIC_REPRESENTATION_CONTEXT() REPRESENTATION_CONTEXT('2D SPACE',''
  ) );
#1478 = ORIENTED_EDGE('',*,*,#1479,.F.);
#1479 = EDGE_CURVE('',#572,#1457,#1480,.T.);
#1480 = SURFACE_CURVE('',#1481,(#1485,#1492),.PCURVE_S1.);
#1481 = LINE('',#1482,#1483);
#1482 = CARTESIAN_POINT('',(11.4554,22.606,9.0424));
#1483 = VECTOR('',#1484,1.);
#1484 = DIRECTION('',(1.,0.,0.));
#1485 = PCURVE('',#118,#1486);
#1486 = DEFINITIONAL_REPRESENTATION('',(#1487),#1491);
#1487 = LINE('',#1488,#1489);
#1488 = CARTESIAN_POINT('',(18.542,25.4254));
#1489 = VECTOR('',#1490,1.);
#1490 = DIRECTION('',(0.,1.));
#1491 = ( GEOMETRIC_REPRESENTATION_CONTEXT(2) 
PARAMETRIC_REPRESENTATION_CONTEXT() REPRESENTATION_CONTEXT('2D SPACE',''
  ) );
#1492 = PCURVE('',#615,#1493);
#1493 = DEFINITIONAL_REPRESENTATION('',(#1494),#1498);
#1494 = LINE('',#1495,#1496);
#1495 = CARTESIAN_POINT('',(1.570796326795,25.4254));
#1496 = VECTOR('',#1497,1.);
#1497 = DIRECTION('',(0.,1.));
#1498 = ( GEOMETRIC_REPRESENTATION_CONTEXT(2) 
PARAMETRIC_REPRESENTATION_CONTEXT() REPRESENTATION_CONTEXT('2D SPACE',''
  ) );
#1499 = ORIENTED_EDGE('',*,*,#571,.F.);
#1500 = ORIENTED_EDGE('',*,*,#1501,.F.);
#1501 = EDGE_CURVE('',#1502,#544,#1504,.T.);
#1502 = VERTEX_POINT('',#1503);
#1503 = CARTESIAN_POINT('',(1.2446,22.606,-7.4676));
#1504 = SURFACE_CURVE('',#1505,(#1509,#1516),.PCURVE_S1.);
#1505 = LINE('',#1506,#1507);
#1506 = CARTESIAN_POINT('',(1.2446,22.606,-7.4676));
#1507 = VECTOR('',#1508,1.);
#1508 = DIRECTION('',(1.,0.,0.));
#1509 = PCURVE('',#118,#1510);
#1510 = DEFINITIONAL_REPRESENTATION('',(#1511),#1515);
#1511 = LINE('',#1512,#1513);
#1512 = CARTESIAN_POINT('',(2.032,15.2146));
#1513 = VECTOR('',#1514,1.);
#1514 = DIRECTION('',(0.,1.));
#1515 = ( GEOMETRIC_REPRESENTATION_CONTEXT(2) 
PARAMETRIC_REPRESENTATION_CONTEXT() REPRESENTATION_CONTEXT('2D SPACE',''
  ) );
#1516 = PCURVE('',#559,#1517);
#1517 = DEFINITIONAL_REPRESENTATION('',(#1518),#1522);
#1518 = LINE('',#1519,#1520);
#1519 = CARTESIAN_POINT('',(0.,10.2108));
#1520 = VECTOR('',#1521,1.);
#1521 = DIRECTION('',(0.,-1.));
#1522 = ( GEOMETRIC_REPRESENTATION_CONTEXT(2) 
PARAMETRIC_REPRESENTATION_CONTEXT() REPRESENTATION_CONTEXT('2D SPACE',''
  ) );
#1523 = ORIENTED_EDGE('',*,*,#1524,.T.);
#1524 = EDGE_CURVE('',#1502,#1525,#1527,.T.);
#1525 = VERTEX_POINT('',#1526);
#1526 = CARTESIAN_POINT('',(1.2446,22.606,9.0424));
#1527 = SURFACE_CURVE('',#1528,(#1532,#1539),.PCURVE_S1.);
#1528 = LINE('',#1529,#1530);
#1529 = CARTESIAN_POINT('',(1.2446,22.606,-7.4676));
#1530 = VECTOR('',#1531,1.);
#1531 = DIRECTION('',(0.,0.,1.));
#1532 = PCURVE('',#118,#1533);
#1533 = DEFINITIONAL_REPRESENTATION('',(#1534),#1538);
#1534 = LINE('',#1535,#1536);
#1535 = CARTESIAN_POINT('',(2.032,15.2146));
#1536 = VECTOR('',#1537,1.);
#1537 = DIRECTION('',(1.,0.));
#1538 = ( GEOMETRIC_REPRESENTATION_CONTEXT(2) 
PARAMETRIC_REPRESENTATION_CONTEXT() REPRESENTATION_CONTEXT('2D SPACE',''
  ) );
#1539 = PCURVE('',#719,#1540);
#1540 = DEFINITIONAL_REPRESENTATION('',(#1541),#1545);
#1541 = LINE('',#1542,#1543);
#1542 = CARTESIAN_POINT('',(-7.4676,22.606));
#1543 = VECTOR('',#1544,1.);
#1544 = DIRECTION('',(1.,0.));
#1545 = ( GEOMETRIC_REPRESENTATION_CONTEXT(2) 
PARAMETRIC_REPRESENTATION_CONTEXT() REPRESENTATION_CONTEXT('2D SPACE',''
  ) );
#1546 = ORIENTED_EDGE('',*,*,#1547,.F.);
#1547 = EDGE_CURVE('',#1205,#1525,#1548,.T.);
#1548 = SURFACE_CURVE('',#1549,(#1553,#1560),.PCURVE_S1.);
#1549 = LINE('',#1550,#1551);
#1550 = CARTESIAN_POINT('',(-1.2446,22.606,9.0424));
#1551 = VECTOR('',#1552,1.);
#1552 = DIRECTION('',(1.,0.,0.));
#1553 = PCURVE('',#118,#1554);
#1554 = DEFINITIONAL_REPRESENTATION('',(#1555),#1559);
#1555 = LINE('',#1556,#1557);
#1556 = CARTESIAN_POINT('',(18.542,12.7254));
#1557 = VECTOR('',#1558,1.);
#1558 = DIRECTION('',(0.,1.));
#1559 = ( GEOMETRIC_REPRESENTATION_CONTEXT(2) 
PARAMETRIC_REPRESENTATION_CONTEXT() REPRESENTATION_CONTEXT('2D SPACE',''
  ) );
#1560 = PCURVE('',#1250,#1561);
#1561 = DEFINITIONAL_REPRESENTATION('',(#1562),#1566);
#1562 = LINE('',#1563,#1564);
#1563 = CARTESIAN_POINT('',(1.570796326795,12.7254));
#1564 = VECTOR('',#1565,1.);
#1565 = DIRECTION('',(0.,1.));
#1566 = ( GEOMETRIC_REPRESENTATION_CONTEXT(2) 
PARAMETRIC_REPRESENTATION_CONTEXT() REPRESENTATION_CONTEXT('2D SPACE',''
  ) );
#1567 = ADVANCED_FACE('',(#1568),#1349,.F.);
#1568 = FACE_BOUND('',#1569,.F.);
#1569 = EDGE_LOOP('',(#1570,#1571,#1572,#1595));
#1570 = ORIENTED_EDGE('',*,*,#1365,.F.);
#1571 = ORIENTED_EDGE('',*,*,#1335,.T.);
#1572 = ORIENTED_EDGE('',*,*,#1573,.T.);
#1573 = EDGE_CURVE('',#1308,#1574,#1576,.T.);
#1574 = VERTEX_POINT('',#1575);
#1575 = CARTESIAN_POINT('',(-11.4554,8.1026,-7.4676));
#1576 = SURFACE_CURVE('',#1577,(#1581,#1588),.PCURVE_S1.);
#1577 = LINE('',#1578,#1579);
#1578 = CARTESIAN_POINT('',(-1.2446,8.1026,-7.4676));
#1579 = VECTOR('',#1580,1.);
#1580 = DIRECTION('',(-1.,0.,0.));
#1581 = PCURVE('',#1349,#1582);
#1582 = DEFINITIONAL_REPRESENTATION('',(#1583),#1587);
#1583 = LINE('',#1584,#1585);
#1584 = CARTESIAN_POINT('',(14.5034,0.));
#1585 = VECTOR('',#1586,1.);
#1586 = DIRECTION('',(0.,1.));
#1587 = ( GEOMETRIC_REPRESENTATION_CONTEXT(2) 
PARAMETRIC_REPRESENTATION_CONTEXT() REPRESENTATION_CONTEXT('2D SPACE',''
  ) );
#1588 = PCURVE('',#1323,#1589);
#1589 = DEFINITIONAL_REPRESENTATION('',(#1590),#1594);
#1590 = LINE('',#1591,#1592);
#1591 = CARTESIAN_POINT('',(0.,0.));
#1592 = VECTOR('',#1593,1.);
#1593 = DIRECTION('',(0.,1.));
#1594 = ( GEOMETRIC_REPRESENTATION_CONTEXT(2) 
PARAMETRIC_REPRESENTATION_CONTEXT() REPRESENTATION_CONTEXT('2D SPACE',''
  ) );
#1595 = ORIENTED_EDGE('',*,*,#1596,.F.);
#1596 = EDGE_CURVE('',#1366,#1574,#1597,.T.);
#1597 = SURFACE_CURVE('',#1598,(#1602,#1609),.PCURVE_S1.);
#1598 = LINE('',#1599,#1600);
#1599 = CARTESIAN_POINT('',(-11.4554,22.606,-7.4676));
#1600 = VECTOR('',#1601,1.);
#1601 = DIRECTION('',(0.,-1.,0.));
#1602 = PCURVE('',#1349,#1603);
#1603 = DEFINITIONAL_REPRESENTATION('',(#1604),#1608);
#1604 = LINE('',#1605,#1606);
#1605 = CARTESIAN_POINT('',(0.,10.2108));
#1606 = VECTOR('',#1607,1.);
#1607 = DIRECTION('',(1.,0.));
#1608 = ( GEOMETRIC_REPRESENTATION_CONTEXT(2) 
PARAMETRIC_REPRESENTATION_CONTEXT() REPRESENTATION_CONTEXT('2D SPACE',''
  ) );
#1609 = PCURVE('',#377,#1610);
#1610 = DEFINITIONAL_REPRESENTATION('',(#1611),#1615);
#1611 = LINE('',#1612,#1613);
#1612 = CARTESIAN_POINT('',(-7.4676,22.606));
#1613 = VECTOR('',#1614,1.);
#1614 = DIRECTION('',(0.,-1.));
#1615 = ( GEOMETRIC_REPRESENTATION_CONTEXT(2) 
PARAMETRIC_REPRESENTATION_CONTEXT() REPRESENTATION_CONTEXT('2D SPACE',''
  ) );
#1616 = ADVANCED_FACE('',(#1617,#1665),#1323,.F.);
#1617 = FACE_BOUND('',#1618,.F.);
#1618 = EDGE_LOOP('',(#1619,#1620,#1643,#1664));
#1619 = ORIENTED_EDGE('',*,*,#1307,.T.);
#1620 = ORIENTED_EDGE('',*,*,#1621,.T.);
#1621 = EDGE_CURVE('',#1285,#1622,#1624,.T.);
#1622 = VERTEX_POINT('',#1623);
#1623 = CARTESIAN_POINT('',(-11.4554,8.1026,10.0584));
#1624 = SURFACE_CURVE('',#1625,(#1629,#1636),.PCURVE_S1.);
#1625 = LINE('',#1626,#1627);
#1626 = CARTESIAN_POINT('',(-1.2446,8.1026,10.0584));
#1627 = VECTOR('',#1628,1.);
#1628 = DIRECTION('',(-1.,0.,0.));
#1629 = PCURVE('',#1323,#1630);
#1630 = DEFINITIONAL_REPRESENTATION('',(#1631),#1635);
#1631 = LINE('',#1632,#1633);
#1632 = CARTESIAN_POINT('',(17.526,0.));
#1633 = VECTOR('',#1634,1.);
#1634 = DIRECTION('',(0.,1.));
#1635 = ( GEOMETRIC_REPRESENTATION_CONTEXT(2) 
PARAMETRIC_REPRESENTATION_CONTEXT() REPRESENTATION_CONTEXT('2D SPACE',''
  ) );
#1636 = PCURVE('',#405,#1637);
#1637 = DEFINITIONAL_REPRESENTATION('',(#1638),#1642);
#1638 = LINE('',#1639,#1640);
#1639 = CARTESIAN_POINT('',(0.,-0.));
#1640 = VECTOR('',#1641,1.);
#1641 = DIRECTION('',(0.,1.));
#1642 = ( GEOMETRIC_REPRESENTATION_CONTEXT(2) 
PARAMETRIC_REPRESENTATION_CONTEXT() REPRESENTATION_CONTEXT('2D SPACE',''
  ) );
#1643 = ORIENTED_EDGE('',*,*,#1644,.F.);
#1644 = EDGE_CURVE('',#1574,#1622,#1645,.T.);
#1645 = SURFACE_CURVE('',#1646,(#1650,#1657),.PCURVE_S1.);
#1646 = LINE('',#1647,#1648);
#1647 = CARTESIAN_POINT('',(-11.4554,8.1026,-7.4676));
#1648 = VECTOR('',#1649,1.);
#1649 = DIRECTION('',(0.,0.,1.));
#1650 = PCURVE('',#1323,#1651);
#1651 = DEFINITIONAL_REPRESENTATION('',(#1652),#1656);
#1652 = LINE('',#1653,#1654);
#1653 = CARTESIAN_POINT('',(0.,10.2108));
#1654 = VECTOR('',#1655,1.);
#1655 = DIRECTION('',(1.,0.));
#1656 = ( GEOMETRIC_REPRESENTATION_CONTEXT(2) 
PARAMETRIC_REPRESENTATION_CONTEXT() REPRESENTATION_CONTEXT('2D SPACE',''
  ) );
#1657 = PCURVE('',#377,#1658);
#1658 = DEFINITIONAL_REPRESENTATION('',(#1659),#1663);
#1659 = LINE('',#1660,#1661);
#1660 = CARTESIAN_POINT('',(-7.4676,8.1026));
#1661 = VECTOR('',#1662,1.);
#1662 = DIRECTION('',(1.,0.));
#1663 = ( GEOMETRIC_REPRESENTATION_CONTEXT(2) 
PARAMETRIC_REPRESENTATION_CONTEXT() REPRESENTATION_CONTEXT('2D SPACE',''
  ) );
#1664 = ORIENTED_EDGE('',*,*,#1573,.F.);
#1665 = FACE_BOUND('',#1666,.F.);
#1666 = EDGE_LOOP('',(#1667,#1697,#1725,#1753));
#1667 = ORIENTED_EDGE('',*,*,#1668,.F.);
#1668 = EDGE_CURVE('',#1669,#1671,#1673,.T.);
#1669 = VERTEX_POINT('',#1670);
#1670 = CARTESIAN_POINT('',(-11.0998,8.1026,4.7498));
#1671 = VERTEX_POINT('',#1672);
#1672 = CARTESIAN_POINT('',(-11.0998,8.1026,-4.7498));
#1673 = SURFACE_CURVE('',#1674,(#1678,#1685),.PCURVE_S1.);
#1674 = LINE('',#1675,#1676);
#1675 = CARTESIAN_POINT('',(-11.0998,8.1026,4.7498));
#1676 = VECTOR('',#1677,1.);
#1677 = DIRECTION('',(0.,0.,-1.));
#1678 = PCURVE('',#1323,#1679);
#1679 = DEFINITIONAL_REPRESENTATION('',(#1680),#1684);
#1680 = LINE('',#1681,#1682);
#1681 = CARTESIAN_POINT('',(12.2174,9.8552));
#1682 = VECTOR('',#1683,1.);
#1683 = DIRECTION('',(-1.,0.));
#1684 = ( GEOMETRIC_REPRESENTATION_CONTEXT(2) 
PARAMETRIC_REPRESENTATION_CONTEXT() REPRESENTATION_CONTEXT('2D SPACE',''
  ) );
#1685 = PCURVE('',#1686,#1691);
#1686 = PLANE('',#1687);
#1687 = AXIS2_PLACEMENT_3D('',#1688,#1689,#1690);
#1688 = CARTESIAN_POINT('',(-11.0998,0.,0.));
#1689 = DIRECTION('',(1.,0.,0.));
#1690 = DIRECTION('',(0.,0.,-1.));
#1691 = DEFINITIONAL_REPRESENTATION('',(#1692),#1696);
#1692 = LINE('',#1693,#1694);
#1693 = CARTESIAN_POINT('',(-4.7498,8.1026));
#1694 = VECTOR('',#1695,1.);
#1695 = DIRECTION('',(1.,0.));
#1696 = ( GEOMETRIC_REPRESENTATION_CONTEXT(2) 
PARAMETRIC_REPRESENTATION_CONTEXT() REPRESENTATION_CONTEXT('2D SPACE',''
  ) );
#1697 = ORIENTED_EDGE('',*,*,#1698,.T.);
#1698 = EDGE_CURVE('',#1669,#1699,#1701,.T.);
#1699 = VERTEX_POINT('',#1700);
#1700 = CARTESIAN_POINT('',(-1.6002,8.1026,4.7498));
#1701 = SURFACE_CURVE('',#1702,(#1706,#1713),.PCURVE_S1.);
#1702 = LINE('',#1703,#1704);
#1703 = CARTESIAN_POINT('',(-11.0998,8.1026,4.7498));
#1704 = VECTOR('',#1705,1.);
#1705 = DIRECTION('',(1.,0.,0.));
#1706 = PCURVE('',#1323,#1707);
#1707 = DEFINITIONAL_REPRESENTATION('',(#1708),#1712);
#1708 = LINE('',#1709,#1710);
#1709 = CARTESIAN_POINT('',(12.2174,9.8552));
#1710 = VECTOR('',#1711,1.);
#1711 = DIRECTION('',(0.,-1.));
#1712 = ( GEOMETRIC_REPRESENTATION_CONTEXT(2) 
PARAMETRIC_REPRESENTATION_CONTEXT() REPRESENTATION_CONTEXT('2D SPACE',''
  ) );
#1713 = PCURVE('',#1714,#1719);
#1714 = PLANE('',#1715);
#1715 = AXIS2_PLACEMENT_3D('',#1716,#1717,#1718);
#1716 = CARTESIAN_POINT('',(-11.0998,10.8966,4.7498));
#1717 = DIRECTION('',(0.,0.,1.));
#1718 = DIRECTION('',(0.,-1.,0.));
#1719 = DEFINITIONAL_REPRESENTATION('',(#1720),#1724);
#1720 = LINE('',#1721,#1722);
#1721 = CARTESIAN_POINT('',(2.794,0.));
#1722 = VECTOR('',#1723,1.);
#1723 = DIRECTION('',(0.,1.));
#1724 = ( GEOMETRIC_REPRESENTATION_CONTEXT(2) 
PARAMETRIC_REPRESENTATION_CONTEXT() REPRESENTATION_CONTEXT('2D SPACE',''
  ) );
#1725 = ORIENTED_EDGE('',*,*,#1726,.T.);
#1726 = EDGE_CURVE('',#1699,#1727,#1729,.T.);
#1727 = VERTEX_POINT('',#1728);
#1728 = CARTESIAN_POINT('',(-1.6002,8.1026,-4.7498));
#1729 = SURFACE_CURVE('',#1730,(#1734,#1741),.PCURVE_S1.);
#1730 = LINE('',#1731,#1732);
#1731 = CARTESIAN_POINT('',(-1.6002,8.1026,4.7498));
#1732 = VECTOR('',#1733,1.);
#1733 = DIRECTION('',(0.,0.,-1.));
#1734 = PCURVE('',#1323,#1735);
#1735 = DEFINITIONAL_REPRESENTATION('',(#1736),#1740);
#1736 = LINE('',#1737,#1738);
#1737 = CARTESIAN_POINT('',(12.2174,0.3556));
#1738 = VECTOR('',#1739,1.);
#1739 = DIRECTION('',(-1.,0.));
#1740 = ( GEOMETRIC_REPRESENTATION_CONTEXT(2) 
PARAMETRIC_REPRESENTATION_CONTEXT() REPRESENTATION_CONTEXT('2D SPACE',''
  ) );
#1741 = PCURVE('',#1742,#1747);
#1742 = PLANE('',#1743);
#1743 = AXIS2_PLACEMENT_3D('',#1744,#1745,#1746);
#1744 = CARTESIAN_POINT('',(-1.6002,0.,0.));
#1745 = DIRECTION('',(1.,0.,0.));
#1746 = DIRECTION('',(0.,0.,-1.));
#1747 = DEFINITIONAL_REPRESENTATION('',(#1748),#1752);
#1748 = LINE('',#1749,#1750);
#1749 = CARTESIAN_POINT('',(-4.7498,8.1026));
#1750 = VECTOR('',#1751,1.);
#1751 = DIRECTION('',(1.,0.));
#1752 = ( GEOMETRIC_REPRESENTATION_CONTEXT(2) 
PARAMETRIC_REPRESENTATION_CONTEXT() REPRESENTATION_CONTEXT('2D SPACE',''
  ) );
#1753 = ORIENTED_EDGE('',*,*,#1754,.F.);
#1754 = EDGE_CURVE('',#1671,#1727,#1755,.T.);
#1755 = SURFACE_CURVE('',#1756,(#1760,#1767),.PCURVE_S1.);
#1756 = LINE('',#1757,#1758);
#1757 = CARTESIAN_POINT('',(-11.0998,8.1026,-4.7498));
#1758 = VECTOR('',#1759,1.);
#1759 = DIRECTION('',(1.,0.,0.));
#1760 = PCURVE('',#1323,#1761);
#1761 = DEFINITIONAL_REPRESENTATION('',(#1762),#1766);
#1762 = LINE('',#1763,#1764);
#1763 = CARTESIAN_POINT('',(2.7178,9.8552));
#1764 = VECTOR('',#1765,1.);
#1765 = DIRECTION('',(0.,-1.));
#1766 = ( GEOMETRIC_REPRESENTATION_CONTEXT(2) 
PARAMETRIC_REPRESENTATION_CONTEXT() REPRESENTATION_CONTEXT('2D SPACE',''
  ) );
#1767 = PCURVE('',#1768,#1773);
#1768 = PLANE('',#1769);
#1769 = AXIS2_PLACEMENT_3D('',#1770,#1771,#1772);
#1770 = CARTESIAN_POINT('',(-11.0998,0.508,-4.7498));
#1771 = DIRECTION('',(0.,0.,-1.));
#1772 = DIRECTION('',(0.,1.,0.));
#1773 = DEFINITIONAL_REPRESENTATION('',(#1774),#1778);
#1774 = LINE('',#1775,#1776);
#1775 = CARTESIAN_POINT('',(7.5946,0.));
#1776 = VECTOR('',#1777,1.);
#1777 = DIRECTION('',(0.,1.));
#1778 = ( GEOMETRIC_REPRESENTATION_CONTEXT(2) 
PARAMETRIC_REPRESENTATION_CONTEXT() REPRESENTATION_CONTEXT('2D SPACE',''
  ) );
#1779 = ADVANCED_FACE('',(#1780),#405,.F.);
#1780 = FACE_BOUND('',#1781,.F.);
#1781 = EDGE_LOOP('',(#1782,#1783,#1804,#1805,#1826,#1827));
#1782 = ORIENTED_EDGE('',*,*,#932,.T.);
#1783 = ORIENTED_EDGE('',*,*,#1784,.F.);
#1784 = EDGE_CURVE('',#390,#910,#1785,.T.);
#1785 = SURFACE_CURVE('',#1786,(#1790,#1797),.PCURVE_S1.);
#1786 = LINE('',#1787,#1788);
#1787 = CARTESIAN_POINT('',(-11.43,0.,10.0584));
#1788 = VECTOR('',#1789,1.);
#1789 = DIRECTION('',(0.,1.,0.));
#1790 = PCURVE('',#405,#1791);
#1791 = DEFINITIONAL_REPRESENTATION('',(#1792),#1796);
#1792 = LINE('',#1793,#1794);
#1793 = CARTESIAN_POINT('',(8.1026,10.1854));
#1794 = VECTOR('',#1795,1.);
#1795 = DIRECTION('',(-1.,-0.));
#1796 = ( GEOMETRIC_REPRESENTATION_CONTEXT(2) 
PARAMETRIC_REPRESENTATION_CONTEXT() REPRESENTATION_CONTEXT('2D SPACE',''
  ) );
#1797 = PCURVE('',#433,#1798);
#1798 = DEFINITIONAL_REPRESENTATION('',(#1799),#1803);
#1799 = LINE('',#1800,#1801);
#1800 = CARTESIAN_POINT('',(19.558,0.));
#1801 = VECTOR('',#1802,1.);
#1802 = DIRECTION('',(0.,1.));
#1803 = ( GEOMETRIC_REPRESENTATION_CONTEXT(2) 
PARAMETRIC_REPRESENTATION_CONTEXT() REPRESENTATION_CONTEXT('2D SPACE',''
  ) );
#1804 = ORIENTED_EDGE('',*,*,#389,.T.);
#1805 = ORIENTED_EDGE('',*,*,#1806,.F.);
#1806 = EDGE_CURVE('',#1622,#362,#1807,.T.);
#1807 = SURFACE_CURVE('',#1808,(#1812,#1819),.PCURVE_S1.);
#1808 = LINE('',#1809,#1810);
#1809 = CARTESIAN_POINT('',(-11.4554,8.1026,10.0584));
#1810 = VECTOR('',#1811,1.);
#1811 = DIRECTION('',(0.,-1.,0.));
#1812 = PCURVE('',#405,#1813);
#1813 = DEFINITIONAL_REPRESENTATION('',(#1814),#1818);
#1814 = LINE('',#1815,#1816);
#1815 = CARTESIAN_POINT('',(0.,10.2108));
#1816 = VECTOR('',#1817,1.);
#1817 = DIRECTION('',(1.,0.));
#1818 = ( GEOMETRIC_REPRESENTATION_CONTEXT(2) 
PARAMETRIC_REPRESENTATION_CONTEXT() REPRESENTATION_CONTEXT('2D SPACE',''
  ) );
#1819 = PCURVE('',#377,#1820);
#1820 = DEFINITIONAL_REPRESENTATION('',(#1821),#1825);
#1821 = LINE('',#1822,#1823);
#1822 = CARTESIAN_POINT('',(10.0584,8.1026));
#1823 = VECTOR('',#1824,1.);
#1824 = DIRECTION('',(0.,-1.));
#1825 = ( GEOMETRIC_REPRESENTATION_CONTEXT(2) 
PARAMETRIC_REPRESENTATION_CONTEXT() REPRESENTATION_CONTEXT('2D SPACE',''
  ) );
#1826 = ORIENTED_EDGE('',*,*,#1621,.F.);
#1827 = ORIENTED_EDGE('',*,*,#1284,.T.);
#1828 = ADVANCED_FACE('',(#1829),#433,.F.);
#1829 = FACE_BOUND('',#1830,.F.);
#1830 = EDGE_LOOP('',(#1831,#1832,#1833,#1854));
#1831 = ORIENTED_EDGE('',*,*,#1784,.T.);
#1832 = ORIENTED_EDGE('',*,*,#909,.F.);
#1833 = ORIENTED_EDGE('',*,*,#1834,.F.);
#1834 = EDGE_CURVE('',#418,#887,#1835,.T.);
#1835 = SURFACE_CURVE('',#1836,(#1840,#1847),.PCURVE_S1.);
#1836 = LINE('',#1837,#1838);
#1837 = CARTESIAN_POINT('',(-11.43,0.,-9.4996));
#1838 = VECTOR('',#1839,1.);
#1839 = DIRECTION('',(0.,1.,0.));
#1840 = PCURVE('',#433,#1841);
#1841 = DEFINITIONAL_REPRESENTATION('',(#1842),#1846);
#1842 = LINE('',#1843,#1844);
#1843 = CARTESIAN_POINT('',(0.,0.));
#1844 = VECTOR('',#1845,1.);
#1845 = DIRECTION('',(0.,1.));
#1846 = ( GEOMETRIC_REPRESENTATION_CONTEXT(2) 
PARAMETRIC_REPRESENTATION_CONTEXT() REPRESENTATION_CONTEXT('2D SPACE',''
  ) );
#1847 = PCURVE('',#90,#1848);
#1848 = DEFINITIONAL_REPRESENTATION('',(#1849),#1853);
#1849 = LINE('',#1850,#1851);
#1850 = CARTESIAN_POINT('',(0.,2.54));
#1851 = VECTOR('',#1852,1.);
#1852 = DIRECTION('',(1.,0.));
#1853 = ( GEOMETRIC_REPRESENTATION_CONTEXT(2) 
PARAMETRIC_REPRESENTATION_CONTEXT() REPRESENTATION_CONTEXT('2D SPACE',''
  ) );
#1854 = ORIENTED_EDGE('',*,*,#417,.F.);
#1855 = ADVANCED_FACE('',(#1856),#90,.T.);
#1856 = FACE_BOUND('',#1857,.F.);
#1857 = EDGE_LOOP('',(#1858,#1859,#1860,#1861,#1882,#1883,#1884,#1885));
#1858 = ORIENTED_EDGE('',*,*,#886,.T.);
#1859 = ORIENTED_EDGE('',*,*,#781,.F.);
#1860 = ORIENTED_EDGE('',*,*,#279,.T.);
#1861 = ORIENTED_EDGE('',*,*,#1862,.T.);
#1862 = EDGE_CURVE('',#252,#1434,#1863,.T.);
#1863 = SURFACE_CURVE('',#1864,(#1868,#1875),.PCURVE_S1.);
#1864 = LINE('',#1865,#1866);
#1865 = CARTESIAN_POINT('',(13.97,0.,-9.4996));
#1866 = VECTOR('',#1867,1.);
#1867 = DIRECTION('',(0.,1.,0.));
#1868 = PCURVE('',#90,#1869);
#1869 = DEFINITIONAL_REPRESENTATION('',(#1870),#1874);
#1870 = LINE('',#1871,#1872);
#1871 = CARTESIAN_POINT('',(0.,27.94));
#1872 = VECTOR('',#1873,1.);
#1873 = DIRECTION('',(1.,0.));
#1874 = ( GEOMETRIC_REPRESENTATION_CONTEXT(2) 
PARAMETRIC_REPRESENTATION_CONTEXT() REPRESENTATION_CONTEXT('2D SPACE',''
  ) );
#1875 = PCURVE('',#267,#1876);
#1876 = DEFINITIONAL_REPRESENTATION('',(#1877),#1881);
#1877 = LINE('',#1878,#1879);
#1878 = CARTESIAN_POINT('',(9.4996,0.));
#1879 = VECTOR('',#1880,1.);
#1880 = DIRECTION('',(0.,1.));
#1881 = ( GEOMETRIC_REPRESENTATION_CONTEXT(2) 
PARAMETRIC_REPRESENTATION_CONTEXT() REPRESENTATION_CONTEXT('2D SPACE',''
  ) );
#1882 = ORIENTED_EDGE('',*,*,#1433,.F.);
#1883 = ORIENTED_EDGE('',*,*,#74,.F.);
#1884 = ORIENTED_EDGE('',*,*,#445,.T.);
#1885 = ORIENTED_EDGE('',*,*,#1834,.T.);
#1886 = ADVANCED_FACE('',(#1887),#267,.T.);
#1887 = FACE_BOUND('',#1888,.F.);
#1888 = EDGE_LOOP('',(#1889,#1890,#1913,#1935,#1936));
#1889 = ORIENTED_EDGE('',*,*,#251,.F.);
#1890 = ORIENTED_EDGE('',*,*,#1891,.F.);
#1891 = EDGE_CURVE('',#1892,#224,#1894,.T.);
#1892 = VERTEX_POINT('',#1893);
#1893 = CARTESIAN_POINT('',(13.97,19.558,12.0904));
#1894 = SURFACE_CURVE('',#1895,(#1899,#1906),.PCURVE_S1.);
#1895 = LINE('',#1896,#1897);
#1896 = CARTESIAN_POINT('',(13.97,19.558,12.0904));
#1897 = VECTOR('',#1898,1.);
#1898 = DIRECTION('',(0.,-1.,0.));
#1899 = PCURVE('',#267,#1900);
#1900 = DEFINITIONAL_REPRESENTATION('',(#1901),#1905);
#1901 = LINE('',#1902,#1903);
#1902 = CARTESIAN_POINT('',(-12.0904,19.558));
#1903 = VECTOR('',#1904,1.);
#1904 = DIRECTION('',(0.,-1.));
#1905 = ( GEOMETRIC_REPRESENTATION_CONTEXT(2) 
PARAMETRIC_REPRESENTATION_CONTEXT() REPRESENTATION_CONTEXT('2D SPACE',''
  ) );
#1906 = PCURVE('',#239,#1907);
#1907 = DEFINITIONAL_REPRESENTATION('',(#1908),#1912);
#1908 = LINE('',#1909,#1910);
#1909 = CARTESIAN_POINT('',(0.,27.94));
#1910 = VECTOR('',#1911,1.);
#1911 = DIRECTION('',(1.,0.));
#1912 = ( GEOMETRIC_REPRESENTATION_CONTEXT(2) 
PARAMETRIC_REPRESENTATION_CONTEXT() REPRESENTATION_CONTEXT('2D SPACE',''
  ) );
#1913 = ORIENTED_EDGE('',*,*,#1914,.F.);
#1914 = EDGE_CURVE('',#1457,#1892,#1915,.T.);
#1915 = SURFACE_CURVE('',#1916,(#1921,#1928),.PCURVE_S1.);
#1916 = CIRCLE('',#1917,3.048);
#1917 = AXIS2_PLACEMENT_3D('',#1918,#1919,#1920);
#1918 = CARTESIAN_POINT('',(13.97,19.558,9.0424));
#1919 = DIRECTION('',(1.,0.,0.));
#1920 = DIRECTION('',(-0.,1.,0.));
#1921 = PCURVE('',#267,#1922);
#1922 = DEFINITIONAL_REPRESENTATION('',(#1923),#1927);
#1923 = CIRCLE('',#1924,3.048);
#1924 = AXIS2_PLACEMENT_2D('',#1925,#1926);
#1925 = CARTESIAN_POINT('',(-9.0424,19.558));
#1926 = DIRECTION('',(0.,1.));
#1927 = ( GEOMETRIC_REPRESENTATION_CONTEXT(2) 
PARAMETRIC_REPRESENTATION_CONTEXT() REPRESENTATION_CONTEXT('2D SPACE',''
  ) );
#1928 = PCURVE('',#615,#1929);
#1929 = DEFINITIONAL_REPRESENTATION('',(#1930),#1934);
#1930 = LINE('',#1931,#1932);
#1931 = CARTESIAN_POINT('',(1.570796326795,27.94));
#1932 = VECTOR('',#1933,1.);
#1933 = DIRECTION('',(1.,0.));
#1934 = ( GEOMETRIC_REPRESENTATION_CONTEXT(2) 
PARAMETRIC_REPRESENTATION_CONTEXT() REPRESENTATION_CONTEXT('2D SPACE',''
  ) );
#1935 = ORIENTED_EDGE('',*,*,#1456,.F.);
#1936 = ORIENTED_EDGE('',*,*,#1862,.F.);
#1937 = ADVANCED_FACE('',(#1938),#239,.T.);
#1938 = FACE_BOUND('',#1939,.F.);
#1939 = EDGE_LOOP('',(#1940,#1941,#1962,#1963));
#1940 = ORIENTED_EDGE('',*,*,#627,.T.);
#1941 = ORIENTED_EDGE('',*,*,#1942,.T.);
#1942 = EDGE_CURVE('',#595,#1892,#1943,.T.);
#1943 = SURFACE_CURVE('',#1944,(#1948,#1955),.PCURVE_S1.);
#1944 = LINE('',#1945,#1946);
#1945 = CARTESIAN_POINT('',(11.4554,19.558,12.0904));
#1946 = VECTOR('',#1947,1.);
#1947 = DIRECTION('',(1.,0.,0.));
#1948 = PCURVE('',#239,#1949);
#1949 = DEFINITIONAL_REPRESENTATION('',(#1950),#1954);
#1950 = LINE('',#1951,#1952);
#1951 = CARTESIAN_POINT('',(0.,25.4254));
#1952 = VECTOR('',#1953,1.);
#1953 = DIRECTION('',(0.,1.));
#1954 = ( GEOMETRIC_REPRESENTATION_CONTEXT(2) 
PARAMETRIC_REPRESENTATION_CONTEXT() REPRESENTATION_CONTEXT('2D SPACE',''
  ) );
#1955 = PCURVE('',#615,#1956);
#1956 = DEFINITIONAL_REPRESENTATION('',(#1957),#1961);
#1957 = LINE('',#1958,#1959);
#1958 = CARTESIAN_POINT('',(3.14159265359,25.4254));
#1959 = VECTOR('',#1960,1.);
#1960 = DIRECTION('',(0.,1.));
#1961 = ( GEOMETRIC_REPRESENTATION_CONTEXT(2) 
PARAMETRIC_REPRESENTATION_CONTEXT() REPRESENTATION_CONTEXT('2D SPACE',''
  ) );
#1962 = ORIENTED_EDGE('',*,*,#1891,.T.);
#1963 = ORIENTED_EDGE('',*,*,#223,.F.);
#1964 = ADVANCED_FACE('',(#1965),#851,.T.);
#1965 = FACE_BOUND('',#1966,.F.);
#1966 = EDGE_LOOP('',(#1967,#1968,#1991,#2012));
#1967 = ORIENTED_EDGE('',*,*,#1262,.F.);
#1968 = ORIENTED_EDGE('',*,*,#1969,.T.);
#1969 = EDGE_CURVE('',#1230,#1970,#1972,.T.);
#1970 = VERTEX_POINT('',#1971);
#1971 = CARTESIAN_POINT('',(1.2446,19.558,12.0904));
#1972 = SURFACE_CURVE('',#1973,(#1977,#1984),.PCURVE_S1.);
#1973 = LINE('',#1974,#1975);
#1974 = CARTESIAN_POINT('',(-1.2446,19.558,12.0904));
#1975 = VECTOR('',#1976,1.);
#1976 = DIRECTION('',(1.,0.,0.));
#1977 = PCURVE('',#851,#1978);
#1978 = DEFINITIONAL_REPRESENTATION('',(#1979),#1983);
#1979 = LINE('',#1980,#1981);
#1980 = CARTESIAN_POINT('',(0.,12.7254));
#1981 = VECTOR('',#1982,1.);
#1982 = DIRECTION('',(0.,1.));
#1983 = ( GEOMETRIC_REPRESENTATION_CONTEXT(2) 
PARAMETRIC_REPRESENTATION_CONTEXT() REPRESENTATION_CONTEXT('2D SPACE',''
  ) );
#1984 = PCURVE('',#1250,#1985);
#1985 = DEFINITIONAL_REPRESENTATION('',(#1986),#1990);
#1986 = LINE('',#1987,#1988);
#1987 = CARTESIAN_POINT('',(3.14159265359,12.7254));
#1988 = VECTOR('',#1989,1.);
#1989 = DIRECTION('',(0.,1.));
#1990 = ( GEOMETRIC_REPRESENTATION_CONTEXT(2) 
PARAMETRIC_REPRESENTATION_CONTEXT() REPRESENTATION_CONTEXT('2D SPACE',''
  ) );
#1991 = ORIENTED_EDGE('',*,*,#1992,.F.);
#1992 = EDGE_CURVE('',#836,#1970,#1993,.T.);
#1993 = SURFACE_CURVE('',#1994,(#1998,#2005),.PCURVE_S1.);
#1994 = LINE('',#1995,#1996);
#1995 = CARTESIAN_POINT('',(1.2446,0.508,12.0904));
#1996 = VECTOR('',#1997,1.);
#1997 = DIRECTION('',(0.,1.,0.));
#1998 = PCURVE('',#851,#1999);
#1999 = DEFINITIONAL_REPRESENTATION('',(#2000),#2004);
#2000 = LINE('',#2001,#2002);
#2001 = CARTESIAN_POINT('',(19.05,15.2146));
#2002 = VECTOR('',#2003,1.);
#2003 = DIRECTION('',(-1.,0.));
#2004 = ( GEOMETRIC_REPRESENTATION_CONTEXT(2) 
PARAMETRIC_REPRESENTATION_CONTEXT() REPRESENTATION_CONTEXT('2D SPACE',''
  ) );
#2005 = PCURVE('',#719,#2006);
#2006 = DEFINITIONAL_REPRESENTATION('',(#2007),#2011);
#2007 = LINE('',#2008,#2009);
#2008 = CARTESIAN_POINT('',(12.0904,0.508));
#2009 = VECTOR('',#2010,1.);
#2010 = DIRECTION('',(0.,1.));
#2011 = ( GEOMETRIC_REPRESENTATION_CONTEXT(2) 
PARAMETRIC_REPRESENTATION_CONTEXT() REPRESENTATION_CONTEXT('2D SPACE',''
  ) );
#2012 = ORIENTED_EDGE('',*,*,#835,.F.);
#2013 = ADVANCED_FACE('',(#2014),#173,.T.);
#2014 = FACE_BOUND('',#2015,.F.);
#2015 = EDGE_LOOP('',(#2016,#2039,#2040,#2041));
#2016 = ORIENTED_EDGE('',*,*,#2017,.T.);
#2017 = EDGE_CURVE('',#2018,#360,#2020,.T.);
#2018 = VERTEX_POINT('',#2019);
#2019 = CARTESIAN_POINT('',(-11.4554,19.558,12.0904));
#2020 = SURFACE_CURVE('',#2021,(#2025,#2032),.PCURVE_S1.);
#2021 = LINE('',#2022,#2023);
#2022 = CARTESIAN_POINT('',(-11.4554,19.558,12.0904));
#2023 = VECTOR('',#2024,1.);
#2024 = DIRECTION('',(0.,-1.,0.));
#2025 = PCURVE('',#173,#2026);
#2026 = DEFINITIONAL_REPRESENTATION('',(#2027),#2031);
#2027 = LINE('',#2028,#2029);
#2028 = CARTESIAN_POINT('',(0.,2.5146));
#2029 = VECTOR('',#2030,1.);
#2030 = DIRECTION('',(1.,0.));
#2031 = ( GEOMETRIC_REPRESENTATION_CONTEXT(2) 
PARAMETRIC_REPRESENTATION_CONTEXT() REPRESENTATION_CONTEXT('2D SPACE',''
  ) );
#2032 = PCURVE('',#377,#2033);
#2033 = DEFINITIONAL_REPRESENTATION('',(#2034),#2038);
#2034 = LINE('',#2035,#2036);
#2035 = CARTESIAN_POINT('',(12.0904,19.558));
#2036 = VECTOR('',#2037,1.);
#2037 = DIRECTION('',(0.,-1.));
#2038 = ( GEOMETRIC_REPRESENTATION_CONTEXT(2) 
PARAMETRIC_REPRESENTATION_CONTEXT() REPRESENTATION_CONTEXT('2D SPACE',''
  ) );
#2039 = ORIENTED_EDGE('',*,*,#467,.F.);
#2040 = ORIENTED_EDGE('',*,*,#159,.F.);
#2041 = ORIENTED_EDGE('',*,*,#2042,.T.);
#2042 = EDGE_CURVE('',#131,#2018,#2043,.T.);
#2043 = SURFACE_CURVE('',#2044,(#2048,#2055),.PCURVE_S1.);
#2044 = LINE('',#2045,#2046);
#2045 = CARTESIAN_POINT('',(-13.97,19.558,12.0904));
#2046 = VECTOR('',#2047,1.);
#2047 = DIRECTION('',(1.,0.,0.));
#2048 = PCURVE('',#173,#2049);
#2049 = DEFINITIONAL_REPRESENTATION('',(#2050),#2054);
#2050 = LINE('',#2051,#2052);
#2051 = CARTESIAN_POINT('',(0.,0.));
#2052 = VECTOR('',#2053,1.);
#2053 = DIRECTION('',(0.,1.));
#2054 = ( GEOMETRIC_REPRESENTATION_CONTEXT(2) 
PARAMETRIC_REPRESENTATION_CONTEXT() REPRESENTATION_CONTEXT('2D SPACE',''
  ) );
#2055 = PCURVE('',#147,#2056);
#2056 = DEFINITIONAL_REPRESENTATION('',(#2057),#2061);
#2057 = LINE('',#2058,#2059);
#2058 = CARTESIAN_POINT('',(3.14159265359,0.));
#2059 = VECTOR('',#2060,1.);
#2060 = DIRECTION('',(0.,1.));
#2061 = ( GEOMETRIC_REPRESENTATION_CONTEXT(2) 
PARAMETRIC_REPRESENTATION_CONTEXT() REPRESENTATION_CONTEXT('2D SPACE',''
  ) );
#2062 = ADVANCED_FACE('',(#2063),#615,.T.);
#2063 = FACE_BOUND('',#2064,.T.);
#2064 = EDGE_LOOP('',(#2065,#2066,#2067,#2068));
#2065 = ORIENTED_EDGE('',*,*,#1942,.T.);
#2066 = ORIENTED_EDGE('',*,*,#1914,.F.);
#2067 = ORIENTED_EDGE('',*,*,#1479,.F.);
#2068 = ORIENTED_EDGE('',*,*,#594,.T.);
#2069 = ADVANCED_FACE('',(#2070),#1250,.T.);
#2070 = FACE_BOUND('',#2071,.T.);
#2071 = EDGE_LOOP('',(#2072,#2073,#2099,#2100));
#2072 = ORIENTED_EDGE('',*,*,#1969,.T.);
#2073 = ORIENTED_EDGE('',*,*,#2074,.F.);
#2074 = EDGE_CURVE('',#1525,#1970,#2075,.T.);
#2075 = SURFACE_CURVE('',#2076,(#2081,#2088),.PCURVE_S1.);
#2076 = CIRCLE('',#2077,3.048);
#2077 = AXIS2_PLACEMENT_3D('',#2078,#2079,#2080);
#2078 = CARTESIAN_POINT('',(1.2446,19.558,9.0424));
#2079 = DIRECTION('',(1.,0.,0.));
#2080 = DIRECTION('',(-0.,1.,0.));
#2081 = PCURVE('',#1250,#2082);
#2082 = DEFINITIONAL_REPRESENTATION('',(#2083),#2087);
#2083 = LINE('',#2084,#2085);
#2084 = CARTESIAN_POINT('',(1.570796326795,15.2146));
#2085 = VECTOR('',#2086,1.);
#2086 = DIRECTION('',(1.,0.));
#2087 = ( GEOMETRIC_REPRESENTATION_CONTEXT(2) 
PARAMETRIC_REPRESENTATION_CONTEXT() REPRESENTATION_CONTEXT('2D SPACE',''
  ) );
#2088 = PCURVE('',#719,#2089);
#2089 = DEFINITIONAL_REPRESENTATION('',(#2090),#2098);
#2090 = ( BOUNDED_CURVE() B_SPLINE_CURVE(2,(#2091,#2092,#2093,#2094,
#2095,#2096,#2097),.UNSPECIFIED.,.T.,.F.) B_SPLINE_CURVE_WITH_KNOTS((1,2
    ,2,2,2,1),(-2.094395102393,0.,2.094395102393,4.188790204786,
6.28318530718,8.377580409573),.UNSPECIFIED.) CURVE() 
GEOMETRIC_REPRESENTATION_ITEM() RATIONAL_B_SPLINE_CURVE((1.,0.5,1.,0.5,
1.,0.5,1.)) REPRESENTATION_ITEM('') );
#2091 = CARTESIAN_POINT('',(9.0424,22.606));
#2092 = CARTESIAN_POINT('',(14.32169086147,22.606));
#2093 = CARTESIAN_POINT('',(11.682045430735,18.034));
#2094 = CARTESIAN_POINT('',(9.0424,13.462));
#2095 = CARTESIAN_POINT('',(6.402754569265,18.034));
#2096 = CARTESIAN_POINT('',(3.76310913853,22.606));
#2097 = CARTESIAN_POINT('',(9.0424,22.606));
#2098 = ( GEOMETRIC_REPRESENTATION_CONTEXT(2) 
PARAMETRIC_REPRESENTATION_CONTEXT() REPRESENTATION_CONTEXT('2D SPACE',''
  ) );
#2099 = ORIENTED_EDGE('',*,*,#1547,.F.);
#2100 = ORIENTED_EDGE('',*,*,#1229,.T.);
#2101 = ADVANCED_FACE('',(#2102),#147,.T.);
#2102 = FACE_BOUND('',#2103,.T.);
#2103 = EDGE_LOOP('',(#2104,#2105,#2106,#2107));
#2104 = ORIENTED_EDGE('',*,*,#1411,.F.);
#2105 = ORIENTED_EDGE('',*,*,#130,.T.);
#2106 = ORIENTED_EDGE('',*,*,#2042,.T.);
#2107 = ORIENTED_EDGE('',*,*,#2108,.F.);
#2108 = EDGE_CURVE('',#1389,#2018,#2109,.T.);
#2109 = SURFACE_CURVE('',#2110,(#2115,#2122),.PCURVE_S1.);
#2110 = CIRCLE('',#2111,3.048);
#2111 = AXIS2_PLACEMENT_3D('',#2112,#2113,#2114);
#2112 = CARTESIAN_POINT('',(-11.4554,19.558,9.0424));
#2113 = DIRECTION('',(1.,0.,0.));
#2114 = DIRECTION('',(-0.,1.,0.));
#2115 = PCURVE('',#147,#2116);
#2116 = DEFINITIONAL_REPRESENTATION('',(#2117),#2121);
#2117 = LINE('',#2118,#2119);
#2118 = CARTESIAN_POINT('',(1.570796326795,2.5146));
#2119 = VECTOR('',#2120,1.);
#2120 = DIRECTION('',(1.,0.));
#2121 = ( GEOMETRIC_REPRESENTATION_CONTEXT(2) 
PARAMETRIC_REPRESENTATION_CONTEXT() REPRESENTATION_CONTEXT('2D SPACE',''
  ) );
#2122 = PCURVE('',#377,#2123);
#2123 = DEFINITIONAL_REPRESENTATION('',(#2124),#2132);
#2124 = ( BOUNDED_CURVE() B_SPLINE_CURVE(2,(#2125,#2126,#2127,#2128,
#2129,#2130,#2131),.UNSPECIFIED.,.T.,.F.) B_SPLINE_CURVE_WITH_KNOTS((1,2
    ,2,2,2,1),(-2.094395102393,0.,2.094395102393,4.188790204786,
6.28318530718,8.377580409573),.UNSPECIFIED.) CURVE() 
GEOMETRIC_REPRESENTATION_ITEM() RATIONAL_B_SPLINE_CURVE((1.,0.5,1.,0.5,
1.,0.5,1.)) REPRESENTATION_ITEM('') );
#2125 = CARTESIAN_POINT('',(9.0424,22.606));
#2126 = CARTESIAN_POINT('',(14.32169086147,22.606));
#2127 = CARTESIAN_POINT('',(11.682045430735,18.034));
#2128 = CARTESIAN_POINT('',(9.0424,13.462));
#2129 = CARTESIAN_POINT('',(6.402754569265,18.034));
#2130 = CARTESIAN_POINT('',(3.76310913853,22.606));
#2131 = CARTESIAN_POINT('',(9.0424,22.606));
#2132 = ( GEOMETRIC_REPRESENTATION_CONTEXT(2) 
PARAMETRIC_REPRESENTATION_CONTEXT() REPRESENTATION_CONTEXT('2D SPACE',''
  ) );
#2133 = ADVANCED_FACE('',(#2134),#719,.F.);
#2134 = FACE_BOUND('',#2135,.F.);
#2135 = EDGE_LOOP('',(#2136,#2137,#2160,#2181,#2182,#2183,#2184));
#2136 = ORIENTED_EDGE('',*,*,#1524,.F.);
#2137 = ORIENTED_EDGE('',*,*,#2138,.T.);
#2138 = EDGE_CURVE('',#1502,#2139,#2141,.T.);
#2139 = VERTEX_POINT('',#2140);
#2140 = CARTESIAN_POINT('',(1.2446,8.1026,-7.4676));
#2141 = SURFACE_CURVE('',#2142,(#2146,#2153),.PCURVE_S1.);
#2142 = LINE('',#2143,#2144);
#2143 = CARTESIAN_POINT('',(1.2446,22.606,-7.4676));
#2144 = VECTOR('',#2145,1.);
#2145 = DIRECTION('',(0.,-1.,0.));
#2146 = PCURVE('',#719,#2147);
#2147 = DEFINITIONAL_REPRESENTATION('',(#2148),#2152);
#2148 = LINE('',#2149,#2150);
#2149 = CARTESIAN_POINT('',(-7.4676,22.606));
#2150 = VECTOR('',#2151,1.);
#2151 = DIRECTION('',(0.,-1.));
#2152 = ( GEOMETRIC_REPRESENTATION_CONTEXT(2) 
PARAMETRIC_REPRESENTATION_CONTEXT() REPRESENTATION_CONTEXT('2D SPACE',''
  ) );
#2153 = PCURVE('',#559,#2154);
#2154 = DEFINITIONAL_REPRESENTATION('',(#2155),#2159);
#2155 = LINE('',#2156,#2157);
#2156 = CARTESIAN_POINT('',(0.,10.2108));
#2157 = VECTOR('',#2158,1.);
#2158 = DIRECTION('',(1.,0.));
#2159 = ( GEOMETRIC_REPRESENTATION_CONTEXT(2) 
PARAMETRIC_REPRESENTATION_CONTEXT() REPRESENTATION_CONTEXT('2D SPACE',''
  ) );
#2160 = ORIENTED_EDGE('',*,*,#2161,.F.);
#2161 = EDGE_CURVE('',#704,#2139,#2162,.T.);
#2162 = SURFACE_CURVE('',#2163,(#2167,#2174),.PCURVE_S1.);
#2163 = LINE('',#2164,#2165);
#2164 = CARTESIAN_POINT('',(1.2446,8.1026,10.0584));
#2165 = VECTOR('',#2166,1.);
#2166 = DIRECTION('',(0.,0.,-1.));
#2167 = PCURVE('',#719,#2168);
#2168 = DEFINITIONAL_REPRESENTATION('',(#2169),#2173);
#2169 = LINE('',#2170,#2171);
#2170 = CARTESIAN_POINT('',(10.0584,8.1026));
#2171 = VECTOR('',#2172,1.);
#2172 = DIRECTION('',(-1.,0.));
#2173 = ( GEOMETRIC_REPRESENTATION_CONTEXT(2) 
PARAMETRIC_REPRESENTATION_CONTEXT() REPRESENTATION_CONTEXT('2D SPACE',''
  ) );
#2174 = PCURVE('',#531,#2175);
#2175 = DEFINITIONAL_REPRESENTATION('',(#2176),#2180);
#2176 = LINE('',#2177,#2178);
#2177 = CARTESIAN_POINT('',(17.526,10.2108));
#2178 = VECTOR('',#2179,1.);
#2179 = DIRECTION('',(-1.,0.));
#2180 = ( GEOMETRIC_REPRESENTATION_CONTEXT(2) 
PARAMETRIC_REPRESENTATION_CONTEXT() REPRESENTATION_CONTEXT('2D SPACE',''
  ) );
#2181 = ORIENTED_EDGE('',*,*,#703,.T.);
#2182 = ORIENTED_EDGE('',*,*,#863,.F.);
#2183 = ORIENTED_EDGE('',*,*,#1992,.T.);
#2184 = ORIENTED_EDGE('',*,*,#2074,.F.);
#2185 = ADVANCED_FACE('',(#2186),#559,.F.);
#2186 = FACE_BOUND('',#2187,.F.);
#2187 = EDGE_LOOP('',(#2188,#2189,#2190,#2211));
#2188 = ORIENTED_EDGE('',*,*,#1501,.T.);
#2189 = ORIENTED_EDGE('',*,*,#543,.T.);
#2190 = ORIENTED_EDGE('',*,*,#2191,.T.);
#2191 = EDGE_CURVE('',#516,#2139,#2192,.T.);
#2192 = SURFACE_CURVE('',#2193,(#2197,#2204),.PCURVE_S1.);
#2193 = LINE('',#2194,#2195);
#2194 = CARTESIAN_POINT('',(11.4554,8.1026,-7.4676));
#2195 = VECTOR('',#2196,1.);
#2196 = DIRECTION('',(-1.,0.,0.));
#2197 = PCURVE('',#559,#2198);
#2198 = DEFINITIONAL_REPRESENTATION('',(#2199),#2203);
#2199 = LINE('',#2200,#2201);
#2200 = CARTESIAN_POINT('',(14.5034,0.));
#2201 = VECTOR('',#2202,1.);
#2202 = DIRECTION('',(0.,1.));
#2203 = ( GEOMETRIC_REPRESENTATION_CONTEXT(2) 
PARAMETRIC_REPRESENTATION_CONTEXT() REPRESENTATION_CONTEXT('2D SPACE',''
  ) );
#2204 = PCURVE('',#531,#2205);
#2205 = DEFINITIONAL_REPRESENTATION('',(#2206),#2210);
#2206 = LINE('',#2207,#2208);
#2207 = CARTESIAN_POINT('',(0.,0.));
#2208 = VECTOR('',#2209,1.);
#2209 = DIRECTION('',(0.,1.));
#2210 = ( GEOMETRIC_REPRESENTATION_CONTEXT(2) 
PARAMETRIC_REPRESENTATION_CONTEXT() REPRESENTATION_CONTEXT('2D SPACE',''
  ) );
#2211 = ORIENTED_EDGE('',*,*,#2138,.F.);
#2212 = ADVANCED_FACE('',(#2213,#2219),#531,.F.);
#2213 = FACE_BOUND('',#2214,.F.);
#2214 = EDGE_LOOP('',(#2215,#2216,#2217,#2218));
#2215 = ORIENTED_EDGE('',*,*,#515,.F.);
#2216 = ORIENTED_EDGE('',*,*,#731,.T.);
#2217 = ORIENTED_EDGE('',*,*,#2161,.T.);
#2218 = ORIENTED_EDGE('',*,*,#2191,.F.);
#2219 = FACE_BOUND('',#2220,.F.);
#2220 = EDGE_LOOP('',(#2221,#2251,#2279,#2307));
#2221 = ORIENTED_EDGE('',*,*,#2222,.F.);
#2222 = EDGE_CURVE('',#2223,#2225,#2227,.T.);
#2223 = VERTEX_POINT('',#2224);
#2224 = CARTESIAN_POINT('',(1.6002,8.1026,4.7498));
#2225 = VERTEX_POINT('',#2226);
#2226 = CARTESIAN_POINT('',(1.6002,8.1026,-4.7498));
#2227 = SURFACE_CURVE('',#2228,(#2232,#2239),.PCURVE_S1.);
#2228 = LINE('',#2229,#2230);
#2229 = CARTESIAN_POINT('',(1.6002,8.1026,4.7498));
#2230 = VECTOR('',#2231,1.);
#2231 = DIRECTION('',(0.,0.,-1.));
#2232 = PCURVE('',#531,#2233);
#2233 = DEFINITIONAL_REPRESENTATION('',(#2234),#2238);
#2234 = LINE('',#2235,#2236);
#2235 = CARTESIAN_POINT('',(12.2174,9.8552));
#2236 = VECTOR('',#2237,1.);
#2237 = DIRECTION('',(-1.,0.));
#2238 = ( GEOMETRIC_REPRESENTATION_CONTEXT(2) 
PARAMETRIC_REPRESENTATION_CONTEXT() REPRESENTATION_CONTEXT('2D SPACE',''
  ) );
#2239 = PCURVE('',#2240,#2245);
#2240 = PLANE('',#2241);
#2241 = AXIS2_PLACEMENT_3D('',#2242,#2243,#2244);
#2242 = CARTESIAN_POINT('',(1.6002,0.,0.));
#2243 = DIRECTION('',(1.,0.,0.));
#2244 = DIRECTION('',(0.,0.,-1.));
#2245 = DEFINITIONAL_REPRESENTATION('',(#2246),#2250);
#2246 = LINE('',#2247,#2248);
#2247 = CARTESIAN_POINT('',(-4.7498,8.1026));
#2248 = VECTOR('',#2249,1.);
#2249 = DIRECTION('',(1.,0.));
#2250 = ( GEOMETRIC_REPRESENTATION_CONTEXT(2) 
PARAMETRIC_REPRESENTATION_CONTEXT() REPRESENTATION_CONTEXT('2D SPACE',''
  ) );
#2251 = ORIENTED_EDGE('',*,*,#2252,.T.);
#2252 = EDGE_CURVE('',#2223,#2253,#2255,.T.);
#2253 = VERTEX_POINT('',#2254);
#2254 = CARTESIAN_POINT('',(11.0998,8.1026,4.7498));
#2255 = SURFACE_CURVE('',#2256,(#2260,#2267),.PCURVE_S1.);
#2256 = LINE('',#2257,#2258);
#2257 = CARTESIAN_POINT('',(1.6002,8.1026,4.7498));
#2258 = VECTOR('',#2259,1.);
#2259 = DIRECTION('',(1.,0.,0.));
#2260 = PCURVE('',#531,#2261);
#2261 = DEFINITIONAL_REPRESENTATION('',(#2262),#2266);
#2262 = LINE('',#2263,#2264);
#2263 = CARTESIAN_POINT('',(12.2174,9.8552));
#2264 = VECTOR('',#2265,1.);
#2265 = DIRECTION('',(0.,-1.));
#2266 = ( GEOMETRIC_REPRESENTATION_CONTEXT(2) 
PARAMETRIC_REPRESENTATION_CONTEXT() REPRESENTATION_CONTEXT('2D SPACE',''
  ) );
#2267 = PCURVE('',#2268,#2273);
#2268 = PLANE('',#2269);
#2269 = AXIS2_PLACEMENT_3D('',#2270,#2271,#2272);
#2270 = CARTESIAN_POINT('',(1.6002,10.8966,4.7498));
#2271 = DIRECTION('',(0.,0.,1.));
#2272 = DIRECTION('',(0.,-1.,0.));
#2273 = DEFINITIONAL_REPRESENTATION('',(#2274),#2278);
#2274 = LINE('',#2275,#2276);
#2275 = CARTESIAN_POINT('',(2.794,0.));
#2276 = VECTOR('',#2277,1.);
#2277 = DIRECTION('',(0.,1.));
#2278 = ( GEOMETRIC_REPRESENTATION_CONTEXT(2) 
PARAMETRIC_REPRESENTATION_CONTEXT() REPRESENTATION_CONTEXT('2D SPACE',''
  ) );
#2279 = ORIENTED_EDGE('',*,*,#2280,.T.);
#2280 = EDGE_CURVE('',#2253,#2281,#2283,.T.);
#2281 = VERTEX_POINT('',#2282);
#2282 = CARTESIAN_POINT('',(11.0998,8.1026,-4.7498));
#2283 = SURFACE_CURVE('',#2284,(#2288,#2295),.PCURVE_S1.);
#2284 = LINE('',#2285,#2286);
#2285 = CARTESIAN_POINT('',(11.0998,8.1026,4.7498));
#2286 = VECTOR('',#2287,1.);
#2287 = DIRECTION('',(0.,0.,-1.));
#2288 = PCURVE('',#531,#2289);
#2289 = DEFINITIONAL_REPRESENTATION('',(#2290),#2294);
#2290 = LINE('',#2291,#2292);
#2291 = CARTESIAN_POINT('',(12.2174,0.3556));
#2292 = VECTOR('',#2293,1.);
#2293 = DIRECTION('',(-1.,0.));
#2294 = ( GEOMETRIC_REPRESENTATION_CONTEXT(2) 
PARAMETRIC_REPRESENTATION_CONTEXT() REPRESENTATION_CONTEXT('2D SPACE',''
  ) );
#2295 = PCURVE('',#2296,#2301);
#2296 = PLANE('',#2297);
#2297 = AXIS2_PLACEMENT_3D('',#2298,#2299,#2300);
#2298 = CARTESIAN_POINT('',(11.0998,0.,0.));
#2299 = DIRECTION('',(1.,0.,0.));
#2300 = DIRECTION('',(0.,0.,-1.));
#2301 = DEFINITIONAL_REPRESENTATION('',(#2302),#2306);
#2302 = LINE('',#2303,#2304);
#2303 = CARTESIAN_POINT('',(-4.7498,8.1026));
#2304 = VECTOR('',#2305,1.);
#2305 = DIRECTION('',(1.,0.));
#2306 = ( GEOMETRIC_REPRESENTATION_CONTEXT(2) 
PARAMETRIC_REPRESENTATION_CONTEXT() REPRESENTATION_CONTEXT('2D SPACE',''
  ) );
#2307 = ORIENTED_EDGE('',*,*,#2308,.F.);
#2308 = EDGE_CURVE('',#2225,#2281,#2309,.T.);
#2309 = SURFACE_CURVE('',#2310,(#2314,#2321),.PCURVE_S1.);
#2310 = LINE('',#2311,#2312);
#2311 = CARTESIAN_POINT('',(1.6002,8.1026,-4.7498));
#2312 = VECTOR('',#2313,1.);
#2313 = DIRECTION('',(1.,0.,0.));
#2314 = PCURVE('',#531,#2315);
#2315 = DEFINITIONAL_REPRESENTATION('',(#2316),#2320);
#2316 = LINE('',#2317,#2318);
#2317 = CARTESIAN_POINT('',(2.7178,9.8552));
#2318 = VECTOR('',#2319,1.);
#2319 = DIRECTION('',(0.,-1.));
#2320 = ( GEOMETRIC_REPRESENTATION_CONTEXT(2) 
PARAMETRIC_REPRESENTATION_CONTEXT() REPRESENTATION_CONTEXT('2D SPACE',''
  ) );
#2321 = PCURVE('',#2322,#2327);
#2322 = PLANE('',#2323);
#2323 = AXIS2_PLACEMENT_3D('',#2324,#2325,#2326);
#2324 = CARTESIAN_POINT('',(1.6002,0.508,-4.7498));
#2325 = DIRECTION('',(0.,0.,-1.));
#2326 = DIRECTION('',(0.,1.,0.));
#2327 = DEFINITIONAL_REPRESENTATION('',(#2328),#2332);
#2328 = LINE('',#2329,#2330);
#2329 = CARTESIAN_POINT('',(7.5946,0.));
#2330 = VECTOR('',#2331,1.);
#2331 = DIRECTION('',(0.,1.));
#2332 = ( GEOMETRIC_REPRESENTATION_CONTEXT(2) 
PARAMETRIC_REPRESENTATION_CONTEXT() REPRESENTATION_CONTEXT('2D SPACE',''
  ) );
#2333 = ADVANCED_FACE('',(#2334),#2240,.F.);
#2334 = FACE_BOUND('',#2335,.F.);
#2335 = EDGE_LOOP('',(#2336,#2337,#2360,#2388));
#2336 = ORIENTED_EDGE('',*,*,#2222,.T.);
#2337 = ORIENTED_EDGE('',*,*,#2338,.T.);
#2338 = EDGE_CURVE('',#2225,#2339,#2341,.T.);
#2339 = VERTEX_POINT('',#2340);
#2340 = CARTESIAN_POINT('',(1.6002,10.8966,-4.7498));
#2341 = SURFACE_CURVE('',#2342,(#2346,#2353),.PCURVE_S1.);
#2342 = LINE('',#2343,#2344);
#2343 = CARTESIAN_POINT('',(1.6002,8.1026,-4.7498));
#2344 = VECTOR('',#2345,1.);
#2345 = DIRECTION('',(0.,1.,0.));
#2346 = PCURVE('',#2240,#2347);
#2347 = DEFINITIONAL_REPRESENTATION('',(#2348),#2352);
#2348 = LINE('',#2349,#2350);
#2349 = CARTESIAN_POINT('',(4.7498,8.1026));
#2350 = VECTOR('',#2351,1.);
#2351 = DIRECTION('',(0.,1.));
#2352 = ( GEOMETRIC_REPRESENTATION_CONTEXT(2) 
PARAMETRIC_REPRESENTATION_CONTEXT() REPRESENTATION_CONTEXT('2D SPACE',''
  ) );
#2353 = PCURVE('',#2322,#2354);
#2354 = DEFINITIONAL_REPRESENTATION('',(#2355),#2359);
#2355 = LINE('',#2356,#2357);
#2356 = CARTESIAN_POINT('',(7.5946,0.));
#2357 = VECTOR('',#2358,1.);
#2358 = DIRECTION('',(1.,0.));
#2359 = ( GEOMETRIC_REPRESENTATION_CONTEXT(2) 
PARAMETRIC_REPRESENTATION_CONTEXT() REPRESENTATION_CONTEXT('2D SPACE',''
  ) );
#2360 = ORIENTED_EDGE('',*,*,#2361,.T.);
#2361 = EDGE_CURVE('',#2339,#2362,#2364,.T.);
#2362 = VERTEX_POINT('',#2363);
#2363 = CARTESIAN_POINT('',(1.6002,10.8966,4.7498));
#2364 = SURFACE_CURVE('',#2365,(#2369,#2376),.PCURVE_S1.);
#2365 = LINE('',#2366,#2367);
#2366 = CARTESIAN_POINT('',(1.6002,10.8966,-4.7498));
#2367 = VECTOR('',#2368,1.);
#2368 = DIRECTION('',(0.,0.,1.));
#2369 = PCURVE('',#2240,#2370);
#2370 = DEFINITIONAL_REPRESENTATION('',(#2371),#2375);
#2371 = LINE('',#2372,#2373);
#2372 = CARTESIAN_POINT('',(4.7498,10.8966));
#2373 = VECTOR('',#2374,1.);
#2374 = DIRECTION('',(-1.,0.));
#2375 = ( GEOMETRIC_REPRESENTATION_CONTEXT(2) 
PARAMETRIC_REPRESENTATION_CONTEXT() REPRESENTATION_CONTEXT('2D SPACE',''
  ) );
#2376 = PCURVE('',#2377,#2382);
#2377 = PLANE('',#2378);
#2378 = AXIS2_PLACEMENT_3D('',#2379,#2380,#2381);
#2379 = CARTESIAN_POINT('',(1.6002,10.8966,-4.7498));
#2380 = DIRECTION('',(0.,1.,0.));
#2381 = DIRECTION('',(0.,-0.,1.));
#2382 = DEFINITIONAL_REPRESENTATION('',(#2383),#2387);
#2383 = LINE('',#2384,#2385);
#2384 = CARTESIAN_POINT('',(0.,0.));
#2385 = VECTOR('',#2386,1.);
#2386 = DIRECTION('',(1.,0.));
#2387 = ( GEOMETRIC_REPRESENTATION_CONTEXT(2) 
PARAMETRIC_REPRESENTATION_CONTEXT() REPRESENTATION_CONTEXT('2D SPACE',''
  ) );
#2388 = ORIENTED_EDGE('',*,*,#2389,.T.);
#2389 = EDGE_CURVE('',#2362,#2223,#2390,.T.);
#2390 = SURFACE_CURVE('',#2391,(#2395,#2402),.PCURVE_S1.);
#2391 = LINE('',#2392,#2393);
#2392 = CARTESIAN_POINT('',(1.6002,10.8966,4.7498));
#2393 = VECTOR('',#2394,1.);
#2394 = DIRECTION('',(0.,-1.,0.));
#2395 = PCURVE('',#2240,#2396);
#2396 = DEFINITIONAL_REPRESENTATION('',(#2397),#2401);
#2397 = LINE('',#2398,#2399);
#2398 = CARTESIAN_POINT('',(-4.7498,10.8966));
#2399 = VECTOR('',#2400,1.);
#2400 = DIRECTION('',(0.,-1.));
#2401 = ( GEOMETRIC_REPRESENTATION_CONTEXT(2) 
PARAMETRIC_REPRESENTATION_CONTEXT() REPRESENTATION_CONTEXT('2D SPACE',''
  ) );
#2402 = PCURVE('',#2268,#2403);
#2403 = DEFINITIONAL_REPRESENTATION('',(#2404),#2408);
#2404 = LINE('',#2405,#2406);
#2405 = CARTESIAN_POINT('',(0.,0.));
#2406 = VECTOR('',#2407,1.);
#2407 = DIRECTION('',(1.,0.));
#2408 = ( GEOMETRIC_REPRESENTATION_CONTEXT(2) 
PARAMETRIC_REPRESENTATION_CONTEXT() REPRESENTATION_CONTEXT('2D SPACE',''
  ) );
#2409 = ADVANCED_FACE('',(#2410),#2322,.T.);
#2410 = FACE_BOUND('',#2411,.F.);
#2411 = EDGE_LOOP('',(#2412,#2413,#2436,#2457));
#2412 = ORIENTED_EDGE('',*,*,#2308,.T.);
#2413 = ORIENTED_EDGE('',*,*,#2414,.T.);
#2414 = EDGE_CURVE('',#2281,#2415,#2417,.T.);
#2415 = VERTEX_POINT('',#2416);
#2416 = CARTESIAN_POINT('',(11.0998,10.8966,-4.7498));
#2417 = SURFACE_CURVE('',#2418,(#2422,#2429),.PCURVE_S1.);
#2418 = LINE('',#2419,#2420);
#2419 = CARTESIAN_POINT('',(11.0998,8.1026,-4.7498));
#2420 = VECTOR('',#2421,1.);
#2421 = DIRECTION('',(0.,1.,0.));
#2422 = PCURVE('',#2322,#2423);
#2423 = DEFINITIONAL_REPRESENTATION('',(#2424),#2428);
#2424 = LINE('',#2425,#2426);
#2425 = CARTESIAN_POINT('',(7.5946,9.4996));
#2426 = VECTOR('',#2427,1.);
#2427 = DIRECTION('',(1.,0.));
#2428 = ( GEOMETRIC_REPRESENTATION_CONTEXT(2) 
PARAMETRIC_REPRESENTATION_CONTEXT() REPRESENTATION_CONTEXT('2D SPACE',''
  ) );
#2429 = PCURVE('',#2296,#2430);
#2430 = DEFINITIONAL_REPRESENTATION('',(#2431),#2435);
#2431 = LINE('',#2432,#2433);
#2432 = CARTESIAN_POINT('',(4.7498,8.1026));
#2433 = VECTOR('',#2434,1.);
#2434 = DIRECTION('',(0.,1.));
#2435 = ( GEOMETRIC_REPRESENTATION_CONTEXT(2) 
PARAMETRIC_REPRESENTATION_CONTEXT() REPRESENTATION_CONTEXT('2D SPACE',''
  ) );
#2436 = ORIENTED_EDGE('',*,*,#2437,.F.);
#2437 = EDGE_CURVE('',#2339,#2415,#2438,.T.);
#2438 = SURFACE_CURVE('',#2439,(#2443,#2450),.PCURVE_S1.);
#2439 = LINE('',#2440,#2441);
#2440 = CARTESIAN_POINT('',(1.6002,10.8966,-4.7498));
#2441 = VECTOR('',#2442,1.);
#2442 = DIRECTION('',(1.,0.,0.));
#2443 = PCURVE('',#2322,#2444);
#2444 = DEFINITIONAL_REPRESENTATION('',(#2445),#2449);
#2445 = LINE('',#2446,#2447);
#2446 = CARTESIAN_POINT('',(10.3886,0.));
#2447 = VECTOR('',#2448,1.);
#2448 = DIRECTION('',(0.,1.));
#2449 = ( GEOMETRIC_REPRESENTATION_CONTEXT(2) 
PARAMETRIC_REPRESENTATION_CONTEXT() REPRESENTATION_CONTEXT('2D SPACE',''
  ) );
#2450 = PCURVE('',#2377,#2451);
#2451 = DEFINITIONAL_REPRESENTATION('',(#2452),#2456);
#2452 = LINE('',#2453,#2454);
#2453 = CARTESIAN_POINT('',(0.,0.));
#2454 = VECTOR('',#2455,1.);
#2455 = DIRECTION('',(0.,1.));
#2456 = ( GEOMETRIC_REPRESENTATION_CONTEXT(2) 
PARAMETRIC_REPRESENTATION_CONTEXT() REPRESENTATION_CONTEXT('2D SPACE',''
  ) );
#2457 = ORIENTED_EDGE('',*,*,#2338,.F.);
#2458 = ADVANCED_FACE('',(#2459),#2296,.T.);
#2459 = FACE_BOUND('',#2460,.F.);
#2460 = EDGE_LOOP('',(#2461,#2462,#2485,#2506));
#2461 = ORIENTED_EDGE('',*,*,#2280,.F.);
#2462 = ORIENTED_EDGE('',*,*,#2463,.F.);
#2463 = EDGE_CURVE('',#2464,#2253,#2466,.T.);
#2464 = VERTEX_POINT('',#2465);
#2465 = CARTESIAN_POINT('',(11.0998,10.8966,4.7498));
#2466 = SURFACE_CURVE('',#2467,(#2471,#2478),.PCURVE_S1.);
#2467 = LINE('',#2468,#2469);
#2468 = CARTESIAN_POINT('',(11.0998,10.8966,4.7498));
#2469 = VECTOR('',#2470,1.);
#2470 = DIRECTION('',(0.,-1.,0.));
#2471 = PCURVE('',#2296,#2472);
#2472 = DEFINITIONAL_REPRESENTATION('',(#2473),#2477);
#2473 = LINE('',#2474,#2475);
#2474 = CARTESIAN_POINT('',(-4.7498,10.8966));
#2475 = VECTOR('',#2476,1.);
#2476 = DIRECTION('',(0.,-1.));
#2477 = ( GEOMETRIC_REPRESENTATION_CONTEXT(2) 
PARAMETRIC_REPRESENTATION_CONTEXT() REPRESENTATION_CONTEXT('2D SPACE',''
  ) );
#2478 = PCURVE('',#2268,#2479);
#2479 = DEFINITIONAL_REPRESENTATION('',(#2480),#2484);
#2480 = LINE('',#2481,#2482);
#2481 = CARTESIAN_POINT('',(0.,9.4996));
#2482 = VECTOR('',#2483,1.);
#2483 = DIRECTION('',(1.,0.));
#2484 = ( GEOMETRIC_REPRESENTATION_CONTEXT(2) 
PARAMETRIC_REPRESENTATION_CONTEXT() REPRESENTATION_CONTEXT('2D SPACE',''
  ) );
#2485 = ORIENTED_EDGE('',*,*,#2486,.F.);
#2486 = EDGE_CURVE('',#2415,#2464,#2487,.T.);
#2487 = SURFACE_CURVE('',#2488,(#2492,#2499),.PCURVE_S1.);
#2488 = LINE('',#2489,#2490);
#2489 = CARTESIAN_POINT('',(11.0998,10.8966,-4.7498));
#2490 = VECTOR('',#2491,1.);
#2491 = DIRECTION('',(0.,0.,1.));
#2492 = PCURVE('',#2296,#2493);
#2493 = DEFINITIONAL_REPRESENTATION('',(#2494),#2498);
#2494 = LINE('',#2495,#2496);
#2495 = CARTESIAN_POINT('',(4.7498,10.8966));
#2496 = VECTOR('',#2497,1.);
#2497 = DIRECTION('',(-1.,0.));
#2498 = ( GEOMETRIC_REPRESENTATION_CONTEXT(2) 
PARAMETRIC_REPRESENTATION_CONTEXT() REPRESENTATION_CONTEXT('2D SPACE',''
  ) );
#2499 = PCURVE('',#2377,#2500);
#2500 = DEFINITIONAL_REPRESENTATION('',(#2501),#2505);
#2501 = LINE('',#2502,#2503);
#2502 = CARTESIAN_POINT('',(0.,9.4996));
#2503 = VECTOR('',#2504,1.);
#2504 = DIRECTION('',(1.,0.));
#2505 = ( GEOMETRIC_REPRESENTATION_CONTEXT(2) 
PARAMETRIC_REPRESENTATION_CONTEXT() REPRESENTATION_CONTEXT('2D SPACE',''
  ) );
#2506 = ORIENTED_EDGE('',*,*,#2414,.F.);
#2507 = ADVANCED_FACE('',(#2508),#2268,.T.);
#2508 = FACE_BOUND('',#2509,.F.);
#2509 = EDGE_LOOP('',(#2510,#2511,#2512,#2533));
#2510 = ORIENTED_EDGE('',*,*,#2252,.F.);
#2511 = ORIENTED_EDGE('',*,*,#2389,.F.);
#2512 = ORIENTED_EDGE('',*,*,#2513,.T.);
#2513 = EDGE_CURVE('',#2362,#2464,#2514,.T.);
#2514 = SURFACE_CURVE('',#2515,(#2519,#2526),.PCURVE_S1.);
#2515 = LINE('',#2516,#2517);
#2516 = CARTESIAN_POINT('',(1.6002,10.8966,4.7498));
#2517 = VECTOR('',#2518,1.);
#2518 = DIRECTION('',(1.,0.,0.));
#2519 = PCURVE('',#2268,#2520);
#2520 = DEFINITIONAL_REPRESENTATION('',(#2521),#2525);
#2521 = LINE('',#2522,#2523);
#2522 = CARTESIAN_POINT('',(0.,0.));
#2523 = VECTOR('',#2524,1.);
#2524 = DIRECTION('',(0.,1.));
#2525 = ( GEOMETRIC_REPRESENTATION_CONTEXT(2) 
PARAMETRIC_REPRESENTATION_CONTEXT() REPRESENTATION_CONTEXT('2D SPACE',''
  ) );
#2526 = PCURVE('',#2377,#2527);
#2527 = DEFINITIONAL_REPRESENTATION('',(#2528),#2532);
#2528 = LINE('',#2529,#2530);
#2529 = CARTESIAN_POINT('',(9.4996,0.));
#2530 = VECTOR('',#2531,1.);
#2531 = DIRECTION('',(0.,1.));
#2532 = ( GEOMETRIC_REPRESENTATION_CONTEXT(2) 
PARAMETRIC_REPRESENTATION_CONTEXT() REPRESENTATION_CONTEXT('2D SPACE',''
  ) );
#2533 = ORIENTED_EDGE('',*,*,#2463,.T.);
#2534 = ADVANCED_FACE('',(#2535,#2541),#2377,.T.);
#2535 = FACE_BOUND('',#2536,.F.);
#2536 = EDGE_LOOP('',(#2537,#2538,#2539,#2540));
#2537 = ORIENTED_EDGE('',*,*,#2361,.F.);
#2538 = ORIENTED_EDGE('',*,*,#2437,.T.);
#2539 = ORIENTED_EDGE('',*,*,#2486,.T.);
#2540 = ORIENTED_EDGE('',*,*,#2513,.F.);
#2541 = FACE_BOUND('',#2542,.F.);
#2542 = EDGE_LOOP('',(#2543,#2578));
#2543 = ORIENTED_EDGE('',*,*,#2544,.F.);
#2544 = EDGE_CURVE('',#2545,#2547,#2549,.T.);
#2545 = VERTEX_POINT('',#2546);
#2546 = CARTESIAN_POINT('',(6.35,10.8966,-3.81));
#2547 = VERTEX_POINT('',#2548);
#2548 = CARTESIAN_POINT('',(6.35,10.8966,3.81));
#2549 = SURFACE_CURVE('',#2550,(#2555,#2566),.PCURVE_S1.);
#2550 = CIRCLE('',#2551,3.81);
#2551 = AXIS2_PLACEMENT_3D('',#2552,#2553,#2554);
#2552 = CARTESIAN_POINT('',(6.35,10.8966,0.));
#2553 = DIRECTION('',(0.,-1.,0.));
#2554 = DIRECTION('',(0.,0.,-1.));
#2555 = PCURVE('',#2377,#2556);
#2556 = DEFINITIONAL_REPRESENTATION('',(#2557),#2565);
#2557 = ( BOUNDED_CURVE() B_SPLINE_CURVE(2,(#2558,#2559,#2560,#2561,
#2562,#2563,#2564),.UNSPECIFIED.,.T.,.F.) B_SPLINE_CURVE_WITH_KNOTS((1,2
    ,2,2,2,1),(-2.094395102393,0.,2.094395102393,4.188790204786,
6.28318530718,8.377580409573),.UNSPECIFIED.) CURVE() 
GEOMETRIC_REPRESENTATION_ITEM() RATIONAL_B_SPLINE_CURVE((1.,0.5,1.,0.5,
1.,0.5,1.)) REPRESENTATION_ITEM('') );
#2558 = CARTESIAN_POINT('',(0.9398,4.7498));
#2559 = CARTESIAN_POINT('',(0.9398,11.348913576837));
#2560 = CARTESIAN_POINT('',(6.6548,8.049356788419));
#2561 = CARTESIAN_POINT('',(12.3698,4.7498));
#2562 = CARTESIAN_POINT('',(6.6548,1.450243211581));
#2563 = CARTESIAN_POINT('',(0.9398,-1.849313576837));
#2564 = CARTESIAN_POINT('',(0.9398,4.7498));
#2565 = ( GEOMETRIC_REPRESENTATION_CONTEXT(2) 
PARAMETRIC_REPRESENTATION_CONTEXT() REPRESENTATION_CONTEXT('2D SPACE',''
  ) );
#2566 = PCURVE('',#2567,#2572);
#2567 = CYLINDRICAL_SURFACE('',#2568,3.81);
#2568 = AXIS2_PLACEMENT_3D('',#2569,#2570,#2571);
#2569 = CARTESIAN_POINT('',(6.35,13.6779,0.));
#2570 = DIRECTION('',(0.,-1.,0.));
#2571 = DIRECTION('',(0.,0.,1.));
#2572 = DEFINITIONAL_REPRESENTATION('',(#2573),#2577);
#2573 = LINE('',#2574,#2575);
#2574 = CARTESIAN_POINT('',(3.14159265359,2.7813));
#2575 = VECTOR('',#2576,1.);
#2576 = DIRECTION('',(1.,0.));
#2577 = ( GEOMETRIC_REPRESENTATION_CONTEXT(2) 
PARAMETRIC_REPRESENTATION_CONTEXT() REPRESENTATION_CONTEXT('2D SPACE',''
  ) );
#2578 = ORIENTED_EDGE('',*,*,#2579,.F.);
#2579 = EDGE_CURVE('',#2547,#2545,#2580,.T.);
#2580 = SURFACE_CURVE('',#2581,(#2586,#2597),.PCURVE_S1.);
#2581 = CIRCLE('',#2582,3.81);
#2582 = AXIS2_PLACEMENT_3D('',#2583,#2584,#2585);
#2583 = CARTESIAN_POINT('',(6.35,10.8966,0.));
#2584 = DIRECTION('',(0.,-1.,0.));
#2585 = DIRECTION('',(0.,0.,1.));
#2586 = PCURVE('',#2377,#2587);
#2587 = DEFINITIONAL_REPRESENTATION('',(#2588),#2596);
#2588 = ( BOUNDED_CURVE() B_SPLINE_CURVE(2,(#2589,#2590,#2591,#2592,
#2593,#2594,#2595),.UNSPECIFIED.,.T.,.F.) B_SPLINE_CURVE_WITH_KNOTS((1,2
    ,2,2,2,1),(-2.094395102393,0.,2.094395102393,4.188790204786,
6.28318530718,8.377580409573),.UNSPECIFIED.) CURVE() 
GEOMETRIC_REPRESENTATION_ITEM() RATIONAL_B_SPLINE_CURVE((1.,0.5,1.,0.5,
1.,0.5,1.)) REPRESENTATION_ITEM('') );
#2589 = CARTESIAN_POINT('',(8.5598,4.7498));
#2590 = CARTESIAN_POINT('',(8.5598,-1.849313576837));
#2591 = CARTESIAN_POINT('',(2.8448,1.450243211581));
#2592 = CARTESIAN_POINT('',(-2.8702,4.7498));
#2593 = CARTESIAN_POINT('',(2.8448,8.049356788419));
#2594 = CARTESIAN_POINT('',(8.5598,11.348913576837));
#2595 = CARTESIAN_POINT('',(8.5598,4.7498));
#2596 = ( GEOMETRIC_REPRESENTATION_CONTEXT(2) 
PARAMETRIC_REPRESENTATION_CONTEXT() REPRESENTATION_CONTEXT('2D SPACE',''
  ) );
#2597 = PCURVE('',#2598,#2603);
#2598 = CYLINDRICAL_SURFACE('',#2599,3.81);
#2599 = AXIS2_PLACEMENT_3D('',#2600,#2601,#2602);
#2600 = CARTESIAN_POINT('',(6.35,13.6779,0.));
#2601 = DIRECTION('',(0.,-1.,0.));
#2602 = DIRECTION('',(0.,0.,1.));
#2603 = DEFINITIONAL_REPRESENTATION('',(#2604),#2608);
#2604 = LINE('',#2605,#2606);
#2605 = CARTESIAN_POINT('',(0.,2.7813));
#2606 = VECTOR('',#2607,1.);
#2607 = DIRECTION('',(1.,0.));
#2608 = ( GEOMETRIC_REPRESENTATION_CONTEXT(2) 
PARAMETRIC_REPRESENTATION_CONTEXT() REPRESENTATION_CONTEXT('2D SPACE',''
  ) );
#2609 = ADVANCED_FACE('',(#2610),#2567,.T.);
#2610 = FACE_BOUND('',#2611,.T.);
#2611 = EDGE_LOOP('',(#2612,#2635,#2664,#2685));
#2612 = ORIENTED_EDGE('',*,*,#2613,.T.);
#2613 = EDGE_CURVE('',#2545,#2614,#2616,.T.);
#2614 = VERTEX_POINT('',#2615);
#2615 = CARTESIAN_POINT('',(6.35,12.2174,-3.81));
#2616 = SURFACE_CURVE('',#2617,(#2621,#2628),.PCURVE_S1.);
#2617 = LINE('',#2618,#2619);
#2618 = CARTESIAN_POINT('',(6.35,10.8966,-3.81));
#2619 = VECTOR('',#2620,1.);
#2620 = DIRECTION('',(0.,1.,0.));
#2621 = PCURVE('',#2567,#2622);
#2622 = DEFINITIONAL_REPRESENTATION('',(#2623),#2627);
#2623 = LINE('',#2624,#2625);
#2624 = CARTESIAN_POINT('',(3.14159265359,2.7813));
#2625 = VECTOR('',#2626,1.);
#2626 = DIRECTION('',(0.,-1.));
#2627 = ( GEOMETRIC_REPRESENTATION_CONTEXT(2) 
PARAMETRIC_REPRESENTATION_CONTEXT() REPRESENTATION_CONTEXT('2D SPACE',''
  ) );
#2628 = PCURVE('',#2598,#2629);
#2629 = DEFINITIONAL_REPRESENTATION('',(#2630),#2634);
#2630 = LINE('',#2631,#2632);
#2631 = CARTESIAN_POINT('',(3.14159265359,2.7813));
#2632 = VECTOR('',#2633,1.);
#2633 = DIRECTION('',(0.,-1.));
#2634 = ( GEOMETRIC_REPRESENTATION_CONTEXT(2) 
PARAMETRIC_REPRESENTATION_CONTEXT() REPRESENTATION_CONTEXT('2D SPACE',''
  ) );
#2635 = ORIENTED_EDGE('',*,*,#2636,.T.);
#2636 = EDGE_CURVE('',#2614,#2637,#2639,.T.);
#2637 = VERTEX_POINT('',#2638);
#2638 = CARTESIAN_POINT('',(6.35,12.2174,3.81));
#2639 = SURFACE_CURVE('',#2640,(#2645,#2652),.PCURVE_S1.);
#2640 = CIRCLE('',#2641,3.81);
#2641 = AXIS2_PLACEMENT_3D('',#2642,#2643,#2644);
#2642 = CARTESIAN_POINT('',(6.35,12.2174,0.));
#2643 = DIRECTION('',(0.,-1.,0.));
#2644 = DIRECTION('',(0.,0.,-1.));
#2645 = PCURVE('',#2567,#2646);
#2646 = DEFINITIONAL_REPRESENTATION('',(#2647),#2651);
#2647 = LINE('',#2648,#2649);
#2648 = CARTESIAN_POINT('',(3.14159265359,1.4605));
#2649 = VECTOR('',#2650,1.);
#2650 = DIRECTION('',(1.,0.));
#2651 = ( GEOMETRIC_REPRESENTATION_CONTEXT(2) 
PARAMETRIC_REPRESENTATION_CONTEXT() REPRESENTATION_CONTEXT('2D SPACE',''
  ) );
#2652 = PCURVE('',#2653,#2658);
#2653 = TOROIDAL_SURFACE('',#2654,2.54,1.27);
#2654 = AXIS2_PLACEMENT_3D('',#2655,#2656,#2657);
#2655 = CARTESIAN_POINT('',(6.35,12.2174,0.));
#2656 = DIRECTION('',(0.,-1.,0.));
#2657 = DIRECTION('',(0.,0.,1.));
#2658 = DEFINITIONAL_REPRESENTATION('',(#2659),#2663);
#2659 = LINE('',#2660,#2661);
#2660 = CARTESIAN_POINT('',(3.14159265359,6.28318530718));
#2661 = VECTOR('',#2662,1.);
#2662 = DIRECTION('',(1.,0.));
#2663 = ( GEOMETRIC_REPRESENTATION_CONTEXT(2) 
PARAMETRIC_REPRESENTATION_CONTEXT() REPRESENTATION_CONTEXT('2D SPACE',''
  ) );
#2664 = ORIENTED_EDGE('',*,*,#2665,.F.);
#2665 = EDGE_CURVE('',#2547,#2637,#2666,.T.);
#2666 = SURFACE_CURVE('',#2667,(#2671,#2678),.PCURVE_S1.);
#2667 = LINE('',#2668,#2669);
#2668 = CARTESIAN_POINT('',(6.35,10.8966,3.81));
#2669 = VECTOR('',#2670,1.);
#2670 = DIRECTION('',(0.,1.,0.));
#2671 = PCURVE('',#2567,#2672);
#2672 = DEFINITIONAL_REPRESENTATION('',(#2673),#2677);
#2673 = LINE('',#2674,#2675);
#2674 = CARTESIAN_POINT('',(6.28318530718,2.7813));
#2675 = VECTOR('',#2676,1.);
#2676 = DIRECTION('',(0.,-1.));
#2677 = ( GEOMETRIC_REPRESENTATION_CONTEXT(2) 
PARAMETRIC_REPRESENTATION_CONTEXT() REPRESENTATION_CONTEXT('2D SPACE',''
  ) );
#2678 = PCURVE('',#2598,#2679);
#2679 = DEFINITIONAL_REPRESENTATION('',(#2680),#2684);
#2680 = LINE('',#2681,#2682);
#2681 = CARTESIAN_POINT('',(0.,2.7813));
#2682 = VECTOR('',#2683,1.);
#2683 = DIRECTION('',(0.,-1.));
#2684 = ( GEOMETRIC_REPRESENTATION_CONTEXT(2) 
PARAMETRIC_REPRESENTATION_CONTEXT() REPRESENTATION_CONTEXT('2D SPACE',''
  ) );
#2685 = ORIENTED_EDGE('',*,*,#2544,.F.);
#2686 = ADVANCED_FACE('',(#2687),#2598,.T.);
#2687 = FACE_BOUND('',#2688,.T.);
#2688 = EDGE_LOOP('',(#2689,#2690,#2717,#2718));
#2689 = ORIENTED_EDGE('',*,*,#2665,.T.);
#2690 = ORIENTED_EDGE('',*,*,#2691,.F.);
#2691 = EDGE_CURVE('',#2614,#2637,#2692,.T.);
#2692 = SURFACE_CURVE('',#2693,(#2698,#2705),.PCURVE_S1.);
#2693 = CIRCLE('',#2694,3.81);
#2694 = AXIS2_PLACEMENT_3D('',#2695,#2696,#2697);
#2695 = CARTESIAN_POINT('',(6.35,12.2174,0.));
#2696 = DIRECTION('',(0.,1.,0.));
#2697 = DIRECTION('',(0.,0.,-1.));
#2698 = PCURVE('',#2598,#2699);
#2699 = DEFINITIONAL_REPRESENTATION('',(#2700),#2704);
#2700 = LINE('',#2701,#2702);
#2701 = CARTESIAN_POINT('',(3.14159265359,1.4605));
#2702 = VECTOR('',#2703,1.);
#2703 = DIRECTION('',(-1.,0.));
#2704 = ( GEOMETRIC_REPRESENTATION_CONTEXT(2) 
PARAMETRIC_REPRESENTATION_CONTEXT() REPRESENTATION_CONTEXT('2D SPACE',''
  ) );
#2705 = PCURVE('',#2706,#2711);
#2706 = TOROIDAL_SURFACE('',#2707,2.54,1.27);
#2707 = AXIS2_PLACEMENT_3D('',#2708,#2709,#2710);
#2708 = CARTESIAN_POINT('',(6.35,12.2174,0.));
#2709 = DIRECTION('',(0.,-1.,0.));
#2710 = DIRECTION('',(0.,0.,1.));
#2711 = DEFINITIONAL_REPRESENTATION('',(#2712),#2716);
#2712 = LINE('',#2713,#2714);
#2713 = CARTESIAN_POINT('',(3.14159265359,6.28318530718));
#2714 = VECTOR('',#2715,1.);
#2715 = DIRECTION('',(-1.,0.));
#2716 = ( GEOMETRIC_REPRESENTATION_CONTEXT(2) 
PARAMETRIC_REPRESENTATION_CONTEXT() REPRESENTATION_CONTEXT('2D SPACE',''
  ) );
#2717 = ORIENTED_EDGE('',*,*,#2613,.F.);
#2718 = ORIENTED_EDGE('',*,*,#2579,.F.);
#2719 = ADVANCED_FACE('',(#2720),#2706,.T.);
#2720 = FACE_BOUND('',#2721,.T.);
#2721 = EDGE_LOOP('',(#2722,#2746,#2747,#2771,#2804,#2892,#2921,#3009));
#2722 = ORIENTED_EDGE('',*,*,#2723,.F.);
#2723 = EDGE_CURVE('',#2614,#2724,#2726,.T.);
#2724 = VERTEX_POINT('',#2725);
#2725 = CARTESIAN_POINT('',(6.35,13.4874,-2.54));
#2726 = SURFACE_CURVE('',#2727,(#2732,#2739),.PCURVE_S1.);
#2727 = CIRCLE('',#2728,1.27);
#2728 = AXIS2_PLACEMENT_3D('',#2729,#2730,#2731);
#2729 = CARTESIAN_POINT('',(6.35,12.2174,-2.54));
#2730 = DIRECTION('',(1.,0.,0.));
#2731 = DIRECTION('',(0.,0.,-1.));
#2732 = PCURVE('',#2706,#2733);
#2733 = DEFINITIONAL_REPRESENTATION('',(#2734),#2738);
#2734 = LINE('',#2735,#2736);
#2735 = CARTESIAN_POINT('',(3.14159265359,6.28318530718));
#2736 = VECTOR('',#2737,1.);
#2737 = DIRECTION('',(0.,-1.));
#2738 = ( GEOMETRIC_REPRESENTATION_CONTEXT(2) 
PARAMETRIC_REPRESENTATION_CONTEXT() REPRESENTATION_CONTEXT('2D SPACE',''
  ) );
#2739 = PCURVE('',#2653,#2740);
#2740 = DEFINITIONAL_REPRESENTATION('',(#2741),#2745);
#2741 = LINE('',#2742,#2743);
#2742 = CARTESIAN_POINT('',(3.14159265359,6.28318530718));
#2743 = VECTOR('',#2744,1.);
#2744 = DIRECTION('',(0.,-1.));
#2745 = ( GEOMETRIC_REPRESENTATION_CONTEXT(2) 
PARAMETRIC_REPRESENTATION_CONTEXT() REPRESENTATION_CONTEXT('2D SPACE',''
  ) );
#2746 = ORIENTED_EDGE('',*,*,#2691,.T.);
#2747 = ORIENTED_EDGE('',*,*,#2748,.T.);
#2748 = EDGE_CURVE('',#2637,#2749,#2751,.T.);
#2749 = VERTEX_POINT('',#2750);
#2750 = CARTESIAN_POINT('',(6.35,13.4874,2.54));
#2751 = SURFACE_CURVE('',#2752,(#2757,#2764),.PCURVE_S1.);
#2752 = CIRCLE('',#2753,1.27);
#2753 = AXIS2_PLACEMENT_3D('',#2754,#2755,#2756);
#2754 = CARTESIAN_POINT('',(6.35,12.2174,2.54));
#2755 = DIRECTION('',(-1.,0.,0.));
#2756 = DIRECTION('',(0.,0.,1.));
#2757 = PCURVE('',#2706,#2758);
#2758 = DEFINITIONAL_REPRESENTATION('',(#2759),#2763);
#2759 = LINE('',#2760,#2761);
#2760 = CARTESIAN_POINT('',(0.,6.28318530718));
#2761 = VECTOR('',#2762,1.);
#2762 = DIRECTION('',(0.,-1.));
#2763 = ( GEOMETRIC_REPRESENTATION_CONTEXT(2) 
PARAMETRIC_REPRESENTATION_CONTEXT() REPRESENTATION_CONTEXT('2D SPACE',''
  ) );
#2764 = PCURVE('',#2653,#2765);
#2765 = DEFINITIONAL_REPRESENTATION('',(#2766),#2770);
#2766 = LINE('',#2767,#2768);
#2767 = CARTESIAN_POINT('',(6.28318530718,6.28318530718));
#2768 = VECTOR('',#2769,1.);
#2769 = DIRECTION('',(0.,-1.));
#2770 = ( GEOMETRIC_REPRESENTATION_CONTEXT(2) 
PARAMETRIC_REPRESENTATION_CONTEXT() REPRESENTATION_CONTEXT('2D SPACE',''
  ) );
#2771 = ORIENTED_EDGE('',*,*,#2772,.F.);
#2772 = EDGE_CURVE('',#2773,#2749,#2775,.T.);
#2773 = VERTEX_POINT('',#2774);
#2774 = CARTESIAN_POINT('',(3.890655575158,13.4874,0.635));
#2775 = SURFACE_CURVE('',#2776,(#2781,#2788),.PCURVE_S1.);
#2776 = CIRCLE('',#2777,2.54);
#2777 = AXIS2_PLACEMENT_3D('',#2778,#2779,#2780);
#2778 = CARTESIAN_POINT('',(6.35,13.4874,0.));
#2779 = DIRECTION('',(0.,1.,0.));
#2780 = DIRECTION('',(-0.968245836552,0.,0.25));
#2781 = PCURVE('',#2706,#2782);
#2782 = DEFINITIONAL_REPRESENTATION('',(#2783),#2787);
#2783 = LINE('',#2784,#2785);
#2784 = CARTESIAN_POINT('',(1.318116071653,4.712388980385));
#2785 = VECTOR('',#2786,1.);
#2786 = DIRECTION('',(-1.,0.));
#2787 = ( GEOMETRIC_REPRESENTATION_CONTEXT(2) 
PARAMETRIC_REPRESENTATION_CONTEXT() REPRESENTATION_CONTEXT('2D SPACE',''
  ) );
#2788 = PCURVE('',#2789,#2794);
#2789 = PLANE('',#2790);
#2790 = AXIS2_PLACEMENT_3D('',#2791,#2792,#2793);
#2791 = CARTESIAN_POINT('',(6.35,13.4874,0.));
#2792 = DIRECTION('',(0.,-1.,0.));
#2793 = DIRECTION('',(0.,0.,1.));
#2794 = DEFINITIONAL_REPRESENTATION('',(#2795),#2803);
#2795 = ( BOUNDED_CURVE() B_SPLINE_CURVE(2,(#2796,#2797,#2798,#2799,
#2800,#2801,#2802),.UNSPECIFIED.,.T.,.F.) B_SPLINE_CURVE_WITH_KNOTS((1,2
    ,2,2,2,1),(-2.094395102393,0.,2.094395102393,4.188790204786,
6.28318530718,8.377580409573),.UNSPECIFIED.) CURVE() 
GEOMETRIC_REPRESENTATION_ITEM() RATIONAL_B_SPLINE_CURVE((1.,0.5,1.,0.5,
1.,0.5,1.)) REPRESENTATION_ITEM('') );
#2796 = CARTESIAN_POINT('',(0.635,2.459344424842));
#2797 = CARTESIAN_POINT('',(4.894709497137,1.359492162036));
#2798 = CARTESIAN_POINT('',(1.812354748569,-1.779598343824));
#2799 = CARTESIAN_POINT('',(-1.27,-4.918688849683));
#2800 = CARTESIAN_POINT('',(-2.447354748569,-0.679746081018));
#2801 = CARTESIAN_POINT('',(-3.624709497137,3.559196687648));
#2802 = CARTESIAN_POINT('',(0.635,2.459344424842));
#2803 = ( GEOMETRIC_REPRESENTATION_CONTEXT(2) 
PARAMETRIC_REPRESENTATION_CONTEXT() REPRESENTATION_CONTEXT('2D SPACE',''
  ) );
#2804 = ORIENTED_EDGE('',*,*,#2805,.T.);
#2805 = EDGE_CURVE('',#2773,#2806,#2808,.T.);
#2806 = VERTEX_POINT('',#2807);
#2807 = CARTESIAN_POINT('',(2.595609875153,12.2936,0.635));
#2808 = SURFACE_CURVE('',#2809,(#2821,#2872),.PCURVE_S1.);
#2809 = B_SPLINE_CURVE_WITH_KNOTS('',3,(#2810,#2811,#2812,#2813,#2814,
    #2815,#2816,#2817,#2818,#2819,#2820),.UNSPECIFIED.,.F.,.F.,(4,1,1,1,
    1,1,1,1,4),(0.,0.125,0.25,0.375,0.5,0.625,0.75,0.875,1.),
  .QUASI_UNIFORM_KNOTS.);
#2810 = CARTESIAN_POINT('',(3.890655575158,13.4874,0.635));
#2811 = CARTESIAN_POINT('',(3.805006640147,13.4874,0.635));
#2812 = CARTESIAN_POINT('',(3.638627918518,13.47143662099,0.635));
#2813 = CARTESIAN_POINT('',(3.400671175743,13.402656828372,0.635));
#2814 = CARTESIAN_POINT('',(3.183736388943,13.292945839587,0.635));
#2815 = CARTESIAN_POINT('',(2.991862496606,13.145694209542,0.635));
#2816 = CARTESIAN_POINT('',(2.83157689984,12.965895821342,0.635));
#2817 = CARTESIAN_POINT('',(2.707602633709,12.758655379367,0.635));
#2818 = CARTESIAN_POINT('',(2.625337571964,12.530971192183,0.635));
#2819 = CARTESIAN_POINT('',(2.60051474546,12.374057855109,0.635));
#2820 = CARTESIAN_POINT('',(2.595609875153,12.2936,0.635));
#2821 = PCURVE('',#2706,#2822);
#2822 = DEFINITIONAL_REPRESENTATION('',(#2823),#2871);
#2823 = B_SPLINE_CURVE_WITH_KNOTS('',3,(#2824,#2825,#2826,#2827,#2828,
    #2829,#2830,#2831,#2832,#2833,#2834,#2835,#2836,#2837,#2838,#2839,
    #2840,#2841,#2842,#2843,#2844,#2845,#2846,#2847,#2848,#2849,#2850,
    #2851,#2852,#2853,#2854,#2855,#2856,#2857,#2858,#2859,#2860,#2861,
    #2862,#2863,#2864,#2865,#2866,#2867,#2868,#2869,#2870),
  .UNSPECIFIED.,.F.,.F.,(4,1,1,1,1,1,1,1,1,1,1,1,1,1,1,1,1,1,1,1,1,1,1,1
    ,1,1,1,1,1,1,1,1,1,1,1,1,1,1,1,1,1,1,1,1,4),(0.,2.272727272727E-02,
    4.545454545455E-02,6.818181818182E-02,9.090909090909E-02,
    0.113636363636,0.136363636364,0.159090909091,0.181818181818,
    0.204545454545,0.227272727273,0.25,0.272727272727,0.295454545455,
    0.318181818182,0.340909090909,0.363636363636,0.386363636364,
    0.409090909091,0.431818181818,0.454545454545,0.477272727273,0.5,
    0.522727272727,0.545454545455,0.568181818182,0.590909090909,
    0.613636363636,0.636363636364,0.659090909091,0.681818181818,
    0.704545454545,0.727272727273,0.75,0.772727272727,0.795454545455,
    0.818181818182,0.840909090909,0.863636363636,0.886363636364,
    0.909090909091,0.931818181818,0.954545454545,0.977272727273,1.),
  .QUASI_UNIFORM_KNOTS.);
#2824 = CARTESIAN_POINT('',(1.318116071653,4.712388980385));
#2825 = CARTESIAN_POINT('',(1.319648696641,4.7242614704));
#2826 = CARTESIAN_POINT('',(1.322643750263,4.747896484314));
#2827 = CARTESIAN_POINT('',(1.32693921277,4.783073403539));
#2828 = CARTESIAN_POINT('',(1.331051474031,4.818028908333));
#2829 = CARTESIAN_POINT('',(1.334992891317,4.852817569141));
#2830 = CARTESIAN_POINT('',(1.338774709278,4.887491272412));
#2831 = CARTESIAN_POINT('',(1.342407989056,4.922108076805));
#2832 = CARTESIAN_POINT('',(1.345899309047,4.956689912088));
#2833 = CARTESIAN_POINT('',(1.349251440324,4.991223181505));
#2834 = CARTESIAN_POINT('',(1.352467897657,5.025701041684));
#2835 = CARTESIAN_POINT('',(1.355551909403,5.06011438111));
#2836 = CARTESIAN_POINT('',(1.358506669375,5.094454589179));
#2837 = CARTESIAN_POINT('',(1.361335271218,5.128713256955));
#2838 = CARTESIAN_POINT('',(1.364042842525,5.162906069635));
#2839 = CARTESIAN_POINT('',(1.366634160901,5.197048269867));
#2840 = CARTESIAN_POINT('',(1.369113708415,5.231154904142));
#2841 = CARTESIAN_POINT('',(1.371485646019,5.265240206846));
#2842 = CARTESIAN_POINT('',(1.373753978855,5.299319848622));
#2843 = CARTESIAN_POINT('',(1.375921915255,5.333400879292));
#2844 = CARTESIAN_POINT('',(1.377991946791,5.367481788932));
#2845 = CARTESIAN_POINT('',(1.379966522962,5.401562742884));
#2846 = CARTESIAN_POINT('',(1.38184790557,5.435643532376));
#2847 = CARTESIAN_POINT('',(1.383638210555,5.469724331534));
#2848 = CARTESIAN_POINT('',(1.385339403412,5.50380578259));
#2849 = CARTESIAN_POINT('',(1.386953871965,5.537894477145));
#2850 = CARTESIAN_POINT('',(1.388483816272,5.571996820238));
#2851 = CARTESIAN_POINT('',(1.389931262348,5.606119311879));
#2852 = CARTESIAN_POINT('',(1.391298058946,5.640268234275));
#2853 = CARTESIAN_POINT('',(1.392585916053,5.674451238141));
#2854 = CARTESIAN_POINT('',(1.393796263767,5.708670778131));
#2855 = CARTESIAN_POINT('',(1.394930265549,5.742923949137));
#2856 = CARTESIAN_POINT('',(1.395988968089,5.77720928326));
#2857 = CARTESIAN_POINT('',(1.396973269826,5.811525505691));
#2858 = CARTESIAN_POINT('',(1.397883929838,5.845872059375));
#2859 = CARTESIAN_POINT('',(1.398721567601,5.880249446034));
#2860 = CARTESIAN_POINT('',(1.399487231566,5.914637228569));
#2861 = CARTESIAN_POINT('',(1.400181809868,5.949013690135));
#2862 = CARTESIAN_POINT('',(1.400806025108,5.983355563639));
#2863 = CARTESIAN_POINT('',(1.401360474199,6.017641975425));
#2864 = CARTESIAN_POINT('',(1.401845486663,6.051841619414));
#2865 = CARTESIAN_POINT('',(1.402261769835,6.085973081499));
#2866 = CARTESIAN_POINT('',(1.402610396193,6.12010537105));
#2867 = CARTESIAN_POINT('',(1.402892155124,6.154297600502));
#2868 = CARTESIAN_POINT('',(1.403107721276,6.188611849284));
#2869 = CARTESIAN_POINT('',(1.40320760484,6.211609722124));
#2870 = CARTESIAN_POINT('',(1.403246675754,6.223149248734));
#2871 = ( GEOMETRIC_REPRESENTATION_CONTEXT(2) 
PARAMETRIC_REPRESENTATION_CONTEXT() REPRESENTATION_CONTEXT('2D SPACE',''
  ) );
#2872 = PCURVE('',#2873,#2878);
#2873 = PLANE('',#2874);
#2874 = AXIS2_PLACEMENT_3D('',#2875,#2876,#2877);
#2875 = CARTESIAN_POINT('',(10.16,13.5636,0.635));
#2876 = DIRECTION('',(0.,0.,1.));
#2877 = DIRECTION('',(0.,-1.,0.));
#2878 = DEFINITIONAL_REPRESENTATION('',(#2879),#2891);
#2879 = B_SPLINE_CURVE_WITH_KNOTS('',3,(#2880,#2881,#2882,#2883,#2884,
    #2885,#2886,#2887,#2888,#2889,#2890),.UNSPECIFIED.,.F.,.F.,(4,1,1,1,
    1,1,1,1,4),(0.,0.125,0.25,0.375,0.5,0.625,0.75,0.875,1.),
  .QUASI_UNIFORM_KNOTS.);
#2880 = CARTESIAN_POINT('',(7.62E-02,-6.269344424842));
#2881 = CARTESIAN_POINT('',(7.62E-02,-6.354993359853));
#2882 = CARTESIAN_POINT('',(9.216337901044E-02,-6.521372081482));
#2883 = CARTESIAN_POINT('',(0.160943171628,-6.759328824257));
#2884 = CARTESIAN_POINT('',(0.270654160413,-6.976263611057));
#2885 = CARTESIAN_POINT('',(0.417905790458,-7.168137503394));
#2886 = CARTESIAN_POINT('',(0.597704178658,-7.32842310016));
#2887 = CARTESIAN_POINT('',(0.804944620633,-7.452397366291));
#2888 = CARTESIAN_POINT('',(1.032628807817,-7.534662428036));
#2889 = CARTESIAN_POINT('',(1.189542144891,-7.55948525454));
#2890 = CARTESIAN_POINT('',(1.27,-7.564390124847));
#2891 = ( GEOMETRIC_REPRESENTATION_CONTEXT(2) 
PARAMETRIC_REPRESENTATION_CONTEXT() REPRESENTATION_CONTEXT('2D SPACE',''
  ) );
#2892 = ORIENTED_EDGE('',*,*,#2893,.T.);
#2893 = EDGE_CURVE('',#2806,#2894,#2896,.T.);
#2894 = VERTEX_POINT('',#2895);
#2895 = CARTESIAN_POINT('',(2.595609875153,12.2936,-0.635));
#2896 = SURFACE_CURVE('',#2897,(#2902,#2909),.PCURVE_S1.);
#2897 = CIRCLE('',#2898,3.807711938889);
#2898 = AXIS2_PLACEMENT_3D('',#2899,#2900,#2901);
#2899 = CARTESIAN_POINT('',(6.35,12.2936,0.));
#2900 = DIRECTION('',(0.,-1.,0.));
#2901 = DIRECTION('',(-0.98599636346,0.,0.166766816973));
#2902 = PCURVE('',#2706,#2903);
#2903 = DEFINITIONAL_REPRESENTATION('',(#2904),#2908);
#2904 = LINE('',#2905,#2906);
#2905 = CARTESIAN_POINT('',(1.403246675754,6.223149248734));
#2906 = VECTOR('',#2907,1.);
#2907 = DIRECTION('',(1.,0.));
#2908 = ( GEOMETRIC_REPRESENTATION_CONTEXT(2) 
PARAMETRIC_REPRESENTATION_CONTEXT() REPRESENTATION_CONTEXT('2D SPACE',''
  ) );
#2909 = PCURVE('',#2910,#2915);
#2910 = PLANE('',#2911);
#2911 = AXIS2_PLACEMENT_3D('',#2912,#2913,#2914);
#2912 = CARTESIAN_POINT('',(10.16,12.2936,0.635));
#2913 = DIRECTION('',(0.,-1.,0.));
#2914 = DIRECTION('',(0.,0.,-1.));
#2915 = DEFINITIONAL_REPRESENTATION('',(#2916),#2920);
#2916 = CIRCLE('',#2917,3.807711938889);
#2917 = AXIS2_PLACEMENT_2D('',#2918,#2919);
#2918 = CARTESIAN_POINT('',(0.635,-3.81));
#2919 = DIRECTION('',(-0.166766816973,-0.98599636346));
#2920 = ( GEOMETRIC_REPRESENTATION_CONTEXT(2) 
PARAMETRIC_REPRESENTATION_CONTEXT() REPRESENTATION_CONTEXT('2D SPACE',''
  ) );
#2921 = ORIENTED_EDGE('',*,*,#2922,.T.);
#2922 = EDGE_CURVE('',#2894,#2923,#2925,.T.);
#2923 = VERTEX_POINT('',#2924);
#2924 = CARTESIAN_POINT('',(3.890655575158,13.4874,-0.635));
#2925 = SURFACE_CURVE('',#2926,(#2938,#2989),.PCURVE_S1.);
#2926 = B_SPLINE_CURVE_WITH_KNOTS('',3,(#2927,#2928,#2929,#2930,#2931,
    #2932,#2933,#2934,#2935,#2936,#2937),.UNSPECIFIED.,.F.,.F.,(4,1,1,1,
    1,1,1,1,4),(0.,0.125,0.25,0.375,0.5,0.625,0.75,0.875,1.),
  .QUASI_UNIFORM_KNOTS.);
#2927 = CARTESIAN_POINT('',(2.595609875153,12.2936,-0.635));
#2928 = CARTESIAN_POINT('',(2.600493106202,12.373702891948,-0.635));
#2929 = CARTESIAN_POINT('',(2.625154078594,12.529936118289,-0.635));
#2930 = CARTESIAN_POINT('',(2.706648068733,12.756468577891,-0.635));
#2931 = CARTESIAN_POINT('',(2.829624635771,12.963102193403,-0.635));
#2932 = CARTESIAN_POINT('',(2.988382683881,13.142337701485,-0.635));
#2933 = CARTESIAN_POINT('',(3.17884171653,13.289804404374,-0.635));
#2934 = CARTESIAN_POINT('',(3.394983753997,13.400430730139,-0.635));
#2935 = CARTESIAN_POINT('',(3.63400535769,13.47072651165,-0.635));
#2936 = CARTESIAN_POINT('',(3.803165666994,13.4874,-0.635));
#2937 = CARTESIAN_POINT('',(3.890655575158,13.4874,-0.635));
#2938 = PCURVE('',#2706,#2939);
#2939 = DEFINITIONAL_REPRESENTATION('',(#2940),#2988);
#2940 = B_SPLINE_CURVE_WITH_KNOTS('',3,(#2941,#2942,#2943,#2944,#2945,
    #2946,#2947,#2948,#2949,#2950,#2951,#2952,#2953,#2954,#2955,#2956,
    #2957,#2958,#2959,#2960,#2961,#2962,#2963,#2964,#2965,#2966,#2967,
    #2968,#2969,#2970,#2971,#2972,#2973,#2974,#2975,#2976,#2977,#2978,
    #2979,#2980,#2981,#2982,#2983,#2984,#2985,#2986,#2987),
  .UNSPECIFIED.,.F.,.F.,(4,1,1,1,1,1,1,1,1,1,1,1,1,1,1,1,1,1,1,1,1,1,1,1
    ,1,1,1,1,1,1,1,1,1,1,1,1,1,1,1,1,1,1,1,1,4),(0.,2.272727272727E-02,
    4.545454545455E-02,6.818181818182E-02,9.090909090909E-02,
    0.113636363636,0.136363636364,0.159090909091,0.181818181818,
    0.204545454545,0.227272727273,0.25,0.272727272727,0.295454545455,
    0.318181818182,0.340909090909,0.363636363636,0.386363636364,
    0.409090909091,0.431818181818,0.454545454545,0.477272727273,0.5,
    0.522727272727,0.545454545455,0.568181818182,0.590909090909,
    0.613636363636,0.636363636364,0.659090909091,0.681818181818,
    0.704545454545,0.727272727273,0.75,0.772727272727,0.795454545455,
    0.818181818182,0.840909090909,0.863636363636,0.886363636364,
    0.909090909091,0.931818181818,0.954545454545,0.977272727273,1.),
  .QUASI_UNIFORM_KNOTS.);
#2941 = CARTESIAN_POINT('',(1.738345977836,6.223149248734));
#2942 = CARTESIAN_POINT('',(1.738384876174,6.211660640317));
#2943 = CARTESIAN_POINT('',(1.738484243417,6.188763978295));
#2944 = CARTESIAN_POINT('',(1.738698467951,6.154601340738));
#2945 = CARTESIAN_POINT('',(1.738978266153,6.120562141912));
#2946 = CARTESIAN_POINT('',(1.739324254897,6.086586092308));
#2947 = CARTESIAN_POINT('',(1.739737166553,6.052615761995));
#2948 = CARTESIAN_POINT('',(1.740217995818,6.01858446316));
#2949 = CARTESIAN_POINT('',(1.740767443994,5.984473140755));
#2950 = CARTESIAN_POINT('',(1.741385908858,5.950309731172));
#2951 = CARTESIAN_POINT('',(1.742074037967,5.916112256706));
#2952 = CARTESIAN_POINT('',(1.742832608009,5.881900943023));
#2953 = CARTESIAN_POINT('',(1.743662559492,5.847694518769));
#2954 = CARTESIAN_POINT('',(1.744564994154,5.813510472862));
#2955 = CARTESIAN_POINT('',(1.745540412588,5.779351656815));
#2956 = CARTESIAN_POINT('',(1.746589448472,5.745222030251));
#2957 = CARTESIAN_POINT('',(1.747712864525,5.711126369013));
#2958 = CARTESIAN_POINT('',(1.748911572527,5.67706938836));
#2959 = CARTESIAN_POINT('',(1.750186554772,5.643058136516));
#2960 = CARTESIAN_POINT('',(1.751539219839,5.6090898271));
#2961 = CARTESIAN_POINT('',(1.752971429427,5.575151989882));
#2962 = CARTESIAN_POINT('',(1.754485154286,5.54123441738));
#2963 = CARTESIAN_POINT('',(1.756082559603,5.50732644775));
#2964 = CARTESIAN_POINT('',(1.757765991189,5.473417637869));
#2965 = CARTESIAN_POINT('',(1.759537994547,5.439497474437));
#2966 = CARTESIAN_POINT('',(1.761400661696,5.405564473821));
#2967 = CARTESIAN_POINT('',(1.763356247611,5.371617449016));
#2968 = CARTESIAN_POINT('',(1.765407164586,5.337655502145));
#2969 = CARTESIAN_POINT('',(1.76755603758,5.303677156172));
#2970 = CARTESIAN_POINT('',(1.76980551798,5.26968287839));
#2971 = CARTESIAN_POINT('',(1.772159154119,5.235662820787));
#2972 = CARTESIAN_POINT('',(1.774621495526,5.201596569893));
#2973 = CARTESIAN_POINT('',(1.777197269508,5.167465253667));
#2974 = CARTESIAN_POINT('',(1.779891596171,5.133248910124));
#2975 = CARTESIAN_POINT('',(1.782709960392,5.098927268103));
#2976 = CARTESIAN_POINT('',(1.785658278838,5.064479581466));
#2977 = CARTESIAN_POINT('',(1.788740541918,5.029910520604));
#2978 = CARTESIAN_POINT('',(1.791960944547,4.99522442906));
#2979 = CARTESIAN_POINT('',(1.795323843186,4.960425628614));
#2980 = CARTESIAN_POINT('',(1.798833985766,4.925516041293));
#2981 = CARTESIAN_POINT('',(1.802495633563,4.890502971279));
#2982 = CARTESIAN_POINT('',(1.806316516447,4.855362747174));
#2983 = CARTESIAN_POINT('',(1.810308439012,4.820039917459));
#2984 = CARTESIAN_POINT('',(1.814483594878,4.784483603495));
#2985 = CARTESIAN_POINT('',(1.81885535941,4.748640016218));
#2986 = CARTESIAN_POINT('',(1.821911023769,4.724516616949));
#2987 = CARTESIAN_POINT('',(1.823476581937,4.712388980385));
#2988 = ( GEOMETRIC_REPRESENTATION_CONTEXT(2) 
PARAMETRIC_REPRESENTATION_CONTEXT() REPRESENTATION_CONTEXT('2D SPACE',''
  ) );
#2989 = PCURVE('',#2990,#2995);
#2990 = PLANE('',#2991);
#2991 = AXIS2_PLACEMENT_3D('',#2992,#2993,#2994);
#2992 = CARTESIAN_POINT('',(10.16,12.2936,-0.635));
#2993 = DIRECTION('',(0.,0.,-1.));
#2994 = DIRECTION('',(0.,1.,0.));
#2995 = DEFINITIONAL_REPRESENTATION('',(#2996),#3008);
#2996 = B_SPLINE_CURVE_WITH_KNOTS('',3,(#2997,#2998,#2999,#3000,#3001,
    #3002,#3003,#3004,#3005,#3006,#3007),.UNSPECIFIED.,.F.,.F.,(4,1,1,1,
    1,1,1,1,4),(0.,0.125,0.25,0.375,0.5,0.625,0.75,0.875,1.),
  .QUASI_UNIFORM_KNOTS.);
#2997 = CARTESIAN_POINT('',(0.,-7.564390124847));
#2998 = CARTESIAN_POINT('',(8.010289194782E-02,-7.559506893798));
#2999 = CARTESIAN_POINT('',(0.236336118289,-7.534845921406));
#3000 = CARTESIAN_POINT('',(0.462868577891,-7.453351931267));
#3001 = CARTESIAN_POINT('',(0.669502193403,-7.330375364229));
#3002 = CARTESIAN_POINT('',(0.848737701485,-7.171617316119));
#3003 = CARTESIAN_POINT('',(0.996204404374,-6.98115828347));
#3004 = CARTESIAN_POINT('',(1.106830730139,-6.765016246003));
#3005 = CARTESIAN_POINT('',(1.17712651165,-6.52599464231));
#3006 = CARTESIAN_POINT('',(1.1938,-6.356834333006));
#3007 = CARTESIAN_POINT('',(1.1938,-6.269344424842));
#3008 = ( GEOMETRIC_REPRESENTATION_CONTEXT(2) 
PARAMETRIC_REPRESENTATION_CONTEXT() REPRESENTATION_CONTEXT('2D SPACE',''
  ) );
#3009 = ORIENTED_EDGE('',*,*,#3010,.F.);
#3010 = EDGE_CURVE('',#2724,#2923,#3011,.T.);
#3011 = SURFACE_CURVE('',#3012,(#3017,#3024),.PCURVE_S1.);
#3012 = CIRCLE('',#3013,2.54);
#3013 = AXIS2_PLACEMENT_3D('',#3014,#3015,#3016);
#3014 = CARTESIAN_POINT('',(6.35,13.4874,0.));
#3015 = DIRECTION('',(0.,1.,0.));
#3016 = DIRECTION('',(0.,0.,-1.));
#3017 = PCURVE('',#2706,#3018);
#3018 = DEFINITIONAL_REPRESENTATION('',(#3019),#3023);
#3019 = LINE('',#3020,#3021);
#3020 = CARTESIAN_POINT('',(3.14159265359,4.712388980385));
#3021 = VECTOR('',#3022,1.);
#3022 = DIRECTION('',(-1.,0.));
#3023 = ( GEOMETRIC_REPRESENTATION_CONTEXT(2) 
PARAMETRIC_REPRESENTATION_CONTEXT() REPRESENTATION_CONTEXT('2D SPACE',''
  ) );
#3024 = PCURVE('',#3025,#3030);
#3025 = PLANE('',#3026);
#3026 = AXIS2_PLACEMENT_3D('',#3027,#3028,#3029);
#3027 = CARTESIAN_POINT('',(6.35,13.4874,0.));
#3028 = DIRECTION('',(0.,-1.,0.));
#3029 = DIRECTION('',(0.,0.,1.));
#3030 = DEFINITIONAL_REPRESENTATION('',(#3031),#3039);
#3031 = ( BOUNDED_CURVE() B_SPLINE_CURVE(2,(#3032,#3033,#3034,#3035,
#3036,#3037,#3038),.UNSPECIFIED.,.T.,.F.) B_SPLINE_CURVE_WITH_KNOTS((1,2
    ,2,2,2,1),(-2.094395102393,0.,2.094395102393,4.188790204786,
6.28318530718,8.377580409573),.UNSPECIFIED.) CURVE() 
GEOMETRIC_REPRESENTATION_ITEM() RATIONAL_B_SPLINE_CURVE((1.,0.5,1.,0.5,
1.,0.5,1.)) REPRESENTATION_ITEM('') );
#3032 = CARTESIAN_POINT('',(-2.54,0.));
#3033 = CARTESIAN_POINT('',(-2.54,4.399409051225));
#3034 = CARTESIAN_POINT('',(1.27,2.199704525612));
#3035 = CARTESIAN_POINT('',(5.08,6.221205739669E-16));
#3036 = CARTESIAN_POINT('',(1.27,-2.199704525612));
#3037 = CARTESIAN_POINT('',(-2.54,-4.399409051225));
#3038 = CARTESIAN_POINT('',(-2.54,0.));
#3039 = ( GEOMETRIC_REPRESENTATION_CONTEXT(2) 
PARAMETRIC_REPRESENTATION_CONTEXT() REPRESENTATION_CONTEXT('2D SPACE',''
  ) );
#3040 = ADVANCED_FACE('',(#3041),#3025,.F.);
#3041 = FACE_BOUND('',#3042,.F.);
#3042 = EDGE_LOOP('',(#3043,#3078,#3099,#3100,#3124,#3152,#3185,#3213,
    #3241));
#3043 = ORIENTED_EDGE('',*,*,#3044,.F.);
#3044 = EDGE_CURVE('',#3045,#3047,#3049,.T.);
#3045 = VERTEX_POINT('',#3046);
#3046 = CARTESIAN_POINT('',(5.334,13.4874,-0.635));
#3047 = VERTEX_POINT('',#3048);
#3048 = CARTESIAN_POINT('',(5.715,13.4874,-1.016));
#3049 = SURFACE_CURVE('',#3050,(#3055,#3066),.PCURVE_S1.);
#3050 = CIRCLE('',#3051,0.381);
#3051 = AXIS2_PLACEMENT_3D('',#3052,#3053,#3054);
#3052 = CARTESIAN_POINT('',(5.334,13.4874,-1.016));
#3053 = DIRECTION('',(0.,1.,0.));
#3054 = DIRECTION('',(0.,-0.,1.));
#3055 = PCURVE('',#3025,#3056);
#3056 = DEFINITIONAL_REPRESENTATION('',(#3057),#3065);
#3057 = ( BOUNDED_CURVE() B_SPLINE_CURVE(2,(#3058,#3059,#3060,#3061,
#3062,#3063,#3064),.UNSPECIFIED.,.T.,.F.) B_SPLINE_CURVE_WITH_KNOTS((1,2
    ,2,2,2,1),(-2.094395102393,0.,2.094395102393,4.188790204786,
6.28318530718,8.377580409573),.UNSPECIFIED.) CURVE() 
GEOMETRIC_REPRESENTATION_ITEM() RATIONAL_B_SPLINE_CURVE((1.,0.5,1.,0.5,
1.,0.5,1.)) REPRESENTATION_ITEM('') );
#3058 = CARTESIAN_POINT('',(-0.635,1.016));
#3059 = CARTESIAN_POINT('',(-0.635,0.356088642316));
#3060 = CARTESIAN_POINT('',(-1.2065,0.686044321158));
#3061 = CARTESIAN_POINT('',(-1.778,1.016));
#3062 = CARTESIAN_POINT('',(-1.2065,1.345955678842));
#3063 = CARTESIAN_POINT('',(-0.635,1.675911357684));
#3064 = CARTESIAN_POINT('',(-0.635,1.016));
#3065 = ( GEOMETRIC_REPRESENTATION_CONTEXT(2) 
PARAMETRIC_REPRESENTATION_CONTEXT() REPRESENTATION_CONTEXT('2D SPACE',''
  ) );
#3066 = PCURVE('',#3067,#3072);
#3067 = CYLINDRICAL_SURFACE('',#3068,0.381);
#3068 = AXIS2_PLACEMENT_3D('',#3069,#3070,#3071);
#3069 = CARTESIAN_POINT('',(5.334,13.4874,-1.016));
#3070 = DIRECTION('',(0.,1.,0.));
#3071 = DIRECTION('',(1.,0.,0.));
#3072 = DEFINITIONAL_REPRESENTATION('',(#3073),#3077);
#3073 = LINE('',#3074,#3075);
#3074 = CARTESIAN_POINT('',(4.712388980385,0.));
#3075 = VECTOR('',#3076,1.);
#3076 = DIRECTION('',(1.,0.));
#3077 = ( GEOMETRIC_REPRESENTATION_CONTEXT(2) 
PARAMETRIC_REPRESENTATION_CONTEXT() REPRESENTATION_CONTEXT('2D SPACE',''
  ) );
#3078 = ORIENTED_EDGE('',*,*,#3079,.F.);
#3079 = EDGE_CURVE('',#2923,#3045,#3080,.T.);
#3080 = SURFACE_CURVE('',#3081,(#3085,#3092),.PCURVE_S1.);
#3081 = LINE('',#3082,#3083);
#3082 = CARTESIAN_POINT('',(3.890655575158,13.4874,-0.635));
#3083 = VECTOR('',#3084,1.);
#3084 = DIRECTION('',(1.,0.,0.));
#3085 = PCURVE('',#3025,#3086);
#3086 = DEFINITIONAL_REPRESENTATION('',(#3087),#3091);
#3087 = LINE('',#3088,#3089);
#3088 = CARTESIAN_POINT('',(-0.635,2.459344424842));
#3089 = VECTOR('',#3090,1.);
#3090 = DIRECTION('',(0.,-1.));
#3091 = ( GEOMETRIC_REPRESENTATION_CONTEXT(2) 
PARAMETRIC_REPRESENTATION_CONTEXT() REPRESENTATION_CONTEXT('2D SPACE',''
  ) );
#3092 = PCURVE('',#2990,#3093);
#3093 = DEFINITIONAL_REPRESENTATION('',(#3094),#3098);
#3094 = LINE('',#3095,#3096);
#3095 = CARTESIAN_POINT('',(1.1938,-6.269344424842));
#3096 = VECTOR('',#3097,1.);
#3097 = DIRECTION('',(0.,1.));
#3098 = ( GEOMETRIC_REPRESENTATION_CONTEXT(2) 
PARAMETRIC_REPRESENTATION_CONTEXT() REPRESENTATION_CONTEXT('2D SPACE',''
  ) );
#3099 = ORIENTED_EDGE('',*,*,#3010,.F.);
#3100 = ORIENTED_EDGE('',*,*,#3101,.T.);
#3101 = EDGE_CURVE('',#2724,#3102,#3104,.T.);
#3102 = VERTEX_POINT('',#3103);
#3103 = CARTESIAN_POINT('',(8.809344424842,13.4874,-0.635));
#3104 = SURFACE_CURVE('',#3105,(#3110,#3117),.PCURVE_S1.);
#3105 = CIRCLE('',#3106,2.54);
#3106 = AXIS2_PLACEMENT_3D('',#3107,#3108,#3109);
#3107 = CARTESIAN_POINT('',(6.35,13.4874,0.));
#3108 = DIRECTION('',(0.,-1.,0.));
#3109 = DIRECTION('',(0.,0.,-1.));
#3110 = PCURVE('',#3025,#3111);
#3111 = DEFINITIONAL_REPRESENTATION('',(#3112),#3116);
#3112 = CIRCLE('',#3113,2.54);
#3113 = AXIS2_PLACEMENT_2D('',#3114,#3115);
#3114 = CARTESIAN_POINT('',(0.,0.));
#3115 = DIRECTION('',(-1.,0.));
#3116 = ( GEOMETRIC_REPRESENTATION_CONTEXT(2) 
PARAMETRIC_REPRESENTATION_CONTEXT() REPRESENTATION_CONTEXT('2D SPACE',''
  ) );
#3117 = PCURVE('',#2653,#3118);
#3118 = DEFINITIONAL_REPRESENTATION('',(#3119),#3123);
#3119 = LINE('',#3120,#3121);
#3120 = CARTESIAN_POINT('',(3.14159265359,4.712388980385));
#3121 = VECTOR('',#3122,1.);
#3122 = DIRECTION('',(1.,0.));
#3123 = ( GEOMETRIC_REPRESENTATION_CONTEXT(2) 
PARAMETRIC_REPRESENTATION_CONTEXT() REPRESENTATION_CONTEXT('2D SPACE',''
  ) );
#3124 = ORIENTED_EDGE('',*,*,#3125,.F.);
#3125 = EDGE_CURVE('',#3126,#3102,#3128,.T.);
#3126 = VERTEX_POINT('',#3127);
#3127 = CARTESIAN_POINT('',(7.366,13.4874,-0.635));
#3128 = SURFACE_CURVE('',#3129,(#3133,#3140),.PCURVE_S1.);
#3129 = LINE('',#3130,#3131);
#3130 = CARTESIAN_POINT('',(7.366,13.4874,-0.635));
#3131 = VECTOR('',#3132,1.);
#3132 = DIRECTION('',(1.,0.,0.));
#3133 = PCURVE('',#3025,#3134);
#3134 = DEFINITIONAL_REPRESENTATION('',(#3135),#3139);
#3135 = LINE('',#3136,#3137);
#3136 = CARTESIAN_POINT('',(-0.635,-1.016));
#3137 = VECTOR('',#3138,1.);
#3138 = DIRECTION('',(0.,-1.));
#3139 = ( GEOMETRIC_REPRESENTATION_CONTEXT(2) 
PARAMETRIC_REPRESENTATION_CONTEXT() REPRESENTATION_CONTEXT('2D SPACE',''
  ) );
#3140 = PCURVE('',#3141,#3146);
#3141 = PLANE('',#3142);
#3142 = AXIS2_PLACEMENT_3D('',#3143,#3144,#3145);
#3143 = CARTESIAN_POINT('',(10.16,12.2936,-0.635));
#3144 = DIRECTION('',(0.,0.,-1.));
#3145 = DIRECTION('',(0.,1.,0.));
#3146 = DEFINITIONAL_REPRESENTATION('',(#3147),#3151);
#3147 = LINE('',#3148,#3149);
#3148 = CARTESIAN_POINT('',(1.1938,-2.794));
#3149 = VECTOR('',#3150,1.);
#3150 = DIRECTION('',(0.,1.));
#3151 = ( GEOMETRIC_REPRESENTATION_CONTEXT(2) 
PARAMETRIC_REPRESENTATION_CONTEXT() REPRESENTATION_CONTEXT('2D SPACE',''
  ) );
#3152 = ORIENTED_EDGE('',*,*,#3153,.F.);
#3153 = EDGE_CURVE('',#3154,#3126,#3156,.T.);
#3154 = VERTEX_POINT('',#3155);
#3155 = CARTESIAN_POINT('',(6.985,13.4874,-1.016));
#3156 = SURFACE_CURVE('',#3157,(#3162,#3173),.PCURVE_S1.);
#3157 = CIRCLE('',#3158,0.381);
#3158 = AXIS2_PLACEMENT_3D('',#3159,#3160,#3161);
#3159 = CARTESIAN_POINT('',(7.366,13.4874,-1.016));
#3160 = DIRECTION('',(0.,1.,0.));
#3161 = DIRECTION('',(-1.,0.,2.359223927328E-14));
#3162 = PCURVE('',#3025,#3163);
#3163 = DEFINITIONAL_REPRESENTATION('',(#3164),#3172);
#3164 = ( BOUNDED_CURVE() B_SPLINE_CURVE(2,(#3165,#3166,#3167,#3168,
#3169,#3170,#3171),.UNSPECIFIED.,.T.,.F.) B_SPLINE_CURVE_WITH_KNOTS((1,2
    ,2,2,2,1),(-2.094395102393,0.,2.094395102393,4.188790204786,
6.28318530718,8.377580409573),.UNSPECIFIED.) CURVE() 
GEOMETRIC_REPRESENTATION_ITEM() RATIONAL_B_SPLINE_CURVE((1.,0.5,1.,0.5,
1.,0.5,1.)) REPRESENTATION_ITEM('') );
#3165 = CARTESIAN_POINT('',(-1.016,-0.635));
#3166 = CARTESIAN_POINT('',(-0.356088642316,-0.635));
#3167 = CARTESIAN_POINT('',(-0.686044321158,-1.2065));
#3168 = CARTESIAN_POINT('',(-1.016,-1.778));
#3169 = CARTESIAN_POINT('',(-1.345955678842,-1.2065));
#3170 = CARTESIAN_POINT('',(-1.675911357684,-0.635));
#3171 = CARTESIAN_POINT('',(-1.016,-0.635));
#3172 = ( GEOMETRIC_REPRESENTATION_CONTEXT(2) 
PARAMETRIC_REPRESENTATION_CONTEXT() REPRESENTATION_CONTEXT('2D SPACE',''
  ) );
#3173 = PCURVE('',#3174,#3179);
#3174 = CYLINDRICAL_SURFACE('',#3175,0.381);
#3175 = AXIS2_PLACEMENT_3D('',#3176,#3177,#3178);
#3176 = CARTESIAN_POINT('',(7.366,13.4874,-1.016));
#3177 = DIRECTION('',(0.,1.,0.));
#3178 = DIRECTION('',(1.,0.,0.));
#3179 = DEFINITIONAL_REPRESENTATION('',(#3180),#3184);
#3180 = LINE('',#3181,#3182);
#3181 = CARTESIAN_POINT('',(3.14159265359,0.));
#3182 = VECTOR('',#3183,1.);
#3183 = DIRECTION('',(1.,0.));
#3184 = ( GEOMETRIC_REPRESENTATION_CONTEXT(2) 
PARAMETRIC_REPRESENTATION_CONTEXT() REPRESENTATION_CONTEXT('2D SPACE',''
  ) );
#3185 = ORIENTED_EDGE('',*,*,#3186,.T.);
#3186 = EDGE_CURVE('',#3154,#3187,#3189,.T.);
#3187 = VERTEX_POINT('',#3188);
#3188 = CARTESIAN_POINT('',(6.985,13.4874,-2.286));
#3189 = SURFACE_CURVE('',#3190,(#3194,#3201),.PCURVE_S1.);
#3190 = LINE('',#3191,#3192);
#3191 = CARTESIAN_POINT('',(6.985,13.4874,-1.016));
#3192 = VECTOR('',#3193,1.);
#3193 = DIRECTION('',(0.,0.,-1.));
#3194 = PCURVE('',#3025,#3195);
#3195 = DEFINITIONAL_REPRESENTATION('',(#3196),#3200);
#3196 = LINE('',#3197,#3198);
#3197 = CARTESIAN_POINT('',(-1.016,-0.635));
#3198 = VECTOR('',#3199,1.);
#3199 = DIRECTION('',(-1.,0.));
#3200 = ( GEOMETRIC_REPRESENTATION_CONTEXT(2) 
PARAMETRIC_REPRESENTATION_CONTEXT() REPRESENTATION_CONTEXT('2D SPACE',''
  ) );
#3201 = PCURVE('',#3202,#3207);
#3202 = PLANE('',#3203);
#3203 = AXIS2_PLACEMENT_3D('',#3204,#3205,#3206);
#3204 = CARTESIAN_POINT('',(6.985,13.4874,-1.016));
#3205 = DIRECTION('',(1.,0.,0.));
#3206 = DIRECTION('',(0.,0.,-1.));
#3207 = DEFINITIONAL_REPRESENTATION('',(#3208),#3212);
#3208 = LINE('',#3209,#3210);
#3209 = CARTESIAN_POINT('',(0.,0.));
#3210 = VECTOR('',#3211,1.);
#3211 = DIRECTION('',(1.,0.));
#3212 = ( GEOMETRIC_REPRESENTATION_CONTEXT(2) 
PARAMETRIC_REPRESENTATION_CONTEXT() REPRESENTATION_CONTEXT('2D SPACE',''
  ) );
#3213 = ORIENTED_EDGE('',*,*,#3214,.T.);
#3214 = EDGE_CURVE('',#3187,#3215,#3217,.T.);
#3215 = VERTEX_POINT('',#3216);
#3216 = CARTESIAN_POINT('',(5.715,13.4874,-2.286));
#3217 = SURFACE_CURVE('',#3218,(#3222,#3229),.PCURVE_S1.);
#3218 = LINE('',#3219,#3220);
#3219 = CARTESIAN_POINT('',(6.985,13.4874,-2.286));
#3220 = VECTOR('',#3221,1.);
#3221 = DIRECTION('',(-1.,0.,0.));
#3222 = PCURVE('',#3025,#3223);
#3223 = DEFINITIONAL_REPRESENTATION('',(#3224),#3228);
#3224 = LINE('',#3225,#3226);
#3225 = CARTESIAN_POINT('',(-2.286,-0.635));
#3226 = VECTOR('',#3227,1.);
#3227 = DIRECTION('',(0.,1.));
#3228 = ( GEOMETRIC_REPRESENTATION_CONTEXT(2) 
PARAMETRIC_REPRESENTATION_CONTEXT() REPRESENTATION_CONTEXT('2D SPACE',''
  ) );
#3229 = PCURVE('',#3230,#3235);
#3230 = PLANE('',#3231);
#3231 = AXIS2_PLACEMENT_3D('',#3232,#3233,#3234);
#3232 = CARTESIAN_POINT('',(6.985,13.4874,-2.286));
#3233 = DIRECTION('',(0.,0.,-1.));
#3234 = DIRECTION('',(-1.,0.,0.));
#3235 = DEFINITIONAL_REPRESENTATION('',(#3236),#3240);
#3236 = LINE('',#3237,#3238);
#3237 = CARTESIAN_POINT('',(0.,0.));
#3238 = VECTOR('',#3239,1.);
#3239 = DIRECTION('',(1.,0.));
#3240 = ( GEOMETRIC_REPRESENTATION_CONTEXT(2) 
PARAMETRIC_REPRESENTATION_CONTEXT() REPRESENTATION_CONTEXT('2D SPACE',''
  ) );
#3241 = ORIENTED_EDGE('',*,*,#3242,.T.);
#3242 = EDGE_CURVE('',#3215,#3047,#3243,.T.);
#3243 = SURFACE_CURVE('',#3244,(#3248,#3255),.PCURVE_S1.);
#3244 = LINE('',#3245,#3246);
#3245 = CARTESIAN_POINT('',(5.715,13.4874,-2.286));
#3246 = VECTOR('',#3247,1.);
#3247 = DIRECTION('',(0.,0.,1.));
#3248 = PCURVE('',#3025,#3249);
#3249 = DEFINITIONAL_REPRESENTATION('',(#3250),#3254);
#3250 = LINE('',#3251,#3252);
#3251 = CARTESIAN_POINT('',(-2.286,0.635));
#3252 = VECTOR('',#3253,1.);
#3253 = DIRECTION('',(1.,0.));
#3254 = ( GEOMETRIC_REPRESENTATION_CONTEXT(2) 
PARAMETRIC_REPRESENTATION_CONTEXT() REPRESENTATION_CONTEXT('2D SPACE',''
  ) );
#3255 = PCURVE('',#3256,#3261);
#3256 = PLANE('',#3257);
#3257 = AXIS2_PLACEMENT_3D('',#3258,#3259,#3260);
#3258 = CARTESIAN_POINT('',(5.715,13.4874,-2.286));
#3259 = DIRECTION('',(-1.,0.,0.));
#3260 = DIRECTION('',(0.,0.,1.));
#3261 = DEFINITIONAL_REPRESENTATION('',(#3262),#3266);
#3262 = LINE('',#3263,#3264);
#3263 = CARTESIAN_POINT('',(0.,0.));
#3264 = VECTOR('',#3265,1.);
#3265 = DIRECTION('',(1.,0.));
#3266 = ( GEOMETRIC_REPRESENTATION_CONTEXT(2) 
PARAMETRIC_REPRESENTATION_CONTEXT() REPRESENTATION_CONTEXT('2D SPACE',''
  ) );
#3267 = ADVANCED_FACE('',(#3268),#2789,.F.);
#3268 = FACE_BOUND('',#3269,.F.);
#3269 = EDGE_LOOP('',(#3270,#3305,#3333,#3361,#3389,#3422,#3450,#3472,
    #3473));
#3270 = ORIENTED_EDGE('',*,*,#3271,.F.);
#3271 = EDGE_CURVE('',#3272,#3274,#3276,.T.);
#3272 = VERTEX_POINT('',#3273);
#3273 = CARTESIAN_POINT('',(5.715,13.4874,1.016));
#3274 = VERTEX_POINT('',#3275);
#3275 = CARTESIAN_POINT('',(5.334,13.4874,0.635));
#3276 = SURFACE_CURVE('',#3277,(#3282,#3293),.PCURVE_S1.);
#3277 = CIRCLE('',#3278,0.381);
#3278 = AXIS2_PLACEMENT_3D('',#3279,#3280,#3281);
#3279 = CARTESIAN_POINT('',(5.334,13.4874,1.016));
#3280 = DIRECTION('',(-0.,1.,0.));
#3281 = DIRECTION('',(1.,0.,0.));
#3282 = PCURVE('',#2789,#3283);
#3283 = DEFINITIONAL_REPRESENTATION('',(#3284),#3292);
#3284 = ( BOUNDED_CURVE() B_SPLINE_CURVE(2,(#3285,#3286,#3287,#3288,
#3289,#3290,#3291),.UNSPECIFIED.,.T.,.F.) B_SPLINE_CURVE_WITH_KNOTS((1,2
    ,2,2,2,1),(-2.094395102393,0.,2.094395102393,4.188790204786,
6.28318530718,8.377580409573),.UNSPECIFIED.) CURVE() 
GEOMETRIC_REPRESENTATION_ITEM() RATIONAL_B_SPLINE_CURVE((1.,0.5,1.,0.5,
1.,0.5,1.)) REPRESENTATION_ITEM('') );
#3285 = CARTESIAN_POINT('',(1.016,0.635));
#3286 = CARTESIAN_POINT('',(0.356088642316,0.635));
#3287 = CARTESIAN_POINT('',(0.686044321158,1.2065));
#3288 = CARTESIAN_POINT('',(1.016,1.778));
#3289 = CARTESIAN_POINT('',(1.345955678842,1.2065));
#3290 = CARTESIAN_POINT('',(1.675911357684,0.635));
#3291 = CARTESIAN_POINT('',(1.016,0.635));
#3292 = ( GEOMETRIC_REPRESENTATION_CONTEXT(2) 
PARAMETRIC_REPRESENTATION_CONTEXT() REPRESENTATION_CONTEXT('2D SPACE',''
  ) );
#3293 = PCURVE('',#3294,#3299);
#3294 = CYLINDRICAL_SURFACE('',#3295,0.381);
#3295 = AXIS2_PLACEMENT_3D('',#3296,#3297,#3298);
#3296 = CARTESIAN_POINT('',(5.334,13.4874,1.016));
#3297 = DIRECTION('',(0.,1.,0.));
#3298 = DIRECTION('',(1.,0.,0.));
#3299 = DEFINITIONAL_REPRESENTATION('',(#3300),#3304);
#3300 = LINE('',#3301,#3302);
#3301 = CARTESIAN_POINT('',(0.,0.));
#3302 = VECTOR('',#3303,1.);
#3303 = DIRECTION('',(1.,0.));
#3304 = ( GEOMETRIC_REPRESENTATION_CONTEXT(2) 
PARAMETRIC_REPRESENTATION_CONTEXT() REPRESENTATION_CONTEXT('2D SPACE',''
  ) );
#3305 = ORIENTED_EDGE('',*,*,#3306,.T.);
#3306 = EDGE_CURVE('',#3272,#3307,#3309,.T.);
#3307 = VERTEX_POINT('',#3308);
#3308 = CARTESIAN_POINT('',(5.715,13.4874,2.286));
#3309 = SURFACE_CURVE('',#3310,(#3314,#3321),.PCURVE_S1.);
#3310 = LINE('',#3311,#3312);
#3311 = CARTESIAN_POINT('',(5.715,13.4874,1.016));
#3312 = VECTOR('',#3313,1.);
#3313 = DIRECTION('',(0.,0.,1.));
#3314 = PCURVE('',#2789,#3315);
#3315 = DEFINITIONAL_REPRESENTATION('',(#3316),#3320);
#3316 = LINE('',#3317,#3318);
#3317 = CARTESIAN_POINT('',(1.016,0.635));
#3318 = VECTOR('',#3319,1.);
#3319 = DIRECTION('',(1.,0.));
#3320 = ( GEOMETRIC_REPRESENTATION_CONTEXT(2) 
PARAMETRIC_REPRESENTATION_CONTEXT() REPRESENTATION_CONTEXT('2D SPACE',''
  ) );
#3321 = PCURVE('',#3322,#3327);
#3322 = PLANE('',#3323);
#3323 = AXIS2_PLACEMENT_3D('',#3324,#3325,#3326);
#3324 = CARTESIAN_POINT('',(5.715,13.4874,1.016));
#3325 = DIRECTION('',(-1.,0.,0.));
#3326 = DIRECTION('',(0.,0.,1.));
#3327 = DEFINITIONAL_REPRESENTATION('',(#3328),#3332);
#3328 = LINE('',#3329,#3330);
#3329 = CARTESIAN_POINT('',(0.,0.));
#3330 = VECTOR('',#3331,1.);
#3331 = DIRECTION('',(1.,0.));
#3332 = ( GEOMETRIC_REPRESENTATION_CONTEXT(2) 
PARAMETRIC_REPRESENTATION_CONTEXT() REPRESENTATION_CONTEXT('2D SPACE',''
  ) );
#3333 = ORIENTED_EDGE('',*,*,#3334,.T.);
#3334 = EDGE_CURVE('',#3307,#3335,#3337,.T.);
#3335 = VERTEX_POINT('',#3336);
#3336 = CARTESIAN_POINT('',(6.985,13.4874,2.286));
#3337 = SURFACE_CURVE('',#3338,(#3342,#3349),.PCURVE_S1.);
#3338 = LINE('',#3339,#3340);
#3339 = CARTESIAN_POINT('',(5.715,13.4874,2.286));
#3340 = VECTOR('',#3341,1.);
#3341 = DIRECTION('',(1.,0.,0.));
#3342 = PCURVE('',#2789,#3343);
#3343 = DEFINITIONAL_REPRESENTATION('',(#3344),#3348);
#3344 = LINE('',#3345,#3346);
#3345 = CARTESIAN_POINT('',(2.286,0.635));
#3346 = VECTOR('',#3347,1.);
#3347 = DIRECTION('',(0.,-1.));
#3348 = ( GEOMETRIC_REPRESENTATION_CONTEXT(2) 
PARAMETRIC_REPRESENTATION_CONTEXT() REPRESENTATION_CONTEXT('2D SPACE',''
  ) );
#3349 = PCURVE('',#3350,#3355);
#3350 = PLANE('',#3351);
#3351 = AXIS2_PLACEMENT_3D('',#3352,#3353,#3354);
#3352 = CARTESIAN_POINT('',(5.715,13.4874,2.286));
#3353 = DIRECTION('',(0.,0.,1.));
#3354 = DIRECTION('',(1.,0.,-0.));
#3355 = DEFINITIONAL_REPRESENTATION('',(#3356),#3360);
#3356 = LINE('',#3357,#3358);
#3357 = CARTESIAN_POINT('',(0.,0.));
#3358 = VECTOR('',#3359,1.);
#3359 = DIRECTION('',(1.,0.));
#3360 = ( GEOMETRIC_REPRESENTATION_CONTEXT(2) 
PARAMETRIC_REPRESENTATION_CONTEXT() REPRESENTATION_CONTEXT('2D SPACE',''
  ) );
#3361 = ORIENTED_EDGE('',*,*,#3362,.T.);
#3362 = EDGE_CURVE('',#3335,#3363,#3365,.T.);
#3363 = VERTEX_POINT('',#3364);
#3364 = CARTESIAN_POINT('',(6.985,13.4874,1.016));
#3365 = SURFACE_CURVE('',#3366,(#3370,#3377),.PCURVE_S1.);
#3366 = LINE('',#3367,#3368);
#3367 = CARTESIAN_POINT('',(6.985,13.4874,2.286));
#3368 = VECTOR('',#3369,1.);
#3369 = DIRECTION('',(0.,0.,-1.));
#3370 = PCURVE('',#2789,#3371);
#3371 = DEFINITIONAL_REPRESENTATION('',(#3372),#3376);
#3372 = LINE('',#3373,#3374);
#3373 = CARTESIAN_POINT('',(2.286,-0.635));
#3374 = VECTOR('',#3375,1.);
#3375 = DIRECTION('',(-1.,0.));
#3376 = ( GEOMETRIC_REPRESENTATION_CONTEXT(2) 
PARAMETRIC_REPRESENTATION_CONTEXT() REPRESENTATION_CONTEXT('2D SPACE',''
  ) );
#3377 = PCURVE('',#3378,#3383);
#3378 = PLANE('',#3379);
#3379 = AXIS2_PLACEMENT_3D('',#3380,#3381,#3382);
#3380 = CARTESIAN_POINT('',(6.985,13.4874,2.286));
#3381 = DIRECTION('',(1.,0.,0.));
#3382 = DIRECTION('',(0.,0.,-1.));
#3383 = DEFINITIONAL_REPRESENTATION('',(#3384),#3388);
#3384 = LINE('',#3385,#3386);
#3385 = CARTESIAN_POINT('',(0.,0.));
#3386 = VECTOR('',#3387,1.);
#3387 = DIRECTION('',(1.,0.));
#3388 = ( GEOMETRIC_REPRESENTATION_CONTEXT(2) 
PARAMETRIC_REPRESENTATION_CONTEXT() REPRESENTATION_CONTEXT('2D SPACE',''
  ) );
#3389 = ORIENTED_EDGE('',*,*,#3390,.F.);
#3390 = EDGE_CURVE('',#3391,#3363,#3393,.T.);
#3391 = VERTEX_POINT('',#3392);
#3392 = CARTESIAN_POINT('',(7.366,13.4874,0.635));
#3393 = SURFACE_CURVE('',#3394,(#3399,#3410),.PCURVE_S1.);
#3394 = CIRCLE('',#3395,0.381);
#3395 = AXIS2_PLACEMENT_3D('',#3396,#3397,#3398);
#3396 = CARTESIAN_POINT('',(7.366,13.4874,1.016));
#3397 = DIRECTION('',(0.,1.,0.));
#3398 = DIRECTION('',(0.,0.,-1.));
#3399 = PCURVE('',#2789,#3400);
#3400 = DEFINITIONAL_REPRESENTATION('',(#3401),#3409);
#3401 = ( BOUNDED_CURVE() B_SPLINE_CURVE(2,(#3402,#3403,#3404,#3405,
#3406,#3407,#3408),.UNSPECIFIED.,.T.,.F.) B_SPLINE_CURVE_WITH_KNOTS((1,2
    ,2,2,2,1),(-2.094395102393,0.,2.094395102393,4.188790204786,
6.28318530718,8.377580409573),.UNSPECIFIED.) CURVE() 
GEOMETRIC_REPRESENTATION_ITEM() RATIONAL_B_SPLINE_CURVE((1.,0.5,1.,0.5,
1.,0.5,1.)) REPRESENTATION_ITEM('') );
#3402 = CARTESIAN_POINT('',(0.635,-1.016));
#3403 = CARTESIAN_POINT('',(0.635,-0.356088642316));
#3404 = CARTESIAN_POINT('',(1.2065,-0.686044321158));
#3405 = CARTESIAN_POINT('',(1.778,-1.016));
#3406 = CARTESIAN_POINT('',(1.2065,-1.345955678842));
#3407 = CARTESIAN_POINT('',(0.635,-1.675911357684));
#3408 = CARTESIAN_POINT('',(0.635,-1.016));
#3409 = ( GEOMETRIC_REPRESENTATION_CONTEXT(2) 
PARAMETRIC_REPRESENTATION_CONTEXT() REPRESENTATION_CONTEXT('2D SPACE',''
  ) );
#3410 = PCURVE('',#3411,#3416);
#3411 = CYLINDRICAL_SURFACE('',#3412,0.381);
#3412 = AXIS2_PLACEMENT_3D('',#3413,#3414,#3415);
#3413 = CARTESIAN_POINT('',(7.366,13.4874,1.016));
#3414 = DIRECTION('',(0.,1.,0.));
#3415 = DIRECTION('',(1.,0.,0.));
#3416 = DEFINITIONAL_REPRESENTATION('',(#3417),#3421);
#3417 = LINE('',#3418,#3419);
#3418 = CARTESIAN_POINT('',(1.570796326795,0.));
#3419 = VECTOR('',#3420,1.);
#3420 = DIRECTION('',(1.,0.));
#3421 = ( GEOMETRIC_REPRESENTATION_CONTEXT(2) 
PARAMETRIC_REPRESENTATION_CONTEXT() REPRESENTATION_CONTEXT('2D SPACE',''
  ) );
#3422 = ORIENTED_EDGE('',*,*,#3423,.T.);
#3423 = EDGE_CURVE('',#3391,#3424,#3426,.T.);
#3424 = VERTEX_POINT('',#3425);
#3425 = CARTESIAN_POINT('',(8.809344424842,13.4874,0.635));
#3426 = SURFACE_CURVE('',#3427,(#3431,#3438),.PCURVE_S1.);
#3427 = LINE('',#3428,#3429);
#3428 = CARTESIAN_POINT('',(7.366,13.4874,0.635));
#3429 = VECTOR('',#3430,1.);
#3430 = DIRECTION('',(1.,0.,0.));
#3431 = PCURVE('',#2789,#3432);
#3432 = DEFINITIONAL_REPRESENTATION('',(#3433),#3437);
#3433 = LINE('',#3434,#3435);
#3434 = CARTESIAN_POINT('',(0.635,-1.016));
#3435 = VECTOR('',#3436,1.);
#3436 = DIRECTION('',(0.,-1.));
#3437 = ( GEOMETRIC_REPRESENTATION_CONTEXT(2) 
PARAMETRIC_REPRESENTATION_CONTEXT() REPRESENTATION_CONTEXT('2D SPACE',''
  ) );
#3438 = PCURVE('',#3439,#3444);
#3439 = PLANE('',#3440);
#3440 = AXIS2_PLACEMENT_3D('',#3441,#3442,#3443);
#3441 = CARTESIAN_POINT('',(10.16,13.5636,0.635));
#3442 = DIRECTION('',(0.,0.,1.));
#3443 = DIRECTION('',(0.,-1.,0.));
#3444 = DEFINITIONAL_REPRESENTATION('',(#3445),#3449);
#3445 = LINE('',#3446,#3447);
#3446 = CARTESIAN_POINT('',(7.62E-02,-2.794));
#3447 = VECTOR('',#3448,1.);
#3448 = DIRECTION('',(0.,1.));
#3449 = ( GEOMETRIC_REPRESENTATION_CONTEXT(2) 
PARAMETRIC_REPRESENTATION_CONTEXT() REPRESENTATION_CONTEXT('2D SPACE',''
  ) );
#3450 = ORIENTED_EDGE('',*,*,#3451,.T.);
#3451 = EDGE_CURVE('',#3424,#2749,#3452,.T.);
#3452 = SURFACE_CURVE('',#3453,(#3458,#3465),.PCURVE_S1.);
#3453 = CIRCLE('',#3454,2.54);
#3454 = AXIS2_PLACEMENT_3D('',#3455,#3456,#3457);
#3455 = CARTESIAN_POINT('',(6.35,13.4874,0.));
#3456 = DIRECTION('',(0.,-1.,0.));
#3457 = DIRECTION('',(0.968245836552,0.,0.25));
#3458 = PCURVE('',#2789,#3459);
#3459 = DEFINITIONAL_REPRESENTATION('',(#3460),#3464);
#3460 = CIRCLE('',#3461,2.54);
#3461 = AXIS2_PLACEMENT_2D('',#3462,#3463);
#3462 = CARTESIAN_POINT('',(0.,0.));
#3463 = DIRECTION('',(0.25,-0.968245836552));
#3464 = ( GEOMETRIC_REPRESENTATION_CONTEXT(2) 
PARAMETRIC_REPRESENTATION_CONTEXT() REPRESENTATION_CONTEXT('2D SPACE',''
  ) );
#3465 = PCURVE('',#2653,#3466);
#3466 = DEFINITIONAL_REPRESENTATION('',(#3467),#3471);
#3467 = LINE('',#3468,#3469);
#3468 = CARTESIAN_POINT('',(4.965069235527,4.712388980385));
#3469 = VECTOR('',#3470,1.);
#3470 = DIRECTION('',(1.,0.));
#3471 = ( GEOMETRIC_REPRESENTATION_CONTEXT(2) 
PARAMETRIC_REPRESENTATION_CONTEXT() REPRESENTATION_CONTEXT('2D SPACE',''
  ) );
#3472 = ORIENTED_EDGE('',*,*,#2772,.F.);
#3473 = ORIENTED_EDGE('',*,*,#3474,.T.);
#3474 = EDGE_CURVE('',#2773,#3274,#3475,.T.);
#3475 = SURFACE_CURVE('',#3476,(#3480,#3487),.PCURVE_S1.);
#3476 = LINE('',#3477,#3478);
#3477 = CARTESIAN_POINT('',(3.890655575158,13.4874,0.635));
#3478 = VECTOR('',#3479,1.);
#3479 = DIRECTION('',(1.,0.,0.));
#3480 = PCURVE('',#2789,#3481);
#3481 = DEFINITIONAL_REPRESENTATION('',(#3482),#3486);
#3482 = LINE('',#3483,#3484);
#3483 = CARTESIAN_POINT('',(0.635,2.459344424842));
#3484 = VECTOR('',#3485,1.);
#3485 = DIRECTION('',(0.,-1.));
#3486 = ( GEOMETRIC_REPRESENTATION_CONTEXT(2) 
PARAMETRIC_REPRESENTATION_CONTEXT() REPRESENTATION_CONTEXT('2D SPACE',''
  ) );
#3487 = PCURVE('',#2873,#3488);
#3488 = DEFINITIONAL_REPRESENTATION('',(#3489),#3493);
#3489 = LINE('',#3490,#3491);
#3490 = CARTESIAN_POINT('',(7.62E-02,-6.269344424842));
#3491 = VECTOR('',#3492,1.);
#3492 = DIRECTION('',(0.,1.));
#3493 = ( GEOMETRIC_REPRESENTATION_CONTEXT(2) 
PARAMETRIC_REPRESENTATION_CONTEXT() REPRESENTATION_CONTEXT('2D SPACE',''
  ) );
#3494 = ADVANCED_FACE('',(#3495),#3067,.T.);
#3495 = FACE_BOUND('',#3496,.T.);
#3496 = EDGE_LOOP('',(#3497,#3520,#3553,#3574));
#3497 = ORIENTED_EDGE('',*,*,#3498,.T.);
#3498 = EDGE_CURVE('',#3045,#3499,#3501,.T.);
#3499 = VERTEX_POINT('',#3500);
#3500 = CARTESIAN_POINT('',(5.334,11.4554,-0.635));
#3501 = SURFACE_CURVE('',#3502,(#3506,#3513),.PCURVE_S1.);
#3502 = LINE('',#3503,#3504);
#3503 = CARTESIAN_POINT('',(5.334,13.4874,-0.635));
#3504 = VECTOR('',#3505,1.);
#3505 = DIRECTION('',(0.,-1.,0.));
#3506 = PCURVE('',#3067,#3507);
#3507 = DEFINITIONAL_REPRESENTATION('',(#3508),#3512);
#3508 = LINE('',#3509,#3510);
#3509 = CARTESIAN_POINT('',(4.712388980385,0.));
#3510 = VECTOR('',#3511,1.);
#3511 = DIRECTION('',(0.,-1.));
#3512 = ( GEOMETRIC_REPRESENTATION_CONTEXT(2) 
PARAMETRIC_REPRESENTATION_CONTEXT() REPRESENTATION_CONTEXT('2D SPACE',''
  ) );
#3513 = PCURVE('',#2990,#3514);
#3514 = DEFINITIONAL_REPRESENTATION('',(#3515),#3519);
#3515 = LINE('',#3516,#3517);
#3516 = CARTESIAN_POINT('',(1.1938,-4.826));
#3517 = VECTOR('',#3518,1.);
#3518 = DIRECTION('',(-1.,0.));
#3519 = ( GEOMETRIC_REPRESENTATION_CONTEXT(2) 
PARAMETRIC_REPRESENTATION_CONTEXT() REPRESENTATION_CONTEXT('2D SPACE',''
  ) );
#3520 = ORIENTED_EDGE('',*,*,#3521,.F.);
#3521 = EDGE_CURVE('',#3522,#3499,#3524,.T.);
#3522 = VERTEX_POINT('',#3523);
#3523 = CARTESIAN_POINT('',(5.715,11.4554,-1.016));
#3524 = SURFACE_CURVE('',#3525,(#3530,#3537),.PCURVE_S1.);
#3525 = CIRCLE('',#3526,0.381);
#3526 = AXIS2_PLACEMENT_3D('',#3527,#3528,#3529);
#3527 = CARTESIAN_POINT('',(5.334,11.4554,-1.016));
#3528 = DIRECTION('',(0.,-1.,0.));
#3529 = DIRECTION('',(1.,0.,0.));
#3530 = PCURVE('',#3067,#3531);
#3531 = DEFINITIONAL_REPRESENTATION('',(#3532),#3536);
#3532 = LINE('',#3533,#3534);
#3533 = CARTESIAN_POINT('',(6.28318530718,-2.032));
#3534 = VECTOR('',#3535,1.);
#3535 = DIRECTION('',(-1.,0.));
#3536 = ( GEOMETRIC_REPRESENTATION_CONTEXT(2) 
PARAMETRIC_REPRESENTATION_CONTEXT() REPRESENTATION_CONTEXT('2D SPACE',''
  ) );
#3537 = PCURVE('',#3538,#3543);
#3538 = PLANE('',#3539);
#3539 = AXIS2_PLACEMENT_3D('',#3540,#3541,#3542);
#3540 = CARTESIAN_POINT('',(6.35,11.4554,0.));
#3541 = DIRECTION('',(0.,1.,0.));
#3542 = DIRECTION('',(1.,0.,0.));
#3543 = DEFINITIONAL_REPRESENTATION('',(#3544),#3552);
#3544 = ( BOUNDED_CURVE() B_SPLINE_CURVE(2,(#3545,#3546,#3547,#3548,
#3549,#3550,#3551),.UNSPECIFIED.,.T.,.F.) B_SPLINE_CURVE_WITH_KNOTS((1,2
    ,2,2,2,1),(-2.094395102393,0.,2.094395102393,4.188790204786,
6.28318530718,8.377580409573),.UNSPECIFIED.) CURVE() 
GEOMETRIC_REPRESENTATION_ITEM() RATIONAL_B_SPLINE_CURVE((1.,0.5,1.,0.5,
1.,0.5,1.)) REPRESENTATION_ITEM('') );
#3545 = CARTESIAN_POINT('',(-0.635,1.016));
#3546 = CARTESIAN_POINT('',(-0.635,0.356088642316));
#3547 = CARTESIAN_POINT('',(-1.2065,0.686044321158));
#3548 = CARTESIAN_POINT('',(-1.778,1.016));
#3549 = CARTESIAN_POINT('',(-1.2065,1.345955678842));
#3550 = CARTESIAN_POINT('',(-0.635,1.675911357684));
#3551 = CARTESIAN_POINT('',(-0.635,1.016));
#3552 = ( GEOMETRIC_REPRESENTATION_CONTEXT(2) 
PARAMETRIC_REPRESENTATION_CONTEXT() REPRESENTATION_CONTEXT('2D SPACE',''
  ) );
#3553 = ORIENTED_EDGE('',*,*,#3554,.F.);
#3554 = EDGE_CURVE('',#3047,#3522,#3555,.T.);
#3555 = SURFACE_CURVE('',#3556,(#3560,#3567),.PCURVE_S1.);
#3556 = LINE('',#3557,#3558);
#3557 = CARTESIAN_POINT('',(5.715,13.4874,-1.016));
#3558 = VECTOR('',#3559,1.);
#3559 = DIRECTION('',(0.,-1.,0.));
#3560 = PCURVE('',#3067,#3561);
#3561 = DEFINITIONAL_REPRESENTATION('',(#3562),#3566);
#3562 = LINE('',#3563,#3564);
#3563 = CARTESIAN_POINT('',(6.28318530718,0.));
#3564 = VECTOR('',#3565,1.);
#3565 = DIRECTION('',(0.,-1.));
#3566 = ( GEOMETRIC_REPRESENTATION_CONTEXT(2) 
PARAMETRIC_REPRESENTATION_CONTEXT() REPRESENTATION_CONTEXT('2D SPACE',''
  ) );
#3567 = PCURVE('',#3256,#3568);
#3568 = DEFINITIONAL_REPRESENTATION('',(#3569),#3573);
#3569 = LINE('',#3570,#3571);
#3570 = CARTESIAN_POINT('',(1.27,0.));
#3571 = VECTOR('',#3572,1.);
#3572 = DIRECTION('',(0.,-1.));
#3573 = ( GEOMETRIC_REPRESENTATION_CONTEXT(2) 
PARAMETRIC_REPRESENTATION_CONTEXT() REPRESENTATION_CONTEXT('2D SPACE',''
  ) );
#3574 = ORIENTED_EDGE('',*,*,#3044,.F.);
#3575 = ADVANCED_FACE('',(#3576),#3256,.F.);
#3576 = FACE_BOUND('',#3577,.F.);
#3577 = EDGE_LOOP('',(#3578,#3601,#3622,#3623));
#3578 = ORIENTED_EDGE('',*,*,#3579,.T.);
#3579 = EDGE_CURVE('',#3215,#3580,#3582,.T.);
#3580 = VERTEX_POINT('',#3581);
#3581 = CARTESIAN_POINT('',(5.715,11.4554,-2.286));
#3582 = SURFACE_CURVE('',#3583,(#3587,#3594),.PCURVE_S1.);
#3583 = LINE('',#3584,#3585);
#3584 = CARTESIAN_POINT('',(5.715,13.4874,-2.286));
#3585 = VECTOR('',#3586,1.);
#3586 = DIRECTION('',(0.,-1.,0.));
#3587 = PCURVE('',#3256,#3588);
#3588 = DEFINITIONAL_REPRESENTATION('',(#3589),#3593);
#3589 = LINE('',#3590,#3591);
#3590 = CARTESIAN_POINT('',(0.,0.));
#3591 = VECTOR('',#3592,1.);
#3592 = DIRECTION('',(0.,-1.));
#3593 = ( GEOMETRIC_REPRESENTATION_CONTEXT(2) 
PARAMETRIC_REPRESENTATION_CONTEXT() REPRESENTATION_CONTEXT('2D SPACE',''
  ) );
#3594 = PCURVE('',#3230,#3595);
#3595 = DEFINITIONAL_REPRESENTATION('',(#3596),#3600);
#3596 = LINE('',#3597,#3598);
#3597 = CARTESIAN_POINT('',(1.27,0.));
#3598 = VECTOR('',#3599,1.);
#3599 = DIRECTION('',(0.,-1.));
#3600 = ( GEOMETRIC_REPRESENTATION_CONTEXT(2) 
PARAMETRIC_REPRESENTATION_CONTEXT() REPRESENTATION_CONTEXT('2D SPACE',''
  ) );
#3601 = ORIENTED_EDGE('',*,*,#3602,.T.);
#3602 = EDGE_CURVE('',#3580,#3522,#3603,.T.);
#3603 = SURFACE_CURVE('',#3604,(#3608,#3615),.PCURVE_S1.);
#3604 = LINE('',#3605,#3606);
#3605 = CARTESIAN_POINT('',(5.715,11.4554,-2.286));
#3606 = VECTOR('',#3607,1.);
#3607 = DIRECTION('',(0.,0.,1.));
#3608 = PCURVE('',#3256,#3609);
#3609 = DEFINITIONAL_REPRESENTATION('',(#3610),#3614);
#3610 = LINE('',#3611,#3612);
#3611 = CARTESIAN_POINT('',(0.,-2.032));
#3612 = VECTOR('',#3613,1.);
#3613 = DIRECTION('',(1.,0.));
#3614 = ( GEOMETRIC_REPRESENTATION_CONTEXT(2) 
PARAMETRIC_REPRESENTATION_CONTEXT() REPRESENTATION_CONTEXT('2D SPACE',''
  ) );
#3615 = PCURVE('',#3538,#3616);
#3616 = DEFINITIONAL_REPRESENTATION('',(#3617),#3621);
#3617 = LINE('',#3618,#3619);
#3618 = CARTESIAN_POINT('',(-0.635,2.286));
#3619 = VECTOR('',#3620,1.);
#3620 = DIRECTION('',(0.,-1.));
#3621 = ( GEOMETRIC_REPRESENTATION_CONTEXT(2) 
PARAMETRIC_REPRESENTATION_CONTEXT() REPRESENTATION_CONTEXT('2D SPACE',''
  ) );
#3622 = ORIENTED_EDGE('',*,*,#3554,.F.);
#3623 = ORIENTED_EDGE('',*,*,#3242,.F.);
#3624 = ADVANCED_FACE('',(#3625),#3230,.F.);
#3625 = FACE_BOUND('',#3626,.F.);
#3626 = EDGE_LOOP('',(#3627,#3628,#3629,#3652));
#3627 = ORIENTED_EDGE('',*,*,#3579,.F.);
#3628 = ORIENTED_EDGE('',*,*,#3214,.F.);
#3629 = ORIENTED_EDGE('',*,*,#3630,.T.);
#3630 = EDGE_CURVE('',#3187,#3631,#3633,.T.);
#3631 = VERTEX_POINT('',#3632);
#3632 = CARTESIAN_POINT('',(6.985,11.4554,-2.286));
#3633 = SURFACE_CURVE('',#3634,(#3638,#3645),.PCURVE_S1.);
#3634 = LINE('',#3635,#3636);
#3635 = CARTESIAN_POINT('',(6.985,13.4874,-2.286));
#3636 = VECTOR('',#3637,1.);
#3637 = DIRECTION('',(0.,-1.,0.));
#3638 = PCURVE('',#3230,#3639);
#3639 = DEFINITIONAL_REPRESENTATION('',(#3640),#3644);
#3640 = LINE('',#3641,#3642);
#3641 = CARTESIAN_POINT('',(0.,0.));
#3642 = VECTOR('',#3643,1.);
#3643 = DIRECTION('',(0.,-1.));
#3644 = ( GEOMETRIC_REPRESENTATION_CONTEXT(2) 
PARAMETRIC_REPRESENTATION_CONTEXT() REPRESENTATION_CONTEXT('2D SPACE',''
  ) );
#3645 = PCURVE('',#3202,#3646);
#3646 = DEFINITIONAL_REPRESENTATION('',(#3647),#3651);
#3647 = LINE('',#3648,#3649);
#3648 = CARTESIAN_POINT('',(1.27,0.));
#3649 = VECTOR('',#3650,1.);
#3650 = DIRECTION('',(0.,-1.));
#3651 = ( GEOMETRIC_REPRESENTATION_CONTEXT(2) 
PARAMETRIC_REPRESENTATION_CONTEXT() REPRESENTATION_CONTEXT('2D SPACE',''
  ) );
#3652 = ORIENTED_EDGE('',*,*,#3653,.T.);
#3653 = EDGE_CURVE('',#3631,#3580,#3654,.T.);
#3654 = SURFACE_CURVE('',#3655,(#3659,#3666),.PCURVE_S1.);
#3655 = LINE('',#3656,#3657);
#3656 = CARTESIAN_POINT('',(6.985,11.4554,-2.286));
#3657 = VECTOR('',#3658,1.);
#3658 = DIRECTION('',(-1.,0.,0.));
#3659 = PCURVE('',#3230,#3660);
#3660 = DEFINITIONAL_REPRESENTATION('',(#3661),#3665);
#3661 = LINE('',#3662,#3663);
#3662 = CARTESIAN_POINT('',(0.,-2.032));
#3663 = VECTOR('',#3664,1.);
#3664 = DIRECTION('',(1.,0.));
#3665 = ( GEOMETRIC_REPRESENTATION_CONTEXT(2) 
PARAMETRIC_REPRESENTATION_CONTEXT() REPRESENTATION_CONTEXT('2D SPACE',''
  ) );
#3666 = PCURVE('',#3538,#3667);
#3667 = DEFINITIONAL_REPRESENTATION('',(#3668),#3672);
#3668 = LINE('',#3669,#3670);
#3669 = CARTESIAN_POINT('',(0.635,2.286));
#3670 = VECTOR('',#3671,1.);
#3671 = DIRECTION('',(-1.,0.));
#3672 = ( GEOMETRIC_REPRESENTATION_CONTEXT(2) 
PARAMETRIC_REPRESENTATION_CONTEXT() REPRESENTATION_CONTEXT('2D SPACE',''
  ) );
#3673 = ADVANCED_FACE('',(#3674),#3202,.F.);
#3674 = FACE_BOUND('',#3675,.F.);
#3675 = EDGE_LOOP('',(#3676,#3699,#3720,#3721));
#3676 = ORIENTED_EDGE('',*,*,#3677,.T.);
#3677 = EDGE_CURVE('',#3154,#3678,#3680,.T.);
#3678 = VERTEX_POINT('',#3679);
#3679 = CARTESIAN_POINT('',(6.985,11.4554,-1.016));
#3680 = SURFACE_CURVE('',#3681,(#3685,#3692),.PCURVE_S1.);
#3681 = LINE('',#3682,#3683);
#3682 = CARTESIAN_POINT('',(6.985,13.4874,-1.016));
#3683 = VECTOR('',#3684,1.);
#3684 = DIRECTION('',(0.,-1.,0.));
#3685 = PCURVE('',#3202,#3686);
#3686 = DEFINITIONAL_REPRESENTATION('',(#3687),#3691);
#3687 = LINE('',#3688,#3689);
#3688 = CARTESIAN_POINT('',(0.,0.));
#3689 = VECTOR('',#3690,1.);
#3690 = DIRECTION('',(0.,-1.));
#3691 = ( GEOMETRIC_REPRESENTATION_CONTEXT(2) 
PARAMETRIC_REPRESENTATION_CONTEXT() REPRESENTATION_CONTEXT('2D SPACE',''
  ) );
#3692 = PCURVE('',#3174,#3693);
#3693 = DEFINITIONAL_REPRESENTATION('',(#3694),#3698);
#3694 = LINE('',#3695,#3696);
#3695 = CARTESIAN_POINT('',(3.14159265359,0.));
#3696 = VECTOR('',#3697,1.);
#3697 = DIRECTION('',(0.,-1.));
#3698 = ( GEOMETRIC_REPRESENTATION_CONTEXT(2) 
PARAMETRIC_REPRESENTATION_CONTEXT() REPRESENTATION_CONTEXT('2D SPACE',''
  ) );
#3699 = ORIENTED_EDGE('',*,*,#3700,.T.);
#3700 = EDGE_CURVE('',#3678,#3631,#3701,.T.);
#3701 = SURFACE_CURVE('',#3702,(#3706,#3713),.PCURVE_S1.);
#3702 = LINE('',#3703,#3704);
#3703 = CARTESIAN_POINT('',(6.985,11.4554,-1.016));
#3704 = VECTOR('',#3705,1.);
#3705 = DIRECTION('',(0.,0.,-1.));
#3706 = PCURVE('',#3202,#3707);
#3707 = DEFINITIONAL_REPRESENTATION('',(#3708),#3712);
#3708 = LINE('',#3709,#3710);
#3709 = CARTESIAN_POINT('',(0.,-2.032));
#3710 = VECTOR('',#3711,1.);
#3711 = DIRECTION('',(1.,0.));
#3712 = ( GEOMETRIC_REPRESENTATION_CONTEXT(2) 
PARAMETRIC_REPRESENTATION_CONTEXT() REPRESENTATION_CONTEXT('2D SPACE',''
  ) );
#3713 = PCURVE('',#3538,#3714);
#3714 = DEFINITIONAL_REPRESENTATION('',(#3715),#3719);
#3715 = LINE('',#3716,#3717);
#3716 = CARTESIAN_POINT('',(0.635,1.016));
#3717 = VECTOR('',#3718,1.);
#3718 = DIRECTION('',(0.,1.));
#3719 = ( GEOMETRIC_REPRESENTATION_CONTEXT(2) 
PARAMETRIC_REPRESENTATION_CONTEXT() REPRESENTATION_CONTEXT('2D SPACE',''
  ) );
#3720 = ORIENTED_EDGE('',*,*,#3630,.F.);
#3721 = ORIENTED_EDGE('',*,*,#3186,.F.);
#3722 = ADVANCED_FACE('',(#3723),#3174,.T.);
#3723 = FACE_BOUND('',#3724,.T.);
#3724 = EDGE_LOOP('',(#3725,#3726,#3754,#3775));
#3725 = ORIENTED_EDGE('',*,*,#3677,.T.);
#3726 = ORIENTED_EDGE('',*,*,#3727,.F.);
#3727 = EDGE_CURVE('',#3728,#3678,#3730,.T.);
#3728 = VERTEX_POINT('',#3729);
#3729 = CARTESIAN_POINT('',(7.366,11.4554,-0.635));
#3730 = SURFACE_CURVE('',#3731,(#3736,#3743),.PCURVE_S1.);
#3731 = CIRCLE('',#3732,0.381);
#3732 = AXIS2_PLACEMENT_3D('',#3733,#3734,#3735);
#3733 = CARTESIAN_POINT('',(7.366,11.4554,-1.016));
#3734 = DIRECTION('',(0.,-1.,0.));
#3735 = DIRECTION('',(0.,0.,1.));
#3736 = PCURVE('',#3174,#3737);
#3737 = DEFINITIONAL_REPRESENTATION('',(#3738),#3742);
#3738 = LINE('',#3739,#3740);
#3739 = CARTESIAN_POINT('',(4.712388980385,-2.032));
#3740 = VECTOR('',#3741,1.);
#3741 = DIRECTION('',(-1.,0.));
#3742 = ( GEOMETRIC_REPRESENTATION_CONTEXT(2) 
PARAMETRIC_REPRESENTATION_CONTEXT() REPRESENTATION_CONTEXT('2D SPACE',''
  ) );
#3743 = PCURVE('',#3538,#3744);
#3744 = DEFINITIONAL_REPRESENTATION('',(#3745),#3753);
#3745 = ( BOUNDED_CURVE() B_SPLINE_CURVE(2,(#3746,#3747,#3748,#3749,
#3750,#3751,#3752),.UNSPECIFIED.,.T.,.F.) B_SPLINE_CURVE_WITH_KNOTS((1,2
    ,2,2,2,1),(-2.094395102393,0.,2.094395102393,4.188790204786,
6.28318530718,8.377580409573),.UNSPECIFIED.) CURVE() 
GEOMETRIC_REPRESENTATION_ITEM() RATIONAL_B_SPLINE_CURVE((1.,0.5,1.,0.5,
1.,0.5,1.)) REPRESENTATION_ITEM('') );
#3746 = CARTESIAN_POINT('',(1.016,0.635));
#3747 = CARTESIAN_POINT('',(0.356088642316,0.635));
#3748 = CARTESIAN_POINT('',(0.686044321158,1.2065));
#3749 = CARTESIAN_POINT('',(1.016,1.778));
#3750 = CARTESIAN_POINT('',(1.345955678842,1.2065));
#3751 = CARTESIAN_POINT('',(1.675911357684,0.635));
#3752 = CARTESIAN_POINT('',(1.016,0.635));
#3753 = ( GEOMETRIC_REPRESENTATION_CONTEXT(2) 
PARAMETRIC_REPRESENTATION_CONTEXT() REPRESENTATION_CONTEXT('2D SPACE',''
  ) );
#3754 = ORIENTED_EDGE('',*,*,#3755,.T.);
#3755 = EDGE_CURVE('',#3728,#3126,#3756,.T.);
#3756 = SURFACE_CURVE('',#3757,(#3761,#3768),.PCURVE_S1.);
#3757 = LINE('',#3758,#3759);
#3758 = CARTESIAN_POINT('',(7.366,11.4554,-0.635));
#3759 = VECTOR('',#3760,1.);
#3760 = DIRECTION('',(0.,1.,0.));
#3761 = PCURVE('',#3174,#3762);
#3762 = DEFINITIONAL_REPRESENTATION('',(#3763),#3767);
#3763 = LINE('',#3764,#3765);
#3764 = CARTESIAN_POINT('',(4.712388980385,-2.032));
#3765 = VECTOR('',#3766,1.);
#3766 = DIRECTION('',(0.,1.));
#3767 = ( GEOMETRIC_REPRESENTATION_CONTEXT(2) 
PARAMETRIC_REPRESENTATION_CONTEXT() REPRESENTATION_CONTEXT('2D SPACE',''
  ) );
#3768 = PCURVE('',#3141,#3769);
#3769 = DEFINITIONAL_REPRESENTATION('',(#3770),#3774);
#3770 = LINE('',#3771,#3772);
#3771 = CARTESIAN_POINT('',(-0.8382,-2.794));
#3772 = VECTOR('',#3773,1.);
#3773 = DIRECTION('',(1.,0.));
#3774 = ( GEOMETRIC_REPRESENTATION_CONTEXT(2) 
PARAMETRIC_REPRESENTATION_CONTEXT() REPRESENTATION_CONTEXT('2D SPACE',''
  ) );
#3775 = ORIENTED_EDGE('',*,*,#3153,.F.);
#3776 = ADVANCED_FACE('',(#3777),#3141,.F.);
#3777 = FACE_BOUND('',#3778,.F.);
#3778 = EDGE_LOOP('',(#3779,#3809,#3837,#3858,#3859,#3860));
#3779 = ORIENTED_EDGE('',*,*,#3780,.T.);
#3780 = EDGE_CURVE('',#3781,#3783,#3785,.T.);
#3781 = VERTEX_POINT('',#3782);
#3782 = CARTESIAN_POINT('',(10.104390124847,12.2936,-0.635));
#3783 = VERTEX_POINT('',#3784);
#3784 = CARTESIAN_POINT('',(8.636,12.2936,-0.635));
#3785 = SURFACE_CURVE('',#3786,(#3790,#3797),.PCURVE_S1.);
#3786 = LINE('',#3787,#3788);
#3787 = CARTESIAN_POINT('',(10.104390124847,12.2936,-0.635));
#3788 = VECTOR('',#3789,1.);
#3789 = DIRECTION('',(-1.,0.,0.));
#3790 = PCURVE('',#3141,#3791);
#3791 = DEFINITIONAL_REPRESENTATION('',(#3792),#3796);
#3792 = LINE('',#3793,#3794);
#3793 = CARTESIAN_POINT('',(0.,-5.56098751529E-02));
#3794 = VECTOR('',#3795,1.);
#3795 = DIRECTION('',(0.,-1.));
#3796 = ( GEOMETRIC_REPRESENTATION_CONTEXT(2) 
PARAMETRIC_REPRESENTATION_CONTEXT() REPRESENTATION_CONTEXT('2D SPACE',''
  ) );
#3797 = PCURVE('',#3798,#3803);
#3798 = PLANE('',#3799);
#3799 = AXIS2_PLACEMENT_3D('',#3800,#3801,#3802);
#3800 = CARTESIAN_POINT('',(10.16,12.2936,0.635));
#3801 = DIRECTION('',(0.,-1.,0.));
#3802 = DIRECTION('',(0.,0.,-1.));
#3803 = DEFINITIONAL_REPRESENTATION('',(#3804),#3808);
#3804 = LINE('',#3805,#3806);
#3805 = CARTESIAN_POINT('',(1.27,-5.56098751529E-02));
#3806 = VECTOR('',#3807,1.);
#3807 = DIRECTION('',(0.,-1.));
#3808 = ( GEOMETRIC_REPRESENTATION_CONTEXT(2) 
PARAMETRIC_REPRESENTATION_CONTEXT() REPRESENTATION_CONTEXT('2D SPACE',''
  ) );
#3809 = ORIENTED_EDGE('',*,*,#3810,.T.);
#3810 = EDGE_CURVE('',#3783,#3811,#3813,.T.);
#3811 = VERTEX_POINT('',#3812);
#3812 = CARTESIAN_POINT('',(8.636,11.4554,-0.635));
#3813 = SURFACE_CURVE('',#3814,(#3818,#3825),.PCURVE_S1.);
#3814 = LINE('',#3815,#3816);
#3815 = CARTESIAN_POINT('',(8.636,12.2936,-0.635));
#3816 = VECTOR('',#3817,1.);
#3817 = DIRECTION('',(0.,-1.,0.));
#3818 = PCURVE('',#3141,#3819);
#3819 = DEFINITIONAL_REPRESENTATION('',(#3820),#3824);
#3820 = LINE('',#3821,#3822);
#3821 = CARTESIAN_POINT('',(0.,-1.524));
#3822 = VECTOR('',#3823,1.);
#3823 = DIRECTION('',(-1.,0.));
#3824 = ( GEOMETRIC_REPRESENTATION_CONTEXT(2) 
PARAMETRIC_REPRESENTATION_CONTEXT() REPRESENTATION_CONTEXT('2D SPACE',''
  ) );
#3825 = PCURVE('',#3826,#3831);
#3826 = PLANE('',#3827);
#3827 = AXIS2_PLACEMENT_3D('',#3828,#3829,#3830);
#3828 = CARTESIAN_POINT('',(8.636,13.4874,0.635));
#3829 = DIRECTION('',(1.,0.,0.));
#3830 = DIRECTION('',(0.,0.,-1.));
#3831 = DEFINITIONAL_REPRESENTATION('',(#3832),#3836);
#3832 = LINE('',#3833,#3834);
#3833 = CARTESIAN_POINT('',(1.27,-1.1938));
#3834 = VECTOR('',#3835,1.);
#3835 = DIRECTION('',(0.,-1.));
#3836 = ( GEOMETRIC_REPRESENTATION_CONTEXT(2) 
PARAMETRIC_REPRESENTATION_CONTEXT() REPRESENTATION_CONTEXT('2D SPACE',''
  ) );
#3837 = ORIENTED_EDGE('',*,*,#3838,.T.);
#3838 = EDGE_CURVE('',#3811,#3728,#3839,.T.);
#3839 = SURFACE_CURVE('',#3840,(#3844,#3851),.PCURVE_S1.);
#3840 = LINE('',#3841,#3842);
#3841 = CARTESIAN_POINT('',(8.636,11.4554,-0.635));
#3842 = VECTOR('',#3843,1.);
#3843 = DIRECTION('',(-1.,0.,0.));
#3844 = PCURVE('',#3141,#3845);
#3845 = DEFINITIONAL_REPRESENTATION('',(#3846),#3850);
#3846 = LINE('',#3847,#3848);
#3847 = CARTESIAN_POINT('',(-0.8382,-1.524));
#3848 = VECTOR('',#3849,1.);
#3849 = DIRECTION('',(0.,-1.));
#3850 = ( GEOMETRIC_REPRESENTATION_CONTEXT(2) 
PARAMETRIC_REPRESENTATION_CONTEXT() REPRESENTATION_CONTEXT('2D SPACE',''
  ) );
#3851 = PCURVE('',#3538,#3852);
#3852 = DEFINITIONAL_REPRESENTATION('',(#3853),#3857);
#3853 = LINE('',#3854,#3855);
#3854 = CARTESIAN_POINT('',(2.286,0.635));
#3855 = VECTOR('',#3856,1.);
#3856 = DIRECTION('',(-1.,0.));
#3857 = ( GEOMETRIC_REPRESENTATION_CONTEXT(2) 
PARAMETRIC_REPRESENTATION_CONTEXT() REPRESENTATION_CONTEXT('2D SPACE',''
  ) );
#3858 = ORIENTED_EDGE('',*,*,#3755,.T.);
#3859 = ORIENTED_EDGE('',*,*,#3125,.T.);
#3860 = ORIENTED_EDGE('',*,*,#3861,.T.);
#3861 = EDGE_CURVE('',#3102,#3781,#3862,.T.);
#3862 = SURFACE_CURVE('',#3863,(#3875,#3890),.PCURVE_S1.);
#3863 = B_SPLINE_CURVE_WITH_KNOTS('',3,(#3864,#3865,#3866,#3867,#3868,
    #3869,#3870,#3871,#3872,#3873,#3874),.UNSPECIFIED.,.F.,.F.,(4,1,1,1,
    1,1,1,1,4),(0.,0.125,0.25,0.375,0.5,0.625,0.75,0.875,1.),
  .QUASI_UNIFORM_KNOTS.);
#3864 = CARTESIAN_POINT('',(8.809344424842,13.4874,-0.635));
#3865 = CARTESIAN_POINT('',(8.896833718471,13.4874,-0.635));
#3866 = CARTESIAN_POINT('',(9.065992407847,13.470726691749,-0.635));
#3867 = CARTESIAN_POINT('',(9.3050092654,13.40043313333,-0.635));
#3868 = CARTESIAN_POINT('',(9.521147696747,13.289810822591,-0.635));
#3869 = CARTESIAN_POINT('',(9.711606535186,13.142347758432,-0.635));
#3870 = CARTESIAN_POINT('',(9.870367930728,12.963112765686,-0.635));
#3871 = CARTESIAN_POINT('',(9.99334891214,12.756475845204,-0.635));
#3872 = CARTESIAN_POINT('',(10.074845587467,12.529938490248,-0.635));
#3873 = CARTESIAN_POINT('',(10.099506853166,12.373703558449,-0.635));
#3874 = CARTESIAN_POINT('',(10.104390124847,12.2936,-0.635));
#3875 = PCURVE('',#3141,#3876);
#3876 = DEFINITIONAL_REPRESENTATION('',(#3877),#3889);
#3877 = B_SPLINE_CURVE_WITH_KNOTS('',3,(#3878,#3879,#3880,#3881,#3882,
    #3883,#3884,#3885,#3886,#3887,#3888),.UNSPECIFIED.,.F.,.F.,(4,1,1,1,
    1,1,1,1,4),(0.,0.125,0.25,0.375,0.5,0.625,0.75,0.875,1.),
  .QUASI_UNIFORM_KNOTS.);
#3878 = CARTESIAN_POINT('',(1.1938,-1.350655575158));
#3879 = CARTESIAN_POINT('',(1.1938,-1.263166281529));
#3880 = CARTESIAN_POINT('',(1.177126691749,-1.094007592153));
#3881 = CARTESIAN_POINT('',(1.10683313333,-0.8549907346));
#3882 = CARTESIAN_POINT('',(0.996210822591,-0.638852303253));
#3883 = CARTESIAN_POINT('',(0.848747758432,-0.448393464814));
#3884 = CARTESIAN_POINT('',(0.669512765686,-0.289632069272));
#3885 = CARTESIAN_POINT('',(0.462875845204,-0.16665108786));
#3886 = CARTESIAN_POINT('',(0.236338490248,-8.51544125331E-02));
#3887 = CARTESIAN_POINT('',(8.01035584489E-02,-6.049314683414E-02));
#3888 = CARTESIAN_POINT('',(0.,-5.56098751529E-02));
#3889 = ( GEOMETRIC_REPRESENTATION_CONTEXT(2) 
PARAMETRIC_REPRESENTATION_CONTEXT() REPRESENTATION_CONTEXT('2D SPACE',''
  ) );
#3890 = PCURVE('',#2653,#3891);
#3891 = DEFINITIONAL_REPRESENTATION('',(#3892),#3940);
#3892 = B_SPLINE_CURVE_WITH_KNOTS('',3,(#3893,#3894,#3895,#3896,#3897,
    #3898,#3899,#3900,#3901,#3902,#3903,#3904,#3905,#3906,#3907,#3908,
    #3909,#3910,#3911,#3912,#3913,#3914,#3915,#3916,#3917,#3918,#3919,
    #3920,#3921,#3922,#3923,#3924,#3925,#3926,#3927,#3928,#3929,#3930,
    #3931,#3932,#3933,#3934,#3935,#3936,#3937,#3938,#3939),
  .UNSPECIFIED.,.F.,.F.,(4,1,1,1,1,1,1,1,1,1,1,1,1,1,1,1,1,1,1,1,1,1,1,1
    ,1,1,1,1,1,1,1,1,1,1,1,1,1,1,1,1,1,1,1,1,4),(0.,2.272727272727E-02,
    4.545454545455E-02,6.818181818182E-02,9.090909090909E-02,
    0.113636363636,0.136363636364,0.159090909091,0.181818181818,
    0.204545454545,0.227272727273,0.25,0.272727272727,0.295454545455,
    0.318181818182,0.340909090909,0.363636363636,0.386363636364,
    0.409090909091,0.431818181818,0.454545454545,0.477272727273,0.5,
    0.522727272727,0.545454545455,0.568181818182,0.590909090909,
    0.613636363636,0.636363636364,0.659090909091,0.681818181818,
    0.704545454545,0.727272727273,0.75,0.772727272727,0.795454545455,
    0.818181818182,0.840909090909,0.863636363636,0.886363636364,
    0.909090909091,0.931818181818,0.954545454545,0.977272727273,1.),
  .QUASI_UNIFORM_KNOTS.);
#3893 = CARTESIAN_POINT('',(4.459708725243,4.712388980385));
#3894 = CARTESIAN_POINT('',(4.461274272418,4.724516531709));
#3895 = CARTESIAN_POINT('',(4.464329914302,4.748639750652));
#3896 = CARTESIAN_POINT('',(4.468701643252,4.784483030999));
#3897 = CARTESIAN_POINT('',(4.472876761257,4.820038994973));
#3898 = CARTESIAN_POINT('',(4.476868643323,4.855361423983));
#3899 = CARTESIAN_POINT('',(4.48068948283,4.890501189344));
#3900 = CARTESIAN_POINT('',(4.484351083885,4.925513732006));
#3901 = CARTESIAN_POINT('',(4.487861177239,4.960422725902));
#3902 = CARTESIAN_POINT('',(4.491224026175,4.995220882862));
#3903 = CARTESIAN_POINT('',(4.494444380131,5.029906294012));
#3904 = CARTESIAN_POINT('',(4.497526596965,5.064474651245));
#3905 = CARTESIAN_POINT('',(4.500474872814,5.098921624091));
#3906 = CARTESIAN_POINT('',(4.503293199175,5.133242554588));
#3907 = CARTESIAN_POINT('',(4.505987493224,5.167458199791));
#3908 = CARTESIAN_POINT('',(4.5085632403,5.201588842451));
#3909 = CARTESIAN_POINT('',(4.511025560937,5.235654456614));
#3910 = CARTESIAN_POINT('',(4.513379182804,5.269673926445));
#3911 = CARTESIAN_POINT('',(4.515628655866,5.303667678528));
#3912 = CARTESIAN_POINT('',(4.5177775284,5.337645569916));
#3913 = CARTESIAN_POINT('',(4.519828451304,5.37160713902));
#3914 = CARTESIAN_POINT('',(4.521784049196,5.405553870255));
#3915 = CARTESIAN_POINT('',(4.523646734042,5.439486669324));
#3916 = CARTESIAN_POINT('',(4.525418760535,5.473406731727));
#3917 = CARTESIAN_POINT('',(4.527102220443,5.507315550054));
#3918 = CARTESIAN_POINT('',(4.528699658236,5.541223631667));
#3919 = CARTESIAN_POINT('',(4.530213418778,5.575141414376));
#3920 = CARTESIAN_POINT('',(4.531645666382,5.609079555547));
#3921 = CARTESIAN_POINT('',(4.53299837099,5.64304825854));
#3922 = CARTESIAN_POINT('',(4.534273393558,5.677059991853));
#3923 = CARTESIAN_POINT('',(4.535472141916,5.711117533671));
#3924 = CARTESIAN_POINT('',(4.536595597595,5.745213820404));
#3925 = CARTESIAN_POINT('',(4.537644671666,5.779344123155));
#3926 = CARTESIAN_POINT('',(4.53862012617,5.813503652433));
#3927 = CARTESIAN_POINT('',(4.539522594135,5.84768843561));
#3928 = CARTESIAN_POINT('',(4.540352575526,5.881895609013));
#3929 = CARTESIAN_POINT('',(4.541111172092,5.916107668869));
#3930 = CARTESIAN_POINT('',(4.541799324343,5.950305870885));
#3931 = CARTESIAN_POINT('',(4.542417808951,5.98446997302));
#3932 = CARTESIAN_POINT('',(4.542967273462,6.018581937185));
#3933 = CARTESIAN_POINT('',(4.543448115562,6.052613807796));
#3934 = CARTESIAN_POINT('',(4.543861036782,6.086584636447));
#3935 = CARTESIAN_POINT('',(4.544207032372,6.120561122881));
#3936 = CARTESIAN_POINT('',(4.544486835161,6.15460070521));
#3937 = CARTESIAN_POINT('',(4.544701062484,6.188763681568));
#3938 = CARTESIAN_POINT('',(4.544800430681,6.211660544669));
#3939 = CARTESIAN_POINT('',(4.544839329343,6.223149248734));
#3940 = ( GEOMETRIC_REPRESENTATION_CONTEXT(2) 
PARAMETRIC_REPRESENTATION_CONTEXT() REPRESENTATION_CONTEXT('2D SPACE',''
  ) );
#3941 = ADVANCED_FACE('',(#3942),#2990,.F.);
#3942 = FACE_BOUND('',#3943,.F.);
#3943 = EDGE_LOOP('',(#3944,#3945,#3968,#3996,#4017,#4018));
#3944 = ORIENTED_EDGE('',*,*,#3498,.T.);
#3945 = ORIENTED_EDGE('',*,*,#3946,.T.);
#3946 = EDGE_CURVE('',#3499,#3947,#3949,.T.);
#3947 = VERTEX_POINT('',#3948);
#3948 = CARTESIAN_POINT('',(4.064,11.4554,-0.635));
#3949 = SURFACE_CURVE('',#3950,(#3954,#3961),.PCURVE_S1.);
#3950 = LINE('',#3951,#3952);
#3951 = CARTESIAN_POINT('',(5.334,11.4554,-0.635));
#3952 = VECTOR('',#3953,1.);
#3953 = DIRECTION('',(-1.,0.,0.));
#3954 = PCURVE('',#2990,#3955);
#3955 = DEFINITIONAL_REPRESENTATION('',(#3956),#3960);
#3956 = LINE('',#3957,#3958);
#3957 = CARTESIAN_POINT('',(-0.8382,-4.826));
#3958 = VECTOR('',#3959,1.);
#3959 = DIRECTION('',(0.,-1.));
#3960 = ( GEOMETRIC_REPRESENTATION_CONTEXT(2) 
PARAMETRIC_REPRESENTATION_CONTEXT() REPRESENTATION_CONTEXT('2D SPACE',''
  ) );
#3961 = PCURVE('',#3538,#3962);
#3962 = DEFINITIONAL_REPRESENTATION('',(#3963),#3967);
#3963 = LINE('',#3964,#3965);
#3964 = CARTESIAN_POINT('',(-1.016,0.635));
#3965 = VECTOR('',#3966,1.);
#3966 = DIRECTION('',(-1.,0.));
#3967 = ( GEOMETRIC_REPRESENTATION_CONTEXT(2) 
PARAMETRIC_REPRESENTATION_CONTEXT() REPRESENTATION_CONTEXT('2D SPACE',''
  ) );
#3968 = ORIENTED_EDGE('',*,*,#3969,.F.);
#3969 = EDGE_CURVE('',#3970,#3947,#3972,.T.);
#3970 = VERTEX_POINT('',#3971);
#3971 = CARTESIAN_POINT('',(4.064,12.2936,-0.635));
#3972 = SURFACE_CURVE('',#3973,(#3977,#3984),.PCURVE_S1.);
#3973 = LINE('',#3974,#3975);
#3974 = CARTESIAN_POINT('',(4.064,12.2936,-0.635));
#3975 = VECTOR('',#3976,1.);
#3976 = DIRECTION('',(0.,-1.,0.));
#3977 = PCURVE('',#2990,#3978);
#3978 = DEFINITIONAL_REPRESENTATION('',(#3979),#3983);
#3979 = LINE('',#3980,#3981);
#3980 = CARTESIAN_POINT('',(0.,-6.096));
#3981 = VECTOR('',#3982,1.);
#3982 = DIRECTION('',(-1.,0.));
#3983 = ( GEOMETRIC_REPRESENTATION_CONTEXT(2) 
PARAMETRIC_REPRESENTATION_CONTEXT() REPRESENTATION_CONTEXT('2D SPACE',''
  ) );
#3984 = PCURVE('',#3985,#3990);
#3985 = PLANE('',#3986);
#3986 = AXIS2_PLACEMENT_3D('',#3987,#3988,#3989);
#3987 = CARTESIAN_POINT('',(4.064,13.4874,-0.635));
#3988 = DIRECTION('',(-1.,0.,0.));
#3989 = DIRECTION('',(0.,0.,1.));
#3990 = DEFINITIONAL_REPRESENTATION('',(#3991),#3995);
#3991 = LINE('',#3992,#3993);
#3992 = CARTESIAN_POINT('',(0.,-1.1938));
#3993 = VECTOR('',#3994,1.);
#3994 = DIRECTION('',(0.,-1.));
#3995 = ( GEOMETRIC_REPRESENTATION_CONTEXT(2) 
PARAMETRIC_REPRESENTATION_CONTEXT() REPRESENTATION_CONTEXT('2D SPACE',''
  ) );
#3996 = ORIENTED_EDGE('',*,*,#3997,.T.);
#3997 = EDGE_CURVE('',#3970,#2894,#3998,.T.);
#3998 = SURFACE_CURVE('',#3999,(#4003,#4010),.PCURVE_S1.);
#3999 = LINE('',#4000,#4001);
#4000 = CARTESIAN_POINT('',(4.064,12.2936,-0.635));
#4001 = VECTOR('',#4002,1.);
#4002 = DIRECTION('',(-1.,0.,0.));
#4003 = PCURVE('',#2990,#4004);
#4004 = DEFINITIONAL_REPRESENTATION('',(#4005),#4009);
#4005 = LINE('',#4006,#4007);
#4006 = CARTESIAN_POINT('',(0.,-6.096));
#4007 = VECTOR('',#4008,1.);
#4008 = DIRECTION('',(0.,-1.));
#4009 = ( GEOMETRIC_REPRESENTATION_CONTEXT(2) 
PARAMETRIC_REPRESENTATION_CONTEXT() REPRESENTATION_CONTEXT('2D SPACE',''
  ) );
#4010 = PCURVE('',#2910,#4011);
#4011 = DEFINITIONAL_REPRESENTATION('',(#4012),#4016);
#4012 = LINE('',#4013,#4014);
#4013 = CARTESIAN_POINT('',(1.27,-6.096));
#4014 = VECTOR('',#4015,1.);
#4015 = DIRECTION('',(0.,-1.));
#4016 = ( GEOMETRIC_REPRESENTATION_CONTEXT(2) 
PARAMETRIC_REPRESENTATION_CONTEXT() REPRESENTATION_CONTEXT('2D SPACE',''
  ) );
#4017 = ORIENTED_EDGE('',*,*,#2922,.T.);
#4018 = ORIENTED_EDGE('',*,*,#3079,.T.);
#4019 = ADVANCED_FACE('',(#4020),#2910,.F.);
#4020 = FACE_BOUND('',#4021,.F.);
#4021 = EDGE_LOOP('',(#4022,#4045,#4066,#4067));
#4022 = ORIENTED_EDGE('',*,*,#4023,.F.);
#4023 = EDGE_CURVE('',#4024,#3970,#4026,.T.);
#4024 = VERTEX_POINT('',#4025);
#4025 = CARTESIAN_POINT('',(4.064,12.2936,0.635));
#4026 = SURFACE_CURVE('',#4027,(#4031,#4038),.PCURVE_S1.);
#4027 = LINE('',#4028,#4029);
#4028 = CARTESIAN_POINT('',(4.064,12.2936,0.635));
#4029 = VECTOR('',#4030,1.);
#4030 = DIRECTION('',(0.,0.,-1.));
#4031 = PCURVE('',#2910,#4032);
#4032 = DEFINITIONAL_REPRESENTATION('',(#4033),#4037);
#4033 = LINE('',#4034,#4035);
#4034 = CARTESIAN_POINT('',(0.,-6.096));
#4035 = VECTOR('',#4036,1.);
#4036 = DIRECTION('',(1.,0.));
#4037 = ( GEOMETRIC_REPRESENTATION_CONTEXT(2) 
PARAMETRIC_REPRESENTATION_CONTEXT() REPRESENTATION_CONTEXT('2D SPACE',''
  ) );
#4038 = PCURVE('',#3985,#4039);
#4039 = DEFINITIONAL_REPRESENTATION('',(#4040),#4044);
#4040 = LINE('',#4041,#4042);
#4041 = CARTESIAN_POINT('',(1.27,-1.1938));
#4042 = VECTOR('',#4043,1.);
#4043 = DIRECTION('',(-1.,0.));
#4044 = ( GEOMETRIC_REPRESENTATION_CONTEXT(2) 
PARAMETRIC_REPRESENTATION_CONTEXT() REPRESENTATION_CONTEXT('2D SPACE',''
  ) );
#4045 = ORIENTED_EDGE('',*,*,#4046,.T.);
#4046 = EDGE_CURVE('',#4024,#2806,#4047,.T.);
#4047 = SURFACE_CURVE('',#4048,(#4052,#4059),.PCURVE_S1.);
#4048 = LINE('',#4049,#4050);
#4049 = CARTESIAN_POINT('',(4.064,12.2936,0.635));
#4050 = VECTOR('',#4051,1.);
#4051 = DIRECTION('',(-1.,0.,0.));
#4052 = PCURVE('',#2910,#4053);
#4053 = DEFINITIONAL_REPRESENTATION('',(#4054),#4058);
#4054 = LINE('',#4055,#4056);
#4055 = CARTESIAN_POINT('',(0.,-6.096));
#4056 = VECTOR('',#4057,1.);
#4057 = DIRECTION('',(0.,-1.));
#4058 = ( GEOMETRIC_REPRESENTATION_CONTEXT(2) 
PARAMETRIC_REPRESENTATION_CONTEXT() REPRESENTATION_CONTEXT('2D SPACE',''
  ) );
#4059 = PCURVE('',#2873,#4060);
#4060 = DEFINITIONAL_REPRESENTATION('',(#4061),#4065);
#4061 = LINE('',#4062,#4063);
#4062 = CARTESIAN_POINT('',(1.27,-6.096));
#4063 = VECTOR('',#4064,1.);
#4064 = DIRECTION('',(0.,-1.));
#4065 = ( GEOMETRIC_REPRESENTATION_CONTEXT(2) 
PARAMETRIC_REPRESENTATION_CONTEXT() REPRESENTATION_CONTEXT('2D SPACE',''
  ) );
#4066 = ORIENTED_EDGE('',*,*,#2893,.T.);
#4067 = ORIENTED_EDGE('',*,*,#3997,.F.);
#4068 = ADVANCED_FACE('',(#4069),#3798,.F.);
#4069 = FACE_BOUND('',#4070,.F.);
#4070 = EDGE_LOOP('',(#4071,#4094,#4095,#4119));
#4071 = ORIENTED_EDGE('',*,*,#4072,.T.);
#4072 = EDGE_CURVE('',#4073,#3783,#4075,.T.);
#4073 = VERTEX_POINT('',#4074);
#4074 = CARTESIAN_POINT('',(8.636,12.2936,0.635));
#4075 = SURFACE_CURVE('',#4076,(#4080,#4087),.PCURVE_S1.);
#4076 = LINE('',#4077,#4078);
#4077 = CARTESIAN_POINT('',(8.636,12.2936,0.635));
#4078 = VECTOR('',#4079,1.);
#4079 = DIRECTION('',(0.,0.,-1.));
#4080 = PCURVE('',#3798,#4081);
#4081 = DEFINITIONAL_REPRESENTATION('',(#4082),#4086);
#4082 = LINE('',#4083,#4084);
#4083 = CARTESIAN_POINT('',(0.,-1.524));
#4084 = VECTOR('',#4085,1.);
#4085 = DIRECTION('',(1.,0.));
#4086 = ( GEOMETRIC_REPRESENTATION_CONTEXT(2) 
PARAMETRIC_REPRESENTATION_CONTEXT() REPRESENTATION_CONTEXT('2D SPACE',''
  ) );
#4087 = PCURVE('',#3826,#4088);
#4088 = DEFINITIONAL_REPRESENTATION('',(#4089),#4093);
#4089 = LINE('',#4090,#4091);
#4090 = CARTESIAN_POINT('',(0.,-1.1938));
#4091 = VECTOR('',#4092,1.);
#4092 = DIRECTION('',(1.,0.));
#4093 = ( GEOMETRIC_REPRESENTATION_CONTEXT(2) 
PARAMETRIC_REPRESENTATION_CONTEXT() REPRESENTATION_CONTEXT('2D SPACE',''
  ) );
#4094 = ORIENTED_EDGE('',*,*,#3780,.F.);
#4095 = ORIENTED_EDGE('',*,*,#4096,.T.);
#4096 = EDGE_CURVE('',#3781,#4097,#4099,.T.);
#4097 = VERTEX_POINT('',#4098);
#4098 = CARTESIAN_POINT('',(10.104390124847,12.2936,0.635));
#4099 = SURFACE_CURVE('',#4100,(#4105,#4112),.PCURVE_S1.);
#4100 = CIRCLE('',#4101,3.807711938889);
#4101 = AXIS2_PLACEMENT_3D('',#4102,#4103,#4104);
#4102 = CARTESIAN_POINT('',(6.35,12.2936,0.));
#4103 = DIRECTION('',(0.,-1.,0.));
#4104 = DIRECTION('',(0.98599636346,0.,-0.166766816973));
#4105 = PCURVE('',#3798,#4106);
#4106 = DEFINITIONAL_REPRESENTATION('',(#4107),#4111);
#4107 = CIRCLE('',#4108,3.807711938889);
#4108 = AXIS2_PLACEMENT_2D('',#4109,#4110);
#4109 = CARTESIAN_POINT('',(0.635,-3.81));
#4110 = DIRECTION('',(0.166766816973,0.98599636346));
#4111 = ( GEOMETRIC_REPRESENTATION_CONTEXT(2) 
PARAMETRIC_REPRESENTATION_CONTEXT() REPRESENTATION_CONTEXT('2D SPACE',''
  ) );
#4112 = PCURVE('',#2653,#4113);
#4113 = DEFINITIONAL_REPRESENTATION('',(#4114),#4118);
#4114 = LINE('',#4115,#4116);
#4115 = CARTESIAN_POINT('',(4.544839329343,6.223149248734));
#4116 = VECTOR('',#4117,1.);
#4117 = DIRECTION('',(1.,0.));
#4118 = ( GEOMETRIC_REPRESENTATION_CONTEXT(2) 
PARAMETRIC_REPRESENTATION_CONTEXT() REPRESENTATION_CONTEXT('2D SPACE',''
  ) );
#4119 = ORIENTED_EDGE('',*,*,#4120,.T.);
#4120 = EDGE_CURVE('',#4097,#4073,#4121,.T.);
#4121 = SURFACE_CURVE('',#4122,(#4126,#4133),.PCURVE_S1.);
#4122 = LINE('',#4123,#4124);
#4123 = CARTESIAN_POINT('',(10.104390124847,12.2936,0.635));
#4124 = VECTOR('',#4125,1.);
#4125 = DIRECTION('',(-1.,0.,0.));
#4126 = PCURVE('',#3798,#4127);
#4127 = DEFINITIONAL_REPRESENTATION('',(#4128),#4132);
#4128 = LINE('',#4129,#4130);
#4129 = CARTESIAN_POINT('',(0.,-5.56098751529E-02));
#4130 = VECTOR('',#4131,1.);
#4131 = DIRECTION('',(0.,-1.));
#4132 = ( GEOMETRIC_REPRESENTATION_CONTEXT(2) 
PARAMETRIC_REPRESENTATION_CONTEXT() REPRESENTATION_CONTEXT('2D SPACE',''
  ) );
#4133 = PCURVE('',#3439,#4134);
#4134 = DEFINITIONAL_REPRESENTATION('',(#4135),#4139);
#4135 = LINE('',#4136,#4137);
#4136 = CARTESIAN_POINT('',(1.27,-5.56098751529E-02));
#4137 = VECTOR('',#4138,1.);
#4138 = DIRECTION('',(0.,-1.));
#4139 = ( GEOMETRIC_REPRESENTATION_CONTEXT(2) 
PARAMETRIC_REPRESENTATION_CONTEXT() REPRESENTATION_CONTEXT('2D SPACE',''
  ) );
#4140 = ADVANCED_FACE('',(#4141),#3985,.F.);
#4141 = FACE_BOUND('',#4142,.F.);
#4142 = EDGE_LOOP('',(#4143,#4144,#4167,#4188));
#4143 = ORIENTED_EDGE('',*,*,#3969,.T.);
#4144 = ORIENTED_EDGE('',*,*,#4145,.T.);
#4145 = EDGE_CURVE('',#3947,#4146,#4148,.T.);
#4146 = VERTEX_POINT('',#4147);
#4147 = CARTESIAN_POINT('',(4.064,11.4554,0.635));
#4148 = SURFACE_CURVE('',#4149,(#4153,#4160),.PCURVE_S1.);
#4149 = LINE('',#4150,#4151);
#4150 = CARTESIAN_POINT('',(4.064,11.4554,-0.635));
#4151 = VECTOR('',#4152,1.);
#4152 = DIRECTION('',(0.,0.,1.));
#4153 = PCURVE('',#3985,#4154);
#4154 = DEFINITIONAL_REPRESENTATION('',(#4155),#4159);
#4155 = LINE('',#4156,#4157);
#4156 = CARTESIAN_POINT('',(0.,-2.032));
#4157 = VECTOR('',#4158,1.);
#4158 = DIRECTION('',(1.,0.));
#4159 = ( GEOMETRIC_REPRESENTATION_CONTEXT(2) 
PARAMETRIC_REPRESENTATION_CONTEXT() REPRESENTATION_CONTEXT('2D SPACE',''
  ) );
#4160 = PCURVE('',#3538,#4161);
#4161 = DEFINITIONAL_REPRESENTATION('',(#4162),#4166);
#4162 = LINE('',#4163,#4164);
#4163 = CARTESIAN_POINT('',(-2.286,0.635));
#4164 = VECTOR('',#4165,1.);
#4165 = DIRECTION('',(0.,-1.));
#4166 = ( GEOMETRIC_REPRESENTATION_CONTEXT(2) 
PARAMETRIC_REPRESENTATION_CONTEXT() REPRESENTATION_CONTEXT('2D SPACE',''
  ) );
#4167 = ORIENTED_EDGE('',*,*,#4168,.F.);
#4168 = EDGE_CURVE('',#4024,#4146,#4169,.T.);
#4169 = SURFACE_CURVE('',#4170,(#4174,#4181),.PCURVE_S1.);
#4170 = LINE('',#4171,#4172);
#4171 = CARTESIAN_POINT('',(4.064,12.2936,0.635));
#4172 = VECTOR('',#4173,1.);
#4173 = DIRECTION('',(0.,-1.,0.));
#4174 = PCURVE('',#3985,#4175);
#4175 = DEFINITIONAL_REPRESENTATION('',(#4176),#4180);
#4176 = LINE('',#4177,#4178);
#4177 = CARTESIAN_POINT('',(1.27,-1.1938));
#4178 = VECTOR('',#4179,1.);
#4179 = DIRECTION('',(0.,-1.));
#4180 = ( GEOMETRIC_REPRESENTATION_CONTEXT(2) 
PARAMETRIC_REPRESENTATION_CONTEXT() REPRESENTATION_CONTEXT('2D SPACE',''
  ) );
#4181 = PCURVE('',#2873,#4182);
#4182 = DEFINITIONAL_REPRESENTATION('',(#4183),#4187);
#4183 = LINE('',#4184,#4185);
#4184 = CARTESIAN_POINT('',(1.27,-6.096));
#4185 = VECTOR('',#4186,1.);
#4186 = DIRECTION('',(1.,0.));
#4187 = ( GEOMETRIC_REPRESENTATION_CONTEXT(2) 
PARAMETRIC_REPRESENTATION_CONTEXT() REPRESENTATION_CONTEXT('2D SPACE',''
  ) );
#4188 = ORIENTED_EDGE('',*,*,#4023,.T.);
#4189 = ADVANCED_FACE('',(#4190),#3538,.T.);
#4190 = FACE_BOUND('',#4191,.F.);
#4191 = EDGE_LOOP('',(#4192,#4193,#4194,#4195,#4196,#4197,#4220,#4243,
    #4271,#4294,#4317,#4340,#4368,#4389,#4390,#4391));
#4192 = ORIENTED_EDGE('',*,*,#3602,.F.);
#4193 = ORIENTED_EDGE('',*,*,#3653,.F.);
#4194 = ORIENTED_EDGE('',*,*,#3700,.F.);
#4195 = ORIENTED_EDGE('',*,*,#3727,.F.);
#4196 = ORIENTED_EDGE('',*,*,#3838,.F.);
#4197 = ORIENTED_EDGE('',*,*,#4198,.F.);
#4198 = EDGE_CURVE('',#4199,#3811,#4201,.T.);
#4199 = VERTEX_POINT('',#4200);
#4200 = CARTESIAN_POINT('',(8.636,11.4554,0.635));
#4201 = SURFACE_CURVE('',#4202,(#4206,#4213),.PCURVE_S1.);
#4202 = LINE('',#4203,#4204);
#4203 = CARTESIAN_POINT('',(8.636,11.4554,0.635));
#4204 = VECTOR('',#4205,1.);
#4205 = DIRECTION('',(0.,0.,-1.));
#4206 = PCURVE('',#3538,#4207);
#4207 = DEFINITIONAL_REPRESENTATION('',(#4208),#4212);
#4208 = LINE('',#4209,#4210);
#4209 = CARTESIAN_POINT('',(2.286,-0.635));
#4210 = VECTOR('',#4211,1.);
#4211 = DIRECTION('',(0.,1.));
#4212 = ( GEOMETRIC_REPRESENTATION_CONTEXT(2) 
PARAMETRIC_REPRESENTATION_CONTEXT() REPRESENTATION_CONTEXT('2D SPACE',''
  ) );
#4213 = PCURVE('',#3826,#4214);
#4214 = DEFINITIONAL_REPRESENTATION('',(#4215),#4219);
#4215 = LINE('',#4216,#4217);
#4216 = CARTESIAN_POINT('',(0.,-2.032));
#4217 = VECTOR('',#4218,1.);
#4218 = DIRECTION('',(1.,0.));
#4219 = ( GEOMETRIC_REPRESENTATION_CONTEXT(2) 
PARAMETRIC_REPRESENTATION_CONTEXT() REPRESENTATION_CONTEXT('2D SPACE',''
  ) );
#4220 = ORIENTED_EDGE('',*,*,#4221,.F.);
#4221 = EDGE_CURVE('',#4222,#4199,#4224,.T.);
#4222 = VERTEX_POINT('',#4223);
#4223 = CARTESIAN_POINT('',(7.366,11.4554,0.635));
#4224 = SURFACE_CURVE('',#4225,(#4229,#4236),.PCURVE_S1.);
#4225 = LINE('',#4226,#4227);
#4226 = CARTESIAN_POINT('',(7.366,11.4554,0.635));
#4227 = VECTOR('',#4228,1.);
#4228 = DIRECTION('',(1.,0.,0.));
#4229 = PCURVE('',#3538,#4230);
#4230 = DEFINITIONAL_REPRESENTATION('',(#4231),#4235);
#4231 = LINE('',#4232,#4233);
#4232 = CARTESIAN_POINT('',(1.016,-0.635));
#4233 = VECTOR('',#4234,1.);
#4234 = DIRECTION('',(1.,0.));
#4235 = ( GEOMETRIC_REPRESENTATION_CONTEXT(2) 
PARAMETRIC_REPRESENTATION_CONTEXT() REPRESENTATION_CONTEXT('2D SPACE',''
  ) );
#4236 = PCURVE('',#3439,#4237);
#4237 = DEFINITIONAL_REPRESENTATION('',(#4238),#4242);
#4238 = LINE('',#4239,#4240);
#4239 = CARTESIAN_POINT('',(2.1082,-2.794));
#4240 = VECTOR('',#4241,1.);
#4241 = DIRECTION('',(0.,1.));
#4242 = ( GEOMETRIC_REPRESENTATION_CONTEXT(2) 
PARAMETRIC_REPRESENTATION_CONTEXT() REPRESENTATION_CONTEXT('2D SPACE',''
  ) );
#4243 = ORIENTED_EDGE('',*,*,#4244,.F.);
#4244 = EDGE_CURVE('',#4245,#4222,#4247,.T.);
#4245 = VERTEX_POINT('',#4246);
#4246 = CARTESIAN_POINT('',(6.985,11.4554,1.016));
#4247 = SURFACE_CURVE('',#4248,(#4253,#4264),.PCURVE_S1.);
#4248 = CIRCLE('',#4249,0.381);
#4249 = AXIS2_PLACEMENT_3D('',#4250,#4251,#4252);
#4250 = CARTESIAN_POINT('',(7.366,11.4554,1.016));
#4251 = DIRECTION('',(0.,-1.,0.));
#4252 = DIRECTION('',(-1.,0.,0.));
#4253 = PCURVE('',#3538,#4254);
#4254 = DEFINITIONAL_REPRESENTATION('',(#4255),#4263);
#4255 = ( BOUNDED_CURVE() B_SPLINE_CURVE(2,(#4256,#4257,#4258,#4259,
#4260,#4261,#4262),.UNSPECIFIED.,.T.,.F.) B_SPLINE_CURVE_WITH_KNOTS((1,2
    ,2,2,2,1),(-2.094395102393,0.,2.094395102393,4.188790204786,
6.28318530718,8.377580409573),.UNSPECIFIED.) CURVE() 
GEOMETRIC_REPRESENTATION_ITEM() RATIONAL_B_SPLINE_CURVE((1.,0.5,1.,0.5,
1.,0.5,1.)) REPRESENTATION_ITEM('') );
#4256 = CARTESIAN_POINT('',(0.635,-1.016));
#4257 = CARTESIAN_POINT('',(0.635,-0.356088642316));
#4258 = CARTESIAN_POINT('',(1.2065,-0.686044321158));
#4259 = CARTESIAN_POINT('',(1.778,-1.016));
#4260 = CARTESIAN_POINT('',(1.2065,-1.345955678842));
#4261 = CARTESIAN_POINT('',(0.635,-1.675911357684));
#4262 = CARTESIAN_POINT('',(0.635,-1.016));
#4263 = ( GEOMETRIC_REPRESENTATION_CONTEXT(2) 
PARAMETRIC_REPRESENTATION_CONTEXT() REPRESENTATION_CONTEXT('2D SPACE',''
  ) );
#4264 = PCURVE('',#3411,#4265);
#4265 = DEFINITIONAL_REPRESENTATION('',(#4266),#4270);
#4266 = LINE('',#4267,#4268);
#4267 = CARTESIAN_POINT('',(3.14159265359,-2.032));
#4268 = VECTOR('',#4269,1.);
#4269 = DIRECTION('',(-1.,0.));
#4270 = ( GEOMETRIC_REPRESENTATION_CONTEXT(2) 
PARAMETRIC_REPRESENTATION_CONTEXT() REPRESENTATION_CONTEXT('2D SPACE',''
  ) );
#4271 = ORIENTED_EDGE('',*,*,#4272,.F.);
#4272 = EDGE_CURVE('',#4273,#4245,#4275,.T.);
#4273 = VERTEX_POINT('',#4274);
#4274 = CARTESIAN_POINT('',(6.985,11.4554,2.286));
#4275 = SURFACE_CURVE('',#4276,(#4280,#4287),.PCURVE_S1.);
#4276 = LINE('',#4277,#4278);
#4277 = CARTESIAN_POINT('',(6.985,11.4554,2.286));
#4278 = VECTOR('',#4279,1.);
#4279 = DIRECTION('',(0.,0.,-1.));
#4280 = PCURVE('',#3538,#4281);
#4281 = DEFINITIONAL_REPRESENTATION('',(#4282),#4286);
#4282 = LINE('',#4283,#4284);
#4283 = CARTESIAN_POINT('',(0.635,-2.286));
#4284 = VECTOR('',#4285,1.);
#4285 = DIRECTION('',(0.,1.));
#4286 = ( GEOMETRIC_REPRESENTATION_CONTEXT(2) 
PARAMETRIC_REPRESENTATION_CONTEXT() REPRESENTATION_CONTEXT('2D SPACE',''
  ) );
#4287 = PCURVE('',#3378,#4288);
#4288 = DEFINITIONAL_REPRESENTATION('',(#4289),#4293);
#4289 = LINE('',#4290,#4291);
#4290 = CARTESIAN_POINT('',(0.,-2.032));
#4291 = VECTOR('',#4292,1.);
#4292 = DIRECTION('',(1.,0.));
#4293 = ( GEOMETRIC_REPRESENTATION_CONTEXT(2) 
PARAMETRIC_REPRESENTATION_CONTEXT() REPRESENTATION_CONTEXT('2D SPACE',''
  ) );
#4294 = ORIENTED_EDGE('',*,*,#4295,.F.);
#4295 = EDGE_CURVE('',#4296,#4273,#4298,.T.);
#4296 = VERTEX_POINT('',#4297);
#4297 = CARTESIAN_POINT('',(5.715,11.4554,2.286));
#4298 = SURFACE_CURVE('',#4299,(#4303,#4310),.PCURVE_S1.);
#4299 = LINE('',#4300,#4301);
#4300 = CARTESIAN_POINT('',(5.715,11.4554,2.286));
#4301 = VECTOR('',#4302,1.);
#4302 = DIRECTION('',(1.,0.,0.));
#4303 = PCURVE('',#3538,#4304);
#4304 = DEFINITIONAL_REPRESENTATION('',(#4305),#4309);
#4305 = LINE('',#4306,#4307);
#4306 = CARTESIAN_POINT('',(-0.635,-2.286));
#4307 = VECTOR('',#4308,1.);
#4308 = DIRECTION('',(1.,0.));
#4309 = ( GEOMETRIC_REPRESENTATION_CONTEXT(2) 
PARAMETRIC_REPRESENTATION_CONTEXT() REPRESENTATION_CONTEXT('2D SPACE',''
  ) );
#4310 = PCURVE('',#3350,#4311);
#4311 = DEFINITIONAL_REPRESENTATION('',(#4312),#4316);
#4312 = LINE('',#4313,#4314);
#4313 = CARTESIAN_POINT('',(0.,-2.032));
#4314 = VECTOR('',#4315,1.);
#4315 = DIRECTION('',(1.,0.));
#4316 = ( GEOMETRIC_REPRESENTATION_CONTEXT(2) 
PARAMETRIC_REPRESENTATION_CONTEXT() REPRESENTATION_CONTEXT('2D SPACE',''
  ) );
#4317 = ORIENTED_EDGE('',*,*,#4318,.F.);
#4318 = EDGE_CURVE('',#4319,#4296,#4321,.T.);
#4319 = VERTEX_POINT('',#4320);
#4320 = CARTESIAN_POINT('',(5.715,11.4554,1.016));
#4321 = SURFACE_CURVE('',#4322,(#4326,#4333),.PCURVE_S1.);
#4322 = LINE('',#4323,#4324);
#4323 = CARTESIAN_POINT('',(5.715,11.4554,1.016));
#4324 = VECTOR('',#4325,1.);
#4325 = DIRECTION('',(0.,0.,1.));
#4326 = PCURVE('',#3538,#4327);
#4327 = DEFINITIONAL_REPRESENTATION('',(#4328),#4332);
#4328 = LINE('',#4329,#4330);
#4329 = CARTESIAN_POINT('',(-0.635,-1.016));
#4330 = VECTOR('',#4331,1.);
#4331 = DIRECTION('',(0.,-1.));
#4332 = ( GEOMETRIC_REPRESENTATION_CONTEXT(2) 
PARAMETRIC_REPRESENTATION_CONTEXT() REPRESENTATION_CONTEXT('2D SPACE',''
  ) );
#4333 = PCURVE('',#3322,#4334);
#4334 = DEFINITIONAL_REPRESENTATION('',(#4335),#4339);
#4335 = LINE('',#4336,#4337);
#4336 = CARTESIAN_POINT('',(0.,-2.032));
#4337 = VECTOR('',#4338,1.);
#4338 = DIRECTION('',(1.,0.));
#4339 = ( GEOMETRIC_REPRESENTATION_CONTEXT(2) 
PARAMETRIC_REPRESENTATION_CONTEXT() REPRESENTATION_CONTEXT('2D SPACE',''
  ) );
#4340 = ORIENTED_EDGE('',*,*,#4341,.F.);
#4341 = EDGE_CURVE('',#4342,#4319,#4344,.T.);
#4342 = VERTEX_POINT('',#4343);
#4343 = CARTESIAN_POINT('',(5.334,11.4554,0.635));
#4344 = SURFACE_CURVE('',#4345,(#4350,#4361),.PCURVE_S1.);
#4345 = CIRCLE('',#4346,0.381);
#4346 = AXIS2_PLACEMENT_3D('',#4347,#4348,#4349);
#4347 = CARTESIAN_POINT('',(5.334,11.4554,1.016));
#4348 = DIRECTION('',(0.,-1.,0.));
#4349 = DIRECTION('',(0.,0.,-1.));
#4350 = PCURVE('',#3538,#4351);
#4351 = DEFINITIONAL_REPRESENTATION('',(#4352),#4360);
#4352 = ( BOUNDED_CURVE() B_SPLINE_CURVE(2,(#4353,#4354,#4355,#4356,
#4357,#4358,#4359),.UNSPECIFIED.,.T.,.F.) B_SPLINE_CURVE_WITH_KNOTS((1,2
    ,2,2,2,1),(-2.094395102393,0.,2.094395102393,4.188790204786,
6.28318530718,8.377580409573),.UNSPECIFIED.) CURVE() 
GEOMETRIC_REPRESENTATION_ITEM() RATIONAL_B_SPLINE_CURVE((1.,0.5,1.,0.5,
1.,0.5,1.)) REPRESENTATION_ITEM('') );
#4353 = CARTESIAN_POINT('',(-1.016,-0.635));
#4354 = CARTESIAN_POINT('',(-0.356088642316,-0.635));
#4355 = CARTESIAN_POINT('',(-0.686044321158,-1.2065));
#4356 = CARTESIAN_POINT('',(-1.016,-1.778));
#4357 = CARTESIAN_POINT('',(-1.345955678842,-1.2065));
#4358 = CARTESIAN_POINT('',(-1.675911357684,-0.635));
#4359 = CARTESIAN_POINT('',(-1.016,-0.635));
#4360 = ( GEOMETRIC_REPRESENTATION_CONTEXT(2) 
PARAMETRIC_REPRESENTATION_CONTEXT() REPRESENTATION_CONTEXT('2D SPACE',''
  ) );
#4361 = PCURVE('',#3294,#4362);
#4362 = DEFINITIONAL_REPRESENTATION('',(#4363),#4367);
#4363 = LINE('',#4364,#4365);
#4364 = CARTESIAN_POINT('',(1.570796326795,-2.032));
#4365 = VECTOR('',#4366,1.);
#4366 = DIRECTION('',(-1.,0.));
#4367 = ( GEOMETRIC_REPRESENTATION_CONTEXT(2) 
PARAMETRIC_REPRESENTATION_CONTEXT() REPRESENTATION_CONTEXT('2D SPACE',''
  ) );
#4368 = ORIENTED_EDGE('',*,*,#4369,.F.);
#4369 = EDGE_CURVE('',#4146,#4342,#4370,.T.);
#4370 = SURFACE_CURVE('',#4371,(#4375,#4382),.PCURVE_S1.);
#4371 = LINE('',#4372,#4373);
#4372 = CARTESIAN_POINT('',(4.064,11.4554,0.635));
#4373 = VECTOR('',#4374,1.);
#4374 = DIRECTION('',(1.,0.,0.));
#4375 = PCURVE('',#3538,#4376);
#4376 = DEFINITIONAL_REPRESENTATION('',(#4377),#4381);
#4377 = LINE('',#4378,#4379);
#4378 = CARTESIAN_POINT('',(-2.286,-0.635));
#4379 = VECTOR('',#4380,1.);
#4380 = DIRECTION('',(1.,0.));
#4381 = ( GEOMETRIC_REPRESENTATION_CONTEXT(2) 
PARAMETRIC_REPRESENTATION_CONTEXT() REPRESENTATION_CONTEXT('2D SPACE',''
  ) );
#4382 = PCURVE('',#2873,#4383);
#4383 = DEFINITIONAL_REPRESENTATION('',(#4384),#4388);
#4384 = LINE('',#4385,#4386);
#4385 = CARTESIAN_POINT('',(2.1082,-6.096));
#4386 = VECTOR('',#4387,1.);
#4387 = DIRECTION('',(0.,1.));
#4388 = ( GEOMETRIC_REPRESENTATION_CONTEXT(2) 
PARAMETRIC_REPRESENTATION_CONTEXT() REPRESENTATION_CONTEXT('2D SPACE',''
  ) );
#4389 = ORIENTED_EDGE('',*,*,#4145,.F.);
#4390 = ORIENTED_EDGE('',*,*,#3946,.F.);
#4391 = ORIENTED_EDGE('',*,*,#3521,.F.);
#4392 = ADVANCED_FACE('',(#4393),#3826,.F.);
#4393 = FACE_BOUND('',#4394,.F.);
#4394 = EDGE_LOOP('',(#4395,#4416,#4417,#4418));
#4395 = ORIENTED_EDGE('',*,*,#4396,.T.);
#4396 = EDGE_CURVE('',#4073,#4199,#4397,.T.);
#4397 = SURFACE_CURVE('',#4398,(#4402,#4409),.PCURVE_S1.);
#4398 = LINE('',#4399,#4400);
#4399 = CARTESIAN_POINT('',(8.636,12.2936,0.635));
#4400 = VECTOR('',#4401,1.);
#4401 = DIRECTION('',(0.,-1.,0.));
#4402 = PCURVE('',#3826,#4403);
#4403 = DEFINITIONAL_REPRESENTATION('',(#4404),#4408);
#4404 = LINE('',#4405,#4406);
#4405 = CARTESIAN_POINT('',(0.,-1.1938));
#4406 = VECTOR('',#4407,1.);
#4407 = DIRECTION('',(0.,-1.));
#4408 = ( GEOMETRIC_REPRESENTATION_CONTEXT(2) 
PARAMETRIC_REPRESENTATION_CONTEXT() REPRESENTATION_CONTEXT('2D SPACE',''
  ) );
#4409 = PCURVE('',#3439,#4410);
#4410 = DEFINITIONAL_REPRESENTATION('',(#4411),#4415);
#4411 = LINE('',#4412,#4413);
#4412 = CARTESIAN_POINT('',(1.27,-1.524));
#4413 = VECTOR('',#4414,1.);
#4414 = DIRECTION('',(1.,0.));
#4415 = ( GEOMETRIC_REPRESENTATION_CONTEXT(2) 
PARAMETRIC_REPRESENTATION_CONTEXT() REPRESENTATION_CONTEXT('2D SPACE',''
  ) );
#4416 = ORIENTED_EDGE('',*,*,#4198,.T.);
#4417 = ORIENTED_EDGE('',*,*,#3810,.F.);
#4418 = ORIENTED_EDGE('',*,*,#4072,.F.);
#4419 = ADVANCED_FACE('',(#4420),#3439,.F.);
#4420 = FACE_BOUND('',#4421,.F.);
#4421 = EDGE_LOOP('',(#4422,#4443,#4444,#4445,#4446,#4527));
#4422 = ORIENTED_EDGE('',*,*,#4423,.T.);
#4423 = EDGE_CURVE('',#3391,#4222,#4424,.T.);
#4424 = SURFACE_CURVE('',#4425,(#4429,#4436),.PCURVE_S1.);
#4425 = LINE('',#4426,#4427);
#4426 = CARTESIAN_POINT('',(7.366,13.4874,0.635));
#4427 = VECTOR('',#4428,1.);
#4428 = DIRECTION('',(0.,-1.,0.));
#4429 = PCURVE('',#3439,#4430);
#4430 = DEFINITIONAL_REPRESENTATION('',(#4431),#4435);
#4431 = LINE('',#4432,#4433);
#4432 = CARTESIAN_POINT('',(7.62E-02,-2.794));
#4433 = VECTOR('',#4434,1.);
#4434 = DIRECTION('',(1.,0.));
#4435 = ( GEOMETRIC_REPRESENTATION_CONTEXT(2) 
PARAMETRIC_REPRESENTATION_CONTEXT() REPRESENTATION_CONTEXT('2D SPACE',''
  ) );
#4436 = PCURVE('',#3411,#4437);
#4437 = DEFINITIONAL_REPRESENTATION('',(#4438),#4442);
#4438 = LINE('',#4439,#4440);
#4439 = CARTESIAN_POINT('',(1.570796326795,0.));
#4440 = VECTOR('',#4441,1.);
#4441 = DIRECTION('',(0.,-1.));
#4442 = ( GEOMETRIC_REPRESENTATION_CONTEXT(2) 
PARAMETRIC_REPRESENTATION_CONTEXT() REPRESENTATION_CONTEXT('2D SPACE',''
  ) );
#4443 = ORIENTED_EDGE('',*,*,#4221,.T.);
#4444 = ORIENTED_EDGE('',*,*,#4396,.F.);
#4445 = ORIENTED_EDGE('',*,*,#4120,.F.);
#4446 = ORIENTED_EDGE('',*,*,#4447,.T.);
#4447 = EDGE_CURVE('',#4097,#3424,#4448,.T.);
#4448 = SURFACE_CURVE('',#4449,(#4461,#4476),.PCURVE_S1.);
#4449 = B_SPLINE_CURVE_WITH_KNOTS('',3,(#4450,#4451,#4452,#4453,#4454,
    #4455,#4456,#4457,#4458,#4459,#4460),.UNSPECIFIED.,.F.,.F.,(4,1,1,1,
    1,1,1,1,4),(0.,0.125,0.25,0.375,0.5,0.625,0.75,0.875,1.),
  .QUASI_UNIFORM_KNOTS.);
#4450 = CARTESIAN_POINT('',(10.104390124847,12.2936,0.635));
#4451 = CARTESIAN_POINT('',(10.099485305584,12.374057017788,0.635));
#4452 = CARTESIAN_POINT('',(10.074662851246,12.5309683564,0.635));
#4453 = CARTESIAN_POINT('',(9.992400772649,12.758647271864,0.635));
#4454 = CARTESIAN_POINT('',(9.868431238808,12.965884334712,0.635));
#4455 = CARTESIAN_POINT('',(9.7081491695,13.14568341603,0.635));
#4456 = CARTESIAN_POINT('',(9.516275011392,13.29293900448,0.635));
#4457 = CARTESIAN_POINT('',(9.299336249731,13.40265431715,0.635));
#4458 = CARTESIAN_POINT('',(9.061374404784,13.471436444485,0.635));
#4459 = CARTESIAN_POINT('',(8.894993985958,13.4874,0.635));
#4460 = CARTESIAN_POINT('',(8.809344424842,13.4874,0.635));
#4461 = PCURVE('',#3439,#4462);
#4462 = DEFINITIONAL_REPRESENTATION('',(#4463),#4475);
#4463 = B_SPLINE_CURVE_WITH_KNOTS('',3,(#4464,#4465,#4466,#4467,#4468,
    #4469,#4470,#4471,#4472,#4473,#4474),.UNSPECIFIED.,.F.,.F.,(4,1,1,1,
    1,1,1,1,4),(0.,0.125,0.25,0.375,0.5,0.625,0.75,0.875,1.),
  .QUASI_UNIFORM_KNOTS.);
#4464 = CARTESIAN_POINT('',(1.27,-5.56098751529E-02));
#4465 = CARTESIAN_POINT('',(1.189542982212,-6.051469441614E-02));
#4466 = CARTESIAN_POINT('',(1.0326316436,-8.533714875386E-02));
#4467 = CARTESIAN_POINT('',(0.804952728136,-0.167599227351));
#4468 = CARTESIAN_POINT('',(0.597715665288,-0.291568761192));
#4469 = CARTESIAN_POINT('',(0.41791658397,-0.4518508305));
#4470 = CARTESIAN_POINT('',(0.27066099552,-0.643724988608));
#4471 = CARTESIAN_POINT('',(0.16094568285,-0.860663750269));
#4472 = CARTESIAN_POINT('',(9.216355551504E-02,-1.098625595216));
#4473 = CARTESIAN_POINT('',(7.62E-02,-1.265006014042));
#4474 = CARTESIAN_POINT('',(7.62E-02,-1.350655575158));
#4475 = ( GEOMETRIC_REPRESENTATION_CONTEXT(2) 
PARAMETRIC_REPRESENTATION_CONTEXT() REPRESENTATION_CONTEXT('2D SPACE',''
  ) );
#4476 = PCURVE('',#2653,#4477);
#4477 = DEFINITIONAL_REPRESENTATION('',(#4478),#4526);
#4478 = B_SPLINE_CURVE_WITH_KNOTS('',3,(#4479,#4480,#4481,#4482,#4483,
    #4484,#4485,#4486,#4487,#4488,#4489,#4490,#4491,#4492,#4493,#4494,
    #4495,#4496,#4497,#4498,#4499,#4500,#4501,#4502,#4503,#4504,#4505,
    #4506,#4507,#4508,#4509,#4510,#4511,#4512,#4513,#4514,#4515,#4516,
    #4517,#4518,#4519,#4520,#4521,#4522,#4523,#4524,#4525),
  .UNSPECIFIED.,.F.,.F.,(4,1,1,1,1,1,1,1,1,1,1,1,1,1,1,1,1,1,1,1,1,1,1,1
    ,1,1,1,1,1,1,1,1,1,1,1,1,1,1,1,1,1,1,1,1,4),(0.,2.272727272727E-02,
    4.545454545455E-02,6.818181818182E-02,9.090909090909E-02,
    0.113636363636,0.136363636364,0.159090909091,0.181818181818,
    0.204545454545,0.227272727273,0.25,0.272727272727,0.295454545455,
    0.318181818182,0.340909090909,0.363636363636,0.386363636364,
    0.409090909091,0.431818181818,0.454545454545,0.477272727273,0.5,
    0.522727272727,0.545454545455,0.568181818182,0.590909090909,
    0.613636363636,0.636363636364,0.659090909091,0.681818181818,
    0.704545454545,0.727272727273,0.75,0.772727272727,0.795454545455,
    0.818181818182,0.840909090909,0.863636363636,0.886363636364,
    0.909090909091,0.931818181818,0.954545454545,0.977272727273,1.),
  .QUASI_UNIFORM_KNOTS.);
#4479 = CARTESIAN_POINT('',(4.879938631426,6.223149248734));
#4480 = CARTESIAN_POINT('',(4.879977701932,6.211609842274));
#4481 = CARTESIAN_POINT('',(4.880077584293,6.188612218333));
#4482 = CARTESIAN_POINT('',(4.880293147024,6.154298377186));
#4483 = CARTESIAN_POINT('',(4.880574900475,6.120106597814));
#4484 = CARTESIAN_POINT('',(4.880923518825,6.085974810094));
#4485 = CARTESIAN_POINT('',(4.881339790997,6.051843910394));
#4486 = CARTESIAN_POINT('',(4.881824788903,6.017644902116));
#4487 = CARTESIAN_POINT('',(4.882379219655,5.983359195728));
#4488 = CARTESIAN_POINT('',(4.883003412909,5.949018076881));
#4489 = CARTESIAN_POINT('',(4.883697965617,5.914642402372));
#4490 = CARTESIAN_POINT('',(4.88446360043,5.880255421782));
#4491 = CARTESIAN_POINT('',(4.885301205517,5.845878835185));
#4492 = CARTESIAN_POINT('',(4.886211829349,5.811533063725));
#4493 = CARTESIAN_POINT('',(4.887196092067,5.777217593616));
#4494 = CARTESIAN_POINT('',(4.888254753437,5.742932968938));
#4495 = CARTESIAN_POINT('',(4.889388712615,5.708680450823));
#4496 = CARTESIAN_POINT('',(4.890599017041,5.674461493459));
#4497 = CARTESIAN_POINT('',(4.891886830985,5.640278986417));
#4498 = CARTESIAN_POINT('',(4.893253585338,5.606130466825));
#4499 = CARTESIAN_POINT('',(4.894700990866,5.57200828236));
#4500 = CARTESIAN_POINT('',(4.896230897177,5.537906146729));
#4501 = CARTESIAN_POINT('',(4.897845331209,5.503817555445));
#4502 = CARTESIAN_POINT('',(4.89954649402,5.469736098115));
#4503 = CARTESIAN_POINT('',(4.90133677453,5.435655177109));
#4504 = CARTESIAN_POINT('',(4.903218138527,5.401574159363));
#4505 = CARTESIAN_POINT('',(4.905192702279,5.367492879412));
#4506 = CARTESIAN_POINT('',(4.907262727968,5.333411553958));
#4507 = CARTESIAN_POINT('',(4.909430665489,5.299330025135));
#4508 = CARTESIAN_POINT('',(4.91169900698,5.265249808426));
#4509 = CARTESIAN_POINT('',(4.91407096083,5.231163863745));
#4510 = CARTESIAN_POINT('',(4.916550531666,5.197056535188));
#4511 = CARTESIAN_POINT('',(4.919141880003,5.162913601939));
#4512 = CARTESIAN_POINT('',(4.921849487396,5.12872003106));
#4513 = CARTESIAN_POINT('',(4.924678130891,5.09446059295));
#4514 = CARTESIAN_POINT('',(4.927632937459,5.060119614731));
#4515 = CARTESIAN_POINT('',(4.930716999568,5.025705518375));
#4516 = CARTESIAN_POINT('',(4.933933509709,4.99122692825));
#4517 = CARTESIAN_POINT('',(4.937285694718,4.956692970302));
#4518 = CARTESIAN_POINT('',(4.940777067731,4.922110501811));
#4519 = CARTESIAN_POINT('',(4.944410397649,4.887493136522));
#4520 = CARTESIAN_POINT('',(4.948192261897,4.852818947357));
#4521 = CARTESIAN_POINT('',(4.952133722105,4.818029864423));
#4522 = CARTESIAN_POINT('',(4.956246023149,4.783073993506));
#4523 = CARTESIAN_POINT('',(4.96054152265,4.747896756052));
#4524 = CARTESIAN_POINT('',(4.96353659934,4.724261557249));
#4525 = CARTESIAN_POINT('',(4.965069235527,4.712388980385));
#4526 = ( GEOMETRIC_REPRESENTATION_CONTEXT(2) 
PARAMETRIC_REPRESENTATION_CONTEXT() REPRESENTATION_CONTEXT('2D SPACE',''
  ) );
#4527 = ORIENTED_EDGE('',*,*,#3423,.F.);
#4528 = ADVANCED_FACE('',(#4529),#2873,.F.);
#4529 = FACE_BOUND('',#4530,.F.);
#4530 = EDGE_LOOP('',(#4531,#4532,#4533,#4534,#4555,#4556));
#4531 = ORIENTED_EDGE('',*,*,#4046,.F.);
#4532 = ORIENTED_EDGE('',*,*,#4168,.T.);
#4533 = ORIENTED_EDGE('',*,*,#4369,.T.);
#4534 = ORIENTED_EDGE('',*,*,#4535,.T.);
#4535 = EDGE_CURVE('',#4342,#3274,#4536,.T.);
#4536 = SURFACE_CURVE('',#4537,(#4541,#4548),.PCURVE_S1.);
#4537 = LINE('',#4538,#4539);
#4538 = CARTESIAN_POINT('',(5.334,11.4554,0.635));
#4539 = VECTOR('',#4540,1.);
#4540 = DIRECTION('',(0.,1.,0.));
#4541 = PCURVE('',#2873,#4542);
#4542 = DEFINITIONAL_REPRESENTATION('',(#4543),#4547);
#4543 = LINE('',#4544,#4545);
#4544 = CARTESIAN_POINT('',(2.1082,-4.826));
#4545 = VECTOR('',#4546,1.);
#4546 = DIRECTION('',(-1.,0.));
#4547 = ( GEOMETRIC_REPRESENTATION_CONTEXT(2) 
PARAMETRIC_REPRESENTATION_CONTEXT() REPRESENTATION_CONTEXT('2D SPACE',''
  ) );
#4548 = PCURVE('',#3294,#4549);
#4549 = DEFINITIONAL_REPRESENTATION('',(#4550),#4554);
#4550 = LINE('',#4551,#4552);
#4551 = CARTESIAN_POINT('',(1.570796326795,-2.032));
#4552 = VECTOR('',#4553,1.);
#4553 = DIRECTION('',(0.,1.));
#4554 = ( GEOMETRIC_REPRESENTATION_CONTEXT(2) 
PARAMETRIC_REPRESENTATION_CONTEXT() REPRESENTATION_CONTEXT('2D SPACE',''
  ) );
#4555 = ORIENTED_EDGE('',*,*,#3474,.F.);
#4556 = ORIENTED_EDGE('',*,*,#2805,.T.);
#4557 = ADVANCED_FACE('',(#4558),#3411,.T.);
#4558 = FACE_BOUND('',#4559,.T.);
#4559 = EDGE_LOOP('',(#4560,#4561,#4562,#4583));
#4560 = ORIENTED_EDGE('',*,*,#4423,.T.);
#4561 = ORIENTED_EDGE('',*,*,#4244,.F.);
#4562 = ORIENTED_EDGE('',*,*,#4563,.F.);
#4563 = EDGE_CURVE('',#3363,#4245,#4564,.T.);
#4564 = SURFACE_CURVE('',#4565,(#4569,#4576),.PCURVE_S1.);
#4565 = LINE('',#4566,#4567);
#4566 = CARTESIAN_POINT('',(6.985,13.4874,1.016));
#4567 = VECTOR('',#4568,1.);
#4568 = DIRECTION('',(0.,-1.,0.));
#4569 = PCURVE('',#3411,#4570);
#4570 = DEFINITIONAL_REPRESENTATION('',(#4571),#4575);
#4571 = LINE('',#4572,#4573);
#4572 = CARTESIAN_POINT('',(3.14159265359,0.));
#4573 = VECTOR('',#4574,1.);
#4574 = DIRECTION('',(0.,-1.));
#4575 = ( GEOMETRIC_REPRESENTATION_CONTEXT(2) 
PARAMETRIC_REPRESENTATION_CONTEXT() REPRESENTATION_CONTEXT('2D SPACE',''
  ) );
#4576 = PCURVE('',#3378,#4577);
#4577 = DEFINITIONAL_REPRESENTATION('',(#4578),#4582);
#4578 = LINE('',#4579,#4580);
#4579 = CARTESIAN_POINT('',(1.27,0.));
#4580 = VECTOR('',#4581,1.);
#4581 = DIRECTION('',(0.,-1.));
#4582 = ( GEOMETRIC_REPRESENTATION_CONTEXT(2) 
PARAMETRIC_REPRESENTATION_CONTEXT() REPRESENTATION_CONTEXT('2D SPACE',''
  ) );
#4583 = ORIENTED_EDGE('',*,*,#3390,.F.);
#4584 = ADVANCED_FACE('',(#4585),#3378,.F.);
#4585 = FACE_BOUND('',#4586,.F.);
#4586 = EDGE_LOOP('',(#4587,#4608,#4609,#4610));
#4587 = ORIENTED_EDGE('',*,*,#4588,.T.);
#4588 = EDGE_CURVE('',#3335,#4273,#4589,.T.);
#4589 = SURFACE_CURVE('',#4590,(#4594,#4601),.PCURVE_S1.);
#4590 = LINE('',#4591,#4592);
#4591 = CARTESIAN_POINT('',(6.985,13.4874,2.286));
#4592 = VECTOR('',#4593,1.);
#4593 = DIRECTION('',(0.,-1.,0.));
#4594 = PCURVE('',#3378,#4595);
#4595 = DEFINITIONAL_REPRESENTATION('',(#4596),#4600);
#4596 = LINE('',#4597,#4598);
#4597 = CARTESIAN_POINT('',(0.,0.));
#4598 = VECTOR('',#4599,1.);
#4599 = DIRECTION('',(0.,-1.));
#4600 = ( GEOMETRIC_REPRESENTATION_CONTEXT(2) 
PARAMETRIC_REPRESENTATION_CONTEXT() REPRESENTATION_CONTEXT('2D SPACE',''
  ) );
#4601 = PCURVE('',#3350,#4602);
#4602 = DEFINITIONAL_REPRESENTATION('',(#4603),#4607);
#4603 = LINE('',#4604,#4605);
#4604 = CARTESIAN_POINT('',(1.27,0.));
#4605 = VECTOR('',#4606,1.);
#4606 = DIRECTION('',(0.,-1.));
#4607 = ( GEOMETRIC_REPRESENTATION_CONTEXT(2) 
PARAMETRIC_REPRESENTATION_CONTEXT() REPRESENTATION_CONTEXT('2D SPACE',''
  ) );
#4608 = ORIENTED_EDGE('',*,*,#4272,.T.);
#4609 = ORIENTED_EDGE('',*,*,#4563,.F.);
#4610 = ORIENTED_EDGE('',*,*,#3362,.F.);
#4611 = ADVANCED_FACE('',(#4612),#3350,.F.);
#4612 = FACE_BOUND('',#4613,.F.);
#4613 = EDGE_LOOP('',(#4614,#4635,#4636,#4637));
#4614 = ORIENTED_EDGE('',*,*,#4615,.T.);
#4615 = EDGE_CURVE('',#3307,#4296,#4616,.T.);
#4616 = SURFACE_CURVE('',#4617,(#4621,#4628),.PCURVE_S1.);
#4617 = LINE('',#4618,#4619);
#4618 = CARTESIAN_POINT('',(5.715,13.4874,2.286));
#4619 = VECTOR('',#4620,1.);
#4620 = DIRECTION('',(0.,-1.,0.));
#4621 = PCURVE('',#3350,#4622);
#4622 = DEFINITIONAL_REPRESENTATION('',(#4623),#4627);
#4623 = LINE('',#4624,#4625);
#4624 = CARTESIAN_POINT('',(0.,0.));
#4625 = VECTOR('',#4626,1.);
#4626 = DIRECTION('',(0.,-1.));
#4627 = ( GEOMETRIC_REPRESENTATION_CONTEXT(2) 
PARAMETRIC_REPRESENTATION_CONTEXT() REPRESENTATION_CONTEXT('2D SPACE',''
  ) );
#4628 = PCURVE('',#3322,#4629);
#4629 = DEFINITIONAL_REPRESENTATION('',(#4630),#4634);
#4630 = LINE('',#4631,#4632);
#4631 = CARTESIAN_POINT('',(1.27,0.));
#4632 = VECTOR('',#4633,1.);
#4633 = DIRECTION('',(0.,-1.));
#4634 = ( GEOMETRIC_REPRESENTATION_CONTEXT(2) 
PARAMETRIC_REPRESENTATION_CONTEXT() REPRESENTATION_CONTEXT('2D SPACE',''
  ) );
#4635 = ORIENTED_EDGE('',*,*,#4295,.T.);
#4636 = ORIENTED_EDGE('',*,*,#4588,.F.);
#4637 = ORIENTED_EDGE('',*,*,#3334,.F.);
#4638 = ADVANCED_FACE('',(#4639),#3322,.F.);
#4639 = FACE_BOUND('',#4640,.F.);
#4640 = EDGE_LOOP('',(#4641,#4662,#4663,#4664));
#4641 = ORIENTED_EDGE('',*,*,#4642,.T.);
#4642 = EDGE_CURVE('',#3272,#4319,#4643,.T.);
#4643 = SURFACE_CURVE('',#4644,(#4648,#4655),.PCURVE_S1.);
#4644 = LINE('',#4645,#4646);
#4645 = CARTESIAN_POINT('',(5.715,13.4874,1.016));
#4646 = VECTOR('',#4647,1.);
#4647 = DIRECTION('',(0.,-1.,0.));
#4648 = PCURVE('',#3322,#4649);
#4649 = DEFINITIONAL_REPRESENTATION('',(#4650),#4654);
#4650 = LINE('',#4651,#4652);
#4651 = CARTESIAN_POINT('',(0.,0.));
#4652 = VECTOR('',#4653,1.);
#4653 = DIRECTION('',(0.,-1.));
#4654 = ( GEOMETRIC_REPRESENTATION_CONTEXT(2) 
PARAMETRIC_REPRESENTATION_CONTEXT() REPRESENTATION_CONTEXT('2D SPACE',''
  ) );
#4655 = PCURVE('',#3294,#4656);
#4656 = DEFINITIONAL_REPRESENTATION('',(#4657),#4661);
#4657 = LINE('',#4658,#4659);
#4658 = CARTESIAN_POINT('',(0.,0.));
#4659 = VECTOR('',#4660,1.);
#4660 = DIRECTION('',(0.,-1.));
#4661 = ( GEOMETRIC_REPRESENTATION_CONTEXT(2) 
PARAMETRIC_REPRESENTATION_CONTEXT() REPRESENTATION_CONTEXT('2D SPACE',''
  ) );
#4662 = ORIENTED_EDGE('',*,*,#4318,.T.);
#4663 = ORIENTED_EDGE('',*,*,#4615,.F.);
#4664 = ORIENTED_EDGE('',*,*,#3306,.F.);
#4665 = ADVANCED_FACE('',(#4666),#3294,.T.);
#4666 = FACE_BOUND('',#4667,.T.);
#4667 = EDGE_LOOP('',(#4668,#4669,#4670,#4671));
#4668 = ORIENTED_EDGE('',*,*,#4642,.T.);
#4669 = ORIENTED_EDGE('',*,*,#4341,.F.);
#4670 = ORIENTED_EDGE('',*,*,#4535,.T.);
#4671 = ORIENTED_EDGE('',*,*,#3271,.F.);
#4672 = ADVANCED_FACE('',(#4673),#2653,.T.);
#4673 = FACE_BOUND('',#4674,.T.);
#4674 = EDGE_LOOP('',(#4675,#4676,#4677,#4678,#4679,#4680,#4681,#4682));
#4675 = ORIENTED_EDGE('',*,*,#3861,.T.);
#4676 = ORIENTED_EDGE('',*,*,#4096,.T.);
#4677 = ORIENTED_EDGE('',*,*,#4447,.T.);
#4678 = ORIENTED_EDGE('',*,*,#3451,.T.);
#4679 = ORIENTED_EDGE('',*,*,#2748,.F.);
#4680 = ORIENTED_EDGE('',*,*,#2636,.F.);
#4681 = ORIENTED_EDGE('',*,*,#2723,.T.);
#4682 = ORIENTED_EDGE('',*,*,#3101,.T.);
#4683 = ADVANCED_FACE('',(#4684),#377,.F.);
#4684 = FACE_BOUND('',#4685,.F.);
#4685 = EDGE_LOOP('',(#4686,#4687,#4688,#4689,#4690,#4691,#4692));
#4686 = ORIENTED_EDGE('',*,*,#1388,.T.);
#4687 = ORIENTED_EDGE('',*,*,#1596,.T.);
#4688 = ORIENTED_EDGE('',*,*,#1644,.T.);
#4689 = ORIENTED_EDGE('',*,*,#1806,.T.);
#4690 = ORIENTED_EDGE('',*,*,#359,.F.);
#4691 = ORIENTED_EDGE('',*,*,#2017,.F.);
#4692 = ORIENTED_EDGE('',*,*,#2108,.F.);
#4693 = ADVANCED_FACE('',(#4694),#1686,.F.);
#4694 = FACE_BOUND('',#4695,.F.);
#4695 = EDGE_LOOP('',(#4696,#4697,#4720,#4748));
#4696 = ORIENTED_EDGE('',*,*,#1668,.T.);
#4697 = ORIENTED_EDGE('',*,*,#4698,.T.);
#4698 = EDGE_CURVE('',#1671,#4699,#4701,.T.);
#4699 = VERTEX_POINT('',#4700);
#4700 = CARTESIAN_POINT('',(-11.0998,10.8966,-4.7498));
#4701 = SURFACE_CURVE('',#4702,(#4706,#4713),.PCURVE_S1.);
#4702 = LINE('',#4703,#4704);
#4703 = CARTESIAN_POINT('',(-11.0998,8.1026,-4.7498));
#4704 = VECTOR('',#4705,1.);
#4705 = DIRECTION('',(0.,1.,0.));
#4706 = PCURVE('',#1686,#4707);
#4707 = DEFINITIONAL_REPRESENTATION('',(#4708),#4712);
#4708 = LINE('',#4709,#4710);
#4709 = CARTESIAN_POINT('',(4.7498,8.1026));
#4710 = VECTOR('',#4711,1.);
#4711 = DIRECTION('',(0.,1.));
#4712 = ( GEOMETRIC_REPRESENTATION_CONTEXT(2) 
PARAMETRIC_REPRESENTATION_CONTEXT() REPRESENTATION_CONTEXT('2D SPACE',''
  ) );
#4713 = PCURVE('',#1768,#4714);
#4714 = DEFINITIONAL_REPRESENTATION('',(#4715),#4719);
#4715 = LINE('',#4716,#4717);
#4716 = CARTESIAN_POINT('',(7.5946,0.));
#4717 = VECTOR('',#4718,1.);
#4718 = DIRECTION('',(1.,0.));
#4719 = ( GEOMETRIC_REPRESENTATION_CONTEXT(2) 
PARAMETRIC_REPRESENTATION_CONTEXT() REPRESENTATION_CONTEXT('2D SPACE',''
  ) );
#4720 = ORIENTED_EDGE('',*,*,#4721,.T.);
#4721 = EDGE_CURVE('',#4699,#4722,#4724,.T.);
#4722 = VERTEX_POINT('',#4723);
#4723 = CARTESIAN_POINT('',(-11.0998,10.8966,4.7498));
#4724 = SURFACE_CURVE('',#4725,(#4729,#4736),.PCURVE_S1.);
#4725 = LINE('',#4726,#4727);
#4726 = CARTESIAN_POINT('',(-11.0998,10.8966,-4.7498));
#4727 = VECTOR('',#4728,1.);
#4728 = DIRECTION('',(0.,0.,1.));
#4729 = PCURVE('',#1686,#4730);
#4730 = DEFINITIONAL_REPRESENTATION('',(#4731),#4735);
#4731 = LINE('',#4732,#4733);
#4732 = CARTESIAN_POINT('',(4.7498,10.8966));
#4733 = VECTOR('',#4734,1.);
#4734 = DIRECTION('',(-1.,0.));
#4735 = ( GEOMETRIC_REPRESENTATION_CONTEXT(2) 
PARAMETRIC_REPRESENTATION_CONTEXT() REPRESENTATION_CONTEXT('2D SPACE',''
  ) );
#4736 = PCURVE('',#4737,#4742);
#4737 = PLANE('',#4738);
#4738 = AXIS2_PLACEMENT_3D('',#4739,#4740,#4741);
#4739 = CARTESIAN_POINT('',(-11.0998,10.8966,-4.7498));
#4740 = DIRECTION('',(0.,1.,0.));
#4741 = DIRECTION('',(0.,-0.,1.));
#4742 = DEFINITIONAL_REPRESENTATION('',(#4743),#4747);
#4743 = LINE('',#4744,#4745);
#4744 = CARTESIAN_POINT('',(0.,0.));
#4745 = VECTOR('',#4746,1.);
#4746 = DIRECTION('',(1.,0.));
#4747 = ( GEOMETRIC_REPRESENTATION_CONTEXT(2) 
PARAMETRIC_REPRESENTATION_CONTEXT() REPRESENTATION_CONTEXT('2D SPACE',''
  ) );
#4748 = ORIENTED_EDGE('',*,*,#4749,.T.);
#4749 = EDGE_CURVE('',#4722,#1669,#4750,.T.);
#4750 = SURFACE_CURVE('',#4751,(#4755,#4762),.PCURVE_S1.);
#4751 = LINE('',#4752,#4753);
#4752 = CARTESIAN_POINT('',(-11.0998,10.8966,4.7498));
#4753 = VECTOR('',#4754,1.);
#4754 = DIRECTION('',(0.,-1.,0.));
#4755 = PCURVE('',#1686,#4756);
#4756 = DEFINITIONAL_REPRESENTATION('',(#4757),#4761);
#4757 = LINE('',#4758,#4759);
#4758 = CARTESIAN_POINT('',(-4.7498,10.8966));
#4759 = VECTOR('',#4760,1.);
#4760 = DIRECTION('',(0.,-1.));
#4761 = ( GEOMETRIC_REPRESENTATION_CONTEXT(2) 
PARAMETRIC_REPRESENTATION_CONTEXT() REPRESENTATION_CONTEXT('2D SPACE',''
  ) );
#4762 = PCURVE('',#1714,#4763);
#4763 = DEFINITIONAL_REPRESENTATION('',(#4764),#4768);
#4764 = LINE('',#4765,#4766);
#4765 = CARTESIAN_POINT('',(0.,0.));
#4766 = VECTOR('',#4767,1.);
#4767 = DIRECTION('',(1.,0.));
#4768 = ( GEOMETRIC_REPRESENTATION_CONTEXT(2) 
PARAMETRIC_REPRESENTATION_CONTEXT() REPRESENTATION_CONTEXT('2D SPACE',''
  ) );
#4769 = ADVANCED_FACE('',(#4770),#1768,.T.);
#4770 = FACE_BOUND('',#4771,.F.);
#4771 = EDGE_LOOP('',(#4772,#4773,#4796,#4817));
#4772 = ORIENTED_EDGE('',*,*,#1754,.T.);
#4773 = ORIENTED_EDGE('',*,*,#4774,.T.);
#4774 = EDGE_CURVE('',#1727,#4775,#4777,.T.);
#4775 = VERTEX_POINT('',#4776);
#4776 = CARTESIAN_POINT('',(-1.6002,10.8966,-4.7498));
#4777 = SURFACE_CURVE('',#4778,(#4782,#4789),.PCURVE_S1.);
#4778 = LINE('',#4779,#4780);
#4779 = CARTESIAN_POINT('',(-1.6002,8.1026,-4.7498));
#4780 = VECTOR('',#4781,1.);
#4781 = DIRECTION('',(0.,1.,0.));
#4782 = PCURVE('',#1768,#4783);
#4783 = DEFINITIONAL_REPRESENTATION('',(#4784),#4788);
#4784 = LINE('',#4785,#4786);
#4785 = CARTESIAN_POINT('',(7.5946,9.4996));
#4786 = VECTOR('',#4787,1.);
#4787 = DIRECTION('',(1.,0.));
#4788 = ( GEOMETRIC_REPRESENTATION_CONTEXT(2) 
PARAMETRIC_REPRESENTATION_CONTEXT() REPRESENTATION_CONTEXT('2D SPACE',''
  ) );
#4789 = PCURVE('',#1742,#4790);
#4790 = DEFINITIONAL_REPRESENTATION('',(#4791),#4795);
#4791 = LINE('',#4792,#4793);
#4792 = CARTESIAN_POINT('',(4.7498,8.1026));
#4793 = VECTOR('',#4794,1.);
#4794 = DIRECTION('',(0.,1.));
#4795 = ( GEOMETRIC_REPRESENTATION_CONTEXT(2) 
PARAMETRIC_REPRESENTATION_CONTEXT() REPRESENTATION_CONTEXT('2D SPACE',''
  ) );
#4796 = ORIENTED_EDGE('',*,*,#4797,.F.);
#4797 = EDGE_CURVE('',#4699,#4775,#4798,.T.);
#4798 = SURFACE_CURVE('',#4799,(#4803,#4810),.PCURVE_S1.);
#4799 = LINE('',#4800,#4801);
#4800 = CARTESIAN_POINT('',(-11.0998,10.8966,-4.7498));
#4801 = VECTOR('',#4802,1.);
#4802 = DIRECTION('',(1.,0.,0.));
#4803 = PCURVE('',#1768,#4804);
#4804 = DEFINITIONAL_REPRESENTATION('',(#4805),#4809);
#4805 = LINE('',#4806,#4807);
#4806 = CARTESIAN_POINT('',(10.3886,0.));
#4807 = VECTOR('',#4808,1.);
#4808 = DIRECTION('',(0.,1.));
#4809 = ( GEOMETRIC_REPRESENTATION_CONTEXT(2) 
PARAMETRIC_REPRESENTATION_CONTEXT() REPRESENTATION_CONTEXT('2D SPACE',''
  ) );
#4810 = PCURVE('',#4737,#4811);
#4811 = DEFINITIONAL_REPRESENTATION('',(#4812),#4816);
#4812 = LINE('',#4813,#4814);
#4813 = CARTESIAN_POINT('',(0.,0.));
#4814 = VECTOR('',#4815,1.);
#4815 = DIRECTION('',(0.,1.));
#4816 = ( GEOMETRIC_REPRESENTATION_CONTEXT(2) 
PARAMETRIC_REPRESENTATION_CONTEXT() REPRESENTATION_CONTEXT('2D SPACE',''
  ) );
#4817 = ORIENTED_EDGE('',*,*,#4698,.F.);
#4818 = ADVANCED_FACE('',(#4819),#1742,.T.);
#4819 = FACE_BOUND('',#4820,.F.);
#4820 = EDGE_LOOP('',(#4821,#4822,#4845,#4866));
#4821 = ORIENTED_EDGE('',*,*,#1726,.F.);
#4822 = ORIENTED_EDGE('',*,*,#4823,.F.);
#4823 = EDGE_CURVE('',#4824,#1699,#4826,.T.);
#4824 = VERTEX_POINT('',#4825);
#4825 = CARTESIAN_POINT('',(-1.6002,10.8966,4.7498));
#4826 = SURFACE_CURVE('',#4827,(#4831,#4838),.PCURVE_S1.);
#4827 = LINE('',#4828,#4829);
#4828 = CARTESIAN_POINT('',(-1.6002,10.8966,4.7498));
#4829 = VECTOR('',#4830,1.);
#4830 = DIRECTION('',(0.,-1.,0.));
#4831 = PCURVE('',#1742,#4832);
#4832 = DEFINITIONAL_REPRESENTATION('',(#4833),#4837);
#4833 = LINE('',#4834,#4835);
#4834 = CARTESIAN_POINT('',(-4.7498,10.8966));
#4835 = VECTOR('',#4836,1.);
#4836 = DIRECTION('',(0.,-1.));
#4837 = ( GEOMETRIC_REPRESENTATION_CONTEXT(2) 
PARAMETRIC_REPRESENTATION_CONTEXT() REPRESENTATION_CONTEXT('2D SPACE',''
  ) );
#4838 = PCURVE('',#1714,#4839);
#4839 = DEFINITIONAL_REPRESENTATION('',(#4840),#4844);
#4840 = LINE('',#4841,#4842);
#4841 = CARTESIAN_POINT('',(0.,9.4996));
#4842 = VECTOR('',#4843,1.);
#4843 = DIRECTION('',(1.,0.));
#4844 = ( GEOMETRIC_REPRESENTATION_CONTEXT(2) 
PARAMETRIC_REPRESENTATION_CONTEXT() REPRESENTATION_CONTEXT('2D SPACE',''
  ) );
#4845 = ORIENTED_EDGE('',*,*,#4846,.F.);
#4846 = EDGE_CURVE('',#4775,#4824,#4847,.T.);
#4847 = SURFACE_CURVE('',#4848,(#4852,#4859),.PCURVE_S1.);
#4848 = LINE('',#4849,#4850);
#4849 = CARTESIAN_POINT('',(-1.6002,10.8966,-4.7498));
#4850 = VECTOR('',#4851,1.);
#4851 = DIRECTION('',(0.,0.,1.));
#4852 = PCURVE('',#1742,#4853);
#4853 = DEFINITIONAL_REPRESENTATION('',(#4854),#4858);
#4854 = LINE('',#4855,#4856);
#4855 = CARTESIAN_POINT('',(4.7498,10.8966));
#4856 = VECTOR('',#4857,1.);
#4857 = DIRECTION('',(-1.,0.));
#4858 = ( GEOMETRIC_REPRESENTATION_CONTEXT(2) 
PARAMETRIC_REPRESENTATION_CONTEXT() REPRESENTATION_CONTEXT('2D SPACE',''
  ) );
#4859 = PCURVE('',#4737,#4860);
#4860 = DEFINITIONAL_REPRESENTATION('',(#4861),#4865);
#4861 = LINE('',#4862,#4863);
#4862 = CARTESIAN_POINT('',(0.,9.4996));
#4863 = VECTOR('',#4864,1.);
#4864 = DIRECTION('',(1.,0.));
#4865 = ( GEOMETRIC_REPRESENTATION_CONTEXT(2) 
PARAMETRIC_REPRESENTATION_CONTEXT() REPRESENTATION_CONTEXT('2D SPACE',''
  ) );
#4866 = ORIENTED_EDGE('',*,*,#4774,.F.);
#4867 = ADVANCED_FACE('',(#4868),#1714,.T.);
#4868 = FACE_BOUND('',#4869,.F.);
#4869 = EDGE_LOOP('',(#4870,#4871,#4872,#4893));
#4870 = ORIENTED_EDGE('',*,*,#1698,.F.);
#4871 = ORIENTED_EDGE('',*,*,#4749,.F.);
#4872 = ORIENTED_EDGE('',*,*,#4873,.T.);
#4873 = EDGE_CURVE('',#4722,#4824,#4874,.T.);
#4874 = SURFACE_CURVE('',#4875,(#4879,#4886),.PCURVE_S1.);
#4875 = LINE('',#4876,#4877);
#4876 = CARTESIAN_POINT('',(-11.0998,10.8966,4.7498));
#4877 = VECTOR('',#4878,1.);
#4878 = DIRECTION('',(1.,0.,0.));
#4879 = PCURVE('',#1714,#4880);
#4880 = DEFINITIONAL_REPRESENTATION('',(#4881),#4885);
#4881 = LINE('',#4882,#4883);
#4882 = CARTESIAN_POINT('',(0.,0.));
#4883 = VECTOR('',#4884,1.);
#4884 = DIRECTION('',(0.,1.));
#4885 = ( GEOMETRIC_REPRESENTATION_CONTEXT(2) 
PARAMETRIC_REPRESENTATION_CONTEXT() REPRESENTATION_CONTEXT('2D SPACE',''
  ) );
#4886 = PCURVE('',#4737,#4887);
#4887 = DEFINITIONAL_REPRESENTATION('',(#4888),#4892);
#4888 = LINE('',#4889,#4890);
#4889 = CARTESIAN_POINT('',(9.4996,0.));
#4890 = VECTOR('',#4891,1.);
#4891 = DIRECTION('',(0.,1.));
#4892 = ( GEOMETRIC_REPRESENTATION_CONTEXT(2) 
PARAMETRIC_REPRESENTATION_CONTEXT() REPRESENTATION_CONTEXT('2D SPACE',''
  ) );
#4893 = ORIENTED_EDGE('',*,*,#4823,.T.);
#4894 = ADVANCED_FACE('',(#4895,#4901),#4737,.T.);
#4895 = FACE_BOUND('',#4896,.F.);
#4896 = EDGE_LOOP('',(#4897,#4898,#4899,#4900));
#4897 = ORIENTED_EDGE('',*,*,#4721,.F.);
#4898 = ORIENTED_EDGE('',*,*,#4797,.T.);
#4899 = ORIENTED_EDGE('',*,*,#4846,.T.);
#4900 = ORIENTED_EDGE('',*,*,#4873,.F.);
#4901 = FACE_BOUND('',#4902,.F.);
#4902 = EDGE_LOOP('',(#4903,#4938));
#4903 = ORIENTED_EDGE('',*,*,#4904,.F.);
#4904 = EDGE_CURVE('',#4905,#4907,#4909,.T.);
#4905 = VERTEX_POINT('',#4906);
#4906 = CARTESIAN_POINT('',(-6.35,10.8966,-3.81));
#4907 = VERTEX_POINT('',#4908);
#4908 = CARTESIAN_POINT('',(-6.35,10.8966,3.81));
#4909 = SURFACE_CURVE('',#4910,(#4915,#4926),.PCURVE_S1.);
#4910 = CIRCLE('',#4911,3.81);
#4911 = AXIS2_PLACEMENT_3D('',#4912,#4913,#4914);
#4912 = CARTESIAN_POINT('',(-6.35,10.8966,0.));
#4913 = DIRECTION('',(0.,-1.,0.));
#4914 = DIRECTION('',(0.,0.,-1.));
#4915 = PCURVE('',#4737,#4916);
#4916 = DEFINITIONAL_REPRESENTATION('',(#4917),#4925);
#4917 = ( BOUNDED_CURVE() B_SPLINE_CURVE(2,(#4918,#4919,#4920,#4921,
#4922,#4923,#4924),.UNSPECIFIED.,.T.,.F.) B_SPLINE_CURVE_WITH_KNOTS((1,2
    ,2,2,2,1),(-2.094395102393,0.,2.094395102393,4.188790204786,
6.28318530718,8.377580409573),.UNSPECIFIED.) CURVE() 
GEOMETRIC_REPRESENTATION_ITEM() RATIONAL_B_SPLINE_CURVE((1.,0.5,1.,0.5,
1.,0.5,1.)) REPRESENTATION_ITEM('') );
#4918 = CARTESIAN_POINT('',(0.9398,4.7498));
#4919 = CARTESIAN_POINT('',(0.9398,11.348913576837));
#4920 = CARTESIAN_POINT('',(6.6548,8.049356788419));
#4921 = CARTESIAN_POINT('',(12.3698,4.7498));
#4922 = CARTESIAN_POINT('',(6.6548,1.450243211581));
#4923 = CARTESIAN_POINT('',(0.9398,-1.849313576837));
#4924 = CARTESIAN_POINT('',(0.9398,4.7498));
#4925 = ( GEOMETRIC_REPRESENTATION_CONTEXT(2) 
PARAMETRIC_REPRESENTATION_CONTEXT() REPRESENTATION_CONTEXT('2D SPACE',''
  ) );
#4926 = PCURVE('',#4927,#4932);
#4927 = CYLINDRICAL_SURFACE('',#4928,3.81);
#4928 = AXIS2_PLACEMENT_3D('',#4929,#4930,#4931);
#4929 = CARTESIAN_POINT('',(-6.35,13.6779,0.));
#4930 = DIRECTION('',(0.,-1.,0.));
#4931 = DIRECTION('',(0.,0.,1.));
#4932 = DEFINITIONAL_REPRESENTATION('',(#4933),#4937);
#4933 = LINE('',#4934,#4935);
#4934 = CARTESIAN_POINT('',(3.14159265359,2.7813));
#4935 = VECTOR('',#4936,1.);
#4936 = DIRECTION('',(1.,0.));
#4937 = ( GEOMETRIC_REPRESENTATION_CONTEXT(2) 
PARAMETRIC_REPRESENTATION_CONTEXT() REPRESENTATION_CONTEXT('2D SPACE',''
  ) );
#4938 = ORIENTED_EDGE('',*,*,#4939,.F.);
#4939 = EDGE_CURVE('',#4907,#4905,#4940,.T.);
#4940 = SURFACE_CURVE('',#4941,(#4946,#4957),.PCURVE_S1.);
#4941 = CIRCLE('',#4942,3.81);
#4942 = AXIS2_PLACEMENT_3D('',#4943,#4944,#4945);
#4943 = CARTESIAN_POINT('',(-6.35,10.8966,0.));
#4944 = DIRECTION('',(0.,-1.,0.));
#4945 = DIRECTION('',(0.,0.,1.));
#4946 = PCURVE('',#4737,#4947);
#4947 = DEFINITIONAL_REPRESENTATION('',(#4948),#4956);
#4948 = ( BOUNDED_CURVE() B_SPLINE_CURVE(2,(#4949,#4950,#4951,#4952,
#4953,#4954,#4955),.UNSPECIFIED.,.T.,.F.) B_SPLINE_CURVE_WITH_KNOTS((1,2
    ,2,2,2,1),(-2.094395102393,0.,2.094395102393,4.188790204786,
6.28318530718,8.377580409573),.UNSPECIFIED.) CURVE() 
GEOMETRIC_REPRESENTATION_ITEM() RATIONAL_B_SPLINE_CURVE((1.,0.5,1.,0.5,
1.,0.5,1.)) REPRESENTATION_ITEM('') );
#4949 = CARTESIAN_POINT('',(8.5598,4.7498));
#4950 = CARTESIAN_POINT('',(8.5598,-1.849313576837));
#4951 = CARTESIAN_POINT('',(2.8448,1.450243211581));
#4952 = CARTESIAN_POINT('',(-2.8702,4.7498));
#4953 = CARTESIAN_POINT('',(2.8448,8.049356788419));
#4954 = CARTESIAN_POINT('',(8.5598,11.348913576837));
#4955 = CARTESIAN_POINT('',(8.5598,4.7498));
#4956 = ( GEOMETRIC_REPRESENTATION_CONTEXT(2) 
PARAMETRIC_REPRESENTATION_CONTEXT() REPRESENTATION_CONTEXT('2D SPACE',''
  ) );
#4957 = PCURVE('',#4958,#4963);
#4958 = CYLINDRICAL_SURFACE('',#4959,3.81);
#4959 = AXIS2_PLACEMENT_3D('',#4960,#4961,#4962);
#4960 = CARTESIAN_POINT('',(-6.35,13.6779,0.));
#4961 = DIRECTION('',(0.,-1.,0.));
#4962 = DIRECTION('',(0.,0.,1.));
#4963 = DEFINITIONAL_REPRESENTATION('',(#4964),#4968);
#4964 = LINE('',#4965,#4966);
#4965 = CARTESIAN_POINT('',(0.,2.7813));
#4966 = VECTOR('',#4967,1.);
#4967 = DIRECTION('',(1.,0.));
#4968 = ( GEOMETRIC_REPRESENTATION_CONTEXT(2) 
PARAMETRIC_REPRESENTATION_CONTEXT() REPRESENTATION_CONTEXT('2D SPACE',''
  ) );
#4969 = ADVANCED_FACE('',(#4970),#4927,.T.);
#4970 = FACE_BOUND('',#4971,.T.);
#4971 = EDGE_LOOP('',(#4972,#4995,#5024,#5045));
#4972 = ORIENTED_EDGE('',*,*,#4973,.T.);
#4973 = EDGE_CURVE('',#4905,#4974,#4976,.T.);
#4974 = VERTEX_POINT('',#4975);
#4975 = CARTESIAN_POINT('',(-6.35,12.2174,-3.81));
#4976 = SURFACE_CURVE('',#4977,(#4981,#4988),.PCURVE_S1.);
#4977 = LINE('',#4978,#4979);
#4978 = CARTESIAN_POINT('',(-6.35,10.8966,-3.81));
#4979 = VECTOR('',#4980,1.);
#4980 = DIRECTION('',(0.,1.,0.));
#4981 = PCURVE('',#4927,#4982);
#4982 = DEFINITIONAL_REPRESENTATION('',(#4983),#4987);
#4983 = LINE('',#4984,#4985);
#4984 = CARTESIAN_POINT('',(3.14159265359,2.7813));
#4985 = VECTOR('',#4986,1.);
#4986 = DIRECTION('',(0.,-1.));
#4987 = ( GEOMETRIC_REPRESENTATION_CONTEXT(2) 
PARAMETRIC_REPRESENTATION_CONTEXT() REPRESENTATION_CONTEXT('2D SPACE',''
  ) );
#4988 = PCURVE('',#4958,#4989);
#4989 = DEFINITIONAL_REPRESENTATION('',(#4990),#4994);
#4990 = LINE('',#4991,#4992);
#4991 = CARTESIAN_POINT('',(3.14159265359,2.7813));
#4992 = VECTOR('',#4993,1.);
#4993 = DIRECTION('',(0.,-1.));
#4994 = ( GEOMETRIC_REPRESENTATION_CONTEXT(2) 
PARAMETRIC_REPRESENTATION_CONTEXT() REPRESENTATION_CONTEXT('2D SPACE',''
  ) );
#4995 = ORIENTED_EDGE('',*,*,#4996,.T.);
#4996 = EDGE_CURVE('',#4974,#4997,#4999,.T.);
#4997 = VERTEX_POINT('',#4998);
#4998 = CARTESIAN_POINT('',(-6.35,12.2174,3.81));
#4999 = SURFACE_CURVE('',#5000,(#5005,#5012),.PCURVE_S1.);
#5000 = CIRCLE('',#5001,3.81);
#5001 = AXIS2_PLACEMENT_3D('',#5002,#5003,#5004);
#5002 = CARTESIAN_POINT('',(-6.35,12.2174,0.));
#5003 = DIRECTION('',(0.,-1.,0.));
#5004 = DIRECTION('',(0.,0.,-1.));
#5005 = PCURVE('',#4927,#5006);
#5006 = DEFINITIONAL_REPRESENTATION('',(#5007),#5011);
#5007 = LINE('',#5008,#5009);
#5008 = CARTESIAN_POINT('',(3.14159265359,1.4605));
#5009 = VECTOR('',#5010,1.);
#5010 = DIRECTION('',(1.,0.));
#5011 = ( GEOMETRIC_REPRESENTATION_CONTEXT(2) 
PARAMETRIC_REPRESENTATION_CONTEXT() REPRESENTATION_CONTEXT('2D SPACE',''
  ) );
#5012 = PCURVE('',#5013,#5018);
#5013 = TOROIDAL_SURFACE('',#5014,2.54,1.27);
#5014 = AXIS2_PLACEMENT_3D('',#5015,#5016,#5017);
#5015 = CARTESIAN_POINT('',(-6.35,12.2174,0.));
#5016 = DIRECTION('',(0.,-1.,0.));
#5017 = DIRECTION('',(0.,0.,1.));
#5018 = DEFINITIONAL_REPRESENTATION('',(#5019),#5023);
#5019 = LINE('',#5020,#5021);
#5020 = CARTESIAN_POINT('',(3.14159265359,6.28318530718));
#5021 = VECTOR('',#5022,1.);
#5022 = DIRECTION('',(1.,0.));
#5023 = ( GEOMETRIC_REPRESENTATION_CONTEXT(2) 
PARAMETRIC_REPRESENTATION_CONTEXT() REPRESENTATION_CONTEXT('2D SPACE',''
  ) );
#5024 = ORIENTED_EDGE('',*,*,#5025,.F.);
#5025 = EDGE_CURVE('',#4907,#4997,#5026,.T.);
#5026 = SURFACE_CURVE('',#5027,(#5031,#5038),.PCURVE_S1.);
#5027 = LINE('',#5028,#5029);
#5028 = CARTESIAN_POINT('',(-6.35,10.8966,3.81));
#5029 = VECTOR('',#5030,1.);
#5030 = DIRECTION('',(0.,1.,0.));
#5031 = PCURVE('',#4927,#5032);
#5032 = DEFINITIONAL_REPRESENTATION('',(#5033),#5037);
#5033 = LINE('',#5034,#5035);
#5034 = CARTESIAN_POINT('',(6.28318530718,2.7813));
#5035 = VECTOR('',#5036,1.);
#5036 = DIRECTION('',(0.,-1.));
#5037 = ( GEOMETRIC_REPRESENTATION_CONTEXT(2) 
PARAMETRIC_REPRESENTATION_CONTEXT() REPRESENTATION_CONTEXT('2D SPACE',''
  ) );
#5038 = PCURVE('',#4958,#5039);
#5039 = DEFINITIONAL_REPRESENTATION('',(#5040),#5044);
#5040 = LINE('',#5041,#5042);
#5041 = CARTESIAN_POINT('',(0.,2.7813));
#5042 = VECTOR('',#5043,1.);
#5043 = DIRECTION('',(0.,-1.));
#5044 = ( GEOMETRIC_REPRESENTATION_CONTEXT(2) 
PARAMETRIC_REPRESENTATION_CONTEXT() REPRESENTATION_CONTEXT('2D SPACE',''
  ) );
#5045 = ORIENTED_EDGE('',*,*,#4904,.F.);
#5046 = ADVANCED_FACE('',(#5047),#4958,.T.);
#5047 = FACE_BOUND('',#5048,.T.);
#5048 = EDGE_LOOP('',(#5049,#5050,#5077,#5078));
#5049 = ORIENTED_EDGE('',*,*,#5025,.T.);
#5050 = ORIENTED_EDGE('',*,*,#5051,.F.);
#5051 = EDGE_CURVE('',#4974,#4997,#5052,.T.);
#5052 = SURFACE_CURVE('',#5053,(#5058,#5065),.PCURVE_S1.);
#5053 = CIRCLE('',#5054,3.81);
#5054 = AXIS2_PLACEMENT_3D('',#5055,#5056,#5057);
#5055 = CARTESIAN_POINT('',(-6.35,12.2174,0.));
#5056 = DIRECTION('',(0.,1.,0.));
#5057 = DIRECTION('',(0.,0.,-1.));
#5058 = PCURVE('',#4958,#5059);
#5059 = DEFINITIONAL_REPRESENTATION('',(#5060),#5064);
#5060 = LINE('',#5061,#5062);
#5061 = CARTESIAN_POINT('',(3.14159265359,1.4605));
#5062 = VECTOR('',#5063,1.);
#5063 = DIRECTION('',(-1.,0.));
#5064 = ( GEOMETRIC_REPRESENTATION_CONTEXT(2) 
PARAMETRIC_REPRESENTATION_CONTEXT() REPRESENTATION_CONTEXT('2D SPACE',''
  ) );
#5065 = PCURVE('',#5066,#5071);
#5066 = TOROIDAL_SURFACE('',#5067,2.54,1.27);
#5067 = AXIS2_PLACEMENT_3D('',#5068,#5069,#5070);
#5068 = CARTESIAN_POINT('',(-6.35,12.2174,0.));
#5069 = DIRECTION('',(0.,-1.,0.));
#5070 = DIRECTION('',(0.,0.,1.));
#5071 = DEFINITIONAL_REPRESENTATION('',(#5072),#5076);
#5072 = LINE('',#5073,#5074);
#5073 = CARTESIAN_POINT('',(3.14159265359,6.28318530718));
#5074 = VECTOR('',#5075,1.);
#5075 = DIRECTION('',(-1.,0.));
#5076 = ( GEOMETRIC_REPRESENTATION_CONTEXT(2) 
PARAMETRIC_REPRESENTATION_CONTEXT() REPRESENTATION_CONTEXT('2D SPACE',''
  ) );
#5077 = ORIENTED_EDGE('',*,*,#4973,.F.);
#5078 = ORIENTED_EDGE('',*,*,#4939,.F.);
#5079 = ADVANCED_FACE('',(#5080),#5066,.T.);
#5080 = FACE_BOUND('',#5081,.T.);
#5081 = EDGE_LOOP('',(#5082,#5113,#5201,#5234,#5256,#5257,#5281,#5314));
#5082 = ORIENTED_EDGE('',*,*,#5083,.T.);
#5083 = EDGE_CURVE('',#5084,#5086,#5088,.T.);
#5084 = VERTEX_POINT('',#5085);
#5085 = CARTESIAN_POINT('',(-10.10439012484,12.2936,0.635));
#5086 = VERTEX_POINT('',#5087);
#5087 = CARTESIAN_POINT('',(-10.10439012484,12.2936,-0.635));
#5088 = SURFACE_CURVE('',#5089,(#5094,#5101),.PCURVE_S1.);
#5089 = CIRCLE('',#5090,3.807711938889);
#5090 = AXIS2_PLACEMENT_3D('',#5091,#5092,#5093);
#5091 = CARTESIAN_POINT('',(-6.35,12.2936,0.));
#5092 = DIRECTION('',(0.,-1.,0.));
#5093 = DIRECTION('',(-0.98599636346,0.,0.166766816973));
#5094 = PCURVE('',#5066,#5095);
#5095 = DEFINITIONAL_REPRESENTATION('',(#5096),#5100);
#5096 = LINE('',#5097,#5098);
#5097 = CARTESIAN_POINT('',(1.403246675754,6.223149248734));
#5098 = VECTOR('',#5099,1.);
#5099 = DIRECTION('',(1.,0.));
#5100 = ( GEOMETRIC_REPRESENTATION_CONTEXT(2) 
PARAMETRIC_REPRESENTATION_CONTEXT() REPRESENTATION_CONTEXT('2D SPACE',''
  ) );
#5101 = PCURVE('',#5102,#5107);
#5102 = PLANE('',#5103);
#5103 = AXIS2_PLACEMENT_3D('',#5104,#5105,#5106);
#5104 = CARTESIAN_POINT('',(-2.54,12.2936,0.635));
#5105 = DIRECTION('',(0.,-1.,0.));
#5106 = DIRECTION('',(0.,0.,-1.));
#5107 = DEFINITIONAL_REPRESENTATION('',(#5108),#5112);
#5108 = CIRCLE('',#5109,3.807711938889);
#5109 = AXIS2_PLACEMENT_2D('',#5110,#5111);
#5110 = CARTESIAN_POINT('',(0.635,-3.81));
#5111 = DIRECTION('',(-0.166766816973,-0.98599636346));
#5112 = ( GEOMETRIC_REPRESENTATION_CONTEXT(2) 
PARAMETRIC_REPRESENTATION_CONTEXT() REPRESENTATION_CONTEXT('2D SPACE',''
  ) );
#5113 = ORIENTED_EDGE('',*,*,#5114,.T.);
#5114 = EDGE_CURVE('',#5086,#5115,#5117,.T.);
#5115 = VERTEX_POINT('',#5116);
#5116 = CARTESIAN_POINT('',(-8.809344424842,13.4874,-0.635));
#5117 = SURFACE_CURVE('',#5118,(#5130,#5181),.PCURVE_S1.);
#5118 = B_SPLINE_CURVE_WITH_KNOTS('',3,(#5119,#5120,#5121,#5122,#5123,
    #5124,#5125,#5126,#5127,#5128,#5129),.UNSPECIFIED.,.F.,.F.,(4,1,1,1,
    1,1,1,1,4),(0.,0.125,0.25,0.375,0.5,0.625,0.75,0.875,1.),
  .QUASI_UNIFORM_KNOTS.);
#5119 = CARTESIAN_POINT('',(-10.10439012484,12.2936,-0.635));
#5120 = CARTESIAN_POINT('',(-10.09950689379,12.373702891948,-0.635));
#5121 = CARTESIAN_POINT('',(-10.0748459214,12.529936118289,-0.635));
#5122 = CARTESIAN_POINT('',(-9.993351931267,12.756468577891,-0.635));
#5123 = CARTESIAN_POINT('',(-9.870375364229,12.963102193403,-0.635));
#5124 = CARTESIAN_POINT('',(-9.711617316119,13.142337701485,-0.635));
#5125 = CARTESIAN_POINT('',(-9.52115828347,13.289804404374,-0.635));
#5126 = CARTESIAN_POINT('',(-9.305016246003,13.400430730139,-0.635));
#5127 = CARTESIAN_POINT('',(-9.06599464231,13.47072651165,-0.635));
#5128 = CARTESIAN_POINT('',(-8.896834333006,13.4874,-0.635));
#5129 = CARTESIAN_POINT('',(-8.809344424842,13.4874,-0.635));
#5130 = PCURVE('',#5066,#5131);
#5131 = DEFINITIONAL_REPRESENTATION('',(#5132),#5180);
#5132 = B_SPLINE_CURVE_WITH_KNOTS('',3,(#5133,#5134,#5135,#5136,#5137,
    #5138,#5139,#5140,#5141,#5142,#5143,#5144,#5145,#5146,#5147,#5148,
    #5149,#5150,#5151,#5152,#5153,#5154,#5155,#5156,#5157,#5158,#5159,
    #5160,#5161,#5162,#5163,#5164,#5165,#5166,#5167,#5168,#5169,#5170,
    #5171,#5172,#5173,#5174,#5175,#5176,#5177,#5178,#5179),
  .UNSPECIFIED.,.F.,.F.,(4,1,1,1,1,1,1,1,1,1,1,1,1,1,1,1,1,1,1,1,1,1,1,1
    ,1,1,1,1,1,1,1,1,1,1,1,1,1,1,1,1,1,1,1,1,4),(0.,2.272727272727E-02,
    4.545454545455E-02,6.818181818182E-02,9.090909090909E-02,
    0.113636363636,0.136363636364,0.159090909091,0.181818181818,
    0.204545454545,0.227272727273,0.25,0.272727272727,0.295454545455,
    0.318181818182,0.340909090909,0.363636363636,0.386363636364,
    0.409090909091,0.431818181818,0.454545454545,0.477272727273,0.5,
    0.522727272727,0.545454545455,0.568181818182,0.590909090909,
    0.613636363636,0.636363636364,0.659090909091,0.681818181818,
    0.704545454545,0.727272727273,0.75,0.772727272727,0.795454545455,
    0.818181818182,0.840909090909,0.863636363636,0.886363636364,
    0.909090909091,0.931818181818,0.954545454545,0.977272727273,1.),
  .QUASI_UNIFORM_KNOTS.);
#5133 = CARTESIAN_POINT('',(1.738345977836,6.223149248734));
#5134 = CARTESIAN_POINT('',(1.738384876174,6.211660640317));
#5135 = CARTESIAN_POINT('',(1.738484243417,6.188763978295));
#5136 = CARTESIAN_POINT('',(1.738698467951,6.154601340738));
#5137 = CARTESIAN_POINT('',(1.738978266153,6.120562141912));
#5138 = CARTESIAN_POINT('',(1.739324254897,6.086586092308));
#5139 = CARTESIAN_POINT('',(1.739737166553,6.052615761995));
#5140 = CARTESIAN_POINT('',(1.740217995818,6.01858446316));
#5141 = CARTESIAN_POINT('',(1.740767443994,5.984473140755));
#5142 = CARTESIAN_POINT('',(1.741385908858,5.950309731172));
#5143 = CARTESIAN_POINT('',(1.742074037967,5.916112256706));
#5144 = CARTESIAN_POINT('',(1.742832608009,5.881900943023));
#5145 = CARTESIAN_POINT('',(1.743662559492,5.847694518769));
#5146 = CARTESIAN_POINT('',(1.744564994154,5.813510472862));
#5147 = CARTESIAN_POINT('',(1.745540412588,5.779351656815));
#5148 = CARTESIAN_POINT('',(1.746589448472,5.745222030251));
#5149 = CARTESIAN_POINT('',(1.747712864525,5.711126369013));
#5150 = CARTESIAN_POINT('',(1.748911572527,5.67706938836));
#5151 = CARTESIAN_POINT('',(1.750186554772,5.643058136516));
#5152 = CARTESIAN_POINT('',(1.751539219839,5.6090898271));
#5153 = CARTESIAN_POINT('',(1.752971429427,5.575151989882));
#5154 = CARTESIAN_POINT('',(1.754485154286,5.54123441738));
#5155 = CARTESIAN_POINT('',(1.756082559603,5.50732644775));
#5156 = CARTESIAN_POINT('',(1.757765991189,5.473417637869));
#5157 = CARTESIAN_POINT('',(1.759537994547,5.439497474437));
#5158 = CARTESIAN_POINT('',(1.761400661696,5.405564473821));
#5159 = CARTESIAN_POINT('',(1.763356247611,5.371617449016));
#5160 = CARTESIAN_POINT('',(1.765407164586,5.337655502145));
#5161 = CARTESIAN_POINT('',(1.76755603758,5.303677156172));
#5162 = CARTESIAN_POINT('',(1.76980551798,5.26968287839));
#5163 = CARTESIAN_POINT('',(1.772159154119,5.235662820787));
#5164 = CARTESIAN_POINT('',(1.774621495526,5.201596569893));
#5165 = CARTESIAN_POINT('',(1.777197269508,5.167465253667));
#5166 = CARTESIAN_POINT('',(1.779891596171,5.133248910124));
#5167 = CARTESIAN_POINT('',(1.782709960392,5.098927268103));
#5168 = CARTESIAN_POINT('',(1.785658278838,5.064479581466));
#5169 = CARTESIAN_POINT('',(1.788740541918,5.029910520604));
#5170 = CARTESIAN_POINT('',(1.791960944547,4.99522442906));
#5171 = CARTESIAN_POINT('',(1.795323843186,4.960425628614));
#5172 = CARTESIAN_POINT('',(1.798833985766,4.925516041293));
#5173 = CARTESIAN_POINT('',(1.802495633563,4.890502971279));
#5174 = CARTESIAN_POINT('',(1.806316516447,4.855362747174));
#5175 = CARTESIAN_POINT('',(1.810308439012,4.820039917459));
#5176 = CARTESIAN_POINT('',(1.814483594878,4.784483603495));
#5177 = CARTESIAN_POINT('',(1.81885535941,4.748640016218));
#5178 = CARTESIAN_POINT('',(1.821911023769,4.724516616949));
#5179 = CARTESIAN_POINT('',(1.823476581937,4.712388980385));
#5180 = ( GEOMETRIC_REPRESENTATION_CONTEXT(2) 
PARAMETRIC_REPRESENTATION_CONTEXT() REPRESENTATION_CONTEXT('2D SPACE',''
  ) );
#5181 = PCURVE('',#5182,#5187);
#5182 = PLANE('',#5183);
#5183 = AXIS2_PLACEMENT_3D('',#5184,#5185,#5186);
#5184 = CARTESIAN_POINT('',(-2.54,12.2936,-0.635));
#5185 = DIRECTION('',(0.,0.,-1.));
#5186 = DIRECTION('',(0.,1.,0.));
#5187 = DEFINITIONAL_REPRESENTATION('',(#5188),#5200);
#5188 = B_SPLINE_CURVE_WITH_KNOTS('',3,(#5189,#5190,#5191,#5192,#5193,
    #5194,#5195,#5196,#5197,#5198,#5199),.UNSPECIFIED.,.F.,.F.,(4,1,1,1,
    1,1,1,1,4),(0.,0.125,0.25,0.375,0.5,0.625,0.75,0.875,1.),
  .QUASI_UNIFORM_KNOTS.);
#5189 = CARTESIAN_POINT('',(0.,-7.564390124847));
#5190 = CARTESIAN_POINT('',(8.010289194782E-02,-7.559506893798));
#5191 = CARTESIAN_POINT('',(0.236336118289,-7.534845921406));
#5192 = CARTESIAN_POINT('',(0.462868577891,-7.453351931267));
#5193 = CARTESIAN_POINT('',(0.669502193403,-7.330375364229));
#5194 = CARTESIAN_POINT('',(0.848737701485,-7.171617316119));
#5195 = CARTESIAN_POINT('',(0.996204404374,-6.98115828347));
#5196 = CARTESIAN_POINT('',(1.106830730139,-6.765016246003));
#5197 = CARTESIAN_POINT('',(1.17712651165,-6.52599464231));
#5198 = CARTESIAN_POINT('',(1.1938,-6.356834333006));
#5199 = CARTESIAN_POINT('',(1.1938,-6.269344424842));
#5200 = ( GEOMETRIC_REPRESENTATION_CONTEXT(2) 
PARAMETRIC_REPRESENTATION_CONTEXT() REPRESENTATION_CONTEXT('2D SPACE',''
  ) );
#5201 = ORIENTED_EDGE('',*,*,#5202,.F.);
#5202 = EDGE_CURVE('',#5203,#5115,#5205,.T.);
#5203 = VERTEX_POINT('',#5204);
#5204 = CARTESIAN_POINT('',(-6.35,13.4874,-2.54));
#5205 = SURFACE_CURVE('',#5206,(#5211,#5218),.PCURVE_S1.);
#5206 = CIRCLE('',#5207,2.54);
#5207 = AXIS2_PLACEMENT_3D('',#5208,#5209,#5210);
#5208 = CARTESIAN_POINT('',(-6.35,13.4874,0.));
#5209 = DIRECTION('',(0.,1.,0.));
#5210 = DIRECTION('',(0.,0.,-1.));
#5211 = PCURVE('',#5066,#5212);
#5212 = DEFINITIONAL_REPRESENTATION('',(#5213),#5217);
#5213 = LINE('',#5214,#5215);
#5214 = CARTESIAN_POINT('',(3.14159265359,4.712388980385));
#5215 = VECTOR('',#5216,1.);
#5216 = DIRECTION('',(-1.,0.));
#5217 = ( GEOMETRIC_REPRESENTATION_CONTEXT(2) 
PARAMETRIC_REPRESENTATION_CONTEXT() REPRESENTATION_CONTEXT('2D SPACE',''
  ) );
#5218 = PCURVE('',#5219,#5224);
#5219 = PLANE('',#5220);
#5220 = AXIS2_PLACEMENT_3D('',#5221,#5222,#5223);
#5221 = CARTESIAN_POINT('',(-6.35,13.4874,0.));
#5222 = DIRECTION('',(0.,-1.,0.));
#5223 = DIRECTION('',(0.,0.,1.));
#5224 = DEFINITIONAL_REPRESENTATION('',(#5225),#5233);
#5225 = ( BOUNDED_CURVE() B_SPLINE_CURVE(2,(#5226,#5227,#5228,#5229,
#5230,#5231,#5232),.UNSPECIFIED.,.T.,.F.) B_SPLINE_CURVE_WITH_KNOTS((1,2
    ,2,2,2,1),(-2.094395102393,0.,2.094395102393,4.188790204786,
6.28318530718,8.377580409573),.UNSPECIFIED.) CURVE() 
GEOMETRIC_REPRESENTATION_ITEM() RATIONAL_B_SPLINE_CURVE((1.,0.5,1.,0.5,
1.,0.5,1.)) REPRESENTATION_ITEM('') );
#5226 = CARTESIAN_POINT('',(-2.54,0.));
#5227 = CARTESIAN_POINT('',(-2.54,4.399409051225));
#5228 = CARTESIAN_POINT('',(1.27,2.199704525612));
#5229 = CARTESIAN_POINT('',(5.08,6.221205739669E-16));
#5230 = CARTESIAN_POINT('',(1.27,-2.199704525612));
#5231 = CARTESIAN_POINT('',(-2.54,-4.399409051225));
#5232 = CARTESIAN_POINT('',(-2.54,0.));
#5233 = ( GEOMETRIC_REPRESENTATION_CONTEXT(2) 
PARAMETRIC_REPRESENTATION_CONTEXT() REPRESENTATION_CONTEXT('2D SPACE',''
  ) );
#5234 = ORIENTED_EDGE('',*,*,#5235,.F.);
#5235 = EDGE_CURVE('',#4974,#5203,#5236,.T.);
#5236 = SURFACE_CURVE('',#5237,(#5242,#5249),.PCURVE_S1.);
#5237 = CIRCLE('',#5238,1.27);
#5238 = AXIS2_PLACEMENT_3D('',#5239,#5240,#5241);
#5239 = CARTESIAN_POINT('',(-6.35,12.2174,-2.54));
#5240 = DIRECTION('',(1.,0.,0.));
#5241 = DIRECTION('',(0.,0.,-1.));
#5242 = PCURVE('',#5066,#5243);
#5243 = DEFINITIONAL_REPRESENTATION('',(#5244),#5248);
#5244 = LINE('',#5245,#5246);
#5245 = CARTESIAN_POINT('',(3.14159265359,6.28318530718));
#5246 = VECTOR('',#5247,1.);
#5247 = DIRECTION('',(0.,-1.));
#5248 = ( GEOMETRIC_REPRESENTATION_CONTEXT(2) 
PARAMETRIC_REPRESENTATION_CONTEXT() REPRESENTATION_CONTEXT('2D SPACE',''
  ) );
#5249 = PCURVE('',#5013,#5250);
#5250 = DEFINITIONAL_REPRESENTATION('',(#5251),#5255);
#5251 = LINE('',#5252,#5253);
#5252 = CARTESIAN_POINT('',(3.14159265359,6.28318530718));
#5253 = VECTOR('',#5254,1.);
#5254 = DIRECTION('',(0.,-1.));
#5255 = ( GEOMETRIC_REPRESENTATION_CONTEXT(2) 
PARAMETRIC_REPRESENTATION_CONTEXT() REPRESENTATION_CONTEXT('2D SPACE',''
  ) );
#5256 = ORIENTED_EDGE('',*,*,#5051,.T.);
#5257 = ORIENTED_EDGE('',*,*,#5258,.T.);
#5258 = EDGE_CURVE('',#4997,#5259,#5261,.T.);
#5259 = VERTEX_POINT('',#5260);
#5260 = CARTESIAN_POINT('',(-6.35,13.4874,2.54));
#5261 = SURFACE_CURVE('',#5262,(#5267,#5274),.PCURVE_S1.);
#5262 = CIRCLE('',#5263,1.27);
#5263 = AXIS2_PLACEMENT_3D('',#5264,#5265,#5266);
#5264 = CARTESIAN_POINT('',(-6.35,12.2174,2.54));
#5265 = DIRECTION('',(-1.,0.,0.));
#5266 = DIRECTION('',(0.,0.,1.));
#5267 = PCURVE('',#5066,#5268);
#5268 = DEFINITIONAL_REPRESENTATION('',(#5269),#5273);
#5269 = LINE('',#5270,#5271);
#5270 = CARTESIAN_POINT('',(0.,6.28318530718));
#5271 = VECTOR('',#5272,1.);
#5272 = DIRECTION('',(0.,-1.));
#5273 = ( GEOMETRIC_REPRESENTATION_CONTEXT(2) 
PARAMETRIC_REPRESENTATION_CONTEXT() REPRESENTATION_CONTEXT('2D SPACE',''
  ) );
#5274 = PCURVE('',#5013,#5275);
#5275 = DEFINITIONAL_REPRESENTATION('',(#5276),#5280);
#5276 = LINE('',#5277,#5278);
#5277 = CARTESIAN_POINT('',(6.28318530718,6.28318530718));
#5278 = VECTOR('',#5279,1.);
#5279 = DIRECTION('',(0.,-1.));
#5280 = ( GEOMETRIC_REPRESENTATION_CONTEXT(2) 
PARAMETRIC_REPRESENTATION_CONTEXT() REPRESENTATION_CONTEXT('2D SPACE',''
  ) );
#5281 = ORIENTED_EDGE('',*,*,#5282,.F.);
#5282 = EDGE_CURVE('',#5283,#5259,#5285,.T.);
#5283 = VERTEX_POINT('',#5284);
#5284 = CARTESIAN_POINT('',(-8.809344424842,13.4874,0.635));
#5285 = SURFACE_CURVE('',#5286,(#5291,#5298),.PCURVE_S1.);
#5286 = CIRCLE('',#5287,2.54);
#5287 = AXIS2_PLACEMENT_3D('',#5288,#5289,#5290);
#5288 = CARTESIAN_POINT('',(-6.35,13.4874,0.));
#5289 = DIRECTION('',(0.,1.,0.));
#5290 = DIRECTION('',(-0.968245836552,0.,0.25));
#5291 = PCURVE('',#5066,#5292);
#5292 = DEFINITIONAL_REPRESENTATION('',(#5293),#5297);
#5293 = LINE('',#5294,#5295);
#5294 = CARTESIAN_POINT('',(1.318116071653,4.712388980385));
#5295 = VECTOR('',#5296,1.);
#5296 = DIRECTION('',(-1.,0.));
#5297 = ( GEOMETRIC_REPRESENTATION_CONTEXT(2) 
PARAMETRIC_REPRESENTATION_CONTEXT() REPRESENTATION_CONTEXT('2D SPACE',''
  ) );
#5298 = PCURVE('',#5299,#5304);
#5299 = PLANE('',#5300);
#5300 = AXIS2_PLACEMENT_3D('',#5301,#5302,#5303);
#5301 = CARTESIAN_POINT('',(-6.35,13.4874,0.));
#5302 = DIRECTION('',(0.,-1.,0.));
#5303 = DIRECTION('',(0.,0.,1.));
#5304 = DEFINITIONAL_REPRESENTATION('',(#5305),#5313);
#5305 = ( BOUNDED_CURVE() B_SPLINE_CURVE(2,(#5306,#5307,#5308,#5309,
#5310,#5311,#5312),.UNSPECIFIED.,.T.,.F.) B_SPLINE_CURVE_WITH_KNOTS((1,2
    ,2,2,2,1),(-2.094395102393,0.,2.094395102393,4.188790204786,
6.28318530718,8.377580409573),.UNSPECIFIED.) CURVE() 
GEOMETRIC_REPRESENTATION_ITEM() RATIONAL_B_SPLINE_CURVE((1.,0.5,1.,0.5,
1.,0.5,1.)) REPRESENTATION_ITEM('') );
#5306 = CARTESIAN_POINT('',(0.635,2.459344424842));
#5307 = CARTESIAN_POINT('',(4.894709497137,1.359492162036));
#5308 = CARTESIAN_POINT('',(1.812354748569,-1.779598343824));
#5309 = CARTESIAN_POINT('',(-1.27,-4.918688849683));
#5310 = CARTESIAN_POINT('',(-2.447354748569,-0.679746081018));
#5311 = CARTESIAN_POINT('',(-3.624709497137,3.559196687648));
#5312 = CARTESIAN_POINT('',(0.635,2.459344424842));
#5313 = ( GEOMETRIC_REPRESENTATION_CONTEXT(2) 
PARAMETRIC_REPRESENTATION_CONTEXT() REPRESENTATION_CONTEXT('2D SPACE',''
  ) );
#5314 = ORIENTED_EDGE('',*,*,#5315,.T.);
#5315 = EDGE_CURVE('',#5283,#5084,#5316,.T.);
#5316 = SURFACE_CURVE('',#5317,(#5329,#5380),.PCURVE_S1.);
#5317 = B_SPLINE_CURVE_WITH_KNOTS('',3,(#5318,#5319,#5320,#5321,#5322,
    #5323,#5324,#5325,#5326,#5327,#5328),.UNSPECIFIED.,.F.,.F.,(4,1,1,1,
    1,1,1,1,4),(0.,0.125,0.25,0.375,0.5,0.625,0.75,0.875,1.),
  .QUASI_UNIFORM_KNOTS.);
#5318 = CARTESIAN_POINT('',(-8.809344424842,13.4874,0.635));
#5319 = CARTESIAN_POINT('',(-8.894993359853,13.4874,0.635));
#5320 = CARTESIAN_POINT('',(-9.061372081482,13.47143662099,0.635));
#5321 = CARTESIAN_POINT('',(-9.299328824257,13.402656828372,0.635));
#5322 = CARTESIAN_POINT('',(-9.516263611057,13.292945839587,0.635));
#5323 = CARTESIAN_POINT('',(-9.708137503394,13.145694209542,0.635));
#5324 = CARTESIAN_POINT('',(-9.86842310016,12.965895821342,0.635));
#5325 = CARTESIAN_POINT('',(-9.992397366291,12.758655379367,0.635));
#5326 = CARTESIAN_POINT('',(-10.07466242803,12.530971192183,0.635));
#5327 = CARTESIAN_POINT('',(-10.09948525454,12.374057855109,0.635));
#5328 = CARTESIAN_POINT('',(-10.10439012484,12.2936,0.635));
#5329 = PCURVE('',#5066,#5330);
#5330 = DEFINITIONAL_REPRESENTATION('',(#5331),#5379);
#5331 = B_SPLINE_CURVE_WITH_KNOTS('',3,(#5332,#5333,#5334,#5335,#5336,
    #5337,#5338,#5339,#5340,#5341,#5342,#5343,#5344,#5345,#5346,#5347,
    #5348,#5349,#5350,#5351,#5352,#5353,#5354,#5355,#5356,#5357,#5358,
    #5359,#5360,#5361,#5362,#5363,#5364,#5365,#5366,#5367,#5368,#5369,
    #5370,#5371,#5372,#5373,#5374,#5375,#5376,#5377,#5378),
  .UNSPECIFIED.,.F.,.F.,(4,1,1,1,1,1,1,1,1,1,1,1,1,1,1,1,1,1,1,1,1,1,1,1
    ,1,1,1,1,1,1,1,1,1,1,1,1,1,1,1,1,1,1,1,1,4),(0.,2.272727272727E-02,
    4.545454545455E-02,6.818181818182E-02,9.090909090909E-02,
    0.113636363636,0.136363636364,0.159090909091,0.181818181818,
    0.204545454545,0.227272727273,0.25,0.272727272727,0.295454545455,
    0.318181818182,0.340909090909,0.363636363636,0.386363636364,
    0.409090909091,0.431818181818,0.454545454545,0.477272727273,0.5,
    0.522727272727,0.545454545455,0.568181818182,0.590909090909,
    0.613636363636,0.636363636364,0.659090909091,0.681818181818,
    0.704545454545,0.727272727273,0.75,0.772727272727,0.795454545455,
    0.818181818182,0.840909090909,0.863636363636,0.886363636364,
    0.909090909091,0.931818181818,0.954545454545,0.977272727273,1.),
  .QUASI_UNIFORM_KNOTS.);
#5332 = CARTESIAN_POINT('',(1.318116071653,4.712388980385));
#5333 = CARTESIAN_POINT('',(1.319648696641,4.7242614704));
#5334 = CARTESIAN_POINT('',(1.322643750263,4.747896484314));
#5335 = CARTESIAN_POINT('',(1.32693921277,4.783073403539));
#5336 = CARTESIAN_POINT('',(1.331051474031,4.818028908333));
#5337 = CARTESIAN_POINT('',(1.334992891317,4.852817569141));
#5338 = CARTESIAN_POINT('',(1.338774709278,4.887491272412));
#5339 = CARTESIAN_POINT('',(1.342407989056,4.922108076805));
#5340 = CARTESIAN_POINT('',(1.345899309047,4.956689912088));
#5341 = CARTESIAN_POINT('',(1.349251440324,4.991223181505));
#5342 = CARTESIAN_POINT('',(1.352467897657,5.025701041684));
#5343 = CARTESIAN_POINT('',(1.355551909403,5.06011438111));
#5344 = CARTESIAN_POINT('',(1.358506669375,5.094454589179));
#5345 = CARTESIAN_POINT('',(1.361335271218,5.128713256955));
#5346 = CARTESIAN_POINT('',(1.364042842525,5.162906069635));
#5347 = CARTESIAN_POINT('',(1.366634160901,5.197048269867));
#5348 = CARTESIAN_POINT('',(1.369113708415,5.231154904142));
#5349 = CARTESIAN_POINT('',(1.371485646019,5.265240206846));
#5350 = CARTESIAN_POINT('',(1.373753978855,5.299319848622));
#5351 = CARTESIAN_POINT('',(1.375921915255,5.333400879292));
#5352 = CARTESIAN_POINT('',(1.377991946791,5.367481788932));
#5353 = CARTESIAN_POINT('',(1.379966522962,5.401562742884));
#5354 = CARTESIAN_POINT('',(1.38184790557,5.435643532376));
#5355 = CARTESIAN_POINT('',(1.383638210555,5.469724331534));
#5356 = CARTESIAN_POINT('',(1.385339403412,5.50380578259));
#5357 = CARTESIAN_POINT('',(1.386953871965,5.537894477145));
#5358 = CARTESIAN_POINT('',(1.388483816272,5.571996820238));
#5359 = CARTESIAN_POINT('',(1.389931262348,5.606119311879));
#5360 = CARTESIAN_POINT('',(1.391298058946,5.640268234275));
#5361 = CARTESIAN_POINT('',(1.392585916053,5.674451238141));
#5362 = CARTESIAN_POINT('',(1.393796263767,5.708670778131));
#5363 = CARTESIAN_POINT('',(1.394930265549,5.742923949137));
#5364 = CARTESIAN_POINT('',(1.395988968089,5.77720928326));
#5365 = CARTESIAN_POINT('',(1.396973269826,5.811525505691));
#5366 = CARTESIAN_POINT('',(1.397883929838,5.845872059375));
#5367 = CARTESIAN_POINT('',(1.398721567601,5.880249446034));
#5368 = CARTESIAN_POINT('',(1.399487231566,5.914637228569));
#5369 = CARTESIAN_POINT('',(1.400181809868,5.949013690135));
#5370 = CARTESIAN_POINT('',(1.400806025108,5.983355563639));
#5371 = CARTESIAN_POINT('',(1.401360474199,6.017641975425));
#5372 = CARTESIAN_POINT('',(1.401845486663,6.051841619414));
#5373 = CARTESIAN_POINT('',(1.402261769835,6.085973081499));
#5374 = CARTESIAN_POINT('',(1.402610396193,6.12010537105));
#5375 = CARTESIAN_POINT('',(1.402892155124,6.154297600502));
#5376 = CARTESIAN_POINT('',(1.403107721276,6.188611849284));
#5377 = CARTESIAN_POINT('',(1.40320760484,6.211609722124));
#5378 = CARTESIAN_POINT('',(1.403246675754,6.223149248734));
#5379 = ( GEOMETRIC_REPRESENTATION_CONTEXT(2) 
PARAMETRIC_REPRESENTATION_CONTEXT() REPRESENTATION_CONTEXT('2D SPACE',''
  ) );
#5380 = PCURVE('',#5381,#5386);
#5381 = PLANE('',#5382);
#5382 = AXIS2_PLACEMENT_3D('',#5383,#5384,#5385);
#5383 = CARTESIAN_POINT('',(-2.54,13.5636,0.635));
#5384 = DIRECTION('',(0.,0.,1.));
#5385 = DIRECTION('',(0.,-1.,0.));
#5386 = DEFINITIONAL_REPRESENTATION('',(#5387),#5399);
#5387 = B_SPLINE_CURVE_WITH_KNOTS('',3,(#5388,#5389,#5390,#5391,#5392,
    #5393,#5394,#5395,#5396,#5397,#5398),.UNSPECIFIED.,.F.,.F.,(4,1,1,1,
    1,1,1,1,4),(0.,0.125,0.25,0.375,0.5,0.625,0.75,0.875,1.),
  .QUASI_UNIFORM_KNOTS.);
#5388 = CARTESIAN_POINT('',(7.62E-02,-6.269344424842));
#5389 = CARTESIAN_POINT('',(7.62E-02,-6.354993359853));
#5390 = CARTESIAN_POINT('',(9.216337901044E-02,-6.521372081482));
#5391 = CARTESIAN_POINT('',(0.160943171628,-6.759328824257));
#5392 = CARTESIAN_POINT('',(0.270654160413,-6.976263611057));
#5393 = CARTESIAN_POINT('',(0.417905790458,-7.168137503394));
#5394 = CARTESIAN_POINT('',(0.597704178658,-7.32842310016));
#5395 = CARTESIAN_POINT('',(0.804944620633,-7.452397366291));
#5396 = CARTESIAN_POINT('',(1.032628807817,-7.534662428036));
#5397 = CARTESIAN_POINT('',(1.189542144891,-7.55948525454));
#5398 = CARTESIAN_POINT('',(1.27,-7.564390124847));
#5399 = ( GEOMETRIC_REPRESENTATION_CONTEXT(2) 
PARAMETRIC_REPRESENTATION_CONTEXT() REPRESENTATION_CONTEXT('2D SPACE',''
  ) );
#5400 = ADVANCED_FACE('',(#5401),#5381,.F.);
#5401 = FACE_BOUND('',#5402,.F.);
#5402 = EDGE_LOOP('',(#5403,#5488,#5509,#5510));
#5403 = ORIENTED_EDGE('',*,*,#5404,.T.);
#5404 = EDGE_CURVE('',#5405,#5407,#5409,.T.);
#5405 = VERTEX_POINT('',#5406);
#5406 = CARTESIAN_POINT('',(-2.595609875153,12.2936,0.635));
#5407 = VERTEX_POINT('',#5408);
#5408 = CARTESIAN_POINT('',(-3.890655575158,13.4874,0.635));
#5409 = SURFACE_CURVE('',#5410,(#5422,#5437),.PCURVE_S1.);
#5410 = B_SPLINE_CURVE_WITH_KNOTS('',3,(#5411,#5412,#5413,#5414,#5415,
    #5416,#5417,#5418,#5419,#5420,#5421),.UNSPECIFIED.,.F.,.F.,(4,1,1,1,
    1,1,1,1,4),(0.,0.125,0.25,0.375,0.5,0.625,0.75,0.875,1.),
  .QUASI_UNIFORM_KNOTS.);
#5411 = CARTESIAN_POINT('',(-2.595609875153,12.2936,0.635));
#5412 = CARTESIAN_POINT('',(-2.600514694416,12.374057017788,0.635));
#5413 = CARTESIAN_POINT('',(-2.625337148754,12.5309683564,0.635));
#5414 = CARTESIAN_POINT('',(-2.707599227351,12.758647271864,0.635));
#5415 = CARTESIAN_POINT('',(-2.831568761192,12.965884334712,0.635));
#5416 = CARTESIAN_POINT('',(-2.9918508305,13.14568341603,0.635));
#5417 = CARTESIAN_POINT('',(-3.183724988608,13.29293900448,0.635));
#5418 = CARTESIAN_POINT('',(-3.400663750269,13.40265431715,0.635));
#5419 = CARTESIAN_POINT('',(-3.638625595216,13.471436444485,0.635));
#5420 = CARTESIAN_POINT('',(-3.805006014042,13.4874,0.635));
#5421 = CARTESIAN_POINT('',(-3.890655575158,13.4874,0.635));
#5422 = PCURVE('',#5381,#5423);
#5423 = DEFINITIONAL_REPRESENTATION('',(#5424),#5436);
#5424 = B_SPLINE_CURVE_WITH_KNOTS('',3,(#5425,#5426,#5427,#5428,#5429,
    #5430,#5431,#5432,#5433,#5434,#5435),.UNSPECIFIED.,.F.,.F.,(4,1,1,1,
    1,1,1,1,4),(0.,0.125,0.25,0.375,0.5,0.625,0.75,0.875,1.),
  .QUASI_UNIFORM_KNOTS.);
#5425 = CARTESIAN_POINT('',(1.27,-5.56098751529E-02));
#5426 = CARTESIAN_POINT('',(1.189542982212,-6.051469441614E-02));
#5427 = CARTESIAN_POINT('',(1.0326316436,-8.533714875386E-02));
#5428 = CARTESIAN_POINT('',(0.804952728136,-0.167599227351));
#5429 = CARTESIAN_POINT('',(0.597715665288,-0.291568761192));
#5430 = CARTESIAN_POINT('',(0.41791658397,-0.4518508305));
#5431 = CARTESIAN_POINT('',(0.27066099552,-0.643724988608));
#5432 = CARTESIAN_POINT('',(0.16094568285,-0.860663750269));
#5433 = CARTESIAN_POINT('',(9.216355551504E-02,-1.098625595216));
#5434 = CARTESIAN_POINT('',(7.62E-02,-1.265006014042));
#5435 = CARTESIAN_POINT('',(7.62E-02,-1.350655575158));
#5436 = ( GEOMETRIC_REPRESENTATION_CONTEXT(2) 
PARAMETRIC_REPRESENTATION_CONTEXT() REPRESENTATION_CONTEXT('2D SPACE',''
  ) );
#5437 = PCURVE('',#5013,#5438);
#5438 = DEFINITIONAL_REPRESENTATION('',(#5439),#5487);
#5439 = B_SPLINE_CURVE_WITH_KNOTS('',3,(#5440,#5441,#5442,#5443,#5444,
    #5445,#5446,#5447,#5448,#5449,#5450,#5451,#5452,#5453,#5454,#5455,
    #5456,#5457,#5458,#5459,#5460,#5461,#5462,#5463,#5464,#5465,#5466,
    #5467,#5468,#5469,#5470,#5471,#5472,#5473,#5474,#5475,#5476,#5477,
    #5478,#5479,#5480,#5481,#5482,#5483,#5484,#5485,#5486),
  .UNSPECIFIED.,.F.,.F.,(4,1,1,1,1,1,1,1,1,1,1,1,1,1,1,1,1,1,1,1,1,1,1,1
    ,1,1,1,1,1,1,1,1,1,1,1,1,1,1,1,1,1,1,1,1,4),(0.,2.272727272727E-02,
    4.545454545455E-02,6.818181818182E-02,9.090909090909E-02,
    0.113636363636,0.136363636364,0.159090909091,0.181818181818,
    0.204545454545,0.227272727273,0.25,0.272727272727,0.295454545455,
    0.318181818182,0.340909090909,0.363636363636,0.386363636364,
    0.409090909091,0.431818181818,0.454545454545,0.477272727273,0.5,
    0.522727272727,0.545454545455,0.568181818182,0.590909090909,
    0.613636363636,0.636363636364,0.659090909091,0.681818181818,
    0.704545454545,0.727272727273,0.75,0.772727272727,0.795454545455,
    0.818181818182,0.840909090909,0.863636363636,0.886363636364,
    0.909090909091,0.931818181818,0.954545454545,0.977272727273,1.),
  .QUASI_UNIFORM_KNOTS.);
#5440 = CARTESIAN_POINT('',(4.879938631426,6.223149248734));
#5441 = CARTESIAN_POINT('',(4.879977701932,6.211609842274));
#5442 = CARTESIAN_POINT('',(4.880077584293,6.188612218333));
#5443 = CARTESIAN_POINT('',(4.880293147024,6.154298377186));
#5444 = CARTESIAN_POINT('',(4.880574900475,6.120106597814));
#5445 = CARTESIAN_POINT('',(4.880923518825,6.085974810094));
#5446 = CARTESIAN_POINT('',(4.881339790997,6.051843910394));
#5447 = CARTESIAN_POINT('',(4.881824788903,6.017644902116));
#5448 = CARTESIAN_POINT('',(4.882379219655,5.983359195728));
#5449 = CARTESIAN_POINT('',(4.883003412909,5.949018076881));
#5450 = CARTESIAN_POINT('',(4.883697965617,5.914642402372));
#5451 = CARTESIAN_POINT('',(4.88446360043,5.880255421782));
#5452 = CARTESIAN_POINT('',(4.885301205517,5.845878835185));
#5453 = CARTESIAN_POINT('',(4.886211829349,5.811533063725));
#5454 = CARTESIAN_POINT('',(4.887196092067,5.777217593616));
#5455 = CARTESIAN_POINT('',(4.888254753437,5.742932968938));
#5456 = CARTESIAN_POINT('',(4.889388712615,5.708680450823));
#5457 = CARTESIAN_POINT('',(4.890599017041,5.674461493459));
#5458 = CARTESIAN_POINT('',(4.891886830985,5.640278986417));
#5459 = CARTESIAN_POINT('',(4.893253585338,5.606130466825));
#5460 = CARTESIAN_POINT('',(4.894700990866,5.57200828236));
#5461 = CARTESIAN_POINT('',(4.896230897177,5.537906146729));
#5462 = CARTESIAN_POINT('',(4.897845331209,5.503817555445));
#5463 = CARTESIAN_POINT('',(4.89954649402,5.469736098115));
#5464 = CARTESIAN_POINT('',(4.90133677453,5.435655177109));
#5465 = CARTESIAN_POINT('',(4.903218138527,5.401574159363));
#5466 = CARTESIAN_POINT('',(4.905192702279,5.367492879412));
#5467 = CARTESIAN_POINT('',(4.907262727968,5.333411553958));
#5468 = CARTESIAN_POINT('',(4.909430665489,5.299330025135));
#5469 = CARTESIAN_POINT('',(4.91169900698,5.265249808426));
#5470 = CARTESIAN_POINT('',(4.91407096083,5.231163863745));
#5471 = CARTESIAN_POINT('',(4.916550531666,5.197056535188));
#5472 = CARTESIAN_POINT('',(4.919141880003,5.162913601939));
#5473 = CARTESIAN_POINT('',(4.921849487396,5.12872003106));
#5474 = CARTESIAN_POINT('',(4.924678130891,5.09446059295));
#5475 = CARTESIAN_POINT('',(4.927632937459,5.060119614731));
#5476 = CARTESIAN_POINT('',(4.930716999568,5.025705518375));
#5477 = CARTESIAN_POINT('',(4.933933509709,4.99122692825));
#5478 = CARTESIAN_POINT('',(4.937285694718,4.956692970302));
#5479 = CARTESIAN_POINT('',(4.940777067731,4.922110501811));
#5480 = CARTESIAN_POINT('',(4.944410397649,4.887493136522));
#5481 = CARTESIAN_POINT('',(4.948192261897,4.852818947357));
#5482 = CARTESIAN_POINT('',(4.952133722105,4.818029864423));
#5483 = CARTESIAN_POINT('',(4.956246023149,4.783073993506));
#5484 = CARTESIAN_POINT('',(4.96054152265,4.747896756052));
#5485 = CARTESIAN_POINT('',(4.96353659934,4.724261557249));
#5486 = CARTESIAN_POINT('',(4.965069235527,4.712388980385));
#5487 = ( GEOMETRIC_REPRESENTATION_CONTEXT(2) 
PARAMETRIC_REPRESENTATION_CONTEXT() REPRESENTATION_CONTEXT('2D SPACE',''
  ) );
#5488 = ORIENTED_EDGE('',*,*,#5489,.T.);
#5489 = EDGE_CURVE('',#5407,#5283,#5490,.T.);
#5490 = SURFACE_CURVE('',#5491,(#5495,#5502),.PCURVE_S1.);
#5491 = LINE('',#5492,#5493);
#5492 = CARTESIAN_POINT('',(-3.890655575158,13.4874,0.635));
#5493 = VECTOR('',#5494,1.);
#5494 = DIRECTION('',(-1.,0.,0.));
#5495 = PCURVE('',#5381,#5496);
#5496 = DEFINITIONAL_REPRESENTATION('',(#5497),#5501);
#5497 = LINE('',#5498,#5499);
#5498 = CARTESIAN_POINT('',(7.62E-02,-1.350655575158));
#5499 = VECTOR('',#5500,1.);
#5500 = DIRECTION('',(0.,-1.));
#5501 = ( GEOMETRIC_REPRESENTATION_CONTEXT(2) 
PARAMETRIC_REPRESENTATION_CONTEXT() REPRESENTATION_CONTEXT('2D SPACE',''
  ) );
#5502 = PCURVE('',#5299,#5503);
#5503 = DEFINITIONAL_REPRESENTATION('',(#5504),#5508);
#5504 = LINE('',#5505,#5506);
#5505 = CARTESIAN_POINT('',(0.635,-2.459344424842));
#5506 = VECTOR('',#5507,1.);
#5507 = DIRECTION('',(0.,1.));
#5508 = ( GEOMETRIC_REPRESENTATION_CONTEXT(2) 
PARAMETRIC_REPRESENTATION_CONTEXT() REPRESENTATION_CONTEXT('2D SPACE',''
  ) );
#5509 = ORIENTED_EDGE('',*,*,#5315,.T.);
#5510 = ORIENTED_EDGE('',*,*,#5511,.F.);
#5511 = EDGE_CURVE('',#5405,#5084,#5512,.T.);
#5512 = SURFACE_CURVE('',#5513,(#5517,#5524),.PCURVE_S1.);
#5513 = LINE('',#5514,#5515);
#5514 = CARTESIAN_POINT('',(-2.595609875153,12.2936,0.635));
#5515 = VECTOR('',#5516,1.);
#5516 = DIRECTION('',(-1.,0.,0.));
#5517 = PCURVE('',#5381,#5518);
#5518 = DEFINITIONAL_REPRESENTATION('',(#5519),#5523);
#5519 = LINE('',#5520,#5521);
#5520 = CARTESIAN_POINT('',(1.27,-5.56098751529E-02));
#5521 = VECTOR('',#5522,1.);
#5522 = DIRECTION('',(0.,-1.));
#5523 = ( GEOMETRIC_REPRESENTATION_CONTEXT(2) 
PARAMETRIC_REPRESENTATION_CONTEXT() REPRESENTATION_CONTEXT('2D SPACE',''
  ) );
#5524 = PCURVE('',#5102,#5525);
#5525 = DEFINITIONAL_REPRESENTATION('',(#5526),#5530);
#5526 = LINE('',#5527,#5528);
#5527 = CARTESIAN_POINT('',(0.,-5.56098751529E-02));
#5528 = VECTOR('',#5529,1.);
#5529 = DIRECTION('',(0.,-1.));
#5530 = ( GEOMETRIC_REPRESENTATION_CONTEXT(2) 
PARAMETRIC_REPRESENTATION_CONTEXT() REPRESENTATION_CONTEXT('2D SPACE',''
  ) );
#5531 = ADVANCED_FACE('',(#5532),#5013,.T.);
#5532 = FACE_BOUND('',#5533,.T.);
#5533 = EDGE_LOOP('',(#5534,#5556,#5557,#5558,#5559,#5583,#5666,#5688));
#5534 = ORIENTED_EDGE('',*,*,#5535,.T.);
#5535 = EDGE_CURVE('',#5407,#5259,#5536,.T.);
#5536 = SURFACE_CURVE('',#5537,(#5542,#5549),.PCURVE_S1.);
#5537 = CIRCLE('',#5538,2.54);
#5538 = AXIS2_PLACEMENT_3D('',#5539,#5540,#5541);
#5539 = CARTESIAN_POINT('',(-6.35,13.4874,0.));
#5540 = DIRECTION('',(0.,-1.,0.));
#5541 = DIRECTION('',(0.968245836552,0.,0.25));
#5542 = PCURVE('',#5013,#5543);
#5543 = DEFINITIONAL_REPRESENTATION('',(#5544),#5548);
#5544 = LINE('',#5545,#5546);
#5545 = CARTESIAN_POINT('',(4.965069235527,4.712388980385));
#5546 = VECTOR('',#5547,1.);
#5547 = DIRECTION('',(1.,0.));
#5548 = ( GEOMETRIC_REPRESENTATION_CONTEXT(2) 
PARAMETRIC_REPRESENTATION_CONTEXT() REPRESENTATION_CONTEXT('2D SPACE',''
  ) );
#5549 = PCURVE('',#5299,#5550);
#5550 = DEFINITIONAL_REPRESENTATION('',(#5551),#5555);
#5551 = CIRCLE('',#5552,2.54);
#5552 = AXIS2_PLACEMENT_2D('',#5553,#5554);
#5553 = CARTESIAN_POINT('',(0.,0.));
#5554 = DIRECTION('',(0.25,-0.968245836552));
#5555 = ( GEOMETRIC_REPRESENTATION_CONTEXT(2) 
PARAMETRIC_REPRESENTATION_CONTEXT() REPRESENTATION_CONTEXT('2D SPACE',''
  ) );
#5556 = ORIENTED_EDGE('',*,*,#5258,.F.);
#5557 = ORIENTED_EDGE('',*,*,#4996,.F.);
#5558 = ORIENTED_EDGE('',*,*,#5235,.T.);
#5559 = ORIENTED_EDGE('',*,*,#5560,.T.);
#5560 = EDGE_CURVE('',#5203,#5561,#5563,.T.);
#5561 = VERTEX_POINT('',#5562);
#5562 = CARTESIAN_POINT('',(-3.890655575158,13.4874,-0.635));
#5563 = SURFACE_CURVE('',#5564,(#5569,#5576),.PCURVE_S1.);
#5564 = CIRCLE('',#5565,2.54);
#5565 = AXIS2_PLACEMENT_3D('',#5566,#5567,#5568);
#5566 = CARTESIAN_POINT('',(-6.35,13.4874,0.));
#5567 = DIRECTION('',(0.,-1.,0.));
#5568 = DIRECTION('',(0.,0.,-1.));
#5569 = PCURVE('',#5013,#5570);
#5570 = DEFINITIONAL_REPRESENTATION('',(#5571),#5575);
#5571 = LINE('',#5572,#5573);
#5572 = CARTESIAN_POINT('',(3.14159265359,4.712388980385));
#5573 = VECTOR('',#5574,1.);
#5574 = DIRECTION('',(1.,0.));
#5575 = ( GEOMETRIC_REPRESENTATION_CONTEXT(2) 
PARAMETRIC_REPRESENTATION_CONTEXT() REPRESENTATION_CONTEXT('2D SPACE',''
  ) );
#5576 = PCURVE('',#5219,#5577);
#5577 = DEFINITIONAL_REPRESENTATION('',(#5578),#5582);
#5578 = CIRCLE('',#5579,2.54);
#5579 = AXIS2_PLACEMENT_2D('',#5580,#5581);
#5580 = CARTESIAN_POINT('',(0.,0.));
#5581 = DIRECTION('',(-1.,0.));
#5582 = ( GEOMETRIC_REPRESENTATION_CONTEXT(2) 
PARAMETRIC_REPRESENTATION_CONTEXT() REPRESENTATION_CONTEXT('2D SPACE',''
  ) );
#5583 = ORIENTED_EDGE('',*,*,#5584,.T.);
#5584 = EDGE_CURVE('',#5561,#5585,#5587,.T.);
#5585 = VERTEX_POINT('',#5586);
#5586 = CARTESIAN_POINT('',(-2.595609875153,12.2936,-0.635));
#5587 = SURFACE_CURVE('',#5588,(#5600,#5651),.PCURVE_S1.);
#5588 = B_SPLINE_CURVE_WITH_KNOTS('',3,(#5589,#5590,#5591,#5592,#5593,
    #5594,#5595,#5596,#5597,#5598,#5599),.UNSPECIFIED.,.F.,.F.,(4,1,1,1,
    1,1,1,1,4),(0.,0.125,0.25,0.375,0.5,0.625,0.75,0.875,1.),
  .QUASI_UNIFORM_KNOTS.);
#5589 = CARTESIAN_POINT('',(-3.890655575158,13.4874,-0.635));
#5590 = CARTESIAN_POINT('',(-3.803166281529,13.4874,-0.635));
#5591 = CARTESIAN_POINT('',(-3.634007592153,13.470726691749,-0.635));
#5592 = CARTESIAN_POINT('',(-3.3949907346,13.40043313333,-0.635));
#5593 = CARTESIAN_POINT('',(-3.178852303253,13.289810822591,-0.635));
#5594 = CARTESIAN_POINT('',(-2.988393464814,13.142347758432,-0.635));
#5595 = CARTESIAN_POINT('',(-2.829632069272,12.963112765686,-0.635));
#5596 = CARTESIAN_POINT('',(-2.70665108786,12.756475845204,-0.635));
#5597 = CARTESIAN_POINT('',(-2.625154412533,12.529938490248,-0.635));
#5598 = CARTESIAN_POINT('',(-2.600493146834,12.373703558449,-0.635));
#5599 = CARTESIAN_POINT('',(-2.595609875153,12.2936,-0.635));
#5600 = PCURVE('',#5013,#5601);
#5601 = DEFINITIONAL_REPRESENTATION('',(#5602),#5650);
#5602 = B_SPLINE_CURVE_WITH_KNOTS('',3,(#5603,#5604,#5605,#5606,#5607,
    #5608,#5609,#5610,#5611,#5612,#5613,#5614,#5615,#5616,#5617,#5618,
    #5619,#5620,#5621,#5622,#5623,#5624,#5625,#5626,#5627,#5628,#5629,
    #5630,#5631,#5632,#5633,#5634,#5635,#5636,#5637,#5638,#5639,#5640,
    #5641,#5642,#5643,#5644,#5645,#5646,#5647,#5648,#5649),
  .UNSPECIFIED.,.F.,.F.,(4,1,1,1,1,1,1,1,1,1,1,1,1,1,1,1,1,1,1,1,1,1,1,1
    ,1,1,1,1,1,1,1,1,1,1,1,1,1,1,1,1,1,1,1,1,4),(0.,2.272727272727E-02,
    4.545454545455E-02,6.818181818182E-02,9.090909090909E-02,
    0.113636363636,0.136363636364,0.159090909091,0.181818181818,
    0.204545454545,0.227272727273,0.25,0.272727272727,0.295454545455,
    0.318181818182,0.340909090909,0.363636363636,0.386363636364,
    0.409090909091,0.431818181818,0.454545454545,0.477272727273,0.5,
    0.522727272727,0.545454545455,0.568181818182,0.590909090909,
    0.613636363636,0.636363636364,0.659090909091,0.681818181818,
    0.704545454545,0.727272727273,0.75,0.772727272727,0.795454545455,
    0.818181818182,0.840909090909,0.863636363636,0.886363636364,
    0.909090909091,0.931818181818,0.954545454545,0.977272727273,1.),
  .QUASI_UNIFORM_KNOTS.);
#5603 = CARTESIAN_POINT('',(4.459708725243,4.712388980385));
#5604 = CARTESIAN_POINT('',(4.461274272418,4.724516531709));
#5605 = CARTESIAN_POINT('',(4.464329914302,4.748639750652));
#5606 = CARTESIAN_POINT('',(4.468701643252,4.784483030999));
#5607 = CARTESIAN_POINT('',(4.472876761257,4.820038994973));
#5608 = CARTESIAN_POINT('',(4.476868643323,4.855361423983));
#5609 = CARTESIAN_POINT('',(4.48068948283,4.890501189344));
#5610 = CARTESIAN_POINT('',(4.484351083885,4.925513732006));
#5611 = CARTESIAN_POINT('',(4.487861177239,4.960422725902));
#5612 = CARTESIAN_POINT('',(4.491224026175,4.995220882862));
#5613 = CARTESIAN_POINT('',(4.494444380131,5.029906294012));
#5614 = CARTESIAN_POINT('',(4.497526596965,5.064474651245));
#5615 = CARTESIAN_POINT('',(4.500474872814,5.098921624091));
#5616 = CARTESIAN_POINT('',(4.503293199175,5.133242554588));
#5617 = CARTESIAN_POINT('',(4.505987493224,5.167458199791));
#5618 = CARTESIAN_POINT('',(4.5085632403,5.201588842451));
#5619 = CARTESIAN_POINT('',(4.511025560937,5.235654456614));
#5620 = CARTESIAN_POINT('',(4.513379182804,5.269673926445));
#5621 = CARTESIAN_POINT('',(4.515628655866,5.303667678528));
#5622 = CARTESIAN_POINT('',(4.5177775284,5.337645569916));
#5623 = CARTESIAN_POINT('',(4.519828451304,5.37160713902));
#5624 = CARTESIAN_POINT('',(4.521784049196,5.405553870255));
#5625 = CARTESIAN_POINT('',(4.523646734042,5.439486669324));
#5626 = CARTESIAN_POINT('',(4.525418760535,5.473406731727));
#5627 = CARTESIAN_POINT('',(4.527102220443,5.507315550054));
#5628 = CARTESIAN_POINT('',(4.528699658236,5.541223631667));
#5629 = CARTESIAN_POINT('',(4.530213418778,5.575141414376));
#5630 = CARTESIAN_POINT('',(4.531645666382,5.609079555547));
#5631 = CARTESIAN_POINT('',(4.53299837099,5.64304825854));
#5632 = CARTESIAN_POINT('',(4.534273393558,5.677059991853));
#5633 = CARTESIAN_POINT('',(4.535472141916,5.711117533671));
#5634 = CARTESIAN_POINT('',(4.536595597595,5.745213820404));
#5635 = CARTESIAN_POINT('',(4.537644671666,5.779344123155));
#5636 = CARTESIAN_POINT('',(4.53862012617,5.813503652433));
#5637 = CARTESIAN_POINT('',(4.539522594135,5.84768843561));
#5638 = CARTESIAN_POINT('',(4.540352575526,5.881895609013));
#5639 = CARTESIAN_POINT('',(4.541111172092,5.916107668869));
#5640 = CARTESIAN_POINT('',(4.541799324343,5.950305870885));
#5641 = CARTESIAN_POINT('',(4.542417808951,5.98446997302));
#5642 = CARTESIAN_POINT('',(4.542967273462,6.018581937185));
#5643 = CARTESIAN_POINT('',(4.543448115562,6.052613807796));
#5644 = CARTESIAN_POINT('',(4.543861036782,6.086584636447));
#5645 = CARTESIAN_POINT('',(4.544207032372,6.120561122881));
#5646 = CARTESIAN_POINT('',(4.544486835161,6.15460070521));
#5647 = CARTESIAN_POINT('',(4.544701062484,6.188763681568));
#5648 = CARTESIAN_POINT('',(4.544800430681,6.211660544669));
#5649 = CARTESIAN_POINT('',(4.544839329343,6.223149248734));
#5650 = ( GEOMETRIC_REPRESENTATION_CONTEXT(2) 
PARAMETRIC_REPRESENTATION_CONTEXT() REPRESENTATION_CONTEXT('2D SPACE',''
  ) );
#5651 = PCURVE('',#5182,#5652);
#5652 = DEFINITIONAL_REPRESENTATION('',(#5653),#5665);
#5653 = B_SPLINE_CURVE_WITH_KNOTS('',3,(#5654,#5655,#5656,#5657,#5658,
    #5659,#5660,#5661,#5662,#5663,#5664),.UNSPECIFIED.,.F.,.F.,(4,1,1,1,
    1,1,1,1,4),(0.,0.125,0.25,0.375,0.5,0.625,0.75,0.875,1.),
  .QUASI_UNIFORM_KNOTS.);
#5654 = CARTESIAN_POINT('',(1.1938,-1.350655575158));
#5655 = CARTESIAN_POINT('',(1.1938,-1.263166281529));
#5656 = CARTESIAN_POINT('',(1.177126691749,-1.094007592153));
#5657 = CARTESIAN_POINT('',(1.10683313333,-0.8549907346));
#5658 = CARTESIAN_POINT('',(0.996210822591,-0.638852303253));
#5659 = CARTESIAN_POINT('',(0.848747758432,-0.448393464814));
#5660 = CARTESIAN_POINT('',(0.669512765686,-0.289632069272));
#5661 = CARTESIAN_POINT('',(0.462875845204,-0.16665108786));
#5662 = CARTESIAN_POINT('',(0.236338490248,-8.51544125331E-02));
#5663 = CARTESIAN_POINT('',(8.01035584489E-02,-6.049314683414E-02));
#5664 = CARTESIAN_POINT('',(0.,-5.56098751529E-02));
#5665 = ( GEOMETRIC_REPRESENTATION_CONTEXT(2) 
PARAMETRIC_REPRESENTATION_CONTEXT() REPRESENTATION_CONTEXT('2D SPACE',''
  ) );
#5666 = ORIENTED_EDGE('',*,*,#5667,.T.);
#5667 = EDGE_CURVE('',#5585,#5405,#5668,.T.);
#5668 = SURFACE_CURVE('',#5669,(#5674,#5681),.PCURVE_S1.);
#5669 = CIRCLE('',#5670,3.807711938889);
#5670 = AXIS2_PLACEMENT_3D('',#5671,#5672,#5673);
#5671 = CARTESIAN_POINT('',(-6.35,12.2936,0.));
#5672 = DIRECTION('',(0.,-1.,0.));
#5673 = DIRECTION('',(0.98599636346,0.,-0.166766816973));
#5674 = PCURVE('',#5013,#5675);
#5675 = DEFINITIONAL_REPRESENTATION('',(#5676),#5680);
#5676 = LINE('',#5677,#5678);
#5677 = CARTESIAN_POINT('',(4.544839329343,6.223149248734));
#5678 = VECTOR('',#5679,1.);
#5679 = DIRECTION('',(1.,0.));
#5680 = ( GEOMETRIC_REPRESENTATION_CONTEXT(2) 
PARAMETRIC_REPRESENTATION_CONTEXT() REPRESENTATION_CONTEXT('2D SPACE',''
  ) );
#5681 = PCURVE('',#5102,#5682);
#5682 = DEFINITIONAL_REPRESENTATION('',(#5683),#5687);
#5683 = CIRCLE('',#5684,3.807711938889);
#5684 = AXIS2_PLACEMENT_2D('',#5685,#5686);
#5685 = CARTESIAN_POINT('',(0.635,-3.81));
#5686 = DIRECTION('',(0.166766816973,0.98599636346));
#5687 = ( GEOMETRIC_REPRESENTATION_CONTEXT(2) 
PARAMETRIC_REPRESENTATION_CONTEXT() REPRESENTATION_CONTEXT('2D SPACE',''
  ) );
#5688 = ORIENTED_EDGE('',*,*,#5404,.T.);
#5689 = ADVANCED_FACE('',(#5690),#5102,.F.);
#5690 = FACE_BOUND('',#5691,.F.);
#5691 = EDGE_LOOP('',(#5692,#5693,#5694,#5695));
#5692 = ORIENTED_EDGE('',*,*,#5667,.T.);
#5693 = ORIENTED_EDGE('',*,*,#5511,.T.);
#5694 = ORIENTED_EDGE('',*,*,#5083,.T.);
#5695 = ORIENTED_EDGE('',*,*,#5696,.F.);
#5696 = EDGE_CURVE('',#5585,#5086,#5697,.T.);
#5697 = SURFACE_CURVE('',#5698,(#5702,#5709),.PCURVE_S1.);
#5698 = LINE('',#5699,#5700);
#5699 = CARTESIAN_POINT('',(-2.595609875153,12.2936,-0.635));
#5700 = VECTOR('',#5701,1.);
#5701 = DIRECTION('',(-1.,0.,0.));
#5702 = PCURVE('',#5102,#5703);
#5703 = DEFINITIONAL_REPRESENTATION('',(#5704),#5708);
#5704 = LINE('',#5705,#5706);
#5705 = CARTESIAN_POINT('',(1.27,-5.56098751529E-02));
#5706 = VECTOR('',#5707,1.);
#5707 = DIRECTION('',(0.,-1.));
#5708 = ( GEOMETRIC_REPRESENTATION_CONTEXT(2) 
PARAMETRIC_REPRESENTATION_CONTEXT() REPRESENTATION_CONTEXT('2D SPACE',''
  ) );
#5709 = PCURVE('',#5182,#5710);
#5710 = DEFINITIONAL_REPRESENTATION('',(#5711),#5715);
#5711 = LINE('',#5712,#5713);
#5712 = CARTESIAN_POINT('',(0.,-5.56098751529E-02));
#5713 = VECTOR('',#5714,1.);
#5714 = DIRECTION('',(0.,-1.));
#5715 = ( GEOMETRIC_REPRESENTATION_CONTEXT(2) 
PARAMETRIC_REPRESENTATION_CONTEXT() REPRESENTATION_CONTEXT('2D SPACE',''
  ) );
#5716 = ADVANCED_FACE('',(#5717),#5182,.F.);
#5717 = FACE_BOUND('',#5718,.F.);
#5718 = EDGE_LOOP('',(#5719,#5720,#5721,#5722));
#5719 = ORIENTED_EDGE('',*,*,#5584,.T.);
#5720 = ORIENTED_EDGE('',*,*,#5696,.T.);
#5721 = ORIENTED_EDGE('',*,*,#5114,.T.);
#5722 = ORIENTED_EDGE('',*,*,#5723,.F.);
#5723 = EDGE_CURVE('',#5561,#5115,#5724,.T.);
#5724 = SURFACE_CURVE('',#5725,(#5729,#5736),.PCURVE_S1.);
#5725 = LINE('',#5726,#5727);
#5726 = CARTESIAN_POINT('',(-3.890655575158,13.4874,-0.635));
#5727 = VECTOR('',#5728,1.);
#5728 = DIRECTION('',(-1.,0.,0.));
#5729 = PCURVE('',#5182,#5730);
#5730 = DEFINITIONAL_REPRESENTATION('',(#5731),#5735);
#5731 = LINE('',#5732,#5733);
#5732 = CARTESIAN_POINT('',(1.1938,-1.350655575158));
#5733 = VECTOR('',#5734,1.);
#5734 = DIRECTION('',(0.,-1.));
#5735 = ( GEOMETRIC_REPRESENTATION_CONTEXT(2) 
PARAMETRIC_REPRESENTATION_CONTEXT() REPRESENTATION_CONTEXT('2D SPACE',''
  ) );
#5736 = PCURVE('',#5219,#5737);
#5737 = DEFINITIONAL_REPRESENTATION('',(#5738),#5742);
#5738 = LINE('',#5739,#5740);
#5739 = CARTESIAN_POINT('',(-0.635,-2.459344424842));
#5740 = VECTOR('',#5741,1.);
#5741 = DIRECTION('',(0.,1.));
#5742 = ( GEOMETRIC_REPRESENTATION_CONTEXT(2) 
PARAMETRIC_REPRESENTATION_CONTEXT() REPRESENTATION_CONTEXT('2D SPACE',''
  ) );
#5743 = ADVANCED_FACE('',(#5744),#5299,.F.);
#5744 = FACE_BOUND('',#5745,.F.);
#5745 = EDGE_LOOP('',(#5746,#5747,#5748));
#5746 = ORIENTED_EDGE('',*,*,#5489,.F.);
#5747 = ORIENTED_EDGE('',*,*,#5535,.T.);
#5748 = ORIENTED_EDGE('',*,*,#5282,.F.);
#5749 = ADVANCED_FACE('',(#5750),#5219,.F.);
#5750 = FACE_BOUND('',#5751,.F.);
#5751 = EDGE_LOOP('',(#5752,#5753,#5754));
#5752 = ORIENTED_EDGE('',*,*,#5723,.T.);
#5753 = ORIENTED_EDGE('',*,*,#5202,.F.);
#5754 = ORIENTED_EDGE('',*,*,#5560,.T.);
#5755 = ADVANCED_FACE('',(#5756),#978,.T.);
#5756 = FACE_BOUND('',#5757,.T.);
#5757 = EDGE_LOOP('',(#5758,#5759,#5782,#5811));
#5758 = ORIENTED_EDGE('',*,*,#955,.T.);
#5759 = ORIENTED_EDGE('',*,*,#5760,.T.);
#5760 = EDGE_CURVE('',#958,#5761,#5763,.T.);
#5761 = VERTEX_POINT('',#5762);
#5762 = CARTESIAN_POINT('',(-7.09930000159,-3.555994266539,
    -7.404094263148));
#5763 = SURFACE_CURVE('',#5764,(#5768,#5775),.PCURVE_S1.);
#5764 = LINE('',#5765,#5766);
#5765 = CARTESIAN_POINT('',(-7.0993,0.508,-7.4041));
#5766 = VECTOR('',#5767,1.);
#5767 = DIRECTION('',(-3.915567842872E-10,-0.999999999999,
    1.411629104285E-06));
#5768 = PCURVE('',#978,#5769);
#5769 = DEFINITIONAL_REPRESENTATION('',(#5770),#5774);
#5770 = LINE('',#5771,#5772);
#5771 = CARTESIAN_POINT('',(4.712388980385,0.));
#5772 = VECTOR('',#5773,1.);
#5773 = DIRECTION('',(-4.342455535983E-10,1.));
#5774 = ( GEOMETRIC_REPRESENTATION_CONTEXT(2) 
PARAMETRIC_REPRESENTATION_CONTEXT() REPRESENTATION_CONTEXT('2D SPACE',''
  ) );
#5775 = PCURVE('',#1006,#5776);
#5776 = DEFINITIONAL_REPRESENTATION('',(#5777),#5781);
#5777 = LINE('',#5778,#5779);
#5778 = CARTESIAN_POINT('',(0.,0.));
#5779 = VECTOR('',#5780,1.);
#5780 = DIRECTION('',(-3.915567842876E-10,1.));
#5781 = ( GEOMETRIC_REPRESENTATION_CONTEXT(2) 
PARAMETRIC_REPRESENTATION_CONTEXT() REPRESENTATION_CONTEXT('2D SPACE',''
  ) );
#5782 = ORIENTED_EDGE('',*,*,#5783,.F.);
#5783 = EDGE_CURVE('',#5784,#5761,#5786,.T.);
#5784 = VERTEX_POINT('',#5785);
#5785 = CARTESIAN_POINT('',(-7.099299990846,-3.555994266405,
    -5.600705736714));
#5786 = SURFACE_CURVE('',#5787,(#5792,#5799),.PCURVE_S1.);
#5787 = CIRCLE('',#5788,0.9017);
#5788 = AXIS2_PLACEMENT_3D('',#5789,#5790,#5791);
#5789 = CARTESIAN_POINT('',(-7.0993,-3.555990661157,-6.5024));
#5790 = DIRECTION('',(0.,-1.,0.));
#5791 = DIRECTION('',(0.,0.,1.));
#5792 = PCURVE('',#978,#5793);
#5793 = DEFINITIONAL_REPRESENTATION('',(#5794),#5798);
#5794 = LINE('',#5795,#5796);
#5795 = CARTESIAN_POINT('',(1.570796326795,4.063990661157));
#5796 = VECTOR('',#5797,1.);
#5797 = DIRECTION('',(1.,0.));
#5798 = ( GEOMETRIC_REPRESENTATION_CONTEXT(2) 
PARAMETRIC_REPRESENTATION_CONTEXT() REPRESENTATION_CONTEXT('2D SPACE',''
  ) );
#5799 = PCURVE('',#5800,#5805);
#5800 = CONICAL_SURFACE('',#5801,0.647691726155,0.785372721871);
#5801 = AXIS2_PLACEMENT_3D('',#5802,#5803,#5804);
#5802 = CARTESIAN_POINT('',(-7.0993,-3.809975316473,-6.5024));
#5803 = DIRECTION('',(0.,1.,0.));
#5804 = DIRECTION('',(0.,0.,-1.));
#5805 = DEFINITIONAL_REPRESENTATION('',(#5806),#5810);
#5806 = LINE('',#5807,#5808);
#5807 = CARTESIAN_POINT('',(3.14159265359,0.254002926174));
#5808 = VECTOR('',#5809,1.);
#5809 = DIRECTION('',(-1.,0.));
#5810 = ( GEOMETRIC_REPRESENTATION_CONTEXT(2) 
PARAMETRIC_REPRESENTATION_CONTEXT() REPRESENTATION_CONTEXT('2D SPACE',''
  ) );
#5811 = ORIENTED_EDGE('',*,*,#5812,.F.);
#5812 = EDGE_CURVE('',#956,#5784,#5813,.T.);
#5813 = SURFACE_CURVE('',#5814,(#5818,#5825),.PCURVE_S1.);
#5814 = LINE('',#5815,#5816);
#5815 = CARTESIAN_POINT('',(-7.0993,0.508,-5.6007));
#5816 = VECTOR('',#5817,1.);
#5817 = DIRECTION('',(2.252606837192E-09,-0.999999999999,
    -1.411595424282E-06));
#5818 = PCURVE('',#978,#5819);
#5819 = DEFINITIONAL_REPRESENTATION('',(#5820),#5824);
#5820 = LINE('',#5821,#5822);
#5821 = CARTESIAN_POINT('',(1.570796326795,0.));
#5822 = VECTOR('',#5823,1.);
#5823 = DIRECTION('',(-2.498193554249E-09,1.));
#5824 = ( GEOMETRIC_REPRESENTATION_CONTEXT(2) 
PARAMETRIC_REPRESENTATION_CONTEXT() REPRESENTATION_CONTEXT('2D SPACE',''
  ) );
#5825 = PCURVE('',#1065,#5826);
#5826 = DEFINITIONAL_REPRESENTATION('',(#5827),#5831);
#5827 = LINE('',#5828,#5829);
#5828 = CARTESIAN_POINT('',(1.4986,0.));
#5829 = VECTOR('',#5830,1.);
#5830 = DIRECTION('',(-2.252606837194E-09,1.));
#5831 = ( GEOMETRIC_REPRESENTATION_CONTEXT(2) 
PARAMETRIC_REPRESENTATION_CONTEXT() REPRESENTATION_CONTEXT('2D SPACE',''
  ) );
#5832 = ADVANCED_FACE('',(#5833),#1065,.T.);
#5833 = FACE_BOUND('',#5834,.F.);
#5834 = EDGE_LOOP('',(#5835,#5836,#5837,#5860));
#5835 = ORIENTED_EDGE('',*,*,#5812,.F.);
#5836 = ORIENTED_EDGE('',*,*,#1051,.F.);
#5837 = ORIENTED_EDGE('',*,*,#5838,.T.);
#5838 = EDGE_CURVE('',#1019,#5839,#5841,.T.);
#5839 = VERTEX_POINT('',#5840);
#5840 = CARTESIAN_POINT('',(-5.60069999841,-3.555994266539,
    -5.600705736852));
#5841 = SURFACE_CURVE('',#5842,(#5846,#5853),.PCURVE_S1.);
#5842 = LINE('',#5843,#5844);
#5843 = CARTESIAN_POINT('',(-5.6007,0.508,-5.6007));
#5844 = VECTOR('',#5845,1.);
#5845 = DIRECTION('',(3.915567842872E-10,-0.999999999999,
    -1.411629104632E-06));
#5846 = PCURVE('',#1065,#5847);
#5847 = DEFINITIONAL_REPRESENTATION('',(#5848),#5852);
#5848 = LINE('',#5849,#5850);
#5849 = CARTESIAN_POINT('',(0.,0.));
#5850 = VECTOR('',#5851,1.);
#5851 = DIRECTION('',(-3.915567842876E-10,1.));
#5852 = ( GEOMETRIC_REPRESENTATION_CONTEXT(2) 
PARAMETRIC_REPRESENTATION_CONTEXT() REPRESENTATION_CONTEXT('2D SPACE',''
  ) );
#5853 = PCURVE('',#1039,#5854);
#5854 = DEFINITIONAL_REPRESENTATION('',(#5855),#5859);
#5855 = LINE('',#5856,#5857);
#5856 = CARTESIAN_POINT('',(7.853981633974,0.));
#5857 = VECTOR('',#5858,1.);
#5858 = DIRECTION('',(-4.342455535983E-10,1.));
#5859 = ( GEOMETRIC_REPRESENTATION_CONTEXT(2) 
PARAMETRIC_REPRESENTATION_CONTEXT() REPRESENTATION_CONTEXT('2D SPACE',''
  ) );
#5860 = ORIENTED_EDGE('',*,*,#5861,.T.);
#5861 = EDGE_CURVE('',#5839,#5784,#5862,.T.);
#5862 = SURFACE_CURVE('',#5863,(#5867,#5874),.PCURVE_S1.);
#5863 = LINE('',#5864,#5865);
#5864 = CARTESIAN_POINT('',(-5.60069999841,-3.555994266539,
    -5.600705736852));
#5865 = VECTOR('',#5866,1.);
#5866 = DIRECTION('',(-1.,9.134030677763E-11,9.133560244275E-11));
#5867 = PCURVE('',#1065,#5868);
#5868 = DEFINITIONAL_REPRESENTATION('',(#5869),#5873);
#5869 = LINE('',#5870,#5871);
#5870 = CARTESIAN_POINT('',(-1.590040099586E-09,4.063994266539));
#5871 = VECTOR('',#5872,1.);
#5872 = DIRECTION('',(1.,-9.134030677763E-11));
#5873 = ( GEOMETRIC_REPRESENTATION_CONTEXT(2) 
PARAMETRIC_REPRESENTATION_CONTEXT() REPRESENTATION_CONTEXT('2D SPACE',''
  ) );
#5874 = PCURVE('',#5875,#5880);
#5875 = PLANE('',#5876);
#5876 = AXIS2_PLACEMENT_3D('',#5877,#5878,#5879);
#5877 = CARTESIAN_POINT('',(-6.35,-3.81,-5.8547));
#5878 = DIRECTION('',(0.,-0.707106781187,0.707106781187));
#5879 = DIRECTION('',(-1.,0.,0.));
#5880 = DEFINITIONAL_REPRESENTATION('',(#5881),#5885);
#5881 = LINE('',#5882,#5883);
#5882 = CARTESIAN_POINT('',(-0.74930000159,-0.359210242445));
#5883 = VECTOR('',#5884,1.);
#5884 = DIRECTION('',(1.,-1.291713741691E-10));
#5885 = ( GEOMETRIC_REPRESENTATION_CONTEXT(2) 
PARAMETRIC_REPRESENTATION_CONTEXT() REPRESENTATION_CONTEXT('2D SPACE',''
  ) );
#5886 = ADVANCED_FACE('',(#5887),#1039,.T.);
#5887 = FACE_BOUND('',#5888,.T.);
#5888 = EDGE_LOOP('',(#5889,#5890,#5891,#5920));
#5889 = ORIENTED_EDGE('',*,*,#1018,.T.);
#5890 = ORIENTED_EDGE('',*,*,#5838,.T.);
#5891 = ORIENTED_EDGE('',*,*,#5892,.F.);
#5892 = EDGE_CURVE('',#5893,#5839,#5895,.T.);
#5893 = VERTEX_POINT('',#5894);
#5894 = CARTESIAN_POINT('',(-5.600700009154,-3.555994266405,
    -7.404094263286));
#5895 = SURFACE_CURVE('',#5896,(#5901,#5908),.PCURVE_S1.);
#5896 = CIRCLE('',#5897,0.9017);
#5897 = AXIS2_PLACEMENT_3D('',#5898,#5899,#5900);
#5898 = CARTESIAN_POINT('',(-5.6007,-3.555990661157,-6.5024));
#5899 = DIRECTION('',(0.,-1.,0.));
#5900 = DIRECTION('',(0.,0.,-1.));
#5901 = PCURVE('',#1039,#5902);
#5902 = DEFINITIONAL_REPRESENTATION('',(#5903),#5907);
#5903 = LINE('',#5904,#5905);
#5904 = CARTESIAN_POINT('',(4.712388980385,4.063990661157));
#5905 = VECTOR('',#5906,1.);
#5906 = DIRECTION('',(1.,0.));
#5907 = ( GEOMETRIC_REPRESENTATION_CONTEXT(2) 
PARAMETRIC_REPRESENTATION_CONTEXT() REPRESENTATION_CONTEXT('2D SPACE',''
  ) );
#5908 = PCURVE('',#5909,#5914);
#5909 = CONICAL_SURFACE('',#5910,0.647691726155,0.785372721871);
#5910 = AXIS2_PLACEMENT_3D('',#5911,#5912,#5913);
#5911 = CARTESIAN_POINT('',(-5.6007,-3.809975316473,-6.5024));
#5912 = DIRECTION('',(0.,1.,0.));
#5913 = DIRECTION('',(0.,0.,-1.));
#5914 = DEFINITIONAL_REPRESENTATION('',(#5915),#5919);
#5915 = LINE('',#5916,#5917);
#5916 = CARTESIAN_POINT('',(6.28318530718,0.254002926174));
#5917 = VECTOR('',#5918,1.);
#5918 = DIRECTION('',(-1.,0.));
#5919 = ( GEOMETRIC_REPRESENTATION_CONTEXT(2) 
PARAMETRIC_REPRESENTATION_CONTEXT() REPRESENTATION_CONTEXT('2D SPACE',''
  ) );
#5920 = ORIENTED_EDGE('',*,*,#5921,.F.);
#5921 = EDGE_CURVE('',#991,#5893,#5922,.T.);
#5922 = SURFACE_CURVE('',#5923,(#5927,#5934),.PCURVE_S1.);
#5923 = LINE('',#5924,#5925);
#5924 = CARTESIAN_POINT('',(-5.6007,0.508,-7.4041));
#5925 = VECTOR('',#5926,1.);
#5926 = DIRECTION('',(-2.25260735761E-09,-0.999999999999,
    1.411595423935E-06));
#5927 = PCURVE('',#1039,#5928);
#5928 = DEFINITIONAL_REPRESENTATION('',(#5929),#5933);
#5929 = LINE('',#5930,#5931);
#5930 = CARTESIAN_POINT('',(4.712388980385,0.));
#5931 = VECTOR('',#5932,1.);
#5932 = DIRECTION('',(-2.498194373804E-09,1.));
#5933 = ( GEOMETRIC_REPRESENTATION_CONTEXT(2) 
PARAMETRIC_REPRESENTATION_CONTEXT() REPRESENTATION_CONTEXT('2D SPACE',''
  ) );
#5934 = PCURVE('',#1006,#5935);
#5935 = DEFINITIONAL_REPRESENTATION('',(#5936),#5940);
#5936 = LINE('',#5937,#5938);
#5937 = CARTESIAN_POINT('',(1.4986,0.));
#5938 = VECTOR('',#5939,1.);
#5939 = DIRECTION('',(-2.252607357612E-09,1.));
#5940 = ( GEOMETRIC_REPRESENTATION_CONTEXT(2) 
PARAMETRIC_REPRESENTATION_CONTEXT() REPRESENTATION_CONTEXT('2D SPACE',''
  ) );
#5941 = ADVANCED_FACE('',(#5942),#1006,.T.);
#5942 = FACE_BOUND('',#5943,.F.);
#5943 = EDGE_LOOP('',(#5944,#5945,#5971,#5972));
#5944 = ORIENTED_EDGE('',*,*,#5760,.T.);
#5945 = ORIENTED_EDGE('',*,*,#5946,.T.);
#5946 = EDGE_CURVE('',#5761,#5893,#5947,.T.);
#5947 = SURFACE_CURVE('',#5948,(#5952,#5959),.PCURVE_S1.);
#5948 = LINE('',#5949,#5950);
#5949 = CARTESIAN_POINT('',(-7.09930000159,-3.555994266539,
    -7.404094263148));
#5950 = VECTOR('',#5951,1.);
#5951 = DIRECTION('',(1.,9.134030677763E-11,-9.133654330973E-11));
#5952 = PCURVE('',#1006,#5953);
#5953 = DEFINITIONAL_REPRESENTATION('',(#5954),#5958);
#5954 = LINE('',#5955,#5956);
#5955 = CARTESIAN_POINT('',(-1.590039211408E-09,4.063994266539));
#5956 = VECTOR('',#5957,1.);
#5957 = DIRECTION('',(1.,-9.134030677763E-11));
#5958 = ( GEOMETRIC_REPRESENTATION_CONTEXT(2) 
PARAMETRIC_REPRESENTATION_CONTEXT() REPRESENTATION_CONTEXT('2D SPACE',''
  ) );
#5959 = PCURVE('',#5960,#5965);
#5960 = PLANE('',#5961);
#5961 = AXIS2_PLACEMENT_3D('',#5962,#5963,#5964);
#5962 = CARTESIAN_POINT('',(-6.35,-3.81,-7.1501));
#5963 = DIRECTION('',(0.,-0.707106781187,-0.707106781187));
#5964 = DIRECTION('',(-1.,-0.,0.));
#5965 = DEFINITIONAL_REPRESENTATION('',(#5966),#5970);
#5966 = LINE('',#5967,#5968);
#5967 = CARTESIAN_POINT('',(0.74930000159,0.359210242445));
#5968 = VECTOR('',#5969,1.);
#5969 = DIRECTION('',(-1.,1.291720394626E-10));
#5970 = ( GEOMETRIC_REPRESENTATION_CONTEXT(2) 
PARAMETRIC_REPRESENTATION_CONTEXT() REPRESENTATION_CONTEXT('2D SPACE',''
  ) );
#5971 = ORIENTED_EDGE('',*,*,#5921,.F.);
#5972 = ORIENTED_EDGE('',*,*,#990,.F.);
#5973 = ADVANCED_FACE('',(#5974),#5960,.T.);
#5974 = FACE_BOUND('',#5975,.T.);
#5975 = EDGE_LOOP('',(#5976,#5999,#6000,#6023));
#5976 = ORIENTED_EDGE('',*,*,#5977,.T.);
#5977 = EDGE_CURVE('',#5978,#5761,#5980,.T.);
#5978 = VERTEX_POINT('',#5979);
#5979 = CARTESIAN_POINT('',(-7.0993,-4.063992013663,-6.896087953781));
#5980 = SURFACE_CURVE('',#5981,(#5985,#5992),.PCURVE_S1.);
#5981 = LINE('',#5982,#5983);
#5982 = CARTESIAN_POINT('',(-7.099300000927,-4.063996662211,
    -6.896096660235));
#5983 = VECTOR('',#5984,1.);
#5984 = DIRECTION('',(-9.255086645924E-10,0.707110116802,-0.707103445556
    ));
#5985 = PCURVE('',#5960,#5986);
#5986 = DEFINITIONAL_REPRESENTATION('',(#5987),#5991);
#5987 = LINE('',#5988,#5989);
#5988 = CARTESIAN_POINT('',(0.749300000927,-0.35921024624));
#5989 = VECTOR('',#5990,1.);
#5990 = DIRECTION('',(9.255086646027E-10,1.));
#5991 = ( GEOMETRIC_REPRESENTATION_CONTEXT(2) 
PARAMETRIC_REPRESENTATION_CONTEXT() REPRESENTATION_CONTEXT('2D SPACE',''
  ) );
#5992 = PCURVE('',#5800,#5993);
#5993 = DEFINITIONAL_REPRESENTATION('',(#5994),#5998);
#5994 = LINE('',#5995,#5996);
#5995 = CARTESIAN_POINT('',(2.354859887174E-09,-0.254014668356));
#5996 = VECTOR('',#5997,1.);
#5997 = DIRECTION('',(-1.159990997005E-09,1.));
#5998 = ( GEOMETRIC_REPRESENTATION_CONTEXT(2) 
PARAMETRIC_REPRESENTATION_CONTEXT() REPRESENTATION_CONTEXT('2D SPACE',''
  ) );
#5999 = ORIENTED_EDGE('',*,*,#5946,.T.);
#6000 = ORIENTED_EDGE('',*,*,#6001,.F.);
#6001 = EDGE_CURVE('',#6002,#5893,#6004,.T.);
#6002 = VERTEX_POINT('',#6003);
#6003 = CARTESIAN_POINT('',(-5.600700005329,-4.063996662133,
    -6.896096660317));
#6004 = SURFACE_CURVE('',#6005,(#6009,#6016),.PCURVE_S1.);
#6005 = LINE('',#6006,#6007);
#6006 = CARTESIAN_POINT('',(-5.600700005329,-4.063996662133,
    -6.896096660317));
#6007 = VECTOR('',#6008,1.);
#6008 = DIRECTION('',(-5.324395496649E-09,0.707110116802,-0.707103445556
    ));
#6009 = PCURVE('',#5960,#6010);
#6010 = DEFINITIONAL_REPRESENTATION('',(#6011),#6015);
#6011 = LINE('',#6012,#6013);
#6012 = CARTESIAN_POINT('',(-0.749299994671,-0.359210246127));
#6013 = VECTOR('',#6014,1.);
#6014 = DIRECTION('',(5.324395496708E-09,1.));
#6015 = ( GEOMETRIC_REPRESENTATION_CONTEXT(2) 
PARAMETRIC_REPRESENTATION_CONTEXT() REPRESENTATION_CONTEXT('2D SPACE',''
  ) );
#6016 = PCURVE('',#5909,#6017);
#6017 = DEFINITIONAL_REPRESENTATION('',(#6018),#6022);
#6018 = LINE('',#6019,#6020);
#6019 = CARTESIAN_POINT('',(6.283185320715,-0.254014668276));
#6020 = VECTOR('',#6021,1.);
#6021 = DIRECTION('',(-6.660296973844E-09,1.));
#6022 = ( GEOMETRIC_REPRESENTATION_CONTEXT(2) 
PARAMETRIC_REPRESENTATION_CONTEXT() REPRESENTATION_CONTEXT('2D SPACE',''
  ) );
#6023 = ORIENTED_EDGE('',*,*,#6024,.F.);
#6024 = EDGE_CURVE('',#5978,#6002,#6025,.T.);
#6025 = SURFACE_CURVE('',#6026,(#6030,#6037),.PCURVE_S1.);
#6026 = LINE('',#6027,#6028);
#6027 = CARTESIAN_POINT('',(-7.099300000927,-4.063996662211,
    -6.896096660235));
#6028 = VECTOR('',#6029,1.);
#6029 = DIRECTION('',(1.,5.317450826744E-11,-5.317215610001E-11));
#6030 = PCURVE('',#5960,#6031);
#6031 = DEFINITIONAL_REPRESENTATION('',(#6032),#6036);
#6032 = LINE('',#6033,#6034);
#6033 = CARTESIAN_POINT('',(0.749300000927,-0.35921024624));
#6034 = VECTOR('',#6035,1.);
#6035 = DIRECTION('',(-1.,7.519844753079E-11));
#6036 = ( GEOMETRIC_REPRESENTATION_CONTEXT(2) 
PARAMETRIC_REPRESENTATION_CONTEXT() REPRESENTATION_CONTEXT('2D SPACE',''
  ) );
#6037 = PCURVE('',#6038,#6043);
#6038 = PLANE('',#6039);
#6039 = AXIS2_PLACEMENT_3D('',#6040,#6041,#6042);
#6040 = CARTESIAN_POINT('',(0.,-4.064,0.));
#6041 = DIRECTION('',(0.,-1.,0.));
#6042 = DIRECTION('',(1.,0.,0.));
#6043 = DEFINITIONAL_REPRESENTATION('',(#6044),#6048);
#6044 = LINE('',#6045,#6046);
#6045 = CARTESIAN_POINT('',(-7.099300000927,-6.896096660235));
#6046 = VECTOR('',#6047,1.);
#6047 = DIRECTION('',(1.,-5.317215610001E-11));
#6048 = ( GEOMETRIC_REPRESENTATION_CONTEXT(2) 
PARAMETRIC_REPRESENTATION_CONTEXT() REPRESENTATION_CONTEXT('2D SPACE',''
  ) );
#6049 = ADVANCED_FACE('',(#6050),#6038,.T.);
#6050 = FACE_BOUND('',#6051,.T.);
#6051 = EDGE_LOOP('',(#6052,#6053,#6077,#6100));
#6052 = ORIENTED_EDGE('',*,*,#6024,.T.);
#6053 = ORIENTED_EDGE('',*,*,#6054,.T.);
#6054 = EDGE_CURVE('',#6002,#6055,#6057,.T.);
#6055 = VERTEX_POINT('',#6056);
#6056 = CARTESIAN_POINT('',(-5.6007,-4.063992013663,-6.108712046219));
#6057 = SURFACE_CURVE('',#6058,(#6063,#6070),.PCURVE_S1.);
#6058 = CIRCLE('',#6059,0.393687953782);
#6059 = AXIS2_PLACEMENT_3D('',#6060,#6061,#6062);
#6060 = CARTESIAN_POINT('',(-5.6007,-4.063992013663,-6.5024));
#6061 = DIRECTION('',(0.,-1.,0.));
#6062 = DIRECTION('',(0.,0.,-1.));
#6063 = PCURVE('',#6038,#6064);
#6064 = DEFINITIONAL_REPRESENTATION('',(#6065),#6069);
#6065 = CIRCLE('',#6066,0.393687953782);
#6066 = AXIS2_PLACEMENT_2D('',#6067,#6068);
#6067 = CARTESIAN_POINT('',(-5.6007,-6.5024));
#6068 = DIRECTION('',(0.,-1.));
#6069 = ( GEOMETRIC_REPRESENTATION_CONTEXT(2) 
PARAMETRIC_REPRESENTATION_CONTEXT() REPRESENTATION_CONTEXT('2D SPACE',''
  ) );
#6070 = PCURVE('',#5909,#6071);
#6071 = DEFINITIONAL_REPRESENTATION('',(#6072),#6076);
#6072 = LINE('',#6073,#6074);
#6073 = CARTESIAN_POINT('',(6.28318530718,-0.25401669719));
#6074 = VECTOR('',#6075,1.);
#6075 = DIRECTION('',(-1.,0.));
#6076 = ( GEOMETRIC_REPRESENTATION_CONTEXT(2) 
PARAMETRIC_REPRESENTATION_CONTEXT() REPRESENTATION_CONTEXT('2D SPACE',''
  ) );
#6077 = ORIENTED_EDGE('',*,*,#6078,.T.);
#6078 = EDGE_CURVE('',#6055,#6079,#6081,.T.);
#6079 = VERTEX_POINT('',#6080);
#6080 = CARTESIAN_POINT('',(-7.0993,-4.063992013663,-6.108712046219));
#6081 = SURFACE_CURVE('',#6082,(#6086,#6093),.PCURVE_S1.);
#6082 = LINE('',#6083,#6084);
#6083 = CARTESIAN_POINT('',(-5.600699999073,-4.063996662211,
    -6.108703339765));
#6084 = VECTOR('',#6085,1.);
#6085 = DIRECTION('',(-1.,5.317403783396E-11,5.317215610001E-11));
#6086 = PCURVE('',#6038,#6087);
#6087 = DEFINITIONAL_REPRESENTATION('',(#6088),#6092);
#6088 = LINE('',#6089,#6090);
#6089 = CARTESIAN_POINT('',(-5.600699999073,-6.108703339765));
#6090 = VECTOR('',#6091,1.);
#6091 = DIRECTION('',(-1.,5.317215610001E-11));
#6092 = ( GEOMETRIC_REPRESENTATION_CONTEXT(2) 
PARAMETRIC_REPRESENTATION_CONTEXT() REPRESENTATION_CONTEXT('2D SPACE',''
  ) );
#6093 = PCURVE('',#5875,#6094);
#6094 = DEFINITIONAL_REPRESENTATION('',(#6095),#6099);
#6095 = LINE('',#6096,#6097);
#6096 = CARTESIAN_POINT('',(-0.749300000927,0.35921024624));
#6097 = VECTOR('',#6098,1.);
#6098 = DIRECTION('',(1.,-7.519811488409E-11));
#6099 = ( GEOMETRIC_REPRESENTATION_CONTEXT(2) 
PARAMETRIC_REPRESENTATION_CONTEXT() REPRESENTATION_CONTEXT('2D SPACE',''
  ) );
#6100 = ORIENTED_EDGE('',*,*,#6101,.T.);
#6101 = EDGE_CURVE('',#6079,#5978,#6102,.T.);
#6102 = SURFACE_CURVE('',#6103,(#6108,#6115),.PCURVE_S1.);
#6103 = CIRCLE('',#6104,0.393687953782);
#6104 = AXIS2_PLACEMENT_3D('',#6105,#6106,#6107);
#6105 = CARTESIAN_POINT('',(-7.0993,-4.063992013663,-6.5024));
#6106 = DIRECTION('',(0.,-1.,0.));
#6107 = DIRECTION('',(0.,0.,1.));
#6108 = PCURVE('',#6038,#6109);
#6109 = DEFINITIONAL_REPRESENTATION('',(#6110),#6114);
#6110 = CIRCLE('',#6111,0.393687953782);
#6111 = AXIS2_PLACEMENT_2D('',#6112,#6113);
#6112 = CARTESIAN_POINT('',(-7.0993,-6.5024));
#6113 = DIRECTION('',(0.,1.));
#6114 = ( GEOMETRIC_REPRESENTATION_CONTEXT(2) 
PARAMETRIC_REPRESENTATION_CONTEXT() REPRESENTATION_CONTEXT('2D SPACE',''
  ) );
#6115 = PCURVE('',#5800,#6116);
#6116 = DEFINITIONAL_REPRESENTATION('',(#6117),#6121);
#6117 = LINE('',#6118,#6119);
#6118 = CARTESIAN_POINT('',(3.14159265359,-0.25401669719));
#6119 = VECTOR('',#6120,1.);
#6120 = DIRECTION('',(-1.,0.));
#6121 = ( GEOMETRIC_REPRESENTATION_CONTEXT(2) 
PARAMETRIC_REPRESENTATION_CONTEXT() REPRESENTATION_CONTEXT('2D SPACE',''
  ) );
#6122 = ADVANCED_FACE('',(#6123),#5800,.T.);
#6123 = FACE_BOUND('',#6124,.T.);
#6124 = EDGE_LOOP('',(#6125,#6146,#6147,#6148));
#6125 = ORIENTED_EDGE('',*,*,#6126,.T.);
#6126 = EDGE_CURVE('',#6079,#5784,#6127,.T.);
#6127 = SURFACE_CURVE('',#6128,(#6132,#6139),.PCURVE_S1.);
#6128 = LINE('',#6129,#6130);
#6129 = CARTESIAN_POINT('',(-7.099299994671,-4.063996662133,
    -6.108703339683));
#6130 = VECTOR('',#6131,1.);
#6131 = DIRECTION('',(5.324395496649E-09,0.707110116802,0.707103445556)
  );
#6132 = PCURVE('',#5800,#6133);
#6133 = DEFINITIONAL_REPRESENTATION('',(#6134),#6138);
#6134 = LINE('',#6135,#6136);
#6135 = CARTESIAN_POINT('',(3.141592667125,-0.254014668276));
#6136 = VECTOR('',#6137,1.);
#6137 = DIRECTION('',(-6.660331732712E-09,1.));
#6138 = ( GEOMETRIC_REPRESENTATION_CONTEXT(2) 
PARAMETRIC_REPRESENTATION_CONTEXT() REPRESENTATION_CONTEXT('2D SPACE',''
  ) );
#6139 = PCURVE('',#5875,#6140);
#6140 = DEFINITIONAL_REPRESENTATION('',(#6141),#6145);
#6141 = LINE('',#6142,#6143);
#6142 = CARTESIAN_POINT('',(0.749299994671,0.359210246127));
#6143 = VECTOR('',#6144,1.);
#6144 = DIRECTION('',(-5.324395496708E-09,-1.));
#6145 = ( GEOMETRIC_REPRESENTATION_CONTEXT(2) 
PARAMETRIC_REPRESENTATION_CONTEXT() REPRESENTATION_CONTEXT('2D SPACE',''
  ) );
#6146 = ORIENTED_EDGE('',*,*,#5783,.T.);
#6147 = ORIENTED_EDGE('',*,*,#5977,.F.);
#6148 = ORIENTED_EDGE('',*,*,#6101,.F.);
#6149 = ADVANCED_FACE('',(#6150),#5875,.T.);
#6150 = FACE_BOUND('',#6151,.T.);
#6151 = EDGE_LOOP('',(#6152,#6173,#6174,#6175));
#6152 = ORIENTED_EDGE('',*,*,#6153,.T.);
#6153 = EDGE_CURVE('',#6055,#5839,#6154,.T.);
#6154 = SURFACE_CURVE('',#6155,(#6159,#6166),.PCURVE_S1.);
#6155 = LINE('',#6156,#6157);
#6156 = CARTESIAN_POINT('',(-5.600699999073,-4.063996662211,
    -6.108703339765));
#6157 = VECTOR('',#6158,1.);
#6158 = DIRECTION('',(9.255057206691E-10,0.707110116802,0.707103445556)
  );
#6159 = PCURVE('',#5875,#6160);
#6160 = DEFINITIONAL_REPRESENTATION('',(#6161),#6165);
#6161 = LINE('',#6162,#6163);
#6162 = CARTESIAN_POINT('',(-0.749300000927,0.35921024624));
#6163 = VECTOR('',#6164,1.);
#6164 = DIRECTION('',(-9.255057206794E-10,-1.));
#6165 = ( GEOMETRIC_REPRESENTATION_CONTEXT(2) 
PARAMETRIC_REPRESENTATION_CONTEXT() REPRESENTATION_CONTEXT('2D SPACE',''
  ) );
#6166 = PCURVE('',#5909,#6167);
#6167 = DEFINITIONAL_REPRESENTATION('',(#6168),#6172);
#6168 = LINE('',#6169,#6170);
#6169 = CARTESIAN_POINT('',(3.141592655945,-0.254014668356));
#6170 = VECTOR('',#6171,1.);
#6171 = DIRECTION('',(-1.159999430995E-09,1.));
#6172 = ( GEOMETRIC_REPRESENTATION_CONTEXT(2) 
PARAMETRIC_REPRESENTATION_CONTEXT() REPRESENTATION_CONTEXT('2D SPACE',''
  ) );
#6173 = ORIENTED_EDGE('',*,*,#5861,.T.);
#6174 = ORIENTED_EDGE('',*,*,#6126,.F.);
#6175 = ORIENTED_EDGE('',*,*,#6078,.F.);
#6176 = ADVANCED_FACE('',(#6177),#5909,.T.);
#6177 = FACE_BOUND('',#6178,.T.);
#6178 = EDGE_LOOP('',(#6179,#6180,#6181,#6182));
#6179 = ORIENTED_EDGE('',*,*,#6001,.T.);
#6180 = ORIENTED_EDGE('',*,*,#5892,.T.);
#6181 = ORIENTED_EDGE('',*,*,#6153,.F.);
#6182 = ORIENTED_EDGE('',*,*,#6054,.F.);
#6183 = ADVANCED_FACE('',(#6184),#1102,.T.);
#6184 = FACE_BOUND('',#6185,.T.);
#6185 = EDGE_LOOP('',(#6186,#6187,#6210,#6239));
#6186 = ORIENTED_EDGE('',*,*,#1079,.T.);
#6187 = ORIENTED_EDGE('',*,*,#6188,.T.);
#6188 = EDGE_CURVE('',#1082,#6189,#6191,.T.);
#6189 = VERTEX_POINT('',#6190);
#6190 = CARTESIAN_POINT('',(5.60069999841,-3.555994266539,5.600705736852
    ));
#6191 = SURFACE_CURVE('',#6192,(#6196,#6203),.PCURVE_S1.);
#6192 = LINE('',#6193,#6194);
#6193 = CARTESIAN_POINT('',(5.6007,0.508,5.6007));
#6194 = VECTOR('',#6195,1.);
#6195 = DIRECTION('',(-3.915566108147E-10,-0.999999999999,
    1.411629105846E-06));
#6196 = PCURVE('',#1102,#6197);
#6197 = DEFINITIONAL_REPRESENTATION('',(#6198),#6202);
#6198 = LINE('',#6199,#6200);
#6199 = CARTESIAN_POINT('',(4.712388980385,0.));
#6200 = VECTOR('',#6201,1.);
#6201 = DIRECTION('',(-4.342453350502E-10,1.));
#6202 = ( GEOMETRIC_REPRESENTATION_CONTEXT(2) 
PARAMETRIC_REPRESENTATION_CONTEXT() REPRESENTATION_CONTEXT('2D SPACE',''
  ) );
#6203 = PCURVE('',#1130,#6204);
#6204 = DEFINITIONAL_REPRESENTATION('',(#6205),#6209);
#6205 = LINE('',#6206,#6207);
#6206 = CARTESIAN_POINT('',(0.,0.));
#6207 = VECTOR('',#6208,1.);
#6208 = DIRECTION('',(-3.915566108151E-10,1.));
#6209 = ( GEOMETRIC_REPRESENTATION_CONTEXT(2) 
PARAMETRIC_REPRESENTATION_CONTEXT() REPRESENTATION_CONTEXT('2D SPACE',''
  ) );
#6210 = ORIENTED_EDGE('',*,*,#6211,.F.);
#6211 = EDGE_CURVE('',#6212,#6189,#6214,.T.);
#6212 = VERTEX_POINT('',#6213);
#6213 = CARTESIAN_POINT('',(5.600700009154,-3.555994266405,
    7.404094263286));
#6214 = SURFACE_CURVE('',#6215,(#6220,#6227),.PCURVE_S1.);
#6215 = CIRCLE('',#6216,0.9017);
#6216 = AXIS2_PLACEMENT_3D('',#6217,#6218,#6219);
#6217 = CARTESIAN_POINT('',(5.6007,-3.555990661157,6.5024));
#6218 = DIRECTION('',(0.,-1.,0.));
#6219 = DIRECTION('',(0.,0.,1.));
#6220 = PCURVE('',#1102,#6221);
#6221 = DEFINITIONAL_REPRESENTATION('',(#6222),#6226);
#6222 = LINE('',#6223,#6224);
#6223 = CARTESIAN_POINT('',(1.570796326795,4.063990661157));
#6224 = VECTOR('',#6225,1.);
#6225 = DIRECTION('',(1.,0.));
#6226 = ( GEOMETRIC_REPRESENTATION_CONTEXT(2) 
PARAMETRIC_REPRESENTATION_CONTEXT() REPRESENTATION_CONTEXT('2D SPACE',''
  ) );
#6227 = PCURVE('',#6228,#6233);
#6228 = CONICAL_SURFACE('',#6229,0.647691726155,0.785372721871);
#6229 = AXIS2_PLACEMENT_3D('',#6230,#6231,#6232);
#6230 = CARTESIAN_POINT('',(5.6007,-3.809975316473,6.5024));
#6231 = DIRECTION('',(0.,1.,0.));
#6232 = DIRECTION('',(0.,0.,-1.));
#6233 = DEFINITIONAL_REPRESENTATION('',(#6234),#6238);
#6234 = LINE('',#6235,#6236);
#6235 = CARTESIAN_POINT('',(3.14159265359,0.254002926174));
#6236 = VECTOR('',#6237,1.);
#6237 = DIRECTION('',(-1.,0.));
#6238 = ( GEOMETRIC_REPRESENTATION_CONTEXT(2) 
PARAMETRIC_REPRESENTATION_CONTEXT() REPRESENTATION_CONTEXT('2D SPACE',''
  ) );
#6239 = ORIENTED_EDGE('',*,*,#6240,.F.);
#6240 = EDGE_CURVE('',#1080,#6212,#6241,.T.);
#6241 = SURFACE_CURVE('',#6242,(#6246,#6253),.PCURVE_S1.);
#6242 = LINE('',#6243,#6244);
#6243 = CARTESIAN_POINT('',(5.6007,0.508,7.4041));
#6244 = VECTOR('',#6245,1.);
#6245 = DIRECTION('',(2.252607184138E-09,-0.999999999999,
    -1.41159542567E-06));
#6246 = PCURVE('',#1102,#6247);
#6247 = DEFINITIONAL_REPRESENTATION('',(#6248),#6252);
#6248 = LINE('',#6249,#6250);
#6249 = CARTESIAN_POINT('',(1.570796326795,0.));
#6250 = VECTOR('',#6251,1.);
#6251 = DIRECTION('',(-2.498194045982E-09,1.));
#6252 = ( GEOMETRIC_REPRESENTATION_CONTEXT(2) 
PARAMETRIC_REPRESENTATION_CONTEXT() REPRESENTATION_CONTEXT('2D SPACE',''
  ) );
#6253 = PCURVE('',#1189,#6254);
#6254 = DEFINITIONAL_REPRESENTATION('',(#6255),#6259);
#6255 = LINE('',#6256,#6257);
#6256 = CARTESIAN_POINT('',(1.4986,0.));
#6257 = VECTOR('',#6258,1.);
#6258 = DIRECTION('',(-2.25260718414E-09,1.));
#6259 = ( GEOMETRIC_REPRESENTATION_CONTEXT(2) 
PARAMETRIC_REPRESENTATION_CONTEXT() REPRESENTATION_CONTEXT('2D SPACE',''
  ) );
#6260 = ADVANCED_FACE('',(#6261),#1189,.T.);
#6261 = FACE_BOUND('',#6262,.F.);
#6262 = EDGE_LOOP('',(#6263,#6264,#6265,#6288));
#6263 = ORIENTED_EDGE('',*,*,#6240,.F.);
#6264 = ORIENTED_EDGE('',*,*,#1175,.F.);
#6265 = ORIENTED_EDGE('',*,*,#6266,.T.);
#6266 = EDGE_CURVE('',#1143,#6267,#6269,.T.);
#6267 = VERTEX_POINT('',#6268);
#6268 = CARTESIAN_POINT('',(7.09930000159,-3.555994266539,7.404094263148
    ));
#6269 = SURFACE_CURVE('',#6270,(#6274,#6281),.PCURVE_S1.);
#6270 = LINE('',#6271,#6272);
#6271 = CARTESIAN_POINT('',(7.0993,0.508,7.4041));
#6272 = VECTOR('',#6273,1.);
#6273 = DIRECTION('',(3.915574781776E-10,-0.999999999999,
    -1.411629105673E-06));
#6274 = PCURVE('',#1189,#6275);
#6275 = DEFINITIONAL_REPRESENTATION('',(#6276),#6280);
#6276 = LINE('',#6277,#6278);
#6277 = CARTESIAN_POINT('',(0.,0.));
#6278 = VECTOR('',#6279,1.);
#6279 = DIRECTION('',(-3.91557478178E-10,1.));
#6280 = ( GEOMETRIC_REPRESENTATION_CONTEXT(2) 
PARAMETRIC_REPRESENTATION_CONTEXT() REPRESENTATION_CONTEXT('2D SPACE',''
  ) );
#6281 = PCURVE('',#1163,#6282);
#6282 = DEFINITIONAL_REPRESENTATION('',(#6283),#6287);
#6283 = LINE('',#6284,#6285);
#6284 = CARTESIAN_POINT('',(7.853981633974,0.));
#6285 = VECTOR('',#6286,1.);
#6286 = DIRECTION('',(-4.342464277909E-10,1.));
#6287 = ( GEOMETRIC_REPRESENTATION_CONTEXT(2) 
PARAMETRIC_REPRESENTATION_CONTEXT() REPRESENTATION_CONTEXT('2D SPACE',''
  ) );
#6288 = ORIENTED_EDGE('',*,*,#6289,.T.);
#6289 = EDGE_CURVE('',#6267,#6212,#6290,.T.);
#6290 = SURFACE_CURVE('',#6291,(#6295,#6302),.PCURVE_S1.);
#6291 = LINE('',#6292,#6293);
#6292 = CARTESIAN_POINT('',(7.09930000159,-3.555994266539,7.404094263148
    ));
#6293 = VECTOR('',#6294,1.);
#6294 = DIRECTION('',(-1.,9.133983634414E-11,9.133560244275E-11));
#6295 = PCURVE('',#1189,#6296);
#6296 = DEFINITIONAL_REPRESENTATION('',(#6297),#6301);
#6297 = LINE('',#6298,#6299);
#6298 = CARTESIAN_POINT('',(-1.590039211408E-09,4.063994266539));
#6299 = VECTOR('',#6300,1.);
#6300 = DIRECTION('',(1.,-9.133983634414E-11));
#6301 = ( GEOMETRIC_REPRESENTATION_CONTEXT(2) 
PARAMETRIC_REPRESENTATION_CONTEXT() REPRESENTATION_CONTEXT('2D SPACE',''
  ) );
#6302 = PCURVE('',#6303,#6308);
#6303 = PLANE('',#6304);
#6304 = AXIS2_PLACEMENT_3D('',#6305,#6306,#6307);
#6305 = CARTESIAN_POINT('',(6.35,-3.81,7.1501));
#6306 = DIRECTION('',(0.,-0.707106781187,0.707106781187));
#6307 = DIRECTION('',(-1.,0.,0.));
#6308 = DEFINITIONAL_REPRESENTATION('',(#6309),#6313);
#6309 = LINE('',#6310,#6311);
#6310 = CARTESIAN_POINT('',(-0.74930000159,-0.359210242445));
#6311 = VECTOR('',#6312,1.);
#6312 = DIRECTION('',(1.,-1.291710415224E-10));
#6313 = ( GEOMETRIC_REPRESENTATION_CONTEXT(2) 
PARAMETRIC_REPRESENTATION_CONTEXT() REPRESENTATION_CONTEXT('2D SPACE',''
  ) );
#6314 = ADVANCED_FACE('',(#6315),#1163,.T.);
#6315 = FACE_BOUND('',#6316,.T.);
#6316 = EDGE_LOOP('',(#6317,#6318,#6319,#6348));
#6317 = ORIENTED_EDGE('',*,*,#1142,.T.);
#6318 = ORIENTED_EDGE('',*,*,#6266,.T.);
#6319 = ORIENTED_EDGE('',*,*,#6320,.F.);
#6320 = EDGE_CURVE('',#6321,#6267,#6323,.T.);
#6321 = VERTEX_POINT('',#6322);
#6322 = CARTESIAN_POINT('',(7.099299990846,-3.555994266405,
    5.600705736714));
#6323 = SURFACE_CURVE('',#6324,(#6329,#6336),.PCURVE_S1.);
#6324 = CIRCLE('',#6325,0.9017);
#6325 = AXIS2_PLACEMENT_3D('',#6326,#6327,#6328);
#6326 = CARTESIAN_POINT('',(7.0993,-3.555990661157,6.5024));
#6327 = DIRECTION('',(0.,-1.,0.));
#6328 = DIRECTION('',(0.,0.,-1.));
#6329 = PCURVE('',#1163,#6330);
#6330 = DEFINITIONAL_REPRESENTATION('',(#6331),#6335);
#6331 = LINE('',#6332,#6333);
#6332 = CARTESIAN_POINT('',(4.712388980385,4.063990661157));
#6333 = VECTOR('',#6334,1.);
#6334 = DIRECTION('',(1.,0.));
#6335 = ( GEOMETRIC_REPRESENTATION_CONTEXT(2) 
PARAMETRIC_REPRESENTATION_CONTEXT() REPRESENTATION_CONTEXT('2D SPACE',''
  ) );
#6336 = PCURVE('',#6337,#6342);
#6337 = CONICAL_SURFACE('',#6338,0.647691726155,0.785372721871);
#6338 = AXIS2_PLACEMENT_3D('',#6339,#6340,#6341);
#6339 = CARTESIAN_POINT('',(7.0993,-3.809975316473,6.5024));
#6340 = DIRECTION('',(0.,1.,0.));
#6341 = DIRECTION('',(0.,0.,-1.));
#6342 = DEFINITIONAL_REPRESENTATION('',(#6343),#6347);
#6343 = LINE('',#6344,#6345);
#6344 = CARTESIAN_POINT('',(6.28318530718,0.254002926174));
#6345 = VECTOR('',#6346,1.);
#6346 = DIRECTION('',(-1.,0.));
#6347 = ( GEOMETRIC_REPRESENTATION_CONTEXT(2) 
PARAMETRIC_REPRESENTATION_CONTEXT() REPRESENTATION_CONTEXT('2D SPACE',''
  ) );
#6348 = ORIENTED_EDGE('',*,*,#6349,.F.);
#6349 = EDGE_CURVE('',#1115,#6321,#6350,.T.);
#6350 = SURFACE_CURVE('',#6351,(#6355,#6362),.PCURVE_S1.);
#6351 = LINE('',#6352,#6353);
#6352 = CARTESIAN_POINT('',(7.0993,0.508,5.6007));
#6353 = VECTOR('',#6354,1.);
#6354 = DIRECTION('',(-2.252607184138E-09,-0.999999999999,
    1.411595425496E-06));
#6355 = PCURVE('',#1163,#6356);
#6356 = DEFINITIONAL_REPRESENTATION('',(#6357),#6361);
#6357 = LINE('',#6358,#6359);
#6358 = CARTESIAN_POINT('',(4.712388980385,0.));
#6359 = VECTOR('',#6360,1.);
#6360 = DIRECTION('',(-2.498194155256E-09,1.));
#6361 = ( GEOMETRIC_REPRESENTATION_CONTEXT(2) 
PARAMETRIC_REPRESENTATION_CONTEXT() REPRESENTATION_CONTEXT('2D SPACE',''
  ) );
#6362 = PCURVE('',#1130,#6363);
#6363 = DEFINITIONAL_REPRESENTATION('',(#6364),#6368);
#6364 = LINE('',#6365,#6366);
#6365 = CARTESIAN_POINT('',(1.4986,0.));
#6366 = VECTOR('',#6367,1.);
#6367 = DIRECTION('',(-2.25260718414E-09,1.));
#6368 = ( GEOMETRIC_REPRESENTATION_CONTEXT(2) 
PARAMETRIC_REPRESENTATION_CONTEXT() REPRESENTATION_CONTEXT('2D SPACE',''
  ) );
#6369 = ADVANCED_FACE('',(#6370),#1130,.T.);
#6370 = FACE_BOUND('',#6371,.F.);
#6371 = EDGE_LOOP('',(#6372,#6373,#6399,#6400));
#6372 = ORIENTED_EDGE('',*,*,#6188,.T.);
#6373 = ORIENTED_EDGE('',*,*,#6374,.T.);
#6374 = EDGE_CURVE('',#6189,#6321,#6375,.T.);
#6375 = SURFACE_CURVE('',#6376,(#6380,#6387),.PCURVE_S1.);
#6376 = LINE('',#6377,#6378);
#6377 = CARTESIAN_POINT('',(5.60069999841,-3.555994266539,5.600705736852
    ));
#6378 = VECTOR('',#6379,1.);
#6379 = DIRECTION('',(1.,9.134077721111E-11,-9.133513200927E-11));
#6380 = PCURVE('',#1130,#6381);
#6381 = DEFINITIONAL_REPRESENTATION('',(#6382),#6386);
#6382 = LINE('',#6383,#6384);
#6383 = CARTESIAN_POINT('',(-1.590040099586E-09,4.063994266539));
#6384 = VECTOR('',#6385,1.);
#6385 = DIRECTION('',(1.,-9.134077721111E-11));
#6386 = ( GEOMETRIC_REPRESENTATION_CONTEXT(2) 
PARAMETRIC_REPRESENTATION_CONTEXT() REPRESENTATION_CONTEXT('2D SPACE',''
  ) );
#6387 = PCURVE('',#6388,#6393);
#6388 = PLANE('',#6389);
#6389 = AXIS2_PLACEMENT_3D('',#6390,#6391,#6392);
#6390 = CARTESIAN_POINT('',(6.35,-3.81,5.8547));
#6391 = DIRECTION('',(0.,-0.707106781187,-0.707106781187));
#6392 = DIRECTION('',(-1.,-0.,0.));
#6393 = DEFINITIONAL_REPRESENTATION('',(#6394),#6398);
#6394 = LINE('',#6395,#6396);
#6395 = CARTESIAN_POINT('',(0.74930000159,0.359210242445));
#6396 = VECTOR('',#6397,1.);
#6397 = DIRECTION('',(-1.,1.291713741691E-10));
#6398 = ( GEOMETRIC_REPRESENTATION_CONTEXT(2) 
PARAMETRIC_REPRESENTATION_CONTEXT() REPRESENTATION_CONTEXT('2D SPACE',''
  ) );
#6399 = ORIENTED_EDGE('',*,*,#6349,.F.);
#6400 = ORIENTED_EDGE('',*,*,#1114,.F.);
#6401 = ADVANCED_FACE('',(#6402),#6388,.T.);
#6402 = FACE_BOUND('',#6403,.T.);
#6403 = EDGE_LOOP('',(#6404,#6427,#6428,#6451));
#6404 = ORIENTED_EDGE('',*,*,#6405,.T.);
#6405 = EDGE_CURVE('',#6406,#6189,#6408,.T.);
#6406 = VERTEX_POINT('',#6407);
#6407 = CARTESIAN_POINT('',(5.6007,-4.063992013663,6.108712046219));
#6408 = SURFACE_CURVE('',#6409,(#6413,#6420),.PCURVE_S1.);
#6409 = LINE('',#6410,#6411);
#6410 = CARTESIAN_POINT('',(5.600699999073,-4.063996662211,
    6.108703339765));
#6411 = VECTOR('',#6412,1.);
#6412 = DIRECTION('',(-9.255076832846E-10,0.707110116802,-0.707103445556
    ));
#6413 = PCURVE('',#6388,#6414);
#6414 = DEFINITIONAL_REPRESENTATION('',(#6415),#6419);
#6415 = LINE('',#6416,#6417);
#6416 = CARTESIAN_POINT('',(0.749300000927,-0.35921024624));
#6417 = VECTOR('',#6418,1.);
#6418 = DIRECTION('',(9.255076832949E-10,1.));
#6419 = ( GEOMETRIC_REPRESENTATION_CONTEXT(2) 
PARAMETRIC_REPRESENTATION_CONTEXT() REPRESENTATION_CONTEXT('2D SPACE',''
  ) );
#6420 = PCURVE('',#6228,#6421);
#6421 = DEFINITIONAL_REPRESENTATION('',(#6422),#6426);
#6422 = LINE('',#6423,#6424);
#6423 = CARTESIAN_POINT('',(2.354862143173E-09,-0.254014668356));
#6424 = VECTOR('',#6425,1.);
#6425 = DIRECTION('',(-1.159995437836E-09,1.));
#6426 = ( GEOMETRIC_REPRESENTATION_CONTEXT(2) 
PARAMETRIC_REPRESENTATION_CONTEXT() REPRESENTATION_CONTEXT('2D SPACE',''
  ) );
#6427 = ORIENTED_EDGE('',*,*,#6374,.T.);
#6428 = ORIENTED_EDGE('',*,*,#6429,.F.);
#6429 = EDGE_CURVE('',#6430,#6321,#6432,.T.);
#6430 = VERTEX_POINT('',#6431);
#6431 = CARTESIAN_POINT('',(7.099299994671,-4.063996662133,
    6.108703339683));
#6432 = SURFACE_CURVE('',#6433,(#6437,#6444),.PCURVE_S1.);
#6433 = LINE('',#6434,#6435);
#6434 = CARTESIAN_POINT('',(7.099299994671,-4.063996662133,
    6.108703339683));
#6435 = VECTOR('',#6436,1.);
#6436 = DIRECTION('',(-5.324393534034E-09,0.707110116802,-0.707103445556
    ));
#6437 = PCURVE('',#6388,#6438);
#6438 = DEFINITIONAL_REPRESENTATION('',(#6439),#6443);
#6439 = LINE('',#6440,#6441);
#6440 = CARTESIAN_POINT('',(-0.749299994671,-0.359210246127));
#6441 = VECTOR('',#6442,1.);
#6442 = DIRECTION('',(5.324393534093E-09,1.));
#6443 = ( GEOMETRIC_REPRESENTATION_CONTEXT(2) 
PARAMETRIC_REPRESENTATION_CONTEXT() REPRESENTATION_CONTEXT('2D SPACE',''
  ) );
#6444 = PCURVE('',#6337,#6445);
#6445 = DEFINITIONAL_REPRESENTATION('',(#6446),#6450);
#6446 = LINE('',#6447,#6448);
#6447 = CARTESIAN_POINT('',(6.283185320715,-0.254014668276));
#6448 = VECTOR('',#6449,1.);
#6449 = DIRECTION('',(-6.660298912792E-09,1.));
#6450 = ( GEOMETRIC_REPRESENTATION_CONTEXT(2) 
PARAMETRIC_REPRESENTATION_CONTEXT() REPRESENTATION_CONTEXT('2D SPACE',''
  ) );
#6451 = ORIENTED_EDGE('',*,*,#6452,.F.);
#6452 = EDGE_CURVE('',#6406,#6430,#6453,.T.);
#6453 = SURFACE_CURVE('',#6454,(#6458,#6465),.PCURVE_S1.);
#6454 = LINE('',#6455,#6456);
#6455 = CARTESIAN_POINT('',(5.600699999073,-4.063996662211,
    6.108703339765));
#6456 = VECTOR('',#6457,1.);
#6457 = DIRECTION('',(1.,5.317403783396E-11,-5.317215610001E-11));
#6458 = PCURVE('',#6388,#6459);
#6459 = DEFINITIONAL_REPRESENTATION('',(#6460),#6464);
#6460 = LINE('',#6461,#6462);
#6461 = CARTESIAN_POINT('',(0.749300000927,-0.35921024624));
#6462 = VECTOR('',#6463,1.);
#6463 = DIRECTION('',(-1.,7.519811488409E-11));
#6464 = ( GEOMETRIC_REPRESENTATION_CONTEXT(2) 
PARAMETRIC_REPRESENTATION_CONTEXT() REPRESENTATION_CONTEXT('2D SPACE',''
  ) );
#6465 = PCURVE('',#6466,#6471);
#6466 = PLANE('',#6467);
#6467 = AXIS2_PLACEMENT_3D('',#6468,#6469,#6470);
#6468 = CARTESIAN_POINT('',(0.,-4.064,0.));
#6469 = DIRECTION('',(0.,-1.,0.));
#6470 = DIRECTION('',(1.,0.,0.));
#6471 = DEFINITIONAL_REPRESENTATION('',(#6472),#6476);
#6472 = LINE('',#6473,#6474);
#6473 = CARTESIAN_POINT('',(5.600699999073,6.108703339765));
#6474 = VECTOR('',#6475,1.);
#6475 = DIRECTION('',(1.,-5.317215610001E-11));
#6476 = ( GEOMETRIC_REPRESENTATION_CONTEXT(2) 
PARAMETRIC_REPRESENTATION_CONTEXT() REPRESENTATION_CONTEXT('2D SPACE',''
  ) );
#6477 = ADVANCED_FACE('',(#6478),#6466,.T.);
#6478 = FACE_BOUND('',#6479,.T.);
#6479 = EDGE_LOOP('',(#6480,#6481,#6505,#6528));
#6480 = ORIENTED_EDGE('',*,*,#6452,.T.);
#6481 = ORIENTED_EDGE('',*,*,#6482,.T.);
#6482 = EDGE_CURVE('',#6430,#6483,#6485,.T.);
#6483 = VERTEX_POINT('',#6484);
#6484 = CARTESIAN_POINT('',(7.0993,-4.063992013663,6.896087953781));
#6485 = SURFACE_CURVE('',#6486,(#6491,#6498),.PCURVE_S1.);
#6486 = CIRCLE('',#6487,0.393687953782);
#6487 = AXIS2_PLACEMENT_3D('',#6488,#6489,#6490);
#6488 = CARTESIAN_POINT('',(7.0993,-4.063992013663,6.5024));
#6489 = DIRECTION('',(0.,-1.,0.));
#6490 = DIRECTION('',(0.,0.,-1.));
#6491 = PCURVE('',#6466,#6492);
#6492 = DEFINITIONAL_REPRESENTATION('',(#6493),#6497);
#6493 = CIRCLE('',#6494,0.393687953782);
#6494 = AXIS2_PLACEMENT_2D('',#6495,#6496);
#6495 = CARTESIAN_POINT('',(7.0993,6.5024));
#6496 = DIRECTION('',(0.,-1.));
#6497 = ( GEOMETRIC_REPRESENTATION_CONTEXT(2) 
PARAMETRIC_REPRESENTATION_CONTEXT() REPRESENTATION_CONTEXT('2D SPACE',''
  ) );
#6498 = PCURVE('',#6337,#6499);
#6499 = DEFINITIONAL_REPRESENTATION('',(#6500),#6504);
#6500 = LINE('',#6501,#6502);
#6501 = CARTESIAN_POINT('',(6.28318530718,-0.25401669719));
#6502 = VECTOR('',#6503,1.);
#6503 = DIRECTION('',(-1.,0.));
#6504 = ( GEOMETRIC_REPRESENTATION_CONTEXT(2) 
PARAMETRIC_REPRESENTATION_CONTEXT() REPRESENTATION_CONTEXT('2D SPACE',''
  ) );
#6505 = ORIENTED_EDGE('',*,*,#6506,.T.);
#6506 = EDGE_CURVE('',#6483,#6507,#6509,.T.);
#6507 = VERTEX_POINT('',#6508);
#6508 = CARTESIAN_POINT('',(5.6007,-4.063992013663,6.896087953781));
#6509 = SURFACE_CURVE('',#6510,(#6514,#6521),.PCURVE_S1.);
#6510 = LINE('',#6511,#6512);
#6511 = CARTESIAN_POINT('',(7.099300000927,-4.063996662211,
    6.896096660235));
#6512 = VECTOR('',#6513,1.);
#6513 = DIRECTION('',(-1.,5.317403783396E-11,5.317309696698E-11));
#6514 = PCURVE('',#6466,#6515);
#6515 = DEFINITIONAL_REPRESENTATION('',(#6516),#6520);
#6516 = LINE('',#6517,#6518);
#6517 = CARTESIAN_POINT('',(7.099300000927,6.896096660235));
#6518 = VECTOR('',#6519,1.);
#6519 = DIRECTION('',(-1.,5.317309696698E-11));
#6520 = ( GEOMETRIC_REPRESENTATION_CONTEXT(2) 
PARAMETRIC_REPRESENTATION_CONTEXT() REPRESENTATION_CONTEXT('2D SPACE',''
  ) );
#6521 = PCURVE('',#6303,#6522);
#6522 = DEFINITIONAL_REPRESENTATION('',(#6523),#6527);
#6523 = LINE('',#6524,#6525);
#6524 = CARTESIAN_POINT('',(-0.749300000927,0.35921024624));
#6525 = VECTOR('',#6526,1.);
#6526 = DIRECTION('',(1.,-7.51987801775E-11));
#6527 = ( GEOMETRIC_REPRESENTATION_CONTEXT(2) 
PARAMETRIC_REPRESENTATION_CONTEXT() REPRESENTATION_CONTEXT('2D SPACE',''
  ) );
#6528 = ORIENTED_EDGE('',*,*,#6529,.T.);
#6529 = EDGE_CURVE('',#6507,#6406,#6530,.T.);
#6530 = SURFACE_CURVE('',#6531,(#6536,#6543),.PCURVE_S1.);
#6531 = CIRCLE('',#6532,0.393687953782);
#6532 = AXIS2_PLACEMENT_3D('',#6533,#6534,#6535);
#6533 = CARTESIAN_POINT('',(5.6007,-4.063992013663,6.5024));
#6534 = DIRECTION('',(0.,-1.,0.));
#6535 = DIRECTION('',(0.,0.,1.));
#6536 = PCURVE('',#6466,#6537);
#6537 = DEFINITIONAL_REPRESENTATION('',(#6538),#6542);
#6538 = CIRCLE('',#6539,0.393687953782);
#6539 = AXIS2_PLACEMENT_2D('',#6540,#6541);
#6540 = CARTESIAN_POINT('',(5.6007,6.5024));
#6541 = DIRECTION('',(0.,1.));
#6542 = ( GEOMETRIC_REPRESENTATION_CONTEXT(2) 
PARAMETRIC_REPRESENTATION_CONTEXT() REPRESENTATION_CONTEXT('2D SPACE',''
  ) );
#6543 = PCURVE('',#6228,#6544);
#6544 = DEFINITIONAL_REPRESENTATION('',(#6545),#6549);
#6545 = LINE('',#6546,#6547);
#6546 = CARTESIAN_POINT('',(3.14159265359,-0.25401669719));
#6547 = VECTOR('',#6548,1.);
#6548 = DIRECTION('',(-1.,0.));
#6549 = ( GEOMETRIC_REPRESENTATION_CONTEXT(2) 
PARAMETRIC_REPRESENTATION_CONTEXT() REPRESENTATION_CONTEXT('2D SPACE',''
  ) );
#6550 = ADVANCED_FACE('',(#6551),#6228,.T.);
#6551 = FACE_BOUND('',#6552,.T.);
#6552 = EDGE_LOOP('',(#6553,#6574,#6575,#6576));
#6553 = ORIENTED_EDGE('',*,*,#6554,.T.);
#6554 = EDGE_CURVE('',#6507,#6212,#6555,.T.);
#6555 = SURFACE_CURVE('',#6556,(#6560,#6567),.PCURVE_S1.);
#6556 = LINE('',#6557,#6558);
#6557 = CARTESIAN_POINT('',(5.600700005329,-4.063996662133,
    6.896096660317));
#6558 = VECTOR('',#6559,1.);
#6559 = DIRECTION('',(5.324393534034E-09,0.707110116802,0.707103445556)
  );
#6560 = PCURVE('',#6228,#6561);
#6561 = DEFINITIONAL_REPRESENTATION('',(#6562),#6566);
#6562 = LINE('',#6563,#6564);
#6563 = CARTESIAN_POINT('',(3.141592667125,-0.254014668276));
#6564 = VECTOR('',#6565,1.);
#6565 = DIRECTION('',(-6.660333481044E-09,1.));
#6566 = ( GEOMETRIC_REPRESENTATION_CONTEXT(2) 
PARAMETRIC_REPRESENTATION_CONTEXT() REPRESENTATION_CONTEXT('2D SPACE',''
  ) );
#6567 = PCURVE('',#6303,#6568);
#6568 = DEFINITIONAL_REPRESENTATION('',(#6569),#6573);
#6569 = LINE('',#6570,#6571);
#6570 = CARTESIAN_POINT('',(0.749299994671,0.359210246127));
#6571 = VECTOR('',#6572,1.);
#6572 = DIRECTION('',(-5.324393534093E-09,-1.));
#6573 = ( GEOMETRIC_REPRESENTATION_CONTEXT(2) 
PARAMETRIC_REPRESENTATION_CONTEXT() REPRESENTATION_CONTEXT('2D SPACE',''
  ) );
#6574 = ORIENTED_EDGE('',*,*,#6211,.T.);
#6575 = ORIENTED_EDGE('',*,*,#6405,.F.);
#6576 = ORIENTED_EDGE('',*,*,#6529,.F.);
#6577 = ADVANCED_FACE('',(#6578),#6303,.T.);
#6578 = FACE_BOUND('',#6579,.T.);
#6579 = EDGE_LOOP('',(#6580,#6601,#6602,#6603));
#6580 = ORIENTED_EDGE('',*,*,#6581,.T.);
#6581 = EDGE_CURVE('',#6483,#6267,#6582,.T.);
#6582 = SURFACE_CURVE('',#6583,(#6587,#6594),.PCURVE_S1.);
#6583 = LINE('',#6584,#6585);
#6584 = CARTESIAN_POINT('',(7.099300000927,-4.063996662211,
    6.896096660235));
#6585 = VECTOR('',#6586,1.);
#6586 = DIRECTION('',(9.255047393613E-10,0.707110116802,0.707103445556)
  );
#6587 = PCURVE('',#6303,#6588);
#6588 = DEFINITIONAL_REPRESENTATION('',(#6589),#6593);
#6589 = LINE('',#6590,#6591);
#6590 = CARTESIAN_POINT('',(-0.749300000927,0.35921024624));
#6591 = VECTOR('',#6592,1.);
#6592 = DIRECTION('',(-9.255047393716E-10,-1.));
#6593 = ( GEOMETRIC_REPRESENTATION_CONTEXT(2) 
PARAMETRIC_REPRESENTATION_CONTEXT() REPRESENTATION_CONTEXT('2D SPACE',''
  ) );
#6594 = PCURVE('',#6337,#6595);
#6595 = DEFINITIONAL_REPRESENTATION('',(#6596),#6600);
#6596 = LINE('',#6597,#6598);
#6597 = CARTESIAN_POINT('',(3.141592655945,-0.254014668356));
#6598 = VECTOR('',#6599,1.);
#6599 = DIRECTION('',(-1.159996808498E-09,1.));
#6600 = ( GEOMETRIC_REPRESENTATION_CONTEXT(2) 
PARAMETRIC_REPRESENTATION_CONTEXT() REPRESENTATION_CONTEXT('2D SPACE',''
  ) );
#6601 = ORIENTED_EDGE('',*,*,#6289,.T.);
#6602 = ORIENTED_EDGE('',*,*,#6554,.F.);
#6603 = ORIENTED_EDGE('',*,*,#6506,.F.);
#6604 = ADVANCED_FACE('',(#6605),#6337,.T.);
#6605 = FACE_BOUND('',#6606,.T.);
#6606 = EDGE_LOOP('',(#6607,#6608,#6609,#6610));
#6607 = ORIENTED_EDGE('',*,*,#6429,.T.);
#6608 = ORIENTED_EDGE('',*,*,#6320,.T.);
#6609 = ORIENTED_EDGE('',*,*,#6581,.F.);
#6610 = ORIENTED_EDGE('',*,*,#6482,.F.);
#6611 = ( GEOMETRIC_REPRESENTATION_CONTEXT(3) 
GLOBAL_UNCERTAINTY_ASSIGNED_CONTEXT((#6615)) 
GLOBAL_UNIT_ASSIGNED_CONTEXT((#6612,#6613,#6614)) REPRESENTATION_CONTEXT
('Context #1','3D Context with UNIT and UNCERTAINTY') );
#6612 = ( LENGTH_UNIT() NAMED_UNIT(*) SI_UNIT(.MILLI.,.METRE.) );
#6613 = ( NAMED_UNIT(*) PLANE_ANGLE_UNIT() SI_UNIT($,.RADIAN.) );
#6614 = ( NAMED_UNIT(*) SI_UNIT($,.STERADIAN.) SOLID_ANGLE_UNIT() );
#6615 = UNCERTAINTY_MEASURE_WITH_UNIT(LENGTH_MEASURE(5.E-06),#6612,
  'distance_accuracy_value','confusion accuracy');
#6616 = CONTEXT_DEPENDENT_SHAPE_REPRESENTATION(#6617,#6619);
#6617 = ( REPRESENTATION_RELATIONSHIP('','',#32,#10) 
REPRESENTATION_RELATIONSHIP_WITH_TRANSFORMATION(#6618) 
SHAPE_REPRESENTATION_RELATIONSHIP() );
#6618 = ITEM_DEFINED_TRANSFORMATION('','',#11,#15);
#6619 = PRODUCT_DEFINITION_SHAPE('Placement','Placement of an item',
  #6620);
#6620 = NEXT_ASSEMBLY_USAGE_OCCURRENCE('1','SOLID','',#5,#27,$);
#6621 = PRODUCT_RELATED_PRODUCT_CATEGORY('part',$,(#29));
#6622 = MECHANICAL_DESIGN_GEOMETRIC_PRESENTATION_REPRESENTATION('',(
    #6623),#6611);
#6623 = STYLED_ITEM('color',(#6624),#33);
#6624 = PRESENTATION_STYLE_ASSIGNMENT((#6625,#6631));
#6625 = SURFACE_STYLE_USAGE(.BOTH.,#6626);
#6626 = SURFACE_SIDE_STYLE('',(#6627));
#6627 = SURFACE_STYLE_FILL_AREA(#6628);
#6628 = FILL_AREA_STYLE('',(#6629));
#6629 = FILL_AREA_STYLE_COLOUR('',#6630);
#6630 = COLOUR_RGB('',0.447059003357,0.474510015008,0.501960993452);
#6631 = CURVE_STYLE('',#6632,POSITIVE_LENGTH_MEASURE(0.1),#6633);
#6632 = DRAUGHTING_PRE_DEFINED_CURVE_FONT('continuous');
#6633 = COLOUR_RGB('',9.803921802644E-02,9.803921802644E-02,
  9.803921802644E-02);
ENDSEC;
END-ISO-10303-21;
