ISO-10303-21;
HEADER;
FILE_DESCRIPTION (( 'STEP AP214' ),
    '1' );
FILE_NAME ('61200621621.STEP',
    '2025-12-28T19:12:48',
    ( '' ),
    ( '' ),
    'SwSTEP 2.0',
    'SolidWorks 2023',
    '' );
FILE_SCHEMA (( 'AUTOMOTIVE_DESIGN' ));
ENDSEC;

DATA;
#1 = STYLED_ITEM ( 'NONE', ( #2422 ), #2957 ) ;
#2 = DIRECTION ( 'NONE',  ( -1.000000000000000000, 0.000000000000000000, 0.000000000000000000 ) ) ;
#3 = CARTESIAN_POINT ( 'NONE',  ( 4.750000000000000000, 3.625000000000000000, -4.675000000000000711 ) ) ;
#4 = CARTESIAN_POINT ( 'NONE',  ( 2.220000000000000195, -0.9499999999999999556, -21.93981562965040411 ) ) ;
#5 = LINE ( 'NONE', #3651, #2153 ) ;
#6 = ORIENTED_EDGE ( 'NONE', *, *, #2135, .T. ) ;
#7 =( LENGTH_UNIT ( ) NAMED_UNIT ( * ) SI_UNIT ( .MILLI., .METRE. ) );
#8 = DIRECTION ( 'NONE',  ( 0.000000000000000000, 0.000000000000000000, 1.000000000000000000 ) ) ;
#9 = LINE ( 'NONE', #2343, #3620 ) ;
#10 = DIRECTION ( 'NONE',  ( 6.776263578034399754E-16, -1.000000000000000000, 0.000000000000000000 ) ) ;
#11 = CARTESIAN_POINT ( 'NONE',  ( -0.3199999999999999512, 0.9499999999999992895, -3.924999999999998934 ) ) ;
#12 = EDGE_LOOP ( 'NONE', ( #2824, #980, #397, #753 ) ) ;
#13 = SURFACE_STYLE_USAGE ( .BOTH. , #1537 ) ;
#14 = FILL_AREA_STYLE_COLOUR ( '', #1539 ) ;
#15 = ADVANCED_FACE ( 'NONE', ( #1524 ), #3057, .T. ) ;
#16 = DIRECTION ( 'NONE',  ( 0.000000000000000000, -0.000000000000000000, -1.000000000000000000 ) ) ;
#17 = DIRECTION ( 'NONE',  ( -1.000000000000000000, -0.000000000000000000, 0.000000000000000000 ) ) ;
#18 = ORIENTED_EDGE ( 'NONE', *, *, #5098, .F. ) ;
#19 = SURFACE_SIDE_STYLE ('',( #3918 ) ) ;
#20 = EDGE_CURVE ( 'NONE', #2728, #4750, #4399, .T. ) ;
#21 = FILL_AREA_STYLE_COLOUR ( '', #4356 ) ;
#22 = DIRECTION ( 'NONE',  ( -1.000000000000000000, 0.000000000000000000, 0.000000000000000000 ) ) ;
#23 = DIRECTION ( 'NONE',  ( -9.306788568639599678E-17, 0.7071067811865480168, -0.7071067811865470176 ) ) ;
#24 = ORIENTED_EDGE ( 'NONE', *, *, #3107, .F. ) ;
#25 = LINE ( 'NONE', #3901, #4047 ) ;
#26 = CARTESIAN_POINT ( 'NONE',  ( 0.3200000000000000067, -0.9499999999999999556, -21.93981562965040411 ) ) ;
#27 = EDGE_CURVE ( 'NONE', #4041, #1665, #275, .T. ) ;
#28 = ORIENTED_EDGE ( 'NONE', *, *, #2619, .T. ) ;
#29 =( NAMED_UNIT ( * ) PLANE_ANGLE_UNIT ( ) SI_UNIT ( $, .RADIAN. ) );
#30 = SURFACE_STYLE_FILL_AREA ( #3226 ) ;
#31 = VERTEX_POINT ( 'NONE', #1240 ) ;
#32 = DIRECTION ( 'NONE',  ( 0.000000000000000000, 1.000000000000000000, 0.000000000000000000 ) ) ;
#33 = CARTESIAN_POINT ( 'NONE',  ( -7.639999999999999680, -4.424999999999999822, 4.424999999999999822 ) ) ;
#34 = PLANE ( 'NONE',  #4962 ) ;
#35 =( NAMED_UNIT ( * ) SI_UNIT ( $, .STERADIAN. ) SOLID_ANGLE_UNIT ( ) );
#36 = VERTEX_POINT ( 'NONE', #2846 ) ;
#37 = DIRECTION ( 'NONE',  ( 1.000000000000000000, -0.000000000000000000, 0.000000000000000000 ) ) ;
#38 = DIRECTION ( 'NONE',  ( -1.000000000000000000, 0.000000000000000000, 0.000000000000000000 ) ) ;
#39 = FILL_AREA_STYLE_COLOUR ( '', #4017 ) ;
#40 = PRESENTATION_LAYER_ASSIGNMENT (  '', '', ( #3501 ) ) ;
#41 = LINE ( 'NONE', #1595, #2316 ) ;
#42 = SURFACE_SIDE_STYLE ('',( #4582 ) ) ;
#43 = SURFACE_STYLE_USAGE ( .BOTH. , #2858 ) ;
#44 = DIRECTION ( 'NONE',  ( -0.000000000000000000, 0.000000000000000000, -1.000000000000000000 ) ) ;
#45 = DIRECTION ( 'NONE',  ( 0.000000000000000000, -0.000000000000000000, -1.000000000000000000 ) ) ;
#46 = DIRECTION ( 'NONE',  ( 0.000000000000000000, 0.000000000000000000, 1.000000000000000000 ) ) ;
#47 = ADVANCED_FACE ( 'NONE', ( #2900 ), #825, .T. ) ;
#48 = UNCERTAINTY_MEASURE_WITH_UNIT (LENGTH_MEASURE( 1.000000000000000082E-05 ), #3927, 'distance_accuracy_value', 'NONE');
#49 = ORIENTED_EDGE ( 'NONE', *, *, #3362, .F. ) ;
#50 = ADVANCED_FACE ( 'NONE', ( #4431 ), #506, .T. ) ;
#51 = DIRECTION ( 'NONE',  ( -0.000000000000000000, -0.000000000000000000, -1.000000000000000000 ) ) ;
#52 = VECTOR ( 'NONE', #3505, 1000.000000000000000 ) ;
#53 = FACE_OUTER_BOUND ( 'NONE', #1086, .T. ) ;
#54 =( NAMED_UNIT ( * ) PLANE_ANGLE_UNIT ( ) SI_UNIT ( $, .RADIAN. ) );
#55 = SURFACE_SIDE_STYLE ('',( #4749 ) ) ;
#56 = VERTEX_POINT ( 'NONE', #1364 ) ;
#57 = STYLED_ITEM ( 'NONE', ( #1815 ), #4432 ) ;
#58 = DIRECTION ( 'NONE',  ( -0.000000000000000000, -0.000000000000000000, -1.000000000000000000 ) ) ;
#59 = VECTOR ( 'NONE', #2379, 1000.000000000000000 ) ;
#60 = LINE ( 'NONE', #497, #3191 ) ;
#61 = CARTESIAN_POINT ( 'NONE',  ( 4.750000000000000000, 3.625000000000000000, -4.675000000000000711 ) ) ;
#62 = PRESENTATION_LAYER_ASSIGNMENT (  '', '', ( #378 ) ) ;
#63 = ORIENTED_EDGE ( 'NONE', *, *, #1384, .F. ) ;
#64 =( LENGTH_UNIT ( ) NAMED_UNIT ( * ) SI_UNIT ( .MILLI., .METRE. ) );
#65 = DIRECTION ( 'NONE',  ( -1.000000000000000000, 0.000000000000000000, 0.000000000000000000 ) ) ;
#66 = VECTOR ( 'NONE', #3649, 1000.000000000000000 ) ;
#67 = ORIENTED_EDGE ( 'NONE', *, *, #20, .T. ) ;
#68 = PRESENTATION_LAYER_ASSIGNMENT (  '', '', ( #4021 ) ) ;
#69 = CARTESIAN_POINT ( 'NONE',  ( -2.250000000000000444, -4.424999999999999822, 0.000000000000000000 ) ) ;
#70 = SURFACE_STYLE_FILL_AREA ( #505 ) ;
#71 =( NAMED_UNIT ( * ) PLANE_ANGLE_UNIT ( ) SI_UNIT ( $, .RADIAN. ) );
#72 = MECHANICAL_DESIGN_GEOMETRIC_PRESENTATION_REPRESENTATION (  '', ( #3615 ), #475 ) ;
#73 = COLOUR_RGB ( '',0.2000000000000000111, 0.2000000000000000111, 0.2000000000000000111 ) ;
#74 = VECTOR ( 'NONE', #1403, 1000.000000000000000 ) ;
#75 = SURFACE_SIDE_STYLE ('',( #3605 ) ) ;
#76 =( GEOMETRIC_REPRESENTATION_CONTEXT ( 3 ) GLOBAL_UNCERTAINTY_ASSIGNED_CONTEXT ( ( #1348 ) ) GLOBAL_UNIT_ASSIGNED_CONTEXT ( ( #1800, #3330, #4121 ) ) REPRESENTATION_CONTEXT ( 'NONE', 'WORKASPACE' ) );
#77 = STYLED_ITEM ( 'NONE', ( #5028 ), #1327 ) ;
#78 = SURFACE_STYLE_USAGE ( .BOTH. , #2956 ) ;
#79 = FILL_AREA_STYLE_COLOUR ( '', #3785 ) ;
#80 = SURFACE_SIDE_STYLE ('',( #3718 ) ) ;
#81 =( NAMED_UNIT ( * ) PLANE_ANGLE_UNIT ( ) SI_UNIT ( $, .RADIAN. ) );
#82 = PRESENTATION_LAYER_ASSIGNMENT (  '', '', ( #5049 ) ) ;
#83 = AXIS2_PLACEMENT_3D ( 'NONE', #4717, #326, #3476 ) ;
#84 = CARTESIAN_POINT ( 'NONE',  ( 1.719999999999999973, -4.424999999999999822, -4.424999999999999822 ) ) ;
#85 = ORIENTED_EDGE ( 'NONE', *, *, #1151, .F. ) ;
#86 = FACE_OUTER_BOUND ( 'NONE', #1874, .T. ) ;
#87 = LINE ( 'NONE', #946, #2770 ) ;
#88 = SURFACE_STYLE_FILL_AREA ( #428 ) ;
#89 = EDGE_CURVE ( 'NONE', #578, #5104, #3392, .T. ) ;
#90 = ORIENTED_EDGE ( 'NONE', *, *, #179, .F. ) ;
#91 = PRESENTATION_LAYER_ASSIGNMENT (  '', '', ( #2467 ) ) ;
#92 = PLANE ( 'NONE',  #3377 ) ;
#93 =( NAMED_UNIT ( * ) PLANE_ANGLE_UNIT ( ) SI_UNIT ( $, .RADIAN. ) );
#94 = PRESENTATION_LAYER_ASSIGNMENT (  '', '', ( #1906 ) ) ;
#95 = SURFACE_STYLE_FILL_AREA ( #4554 ) ;
#96 = LINE ( 'NONE', #3570, #1408 ) ;
#97 = VERTEX_POINT ( 'NONE', #3340 ) ;
#98 = CARTESIAN_POINT ( 'NONE',  ( -2.860000000000000320, -1.590000000000000080, -3.924999999999998046 ) ) ;
#99 = SURFACE_STYLE_FILL_AREA ( #2050 ) ;
#100 = DIRECTION ( 'NONE',  ( -1.000000000000000000, 0.000000000000000000, 0.000000000000000000 ) ) ;
#101 = SURFACE_SIDE_STYLE ('',( #3291 ) ) ;
#102 = VERTEX_POINT ( 'NONE', #1032 ) ;
#103 = CARTESIAN_POINT ( 'NONE',  ( 0.000000000000000000, 4.424999999999999822, 0.000000000000000000 ) ) ;
#104 = VECTOR ( 'NONE', #3895, 1000.000000000000000 ) ;
#105 = FILL_AREA_STYLE_COLOUR ( '', #4083 ) ;
#106 = DIRECTION ( 'NONE',  ( -0.5773502691896246208, 0.5773502691896250649, -0.5773502691896275074 ) ) ;
#107 = PRODUCT_DEFINITION_SHAPE ( 'NONE', 'NONE',  #4521 ) ;
#108 = UNCERTAINTY_MEASURE_WITH_UNIT (LENGTH_MEASURE( 1.000000000000000082E-05 ), #4244, 'distance_accuracy_value', 'NONE');
#109 = ORIENTED_EDGE ( 'NONE', *, *, #2166, .T. ) ;
#110 = CARTESIAN_POINT ( 'NONE',  ( -4.840000000000000746, 4.424999999999999822, 4.424999999999999822 ) ) ;
#111 = LINE ( 'NONE', #514, #4090 ) ;
#112 = VERTEX_POINT ( 'NONE', #270 ) ;
#113 = SURFACE_STYLE_USAGE ( .BOTH. , #876 ) ;
#114 = DIRECTION ( 'NONE',  ( 1.000000000000000000, 0.000000000000000000, -0.000000000000000000 ) ) ;
#115 = DIRECTION ( 'NONE',  ( 0.000000000000000000, 1.000000000000000000, 0.000000000000000000 ) ) ;
#116 = CARTESIAN_POINT ( 'NONE',  ( 4.325000000000000178, 3.625000000000000000, -4.675000000000000711 ) ) ;
#117 = PLANE ( 'NONE',  #1036 ) ;
#118 = ORIENTED_EDGE ( 'NONE', *, *, #669, .F. ) ;
#119 =( NAMED_UNIT ( * ) SI_UNIT ( $, .STERADIAN. ) SOLID_ANGLE_UNIT ( ) );
#120 = EDGE_CURVE ( 'NONE', #1402, #3466, #2628, .T. ) ;
#121 = CARTESIAN_POINT ( 'NONE',  ( 7.639999999999999680, -0.4499999999999999001, -4.424999999999999822 ) ) ;
#122 = DIRECTION ( 'NONE',  ( -1.000000000000000000, 0.000000000000000000, 0.000000000000000000 ) ) ;
#123 = DIRECTION ( 'NONE',  ( -1.000000000000000000, 0.000000000000000000, 0.000000000000000000 ) ) ;
#124 = CARTESIAN_POINT ( 'NONE',  ( -1.720000000000001750, 0.4500000000000002331, -4.424999999999999822 ) ) ;
#125 = FACE_OUTER_BOUND ( 'NONE', #2501, .T. ) ;
#126 =( GEOMETRIC_REPRESENTATION_CONTEXT ( 3 ) GLOBAL_UNCERTAINTY_ASSIGNED_CONTEXT ( ( #3006 ) ) GLOBAL_UNIT_ASSIGNED_CONTEXT ( ( #4525, #3254, #3286 ) ) REPRESENTATION_CONTEXT ( 'NONE', 'WORKASPACE' ) );
#127 = VERTEX_POINT ( 'NONE', #3753 ) ;
#128 = DIRECTION ( 'NONE',  ( -1.000000000000000000, -0.000000000000000000, 0.000000000000000000 ) ) ;
#129 = AXIS2_PLACEMENT_3D ( 'NONE', #530, #2503, #2146 ) ;
#130 = ORIENTED_EDGE ( 'NONE', *, *, #2694, .T. ) ;
#131 = DIRECTION ( 'NONE',  ( -1.000000000000000000, 0.000000000000000000, 0.000000000000000000 ) ) ;
#132 = VECTOR ( 'NONE', #4697, 1000.000000000000000 ) ;
#133 = VERTEX_POINT ( 'NONE', #1762 ) ;
#134 = ADVANCED_FACE ( 'NONE', ( #936 ), #4529, .T. ) ;
#135 = COLOUR_RGB ( '',0.2000000000000000111, 0.2000000000000000111, 0.2000000000000000111 ) ;
#136 = ORIENTED_EDGE ( 'NONE', *, *, #788, .F. ) ;
#137 = ORIENTED_EDGE ( 'NONE', *, *, #4235, .T. ) ;
#138 = DIRECTION ( 'NONE',  ( 1.000000000000000000, 0.000000000000000000, -0.000000000000000000 ) ) ;
#139 = MECHANICAL_DESIGN_GEOMETRIC_PRESENTATION_REPRESENTATION (  '', ( #622 ), #3031 ) ;
#140 =( GEOMETRIC_REPRESENTATION_CONTEXT ( 3 ) GLOBAL_UNCERTAINTY_ASSIGNED_CONTEXT ( ( #250 ) ) GLOBAL_UNIT_ASSIGNED_CONTEXT ( ( #435, #1271, #35 ) ) REPRESENTATION_CONTEXT ( 'NONE', 'WORKASPACE' ) );
#141 = LINE ( 'NONE', #2431, #4622 ) ;
#142 = ADVANCED_FACE ( 'NONE', ( #2492 ), #2522, .F. ) ;
#143 = DIRECTION ( 'NONE',  ( -0.000000000000000000, -0.000000000000000000, -1.000000000000000000 ) ) ;
#144 = VECTOR ( 'NONE', #2985, 1000.000000000000000 ) ;
#145 = EDGE_CURVE ( 'NONE', #2172, #796, #3830, .T. ) ;
#146 = SURFACE_SIDE_STYLE ('',( #2855 ) ) ;
#147 = EDGE_LOOP ( 'NONE', ( #2922, #2580, #2088, #4658 ) ) ;
#148 =( NAMED_UNIT ( * ) SI_UNIT ( $, .STERADIAN. ) SOLID_ANGLE_UNIT ( ) );
#149 = DIRECTION ( 'NONE',  ( 0.3481553119113947048, 0.3481553119113962591, -0.8703882797784893155 ) ) ;
#150 = AXIS2_PLACEMENT_3D ( 'NONE', #2409, #4412, #4821 ) ;
#151 = AXIS2_PLACEMENT_3D ( 'NONE', #1631, #1107, #3123 ) ;
#152 = PRESENTATION_LAYER_ASSIGNMENT (  '', '', ( #887 ) ) ;
#153 = EDGE_CURVE ( 'NONE', #3977, #3173, #620, .T. ) ;
#154 =( LENGTH_UNIT ( ) NAMED_UNIT ( * ) SI_UNIT ( .MILLI., .METRE. ) );
#155 = DIRECTION ( 'NONE',  ( -0.3713906763541040545, 0.000000000000000000, -0.9284766908852591927 ) ) ;
#156 = UNCERTAINTY_MEASURE_WITH_UNIT (LENGTH_MEASURE( 1.000000000000000082E-05 ), #2118, 'distance_accuracy_value', 'NONE');
#157 = MECHANICAL_DESIGN_GEOMETRIC_PRESENTATION_REPRESENTATION (  '', ( #555 ), #2718 ) ;
#158 = VERTEX_POINT ( 'NONE', #4610 ) ;
#159 = LINE ( 'NONE', #1350, #3790 ) ;
#160 = SURFACE_STYLE_USAGE ( .BOTH. , #1352 ) ;
#161 = CARTESIAN_POINT ( 'NONE',  ( 0.000000000000000000, -0.1199999999999999956, -5.799999999999999822 ) ) ;
#162 = EDGE_LOOP ( 'NONE', ( #934, #4474, #3863, #4508 ) ) ;
#163 = ORIENTED_EDGE ( 'NONE', *, *, #4336, .T. ) ;
#164 = SURFACE_STYLE_FILL_AREA ( #4882 ) ;
#165 = CARTESIAN_POINT ( 'NONE',  ( -3.725000000000000089, 0.3200000000000000067, 5.299999999999999822 ) ) ;
#166 = COLOUR_RGB ( '',0.2000000000000000111, 0.2000000000000000111, 0.2000000000000000111 ) ;
#167 =( LENGTH_UNIT ( ) NAMED_UNIT ( * ) SI_UNIT ( .MILLI., .METRE. ) );
#168 = EDGE_LOOP ( 'NONE', ( #4781, #3148, #5130, #4004 ) ) ;
#169 = DIRECTION ( 'NONE',  ( 1.000000000000000000, 0.000000000000000000, 0.000000000000000000 ) ) ;
#170 = AXIS2_PLACEMENT_3D ( 'NONE', #4831, #1265, #4444 ) ;
#171 = CARTESIAN_POINT ( 'NONE',  ( 4.750000000000000000, 3.625000000000000000, -4.424999999999999822 ) ) ;
#172 =( NAMED_UNIT ( * ) PLANE_ANGLE_UNIT ( ) SI_UNIT ( $, .RADIAN. ) );
#173 = EDGE_CURVE ( 'NONE', #158, #3562, #2182, .T. ) ;
#174 = FILL_AREA_STYLE_COLOUR ( '', #4381 ) ;
#175 =( NAMED_UNIT ( * ) SI_UNIT ( $, .STERADIAN. ) SOLID_ANGLE_UNIT ( ) );
#176 = ORIENTED_EDGE ( 'NONE', *, *, #2895, .T. ) ;
#177 =( GEOMETRIC_REPRESENTATION_CONTEXT ( 3 ) GLOBAL_UNCERTAINTY_ASSIGNED_CONTEXT ( ( #3089 ) ) GLOBAL_UNIT_ASSIGNED_CONTEXT ( ( #1208, #2341, #2419 ) ) REPRESENTATION_CONTEXT ( 'NONE', 'WORKASPACE' ) );
#178 = FILL_AREA_STYLE_COLOUR ( '', #135 ) ;
#179 = EDGE_CURVE ( 'NONE', #2569, #2623, #2602, .T. ) ;
#180 = ORIENTED_EDGE ( 'NONE', *, *, #955, .T. ) ;
#181 = ORIENTED_EDGE ( 'NONE', *, *, #4370, .F. ) ;
#182 = SURFACE_STYLE_FILL_AREA ( #923 ) ;
#183 = DIRECTION ( 'NONE',  ( 1.000000000000000000, -0.000000000000000000, 0.000000000000000000 ) ) ;
#184 = VERTEX_POINT ( 'NONE', #3733 ) ;
#185 = SURFACE_STYLE_USAGE ( .BOTH. , #4550 ) ;
#186 = SURFACE_STYLE_FILL_AREA ( #3306 ) ;
#187 = DIRECTION ( 'NONE',  ( -1.000000000000000000, 0.000000000000000000, 0.000000000000000000 ) ) ;
#188 = VECTOR ( 'NONE', #1460, 1000.000000000000114 ) ;
#189 = VERTEX_POINT ( 'NONE', #3417 ) ;
#190 =( NAMED_UNIT ( * ) PLANE_ANGLE_UNIT ( ) SI_UNIT ( $, .RADIAN. ) );
#191 = AXIS2_PLACEMENT_3D ( 'NONE', #2023, #1619, #100 ) ;
#192 = CARTESIAN_POINT ( 'NONE',  ( -3.725000000000000089, 0.1200000000000000094, -5.799999999999999822 ) ) ;
#193 = DIRECTION ( 'NONE',  ( 3.388131789017213189E-16, -1.000000000000000000, 3.388131789017198891E-16 ) ) ;
#194 = VECTOR ( 'NONE', #1858, 1000.000000000000000 ) ;
#195 = EDGE_LOOP ( 'NONE', ( #4988, #1016, #3230, #4275 ) ) ;
#196 = UNCERTAINTY_MEASURE_WITH_UNIT (LENGTH_MEASURE( 1.000000000000000082E-05 ), #4635, 'distance_accuracy_value', 'NONE');
#197 =( NAMED_UNIT ( * ) PLANE_ANGLE_UNIT ( ) SI_UNIT ( $, .RADIAN. ) );
#198 = CARTESIAN_POINT ( 'NONE',  ( -4.750000000000000000, 3.625000000000000000, -4.424999999999999822 ) ) ;
#199 =( NAMED_UNIT ( * ) SI_UNIT ( $, .STERADIAN. ) SOLID_ANGLE_UNIT ( ) );
#200 = DIRECTION ( 'NONE',  ( 1.000000000000000000, 0.000000000000000000, 0.000000000000000000 ) ) ;
#201 = MECHANICAL_DESIGN_GEOMETRIC_PRESENTATION_REPRESENTATION (  '', ( #5007 ), #940 ) ;
#202 = ORIENTED_EDGE ( 'NONE', *, *, #2564, .T. ) ;
#203 = LINE ( 'NONE', #2215, #3448 ) ;
#204 = CARTESIAN_POINT ( 'NONE',  ( -0.3200000000000000067, 1.590000000000000080, -3.924999999999998046 ) ) ;
#205 = FILL_AREA_STYLE ('',( #4472 ) ) ;
#206 = EDGE_CURVE ( 'NONE', #1239, #1765, #4179, .T. ) ;
#207 = MECHANICAL_DESIGN_GEOMETRIC_PRESENTATION_REPRESENTATION (  '', ( #2424 ), #3418 ) ;
#208 = EDGE_LOOP ( 'NONE', ( #362, #997, #1986, #2936 ) ) ;
#209 = PRESENTATION_STYLE_ASSIGNMENT (( #1852 ) ) ;
#210 = ADVANCED_FACE ( 'NONE', ( #1438 ), #247, .T. ) ;
#211 = CARTESIAN_POINT ( 'NONE',  ( -2.220000000000000195, -0.9499999999999999556, -21.93981562965040411 ) ) ;
#212 = FACE_OUTER_BOUND ( 'NONE', #4197, .T. ) ;
#213 = SURFACE_STYLE_FILL_AREA ( #3004 ) ;
#214 = LINE ( 'NONE', #1801, #984 ) ;
#215 = VERTEX_POINT ( 'NONE', #1066 ) ;
#216 = PRODUCT_DEFINITION_CONTEXT ( 'detailed design', #1933, 'design' ) ;
#217 = VECTOR ( 'NONE', #2169, 1000.000000000000000 ) ;
#218 = CARTESIAN_POINT ( 'NONE',  ( -2.860000000000000320, -0.9499999999999999556, -3.924999999999998046 ) ) ;
#219 =( NAMED_UNIT ( * ) SI_UNIT ( $, .STERADIAN. ) SOLID_ANGLE_UNIT ( ) );
#220 =( GEOMETRIC_REPRESENTATION_CONTEXT ( 3 ) GLOBAL_UNCERTAINTY_ASSIGNED_CONTEXT ( ( #390 ) ) GLOBAL_UNIT_ASSIGNED_CONTEXT ( ( #535, #197, #2990 ) ) REPRESENTATION_CONTEXT ( 'NONE', 'WORKASPACE' ) );
#221 = VERTEX_POINT ( 'NONE', #4561 ) ;
#222 = LINE ( 'NONE', #1814, #5115 ) ;
#223 = SURFACE_STYLE_FILL_AREA ( #2608 ) ;
#224 = MECHANICAL_DESIGN_GEOMETRIC_PRESENTATION_REPRESENTATION (  '', ( #3355 ), #541 ) ;
#225 = PRESENTATION_LAYER_ASSIGNMENT (  '', '', ( #2784 ) ) ;
#226 = DIRECTION ( 'NONE',  ( 0.000000000000000000, -0.000000000000000000, 1.000000000000000000 ) ) ;
#227 = VERTEX_POINT ( 'NONE', #991 ) ;
#228 = STYLED_ITEM ( 'NONE', ( #4918 ), #1419 ) ;
#229 = AXIS2_PLACEMENT_3D ( 'NONE', #5097, #1112, #3127 ) ;
#230 = FILL_AREA_STYLE_COLOUR ( '', #1550 ) ;
#231 = CARTESIAN_POINT ( 'NONE',  ( -5.174999999999999822, -3.625000000000000000, -4.424999999999999822 ) ) ;
#232 = CARTESIAN_POINT ( 'NONE',  ( 0.4249999999999991007, -3.625000000000000000, -4.424999999999999822 ) ) ;
#233 = STYLED_ITEM ( 'NONE', ( #1648 ), #1571 ) ;
#234 = STYLED_ITEM ( 'NONE', ( #1254 ), #3487 ) ;
#235 = PRESENTATION_LAYER_ASSIGNMENT (  '', '', ( #2637 ) ) ;
#236 = ORIENTED_EDGE ( 'NONE', *, *, #1274, .F. ) ;
#237 = AXIS2_PLACEMENT_3D ( 'NONE', #61, #2731, #3205 ) ;
#238 = DIRECTION ( 'NONE',  ( -0.000000000000000000, -0.000000000000000000, -1.000000000000000000 ) ) ;
#239 =( GEOMETRIC_REPRESENTATION_CONTEXT ( 3 ) GLOBAL_UNCERTAINTY_ASSIGNED_CONTEXT ( ( #4667 ) ) GLOBAL_UNIT_ASSIGNED_CONTEXT ( ( #3051, #679, #1447 ) ) REPRESENTATION_CONTEXT ( 'NONE', 'WORKASPACE' ) );
#240 = PLANE ( 'NONE',  #1023 ) ;
#241 =( GEOMETRIC_REPRESENTATION_CONTEXT ( 3 ) GLOBAL_UNCERTAINTY_ASSIGNED_CONTEXT ( ( #758 ) ) GLOBAL_UNIT_ASSIGNED_CONTEXT ( ( #3251, #1674, #2927 ) ) REPRESENTATION_CONTEXT ( 'NONE', 'WORKASPACE' ) );
#242 = EDGE_LOOP ( 'NONE', ( #2823, #4343, #4922, #3104 ) ) ;
#243 = SURFACE_STYLE_FILL_AREA ( #266 ) ;
#244 = ITEM_DEFINED_TRANSFORMATION ( 'NONE', 'NONE', #366,  #4609 ) ;
#245 = EDGE_CURVE ( 'NONE', #3247, #1617, #3754, .T. ) ;
#246 = VECTOR ( 'NONE', #681, 1000.000000000000000 ) ;
#247 = CYLINDRICAL_SURFACE ( 'NONE', #3153, 0.4250000000000000444 ) ;
#248 = PRESENTATION_LAYER_ASSIGNMENT (  '', '', ( #1572 ) ) ;
#249 = ORIENTED_EDGE ( 'NONE', *, *, #2000, .F. ) ;
#250 = UNCERTAINTY_MEASURE_WITH_UNIT (LENGTH_MEASURE( 1.000000000000000082E-05 ), #435, 'distance_accuracy_value', 'NONE');
#251 = LINE ( 'NONE', #2185, #4450 ) ;
#252 = CARTESIAN_POINT ( 'NONE',  ( 2.249999999999999556, -4.424999999999999822, 4.424999999999999822 ) ) ;
#253 = LINE ( 'NONE', #2187, #1789 ) ;
#254 = PRESENTATION_LAYER_ASSIGNMENT (  '', '', ( #499 ) ) ;
#255 = DIRECTION ( 'NONE',  ( 0.000000000000000000, 0.000000000000000000, 1.000000000000000000 ) ) ;
#256 = ORIENTED_EDGE ( 'NONE', *, *, #3084, .T. ) ;
#257 = CARTESIAN_POINT ( 'NONE',  ( 0.3200000000000000067, 0.9499999999999999556, -21.93981562965040411 ) ) ;
#258 = CARTESIAN_POINT ( 'NONE',  ( -2.220000000000000639, -1.590000000000000080, -2.075000000000000622 ) ) ;
#259 = FILL_AREA_STYLE ('',( #1129 ) ) ;
#260 =( LENGTH_UNIT ( ) NAMED_UNIT ( * ) SI_UNIT ( .MILLI., .METRE. ) );
#261 = FILL_AREA_STYLE ('',( #2235 ) ) ;
#262 = LINE ( 'NONE', #3820, #246 ) ;
#263 = ORIENTED_EDGE ( 'NONE', *, *, #3370, .F. ) ;
#264 =( NAMED_UNIT ( * ) PLANE_ANGLE_UNIT ( ) SI_UNIT ( $, .RADIAN. ) );
#265 = ORIENTED_EDGE ( 'NONE', *, *, #2802, .F. ) ;
#266 = FILL_AREA_STYLE ('',( #4581 ) ) ;
#267 = DIRECTION ( 'NONE',  ( 0.000000000000000000, 0.000000000000000000, 1.000000000000000000 ) ) ;
#268 = DIRECTION ( 'NONE',  ( -1.000000000000000000, -8.993382075916629386E-16, 0.000000000000000000 ) ) ;
#269 = DIRECTION ( 'NONE',  ( 1.000000000000000000, 0.000000000000000000, -0.000000000000000000 ) ) ;
#270 = CARTESIAN_POINT ( 'NONE',  ( 0.3199999999999994515, 1.590000000000000080, -3.924999999999998046 ) ) ;
#271 = EDGE_CURVE ( 'NONE', #3474, #4565, #3013, .T. ) ;
#272 = SURFACE_STYLE_FILL_AREA ( #3395 ) ;
#273 = SURFACE_STYLE_FILL_AREA ( #4180 ) ;
#274 = EDGE_CURVE ( 'NONE', #3646, #2093, #1417, .T. ) ;
#275 = CIRCLE ( 'NONE', #1926, 0.4250000000000000444 ) ;
#276 =( LENGTH_UNIT ( ) NAMED_UNIT ( * ) SI_UNIT ( .MILLI., .METRE. ) );
#277 = ORIENTED_EDGE ( 'NONE', *, *, #3745, .T. ) ;
#278 =( NAMED_UNIT ( * ) SI_UNIT ( $, .STERADIAN. ) SOLID_ANGLE_UNIT ( ) );
#279 = CARTESIAN_POINT ( 'NONE',  ( 2.250000000000000000, -4.424999999999999822, 4.424999999999999822 ) ) ;
#280 = ORIENTED_EDGE ( 'NONE', *, *, #3257, .F. ) ;
#281 = DIRECTION ( 'NONE',  ( -1.000000000000000000, 4.996323375509239972E-16, 0.000000000000000000 ) ) ;
#282 = UNCERTAINTY_MEASURE_WITH_UNIT (LENGTH_MEASURE( 1.000000000000000082E-05 ), #1006, 'distance_accuracy_value', 'NONE');
#283 = VERTEX_POINT ( 'NONE', #2663 ) ;
#284 = CARTESIAN_POINT ( 'NONE',  ( 0.8200000000000003952, -4.424999999999999822, -4.424999999999999822 ) ) ;
#285 = CONTEXT_DEPENDENT_SHAPE_REPRESENTATION ( #3510, #3560 ) ;
#286 =( LENGTH_UNIT ( ) NAMED_UNIT ( * ) SI_UNIT ( .MILLI., .METRE. ) );
#287 = PLANE ( 'NONE',  #1731 ) ;
#288 = FILL_AREA_STYLE_COLOUR ( '', #5117 ) ;
#289 = VECTOR ( 'NONE', #3956, 1000.000000000000000 ) ;
#290 = DIRECTION ( 'NONE',  ( -0.3481553119113959816, 0.3481553119113959260, 0.8703882797784889824 ) ) ;
#291 = ORIENTED_EDGE ( 'NONE', *, *, #4132, .T. ) ;
#292 = MECHANICAL_DESIGN_GEOMETRIC_PRESENTATION_REPRESENTATION (  '', ( #1289 ), #4527 ) ;
#293 = UNCERTAINTY_MEASURE_WITH_UNIT (LENGTH_MEASURE( 1.000000000000000082E-05 ), #1565, 'distance_accuracy_value', 'NONE');
#294 = EDGE_CURVE ( 'NONE', #2249, #4427, #2248, .T. ) ;
#295 = EDGE_CURVE ( 'NONE', #56, #2554, #1365, .T. ) ;
#296 = AXIS2_PLACEMENT_3D ( 'NONE', #1307, #4408, #4894 ) ;
#297 = ORIENTED_EDGE ( 'NONE', *, *, #1889, .T. ) ;
#298 = LINE ( 'NONE', #4301, #2368 ) ;
#299 = EDGE_CURVE ( 'NONE', #2449, #1382, #4731, .T. ) ;
#300 = STYLED_ITEM ( 'NONE', ( #4790 ), #4564 ) ;
#301 = DIRECTION ( 'NONE',  ( 1.365923996832129884E-16, -1.000000000000000000, 0.000000000000000000 ) ) ;
#302 = CARTESIAN_POINT ( 'NONE',  ( -2.220000000000000639, -1.590000000000000302, -3.924999999999998046 ) ) ;
#303 = CIRCLE ( 'NONE', #3186, 0.3362499999999997158 ) ;
#304 = PRESENTATION_STYLE_ASSIGNMENT (( #1868 ) ) ;
#305 = STYLED_ITEM ( 'NONE', ( #1823 ), #4900 ) ;
#306 = CARTESIAN_POINT ( 'NONE',  ( 7.639999999999999680, 4.424999999999999822, -4.424999999999999822 ) ) ;
#307 =( GEOMETRIC_REPRESENTATION_CONTEXT ( 3 ) GLOBAL_UNCERTAINTY_ASSIGNED_CONTEXT ( ( #3550 ) ) GLOBAL_UNIT_ASSIGNED_CONTEXT ( ( #1249, #3636, #1677 ) ) REPRESENTATION_CONTEXT ( 'NONE', 'WORKASPACE' ) );
#308 = SURFACE_STYLE_FILL_AREA ( #686 ) ;
#309 = DIRECTION ( 'NONE',  ( -0.5773502691896246208, -0.5773502691896248429, 0.5773502691896278405 ) ) ;
#310 = VECTOR ( 'NONE', #4936, 1000.000000000000000 ) ;
#311 = ORIENTED_EDGE ( 'NONE', *, *, #3559, .F. ) ;
#312 =( GEOMETRIC_REPRESENTATION_CONTEXT ( 3 ) GLOBAL_UNCERTAINTY_ASSIGNED_CONTEXT ( ( #818 ) ) GLOBAL_UNIT_ASSIGNED_CONTEXT ( ( #2470, #1223, #3577 ) ) REPRESENTATION_CONTEXT ( 'NONE', 'WORKASPACE' ) );
#313 = FILL_AREA_STYLE ('',( #899 ) ) ;
#314 = AXIS2_PLACEMENT_3D ( 'NONE', #3425, #2231, #4163 ) ;
#315 = DIRECTION ( 'NONE',  ( 1.000000000000000000, 0.000000000000000000, 0.000000000000000000 ) ) ;
#316 = CYLINDRICAL_SURFACE ( 'NONE', #978, 0.4250000000000000444 ) ;
#317 =( GEOMETRIC_REPRESENTATION_CONTEXT ( 3 ) GLOBAL_UNCERTAINTY_ASSIGNED_CONTEXT ( ( #48 ) ) GLOBAL_UNIT_ASSIGNED_CONTEXT ( ( #3927, #3569, #4369 ) ) REPRESENTATION_CONTEXT ( 'NONE', 'WORKASPACE' ) );
#318 = CARTESIAN_POINT ( 'NONE',  ( -3.084999999999999964, 0.1200000000000000094, 5.799999999999999822 ) ) ;
#319 = SURFACE_SIDE_STYLE ('',( #5071 ) ) ;
#320 = ORIENTED_EDGE ( 'NONE', *, *, #5132, .F. ) ;
#321 = PRESENTATION_LAYER_ASSIGNMENT (  '', '', ( #2561 ) ) ;
#322 = FACE_OUTER_BOUND ( 'NONE', #1988, .T. ) ;
#323 = FACE_BOUND ( 'NONE', #4999, .T. ) ;
#324 = EDGE_CURVE ( 'NONE', #4056, #2062, #341, .T. ) ;
#325 = AXIS2_PLACEMENT_3D ( 'NONE', #318, #1903, #3471 ) ;
#326 = DIRECTION ( 'NONE',  ( 0.000000000000000000, -1.000000000000000000, 0.000000000000000000 ) ) ;
#327 = ORIENTED_EDGE ( 'NONE', *, *, #1481, .T. ) ;
#328 = FILL_AREA_STYLE_COLOUR ( '', #2210 ) ;
#329 =( GEOMETRIC_REPRESENTATION_CONTEXT ( 3 ) GLOBAL_UNCERTAINTY_ASSIGNED_CONTEXT ( ( #1285 ) ) GLOBAL_UNIT_ASSIGNED_CONTEXT ( ( #1283, #1257, #2838 ) ) REPRESENTATION_CONTEXT ( 'NONE', 'WORKASPACE' ) );
#330 = FILL_AREA_STYLE ('',( #2613 ) ) ;
#331 = SURFACE_STYLE_FILL_AREA ( #3878 ) ;
#332 = ORIENTED_EDGE ( 'NONE', *, *, #2553, .T. ) ;
#333 = EDGE_CURVE ( 'NONE', #4733, #3634, #4664, .T. ) ;
#334 = EDGE_CURVE ( 'NONE', #337, #2905, #1092, .T. ) ;
#335 = PLANE ( 'NONE',  #647 ) ;
#336 = PRESENTATION_STYLE_ASSIGNMENT (( #5008 ) ) ;
#337 = VERTEX_POINT ( 'NONE', #731 ) ;
#338 = DIRECTION ( 'NONE',  ( -1.000000000000000000, 0.000000000000000000, -0.000000000000000000 ) ) ;
#339 = FILL_AREA_STYLE ('',( #1458 ) ) ;
#340 = FILL_AREA_STYLE_COLOUR ( '', #4946 ) ;
#341 = LINE ( 'NONE', #3932, #3589 ) ;
#342 = LINE ( 'NONE', #11, #3181 ) ;
#343 = ORIENTED_EDGE ( 'NONE', *, *, #3307, .T. ) ;
#344 = DIRECTION ( 'NONE',  ( 0.000000000000000000, 0.000000000000000000, 1.000000000000000000 ) ) ;
#345 = ORIENTED_EDGE ( 'NONE', *, *, #2553, .F. ) ;
#346 = UNCERTAINTY_MEASURE_WITH_UNIT (LENGTH_MEASURE( 1.000000000000000082E-05 ), #1523, 'distance_accuracy_value', 'NONE');
#347 = FILL_AREA_STYLE ('',( #4321 ) ) ;
#348 = CARTESIAN_POINT ( 'NONE',  ( 0.000000000000000000, 4.424999999999999822, 4.424999999999999822 ) ) ;
#349 = DIRECTION ( 'NONE',  ( 1.000000000000000000, 1.365923996832129884E-16, 0.000000000000000000 ) ) ;
#350 = VECTOR ( 'NONE', #37, 1000.000000000000000 ) ;
#351 = LINE ( 'NONE', #2525, #4133 ) ;
#352 = EDGE_LOOP ( 'NONE', ( #1948, #1341 ) ) ;
#353 = SURFACE_STYLE_FILL_AREA ( #259 ) ;
#354 = CARTESIAN_POINT ( 'NONE',  ( 2.220000000000000195, -1.590000000000000080, -3.924999999999998046 ) ) ;
#355 = DIRECTION ( 'NONE',  ( -1.000000000000000000, -0.000000000000000000, -0.000000000000000000 ) ) ;
#356 = CARTESIAN_POINT ( 'NONE',  ( 0.000000000000000000, 4.424999999999999822, 0.000000000000000000 ) ) ;
#357 = MECHANICAL_DESIGN_GEOMETRIC_PRESENTATION_REPRESENTATION (  '', ( #1095 ), #1089 ) ;
#358 = CARTESIAN_POINT ( 'NONE',  ( 7.190000000000000391, -4.424999999999999822, 4.424999999999999822 ) ) ;
#359 = ADVANCED_FACE ( 'NONE', ( #777 ), #756, .T. ) ;
#360 = ADVANCED_FACE ( 'NONE', ( #1591 ), #443, .T. ) ;
#361 = ORIENTED_EDGE ( 'NONE', *, *, #2686, .T. ) ;
#362 = ORIENTED_EDGE ( 'NONE', *, *, #1277, .T. ) ;
#363 = DIRECTION ( 'NONE',  ( -0.000000000000000000, -0.000000000000000000, 1.000000000000000000 ) ) ;
#364 = DIRECTION ( 'NONE',  ( -1.000000000000000000, 0.000000000000000000, -0.000000000000000000 ) ) ;
#365 = VERTEX_POINT ( 'NONE', #3187 ) ;
#366 = AXIS2_PLACEMENT_3D ( 'NONE', #1005, #727, #315 ) ;
#367 = DIRECTION ( 'NONE',  ( 0.000000000000000000, 0.7071067811865474617, -0.7071067811865474617 ) ) ;
#368 = ORIENTED_EDGE ( 'NONE', *, *, #1542, .T. ) ;
#369 = PLANE ( 'NONE',  #150 ) ;
#370 = CARTESIAN_POINT ( 'NONE',  ( -0.3200000000000000067, -1.590000000000000080, -2.075000000000000622 ) ) ;
#371 = STYLED_ITEM ( 'NONE', ( #4510 ), #4358 ) ;
#372 = DIRECTION ( 'NONE',  ( 0.000000000000000000, 0.7071067811865470176, 0.7071067811865480168 ) ) ;
#373 = VERTEX_POINT ( 'NONE', #4736 ) ;
#374 = ORIENTED_EDGE ( 'NONE', *, *, #1707, .F. ) ;
#375 = VECTOR ( 'NONE', #830, 1000.000000000000000 ) ;
#376 =( LENGTH_UNIT ( ) NAMED_UNIT ( * ) SI_UNIT ( .MILLI., .METRE. ) );
#377 =( NAMED_UNIT ( * ) PLANE_ANGLE_UNIT ( ) SI_UNIT ( $, .RADIAN. ) );
#378 = STYLED_ITEM ( 'NONE', ( #4396 ), #4746 ) ;
#379 = VECTOR ( 'NONE', #2014, 1000.000000000000000 ) ;
#380 = ORIENTED_EDGE ( 'NONE', *, *, #3876, .T. ) ;
#381 = DIRECTION ( 'NONE',  ( -1.000000000000000000, 0.000000000000000000, -0.000000000000000000 ) ) ;
#382 = VECTOR ( 'NONE', #2433, 1000.000000000000000 ) ;
#383 = MECHANICAL_DESIGN_GEOMETRIC_PRESENTATION_REPRESENTATION (  '', ( #2125 ), #3940 ) ;
#384 = EDGE_CURVE ( 'NONE', #436, #1699, #736, .T. ) ;
#385 = VECTOR ( 'NONE', #2706, 1000.000000000000000 ) ;
#386 = FILL_AREA_STYLE ('',( #779 ) ) ;
#387 = EDGE_CURVE ( 'NONE', #4009, #4422, #2714, .T. ) ;
#388 = ORIENTED_EDGE ( 'NONE', *, *, #4681, .T. ) ;
#389 = EDGE_CURVE ( 'NONE', #2845, #1198, #3910, .T. ) ;
#390 = UNCERTAINTY_MEASURE_WITH_UNIT (LENGTH_MEASURE( 1.000000000000000082E-05 ), #535, 'distance_accuracy_value', 'NONE');
#391 = EDGE_CURVE ( 'NONE', #3126, #452, #41, .T. ) ;
#392 = CARTESIAN_POINT ( 'NONE',  ( 2.860000000000000320, 1.590000000000000080, -21.93981562965040411 ) ) ;
#393 = FACE_BOUND ( 'NONE', #3101, .T. ) ;
#394 = VECTOR ( 'NONE', #1503, 1000.000000000000000 ) ;
#395 = CARTESIAN_POINT ( 'NONE',  ( -2.250000000000000444, -3.174999999999999822, -2.075000000000000178 ) ) ;
#396 = VECTOR ( 'NONE', #115, 1000.000000000000000 ) ;
#397 = ORIENTED_EDGE ( 'NONE', *, *, #3084, .F. ) ;
#398 = CARTESIAN_POINT ( 'NONE',  ( -4.750000000000000000, 3.625000000000000000, -4.675000000000000711 ) ) ;
#399 = DIRECTION ( 'NONE',  ( 0.000000000000000000, 1.000000000000000000, 0.000000000000000000 ) ) ;
#400 = SURFACE_SIDE_STYLE ('',( #1132 ) ) ;
#401 = MECHANICAL_DESIGN_GEOMETRIC_PRESENTATION_REPRESENTATION (  '', ( #2467 ), #3210 ) ;
#402 = CARTESIAN_POINT ( 'NONE',  ( -1.720000000000001528, -0.4500000000000003997, -4.424999999999998934 ) ) ;
#403 = UNCERTAINTY_MEASURE_WITH_UNIT (LENGTH_MEASURE( 1.000000000000000082E-05 ), #3072, 'distance_accuracy_value', 'NONE');
#404 = ORIENTED_EDGE ( 'NONE', *, *, #5030, .F. ) ;
#405 = MECHANICAL_DESIGN_GEOMETRIC_PRESENTATION_REPRESENTATION (  '', ( #3883 ), #4892 ) ;
#406 = SURFACE_STYLE_FILL_AREA ( #1163 ) ;
#407 =( NAMED_UNIT ( * ) SI_UNIT ( $, .STERADIAN. ) SOLID_ANGLE_UNIT ( ) );
#408 = ORIENTED_EDGE ( 'NONE', *, *, #1729, .F. ) ;
#409 = DIRECTION ( 'NONE',  ( -1.000000000000000000, 0.000000000000000000, 0.000000000000000000 ) ) ;
#410 = EDGE_LOOP ( 'NONE', ( #556, #1390, #3687, #4033 ) ) ;
#411 = CARTESIAN_POINT ( 'NONE',  ( -2.860000000000000764, 1.590000000000000080, -2.075000000000000622 ) ) ;
#412 = PRESENTATION_STYLE_ASSIGNMENT (( #2800 ) ) ;
#413 = LINE ( 'NONE', #2425, #3046 ) ;
#414 = SURFACE_STYLE_USAGE ( .BOTH. , #3281 ) ;
#415 = SURFACE_STYLE_USAGE ( .BOTH. , #4318 ) ;
#416 = ORIENTED_EDGE ( 'NONE', *, *, #3387, .F. ) ;
#417 = FILL_AREA_STYLE ('',( #2708 ) ) ;
#418 = FACE_BOUND ( 'NONE', #4772, .T. ) ;
#419 = EDGE_CURVE ( 'NONE', #1617, #4056, #2026, .T. ) ;
#420 = EDGE_CURVE ( 'NONE', #4206, #3070, #1220, .T. ) ;
#421 = SURFACE_STYLE_FILL_AREA ( #3480 ) ;
#422 =( NAMED_UNIT ( * ) SI_UNIT ( $, .STERADIAN. ) SOLID_ANGLE_UNIT ( ) );
#423 = CARTESIAN_POINT ( 'NONE',  ( 2.220000000000000639, -0.9499999999999998446, -3.924999999999999822 ) ) ;
#424 = MECHANICAL_DESIGN_GEOMETRIC_PRESENTATION_REPRESENTATION (  '', ( #924 ), #2407 ) ;
#425 = ORIENTED_EDGE ( 'NONE', *, *, #3584, .T. ) ;
#426 = VECTOR ( 'NONE', #2549, 1000.000000000000000 ) ;
#427 = FILL_AREA_STYLE ('',( #340 ) ) ;
#428 = FILL_AREA_STYLE ('',( #4421 ) ) ;
#429 = PRESENTATION_LAYER_ASSIGNMENT (  '', '', ( #2835 ) ) ;
#430 = ORIENTED_EDGE ( 'NONE', *, *, #955, .F. ) ;
#431 = ORIENTED_EDGE ( 'NONE', *, *, #4186, .T. ) ;
#432 = DIRECTION ( 'NONE',  ( 0.000000000000000000, 1.000000000000000000, 0.000000000000000000 ) ) ;
#433 = FILL_AREA_STYLE ('',( #3515 ) ) ;
#434 = PRESENTATION_STYLE_ASSIGNMENT (( #414 ) ) ;
#435 =( LENGTH_UNIT ( ) NAMED_UNIT ( * ) SI_UNIT ( .MILLI., .METRE. ) );
#436 = VERTEX_POINT ( 'NONE', #1978 ) ;
#437 = LINE ( 'NONE', #833, #4705 ) ;
#438 = CARTESIAN_POINT ( 'NONE',  ( -7.639999999999999680, 3.175000000000000711, 3.824999999999999289 ) ) ;
#439 = LINE ( 'NONE', #3603, #1035 ) ;
#440 = AXIS2_PLACEMENT_3D ( 'NONE', #2260, #1867, #4987 ) ;
#441 = SURFACE_SIDE_STYLE ('',( #3290 ) ) ;
#442 = FACE_OUTER_BOUND ( 'NONE', #1105, .T. ) ;
#443 = CYLINDRICAL_SURFACE ( 'NONE', #2504, 0.4250000000000000444 ) ;
#444 = AXIS2_PLACEMENT_3D ( 'NONE', #1338, #4502, #4094 ) ;
#445 =( NAMED_UNIT ( * ) SI_UNIT ( $, .STERADIAN. ) SOLID_ANGLE_UNIT ( ) );
#446 = PLANE ( 'NONE',  #2711 ) ;
#447 = LINE ( 'NONE', #3644, #2530 ) ;
#448 = ADVANCED_FACE ( 'NONE', ( #3499 ), #3554, .T. ) ;
#449 = CARTESIAN_POINT ( 'NONE',  ( -0.8200000000000019496, 2.090000000000000302, -4.424999999999998934 ) ) ;
#450 = COLOUR_RGB ( '',0.2000000000000000111, 0.2000000000000000111, 0.2000000000000000111 ) ;
#451 = UNCERTAINTY_MEASURE_WITH_UNIT (LENGTH_MEASURE( 1.000000000000000082E-05 ), #2678, 'distance_accuracy_value', 'NONE');
#452 = VERTEX_POINT ( 'NONE', #919 ) ;
#453 = EDGE_CURVE ( 'NONE', #3880, #1142, #2926, .T. ) ;
#454 = SURFACE_STYLE_USAGE ( .BOTH. , #2534 ) ;
#455 = PLANE ( 'NONE',  #5015 ) ;
#456 = EDGE_CURVE ( 'NONE', #5081, #337, #4074, .T. ) ;
#457 = SURFACE_STYLE_USAGE ( .BOTH. , #1663 ) ;
#458 = VERTEX_POINT ( 'NONE', #525 ) ;
#459 = AXIS2_PLACEMENT_3D ( 'NONE', #2462, #2907, #3575 ) ;
#460 =( LENGTH_UNIT ( ) NAMED_UNIT ( * ) SI_UNIT ( .MILLI., .METRE. ) );
#461 = LINE ( 'NONE', #3624, #1582 ) ;
#462 = ORIENTED_EDGE ( 'NONE', *, *, #3902, .T. ) ;
#463 = SURFACE_SIDE_STYLE ('',( #2069 ) ) ;
#464 = SURFACE_STYLE_FILL_AREA ( #433 ) ;
#465 = VECTOR ( 'NONE', #2155, 1000.000000000000000 ) ;
#466 = SURFACE_STYLE_USAGE ( .BOTH. , #3308 ) ;
#467 = VECTOR ( 'NONE', #3835, 1000.000000000000000 ) ;
#468 = VERTEX_POINT ( 'NONE', #2524 ) ;
#469 =( LENGTH_UNIT ( ) NAMED_UNIT ( * ) SI_UNIT ( .MILLI., .METRE. ) );
#470 = EDGE_LOOP ( 'NONE', ( #993, #3459, #3598, #2850 ) ) ;
#471 =( NAMED_UNIT ( * ) SI_UNIT ( $, .STERADIAN. ) SOLID_ANGLE_UNIT ( ) );
#472 = CIRCLE ( 'NONE', #4636, 0.4249999999999999889 ) ;
#473 = LINE ( 'NONE', #835, #3521 ) ;
#474 = CYLINDRICAL_SURFACE ( 'NONE', #795, 0.4249999999999999889 ) ;
#475 =( GEOMETRIC_REPRESENTATION_CONTEXT ( 3 ) GLOBAL_UNCERTAINTY_ASSIGNED_CONTEXT ( ( #3757 ) ) GLOBAL_UNIT_ASSIGNED_CONTEXT ( ( #599, #3787, #2579 ) ) REPRESENTATION_CONTEXT ( 'NONE', 'WORKASPACE' ) );
#476 = STYLED_ITEM ( 'NONE', ( #4590 ), #1156 ) ;
#477 = DIRECTION ( 'NONE',  ( 1.000000000000000000, 0.000000000000000000, -0.000000000000000000 ) ) ;
#478 = ORIENTED_EDGE ( 'NONE', *, *, #3260, .F. ) ;
#479 = FACE_OUTER_BOUND ( 'NONE', #1911, .T. ) ;
#480 =( GEOMETRIC_REPRESENTATION_CONTEXT ( 3 ) GLOBAL_UNCERTAINTY_ASSIGNED_CONTEXT ( ( #3976 ) ) GLOBAL_UNIT_ASSIGNED_CONTEXT ( ( #4680, #2774, #3128 ) ) REPRESENTATION_CONTEXT ( 'NONE', 'WORKASPACE' ) );
#481 = STYLED_ITEM ( 'NONE', ( #1153 ), #1205 ) ;
#482 = PLANE ( 'NONE',  #4385 ) ;
#483 = FILL_AREA_STYLE ('',( #3236 ) ) ;
#484 = CARTESIAN_POINT ( 'NONE',  ( -2.860000000000000764, 0.9499999999999992895, -3.924999999999998934 ) ) ;
#485 =( GEOMETRIC_REPRESENTATION_CONTEXT ( 3 ) GLOBAL_UNCERTAINTY_ASSIGNED_CONTEXT ( ( #3497 ) ) GLOBAL_UNIT_ASSIGNED_CONTEXT ( ( #1177, #4351, #2392 ) ) REPRESENTATION_CONTEXT ( 'NONE', 'WORKASPACE' ) );
#486 = STYLED_ITEM ( 'NONE', ( #2967 ), #1407 ) ;
#487 = DIRECTION ( 'NONE',  ( 0.7071067811865460184, 0.000000000000000000, 0.7071067811865489050 ) ) ;
#488 = ORIENTED_EDGE ( 'NONE', *, *, #456, .T. ) ;
#489 = VECTOR ( 'NONE', #3441, 1000.000000000000000 ) ;
#490 =( NAMED_UNIT ( * ) SI_UNIT ( $, .STERADIAN. ) SOLID_ANGLE_UNIT ( ) );
#491 =( LENGTH_UNIT ( ) NAMED_UNIT ( * ) SI_UNIT ( .MILLI., .METRE. ) );
#492 = ORIENTED_EDGE ( 'NONE', *, *, #4495, .F. ) ;
#493 = FILL_AREA_STYLE ('',( #2448 ) ) ;
#494 = EDGE_CURVE ( 'NONE', #1765, #4427, #4531, .T. ) ;
#495 = ORIENTED_EDGE ( 'NONE', *, *, #2340, .F. ) ;
#496 = SURFACE_STYLE_FILL_AREA ( #4036 ) ;
#497 = CARTESIAN_POINT ( 'NONE',  ( -0.3200000000000000067, 0.9499999999999999556, -3.924999999999998046 ) ) ;
#498 = PRESENTATION_STYLE_ASSIGNMENT (( #982 ) ) ;
#499 = STYLED_ITEM ( 'NONE', ( #1827 ), #3110 ) ;
#500 = LINE ( 'NONE', #644, #4135 ) ;
#501 = DIRECTION ( 'NONE',  ( 1.000000000000000000, 0.000000000000000000, -0.000000000000000000 ) ) ;
#502 = SURFACE_STYLE_FILL_AREA ( #2878 ) ;
#503 = ORIENTED_EDGE ( 'NONE', *, *, #2074, .T. ) ;
#504 = CARTESIAN_POINT ( 'NONE',  ( -0.8200000000000011724, -0.4499999999999997891, -4.424999999999999822 ) ) ;
#505 = FILL_AREA_STYLE ('',( #2100 ) ) ;
#506 = PLANE ( 'NONE',  #3738 ) ;
#507 =( NAMED_UNIT ( * ) PLANE_ANGLE_UNIT ( ) SI_UNIT ( $, .RADIAN. ) );
#508 =( NAMED_UNIT ( * ) PLANE_ANGLE_UNIT ( ) SI_UNIT ( $, .RADIAN. ) );
#509 = DIRECTION ( 'NONE',  ( 0.5773502691896247319, -0.5773502691896257311, -0.5773502691896267303 ) ) ;
#510 = LINE ( 'NONE', #3613, #4600 ) ;
#511 = UNCERTAINTY_MEASURE_WITH_UNIT (LENGTH_MEASURE( 1.000000000000000082E-05 ), #3385, 'distance_accuracy_value', 'NONE');
#512 = ORIENTED_EDGE ( 'NONE', *, *, #1919, .F. ) ;
#513 = FILL_AREA_STYLE_COLOUR ( '', #4460 ) ;
#514 = CARTESIAN_POINT ( 'NONE',  ( -7.639999999999999680, -3.775000000000000355, 4.424999999999999822 ) ) ;
#515 =( NAMED_UNIT ( * ) SI_UNIT ( $, .STERADIAN. ) SOLID_ANGLE_UNIT ( ) );
#516 = MECHANICAL_DESIGN_GEOMETRIC_PRESENTATION_REPRESENTATION (  '', ( #4992 ), #4830 ) ;
#517 = ORIENTED_EDGE ( 'NONE', *, *, #1443, .F. ) ;
#518 =( NAMED_UNIT ( * ) SI_UNIT ( $, .STERADIAN. ) SOLID_ANGLE_UNIT ( ) );
#519 = EDGE_CURVE ( 'NONE', #2931, #2697, #939, .T. ) ;
#520 =( NAMED_UNIT ( * ) PLANE_ANGLE_UNIT ( ) SI_UNIT ( $, .RADIAN. ) );
#521 = DIRECTION ( 'NONE',  ( 0.3713906763541028888, 0.000000000000000000, -0.9284766908852596368 ) ) ;
#522 = EDGE_LOOP ( 'NONE', ( #3573, #2324, #4580, #263 ) ) ;
#523 = LINE ( 'NONE', #438, #2035 ) ;
#524 =( NAMED_UNIT ( * ) SI_UNIT ( $, .STERADIAN. ) SOLID_ANGLE_UNIT ( ) );
#525 = CARTESIAN_POINT ( 'NONE',  ( 5.174999999999999822, -3.625000000000000000, -4.675000000000000711 ) ) ;
#526 = PRESENTATION_LAYER_ASSIGNMENT (  '', '', ( #2424 ) ) ;
#527 = DIRECTION ( 'NONE',  ( 0.000000000000000000, 1.000000000000000000, 0.000000000000000000 ) ) ;
#528 = ORIENTED_EDGE ( 'NONE', *, *, #2945, .T. ) ;
#529 = PLANE ( 'NONE',  #3712 ) ;
#530 = CARTESIAN_POINT ( 'NONE',  ( -8.673617379884041389E-16, 3.625000000000000000, -4.675000000000000711 ) ) ;
#531 = LINE ( 'NONE', #2480, #3766 ) ;
#532 = STYLED_ITEM ( 'NONE', ( #336 ), #3725 ) ;
#533 = ORIENTED_EDGE ( 'NONE', *, *, #4023, .F. ) ;
#534 = CIRCLE ( 'NONE', #872, 0.4249999999999999889 ) ;
#535 =( LENGTH_UNIT ( ) NAMED_UNIT ( * ) SI_UNIT ( .MILLI., .METRE. ) );
#536 = CARTESIAN_POINT ( 'NONE',  ( 2.220000000000000639, -0.9499999999999999556, -2.075000000000000622 ) ) ;
#537 = PRESENTATION_STYLE_ASSIGNMENT (( #415 ) ) ;
#538 = VERTEX_POINT ( 'NONE', #4507 ) ;
#539 = ADVANCED_FACE ( 'NONE', ( #2910 ), #2053, .T. ) ;
#540 = DIRECTION ( 'NONE',  ( 1.000000000000000000, 0.000000000000000000, 0.000000000000000000 ) ) ;
#541 =( GEOMETRIC_REPRESENTATION_CONTEXT ( 3 ) GLOBAL_UNCERTAINTY_ASSIGNED_CONTEXT ( ( #2893 ) ) GLOBAL_UNIT_ASSIGNED_CONTEXT ( ( #586, #4030, #515 ) ) REPRESENTATION_CONTEXT ( 'NONE', 'WORKASPACE' ) );
#542 = MECHANICAL_DESIGN_GEOMETRIC_PRESENTATION_REPRESENTATION (  '', ( #3763 ), #3032 ) ;
#543 = FILL_AREA_STYLE ('',( #3602 ) ) ;
#544 = DIRECTION ( 'NONE',  ( 1.365923996832129884E-16, -1.000000000000000000, 0.000000000000000000 ) ) ;
#545 = CARTESIAN_POINT ( 'NONE',  ( -2.220000000000001084, 1.590000000000000302, -3.924999999999998046 ) ) ;
#546 = AXIS2_PLACEMENT_3D ( 'NONE', #3545, #8, #1588 ) ;
#547 = ADVANCED_FACE ( 'NONE', ( #3215 ), #4818, .T. ) ;
#548 = ORIENTED_EDGE ( 'NONE', *, *, #2290, .F. ) ;
#549 = DIRECTION ( 'NONE',  ( 0.000000000000000000, 0.000000000000000000, 1.000000000000000000 ) ) ;
#550 = CARTESIAN_POINT ( 'NONE',  ( 2.220000000000000195, -1.590000000000000080, -21.93981562965040411 ) ) ;
#551 = COLOUR_RGB ( '',0.2000000000000000111, 0.2000000000000000111, 0.2000000000000000111 ) ;
#552 = VECTOR ( 'NONE', #2973, 1000.000000000000000 ) ;
#553 = MECHANICAL_DESIGN_GEOMETRIC_PRESENTATION_REPRESENTATION (  '', ( #1305 ), #3858 ) ;
#554 = UNCERTAINTY_MEASURE_WITH_UNIT (LENGTH_MEASURE( 1.000000000000000082E-05 ), #3462, 'distance_accuracy_value', 'NONE');
#555 = STYLED_ITEM ( 'NONE', ( #1155 ), #3397 ) ;
#556 = ORIENTED_EDGE ( 'NONE', *, *, #245, .F. ) ;
#557 = AXIS2_PLACEMENT_3D ( 'NONE', #565, #2148, #2651 ) ;
#558 = ORIENTED_EDGE ( 'NONE', *, *, #3020, .T. ) ;
#559 = FACE_OUTER_BOUND ( 'NONE', #162, .T. ) ;
#560 = CARTESIAN_POINT ( 'NONE',  ( -2.220000000000000195, 1.590000000000000080, -21.93981562965040411 ) ) ;
#561 = CARTESIAN_POINT ( 'NONE',  ( -2.219999999999999307, -4.424999999999999822, -3.924999999999998934 ) ) ;
#562 = PRESENTATION_LAYER_ASSIGNMENT (  '', '', ( #2879 ) ) ;
#563 = MECHANICAL_DESIGN_GEOMETRIC_PRESENTATION_REPRESENTATION (  '', ( #1057 ), #726 ) ;
#564 = EDGE_LOOP ( 'NONE', ( #2795, #3565, #3275, #4571, #2898, #2117, #3160, #1941, #4433, #1181, #1302, #2941, #4354, #4281, #2915, #109, #1003, #1856 ) ) ;
#565 = CARTESIAN_POINT ( 'NONE',  ( 7.639999999999999680, -4.424999999999999822, 4.424999999999999822 ) ) ;
#566 = AXIS2_PLACEMENT_3D ( 'NONE', #356, #1078, #3507 ) ;
#567 = FACE_OUTER_BOUND ( 'NONE', #2749, .T. ) ;
#568 = SURFACE_STYLE_USAGE ( .BOTH. , #2901 ) ;
#569 = VECTOR ( 'NONE', #1300, 1000.000000000000000 ) ;
#570 = ORIENTED_EDGE ( 'NONE', *, *, #4142, .T. ) ;
#571 =( GEOMETRIC_REPRESENTATION_CONTEXT ( 3 ) GLOBAL_UNCERTAINTY_ASSIGNED_CONTEXT ( ( #700 ) ) GLOBAL_UNIT_ASSIGNED_CONTEXT ( ( #1286, #4164, #4465 ) ) REPRESENTATION_CONTEXT ( 'NONE', 'WORKASPACE' ) );
#572 = CARTESIAN_POINT ( 'NONE',  ( 3.405000000000000249, -1.270000000000000018, -1.875000000000000000 ) ) ;
#573 = STYLED_ITEM ( 'NONE', ( #4346 ), #2951 ) ;
#574 = CARTESIAN_POINT ( 'NONE',  ( -2.860000000000000320, 0.9499999999999999556, -3.924999999999998046 ) ) ;
#575 =( LENGTH_UNIT ( ) NAMED_UNIT ( * ) SI_UNIT ( .MILLI., .METRE. ) );
#576 = LINE ( 'NONE', #2158, #3528 ) ;
#577 =( LENGTH_UNIT ( ) NAMED_UNIT ( * ) SI_UNIT ( .MILLI., .METRE. ) );
#578 = VERTEX_POINT ( 'NONE', #1989 ) ;
#579 = EDGE_CURVE ( 'NONE', #698, #1916, #5, .T. ) ;
#580 = CARTESIAN_POINT ( 'NONE',  ( 3.359999999999999432, 2.089999999999999414, -4.424999999999999822 ) ) ;
#581 = PRESENTATION_STYLE_ASSIGNMENT (( #1653 ) ) ;
#582 = EDGE_CURVE ( 'NONE', #4206, #698, #4363, .T. ) ;
#583 = ORIENTED_EDGE ( 'NONE', *, *, #3678, .F. ) ;
#584 = DIRECTION ( 'NONE',  ( -6.776263578034399754E-16, -1.000000000000000000, -0.000000000000000000 ) ) ;
#585 = CARTESIAN_POINT ( 'NONE',  ( 7.639999999999999680, -1.649999999999999911, -4.424999999999999822 ) ) ;
#586 =( LENGTH_UNIT ( ) NAMED_UNIT ( * ) SI_UNIT ( .MILLI., .METRE. ) );
#587 = ORIENTED_EDGE ( 'NONE', *, *, #3929, .T. ) ;
#588 = CARTESIAN_POINT ( 'NONE',  ( 2.220000000000000195, -0.9499999999999999556, -3.924999999999998046 ) ) ;
#589 = FILL_AREA_STYLE_COLOUR ( '', #2537 ) ;
#590 = CARTESIAN_POINT ( 'NONE',  ( 2.219999999999999751, 1.590000000000000080, -2.075000000000000622 ) ) ;
#591 = DIRECTION ( 'NONE',  ( 0.7071067811865460184, 0.000000000000000000, -0.7071067811865489050 ) ) ;
#592 = DIRECTION ( 'NONE',  ( 0.000000000000000000, -1.000000000000000000, 0.000000000000000000 ) ) ;
#593 = VERTEX_POINT ( 'NONE', #853 ) ;
#594 = CARTESIAN_POINT ( 'NONE',  ( -3.725000000000000089, -0.3200000000000000067, 5.299999999999999822 ) ) ;
#595 =( NAMED_UNIT ( * ) PLANE_ANGLE_UNIT ( ) SI_UNIT ( $, .RADIAN. ) );
#596 = PRESENTATION_LAYER_ASSIGNMENT (  '', '', ( #5085 ) ) ;
#597 = CARTESIAN_POINT ( 'NONE',  ( 0.000000000000000000, 4.424999999999999822, -4.424999999999999822 ) ) ;
#598 = DIRECTION ( 'NONE',  ( 0.7071067811865460184, 0.000000000000000000, -0.7071067811865489050 ) ) ;
#599 =( LENGTH_UNIT ( ) NAMED_UNIT ( * ) SI_UNIT ( .MILLI., .METRE. ) );
#600 = ORIENTED_EDGE ( 'NONE', *, *, #3135, .T. ) ;
#601 = UNCERTAINTY_MEASURE_WITH_UNIT (LENGTH_MEASURE( 1.000000000000000082E-05 ), #1833, 'distance_accuracy_value', 'NONE');
#602 = DIRECTION ( 'NONE',  ( 0.000000000000000000, 0.7071067811865490160, 0.7071067811865461294 ) ) ;
#603 = DIRECTION ( 'NONE',  ( -0.5773502691896250649, -0.5773502691896246208, 0.5773502691896275074 ) ) ;
#604 = FILL_AREA_STYLE_COLOUR ( '', #2719 ) ;
#605 = EDGE_CURVE ( 'NONE', #850, #1955, #461, .T. ) ;
#606 = DIRECTION ( 'NONE',  ( 0.000000000000000000, -0.000000000000000000, 1.000000000000000000 ) ) ;
#607 = LINE ( 'NONE', #204, #2196 ) ;
#608 = STYLED_ITEM ( 'NONE', ( #2836 ), #5088 ) ;
#609 = ORIENTED_EDGE ( 'NONE', *, *, #1919, .T. ) ;
#610 = ADVANCED_FACE ( 'NONE', ( #3962 ), #92, .T. ) ;
#611 = LINE ( 'NONE', #306, #5129 ) ;
#612 =( NAMED_UNIT ( * ) PLANE_ANGLE_UNIT ( ) SI_UNIT ( $, .RADIAN. ) );
#613 = CARTESIAN_POINT ( 'NONE',  ( -7.639999999999999680, -1.649999999999999911, 1.975000000000000089 ) ) ;
#614 = CARTESIAN_POINT ( 'NONE',  ( -7.639999999999999680, -4.424999999999999822, -4.424999999999999822 ) ) ;
#615 = LINE ( 'NONE', #1002, #2567 ) ;
#616 = ORIENTED_EDGE ( 'NONE', *, *, #4656, .T. ) ;
#617 = DIRECTION ( 'NONE',  ( 0.000000000000000000, 1.000000000000000000, 0.000000000000000000 ) ) ;
#618 = CARTESIAN_POINT ( 'NONE',  ( 5.945000000000000284, -1.270000000000000018, -1.875000000000000000 ) ) ;
#619 = STYLED_ITEM ( 'NONE', ( #4574 ), #4156 ) ;
#620 = LINE ( 'NONE', #1033, #4912 ) ;
#621 = SURFACE_SIDE_STYLE ('',( #273 ) ) ;
#622 = STYLED_ITEM ( 'NONE', ( #4588 ), #4468 ) ;
#623 = LINE ( 'NONE', #2758, #2149 ) ;
#624 = CIRCLE ( 'NONE', #4699, 0.4250000000000000444 ) ;
#625 = EDGE_LOOP ( 'NONE', ( #3304, #832, #3411, #1698 ) ) ;
#626 = CARTESIAN_POINT ( 'NONE',  ( 7.639999999999999680, 2.089999999999999858, -4.424999999999999822 ) ) ;
#627 = FILL_AREA_STYLE_COLOUR ( '', #1626 ) ;
#628 = PLANE ( 'NONE',  #4266 ) ;
#629 =( GEOMETRIC_REPRESENTATION_CONTEXT ( 3 ) GLOBAL_UNCERTAINTY_ASSIGNED_CONTEXT ( ( #3561 ) ) GLOBAL_UNIT_ASSIGNED_CONTEXT ( ( #5100, #2012, #694 ) ) REPRESENTATION_CONTEXT ( 'NONE', 'WORKASPACE' ) );
#630 = VECTOR ( 'NONE', #1218, 1000.000000000000000 ) ;
#631 = CARTESIAN_POINT ( 'NONE',  ( -2.860000000000000320, 1.590000000000000080, -21.93981562965040411 ) ) ;
#632 = EDGE_LOOP ( 'NONE', ( #2805, #2995, #4175, #4093 ) ) ;
#633 = VECTOR ( 'NONE', #1165, 1000.000000000000000 ) ;
#634 =( NAMED_UNIT ( * ) PLANE_ANGLE_UNIT ( ) SI_UNIT ( $, .RADIAN. ) );
#635 = CARTESIAN_POINT ( 'NONE',  ( 0.3250000000000000666, 4.424999999999999822, 0.000000000000000000 ) ) ;
#636 = LINE ( 'NONE', #5004, #3103 ) ;
#637 = PRESENTATION_STYLE_ASSIGNMENT (( #3381 ) ) ;
#638 = VECTOR ( 'NONE', #2808, 1000.000000000000000 ) ;
#639 = VECTOR ( 'NONE', #5109, 1000.000000000000000 ) ;
#640 = AXIS2_PLACEMENT_3D ( 'NONE', #1197, #2082, #155 ) ;
#641 = ORIENTED_EDGE ( 'NONE', *, *, #4838, .F. ) ;
#642 = FACE_OUTER_BOUND ( 'NONE', #2123, .T. ) ;
#643 =( GEOMETRIC_REPRESENTATION_CONTEXT ( 3 ) GLOBAL_UNCERTAINTY_ASSIGNED_CONTEXT ( ( #2251 ) ) GLOBAL_UNIT_ASSIGNED_CONTEXT ( ( #5107, #1499, #4737 ) ) REPRESENTATION_CONTEXT ( 'NONE', 'WORKASPACE' ) );
#644 = CARTESIAN_POINT ( 'NONE',  ( 2.220000000000000639, -1.590000000000000746, -3.924999999999998934 ) ) ;
#645 = EDGE_CURVE ( 'NONE', #774, #3912, #1819, .T. ) ;
#646 = STYLED_ITEM ( 'NONE', ( #4722 ), #2444 ) ;
#647 = AXIS2_PLACEMENT_3D ( 'NONE', #3670, #2443, #4845 ) ;
#648 = ORIENTED_EDGE ( 'NONE', *, *, #3902, .F. ) ;
#649 = LINE ( 'NONE', #284, #3274 ) ;
#650 = APPLICATION_PROTOCOL_DEFINITION ( 'draft international standard', 'automotive_design', 1998, #2193 ) ;
#651 = DIRECTION ( 'NONE',  ( -1.000000000000000000, 0.000000000000000000, -0.000000000000000000 ) ) ;
#652 = CARTESIAN_POINT ( 'NONE',  ( 0.000000000000000000, 4.424999999999999822, -4.424999999999999822 ) ) ;
#653 = ORIENTED_EDGE ( 'NONE', *, *, #173, .F. ) ;
#654 = UNCERTAINTY_MEASURE_WITH_UNIT (LENGTH_MEASURE( 1.000000000000000082E-05 ), #460, 'distance_accuracy_value', 'NONE');
#655 = DIRECTION ( 'NONE',  ( 1.000000000000000000, 0.000000000000000000, 0.000000000000000000 ) ) ;
#656 = AXIS2_PLACEMENT_3D ( 'NONE', #2593, #1082, #4149 ) ;
#657 = ORIENTED_EDGE ( 'NONE', *, *, #1443, .T. ) ;
#658 = CARTESIAN_POINT ( 'NONE',  ( 2.220000000000000639, 0.9499999999999992895, -3.924999999999998934 ) ) ;
#659 = CARTESIAN_POINT ( 'NONE',  ( 6.590000000000000746, 3.174999999999999822, -2.075000000000000178 ) ) ;
#660 =( NAMED_UNIT ( * ) SI_UNIT ( $, .STERADIAN. ) SOLID_ANGLE_UNIT ( ) );
#661 = FACE_OUTER_BOUND ( 'NONE', #3398, .T. ) ;
#662 = ORIENTED_EDGE ( 'NONE', *, *, #1889, .F. ) ;
#663 = FACE_OUTER_BOUND ( 'NONE', #3088, .T. ) ;
#664 = DIRECTION ( 'NONE',  ( -0.000000000000000000, 1.000000000000000000, 0.000000000000000000 ) ) ;
#665 = PRODUCT_DEFINITION ( 'UNKNOWN', '', #4086, #1781 ) ;
#666 = ORIENTED_EDGE ( 'NONE', *, *, #2130, .F. ) ;
#667 = CARTESIAN_POINT ( 'NONE',  ( 4.325000000000000178, 3.625000000000000000, -4.675000000000000711 ) ) ;
#668 = FACE_OUTER_BOUND ( 'NONE', #2381, .T. ) ;
#669 = EDGE_CURVE ( 'NONE', #4565, #3173, #351, .T. ) ;
#670 =( NAMED_UNIT ( * ) SI_UNIT ( $, .STERADIAN. ) SOLID_ANGLE_UNIT ( ) );
#671 = DIRECTION ( 'NONE',  ( -0.000000000000000000, -0.000000000000000000, -1.000000000000000000 ) ) ;
#672 = EDGE_CURVE ( 'NONE', #3314, #1349, #983, .T. ) ;
#673 = ORIENTED_EDGE ( 'NONE', *, *, #4333, .F. ) ;
#674 = ORIENTED_EDGE ( 'NONE', *, *, #2034, .T. ) ;
#675 =( GEOMETRIC_REPRESENTATION_CONTEXT ( 3 ) GLOBAL_UNCERTAINTY_ASSIGNED_CONTEXT ( ( #2387 ) ) GLOBAL_UNIT_ASSIGNED_CONTEXT ( ( #4016, #71, #4791 ) ) REPRESENTATION_CONTEXT ( 'NONE', 'WORKASPACE' ) );
#676 = SURFACE_STYLE_USAGE ( .BOTH. , #1466 ) ;
#677 = VERTEX_POINT ( 'NONE', #2306 ) ;
#678 = CARTESIAN_POINT ( 'NONE',  ( -2.220000000000000195, 0.9499999999999999556, -3.924999999999998046 ) ) ;
#679 =( NAMED_UNIT ( * ) PLANE_ANGLE_UNIT ( ) SI_UNIT ( $, .RADIAN. ) );
#680 = CARTESIAN_POINT ( 'NONE',  ( 1.719999999999999973, -4.424999999999999822, -4.424999999999999822 ) ) ;
#681 = DIRECTION ( 'NONE',  ( 0.000000000000000000, -0.7071067811865480168, 0.7071067811865470176 ) ) ;
#682 = ORIENTED_EDGE ( 'NONE', *, *, #2003, .T. ) ;
#683 = LINE ( 'NONE', #1375, #74 ) ;
#684 = AXIS2_PLACEMENT_3D ( 'NONE', #760, #2328, #3684 ) ;
#685 = ORIENTED_EDGE ( 'NONE', *, *, #1573, .T. ) ;
#686 = FILL_AREA_STYLE ('',( #3769 ) ) ;
#687 = SURFACE_SIDE_STYLE ('',( #5039 ) ) ;
#688 =( GEOMETRIC_REPRESENTATION_CONTEXT ( 3 ) GLOBAL_UNCERTAINTY_ASSIGNED_CONTEXT ( ( #2745 ) ) GLOBAL_UNIT_ASSIGNED_CONTEXT ( ( #2646, #3481, #278 ) ) REPRESENTATION_CONTEXT ( 'NONE', 'WORKASPACE' ) );
#689 = PRODUCT_DEFINITION_FORMATION_WITH_SPECIFIED_SOURCE ( 'ANY', '', #3604, .NOT_KNOWN. ) ;
#690 = ORIENTED_EDGE ( 'NONE', *, *, #420, .T. ) ;
#691 = CARTESIAN_POINT ( 'NONE',  ( 7.639999999999999680, -2.089999999999999858, -4.424999999999999822 ) ) ;
#692 = EDGE_CURVE ( 'NONE', #1184, #4075, #4711, .T. ) ;
#693 = PLANE ( 'NONE',  #2282 ) ;
#694 =( NAMED_UNIT ( * ) SI_UNIT ( $, .STERADIAN. ) SOLID_ANGLE_UNIT ( ) );
#695 = DIRECTION ( 'NONE',  ( 0.000000000000000000, 1.000000000000000000, 0.000000000000000000 ) ) ;
#696 =( NAMED_UNIT ( * ) PLANE_ANGLE_UNIT ( ) SI_UNIT ( $, .RADIAN. ) );
#697 = EDGE_CURVE ( 'NONE', #1932, #2554, #781, .T. ) ;
#698 = VERTEX_POINT ( 'NONE', #5131 ) ;
#699 = VECTOR ( 'NONE', #149, 1000.000000000000114 ) ;
#700 = UNCERTAINTY_MEASURE_WITH_UNIT (LENGTH_MEASURE( 1.000000000000000082E-05 ), #1286, 'distance_accuracy_value', 'NONE');
#701 = DIRECTION ( 'NONE',  ( -0.000000000000000000, -0.000000000000000000, -1.000000000000000000 ) ) ;
#702 = FACE_BOUND ( 'NONE', #3702, .T. ) ;
#703 = EDGE_CURVE ( 'NONE', #2054, #1253, #437, .T. ) ;
#704 = STYLED_ITEM ( 'NONE', ( #3866 ), #4471 ) ;
#705 = STYLED_ITEM ( 'NONE', ( #4598 ), #1860 ) ;
#706 = PLANE ( 'NONE',  #83 ) ;
#707 = DIRECTION ( 'NONE',  ( -0.000000000000000000, -0.000000000000000000, -1.000000000000000000 ) ) ;
#708 = EDGE_LOOP ( 'NONE', ( #2999, #1920, #2881, #3722 ) ) ;
#709 = FACE_OUTER_BOUND ( 'NONE', #2740, .T. ) ;
#710 = SURFACE_SIDE_STYLE ('',( #3840 ) ) ;
#711 =( LENGTH_UNIT ( ) NAMED_UNIT ( * ) SI_UNIT ( .MILLI., .METRE. ) );
#712 = CARTESIAN_POINT ( 'NONE',  ( -7.190000000000000391, -4.424999999999999822, 4.424999999999999822 ) ) ;
#713 = ORIENTED_EDGE ( 'NONE', *, *, #27, .F. ) ;
#714 =( GEOMETRIC_REPRESENTATION_CONTEXT ( 3 ) GLOBAL_UNCERTAINTY_ASSIGNED_CONTEXT ( ( #4921 ) ) GLOBAL_UNIT_ASSIGNED_CONTEXT ( ( #3724, #4905, #4113 ) ) REPRESENTATION_CONTEXT ( 'NONE', 'WORKASPACE' ) );
#715 = COLOUR_RGB ( '',0.8705882352941176627, 0.6313725490196078205, 0.1725490196078431349 ) ;
#716 = COLOUR_RGB ( '',0.8705882352941176627, 0.6313725490196078205, 0.1725490196078431349 ) ;
#717 = DIRECTION ( 'NONE',  ( 0.000000000000000000, -0.000000000000000000, 1.000000000000000000 ) ) ;
#718 = DIRECTION ( 'NONE',  ( -1.000000000000000000, 0.000000000000000000, 0.000000000000000000 ) ) ;
#719 = VECTOR ( 'NONE', #938, 1000.000000000000000 ) ;
#720 = VECTOR ( 'NONE', #1622, 1000.000000000000000 ) ;
#721 = AXIS2_PLACEMENT_3D ( 'NONE', #84, #1258, #487 ) ;
#722 = ORIENTED_EDGE ( 'NONE', *, *, #4522, .T. ) ;
#723 = ORIENTED_EDGE ( 'NONE', *, *, #3826, .T. ) ;
#724 = STYLED_ITEM ( 'NONE', ( #4677 ), #3717 ) ;
#725 = SURFACE_SIDE_STYLE ('',( #3467 ) ) ;
#726 =( GEOMETRIC_REPRESENTATION_CONTEXT ( 3 ) GLOBAL_UNCERTAINTY_ASSIGNED_CONTEXT ( ( #4566 ) ) GLOBAL_UNIT_ASSIGNED_CONTEXT ( ( #2141, #2639, #1931 ) ) REPRESENTATION_CONTEXT ( 'NONE', 'WORKASPACE' ) );
#727 = DIRECTION ( 'NONE',  ( 0.000000000000000000, 0.000000000000000000, 1.000000000000000000 ) ) ;
#728 = SURFACE_STYLE_FILL_AREA ( #3827 ) ;
#729 = MECHANICAL_DESIGN_GEOMETRIC_PRESENTATION_REPRESENTATION (  '', ( #2219 ), #1824 ) ;
#730 =( GEOMETRIC_REPRESENTATION_CONTEXT ( 3 ) GLOBAL_UNCERTAINTY_ASSIGNED_CONTEXT ( ( #3041 ) ) GLOBAL_UNIT_ASSIGNED_CONTEXT ( ( #3217, #1578, #3139 ) ) REPRESENTATION_CONTEXT ( 'NONE', 'WORKASPACE' ) );
#731 = CARTESIAN_POINT ( 'NONE',  ( -1.720000000000002638, 2.089999999999998970, -4.424999999999999822 ) ) ;
#732 = ORIENTED_EDGE ( 'NONE', *, *, #3876, .F. ) ;
#733 = DIRECTION ( 'NONE',  ( -0.5773502691896259531, -0.5773502691896263972, 0.5773502691896250649 ) ) ;
#734 = PRESENTATION_LAYER_ASSIGNMENT (  '', '', ( #2299 ) ) ;
#735 = CARTESIAN_POINT ( 'NONE',  ( 0.8199999999999995071, -2.089999999999999858, -4.424999999999999822 ) ) ;
#736 = LINE ( 'NONE', #348, #1178 ) ;
#737 = CARTESIAN_POINT ( 'NONE',  ( 0.000000000000000000, 4.424999999999999822, 4.424999999999999822 ) ) ;
#738 = DIRECTION ( 'NONE',  ( -0.7071067811865470176, -9.658541207454310100E-17, -0.7071067811865480168 ) ) ;
#739 = ADVANCED_FACE ( 'NONE', ( #1974 ), #3892, .T. ) ;
#740 = VERTEX_POINT ( 'NONE', #2460 ) ;
#741 = FILL_AREA_STYLE ('',( #5057 ) ) ;
#742 = CARTESIAN_POINT ( 'NONE',  ( -3.725000000000000089, 0.3200000000000000622, -5.299999999999998934 ) ) ;
#743 = COLOUR_RGB ( '',0.2000000000000000111, 0.2000000000000000111, 0.2000000000000000111 ) ;
#744 = CARTESIAN_POINT ( 'NONE',  ( -3.285000000000000142, -0.3200000000000000067, -5.799999999999999822 ) ) ;
#745 = EDGE_CURVE ( 'NONE', #56, #3247, #1760, .T. ) ;
#746 = CYLINDRICAL_SURFACE ( 'NONE', #2015, 0.4249999999999999889 ) ;
#747 = CYLINDRICAL_SURFACE ( 'NONE', #902, 0.4249999999999999889 ) ;
#748 = VERTEX_POINT ( 'NONE', #3310 ) ;
#749 = ORIENTED_EDGE ( 'NONE', *, *, #3836, .T. ) ;
#750 = SURFACE_STYLE_USAGE ( .BOTH. , #3563 ) ;
#751 = SURFACE_STYLE_FILL_AREA ( #3586 ) ;
#752 = VERTEX_POINT ( 'NONE', #1362 ) ;
#753 = ORIENTED_EDGE ( 'NONE', *, *, #2499, .F. ) ;
#754 = LINE ( 'NONE', #4729, #4953 ) ;
#755 = DIRECTION ( 'NONE',  ( 6.776263578034399754E-16, 1.000000000000000000, 0.000000000000000000 ) ) ;
#756 = PLANE ( 'NONE',  #2516 ) ;
#757 = EDGE_LOOP ( 'NONE', ( #4256, #809, #570, #533 ) ) ;
#758 = UNCERTAINTY_MEASURE_WITH_UNIT (LENGTH_MEASURE( 1.000000000000000082E-05 ), #3251, 'distance_accuracy_value', 'NONE');
#759 = CARTESIAN_POINT ( 'NONE',  ( -6.590000000000000746, -1.649999999999999911, -4.424999999999999822 ) ) ;
#760 = CARTESIAN_POINT ( 'NONE',  ( 6.590000000000000746, 1.649999999999999911, 1.975000000000000089 ) ) ;
#761 = FILL_AREA_STYLE_COLOUR ( '', #4215 ) ;
#762 = ORIENTED_EDGE ( 'NONE', *, *, #1245, .T. ) ;
#763 =( NAMED_UNIT ( * ) PLANE_ANGLE_UNIT ( ) SI_UNIT ( $, .RADIAN. ) );
#764 = CARTESIAN_POINT ( 'NONE',  ( -4.325000000000000178, -3.625000000000000000, -4.675000000000000711 ) ) ;
#765 = DIRECTION ( 'NONE',  ( -0.3481553119113947603, 0.3481553119113961481, 0.8703882797784894265 ) ) ;
#766 = UNCERTAINTY_MEASURE_WITH_UNIT (LENGTH_MEASURE( 1.000000000000000082E-05 ), #154, 'distance_accuracy_value', 'NONE');
#767 = ORIENTED_EDGE ( 'NONE', *, *, #494, .F. ) ;
#768 = EDGE_CURVE ( 'NONE', #2952, #2569, #4909, .T. ) ;
#769 = FACE_OUTER_BOUND ( 'NONE', #2194, .T. ) ;
#770 = DIRECTION ( 'NONE',  ( -1.000000000000000000, 6.776263578034399754E-16, 0.000000000000000000 ) ) ;
#771 = ADVANCED_FACE ( 'NONE', ( #4605 ), #1004, .F. ) ;
#772 = VECTOR ( 'NONE', #2102, 1000.000000000000000 ) ;
#773 = EDGE_LOOP ( 'NONE', ( #4439, #4888, #2319, #1439 ) ) ;
#774 = VERTEX_POINT ( 'NONE', #1456 ) ;
#775 = SURFACE_SIDE_STYLE ('',( #1943 ) ) ;
#776 = STYLED_ITEM ( 'NONE', ( #581 ), #5078 ) ;
#777 = FACE_OUTER_BOUND ( 'NONE', #824, .T. ) ;
#778 = COLOUR_RGB ( '',0.2000000000000000111, 0.2000000000000000111, 0.2000000000000000111 ) ;
#779 = FILL_AREA_STYLE_COLOUR ( '', #1294 ) ;
#780 = ORIENTED_EDGE ( 'NONE', *, *, #4926, .F. ) ;
#781 = LINE ( 'NONE', #4406, #385 ) ;
#782 = VECTOR ( 'NONE', #4058, 1000.000000000000000 ) ;
#783 = FACE_BOUND ( 'NONE', #1494, .T. ) ;
#784 =( GEOMETRIC_REPRESENTATION_CONTEXT ( 3 ) GLOBAL_UNCERTAINTY_ASSIGNED_CONTEXT ( ( #1717 ) ) GLOBAL_UNIT_ASSIGNED_CONTEXT ( ( #260, #3742, #660 ) ) REPRESENTATION_CONTEXT ( 'NONE', 'WORKASPACE' ) );
#785 = ORIENTED_EDGE ( 'NONE', *, *, #206, .F. ) ;
#786 = CARTESIAN_POINT ( 'NONE',  ( 7.639999999999999680, 2.089999999999999858, -4.424999999999999822 ) ) ;
#787 = COLOUR_RGB ( '',0.2000000000000000111, 0.2000000000000000111, 0.2000000000000000111 ) ;
#788 = EDGE_CURVE ( 'NONE', #2616, #3309, #986, .T. ) ;
#789 = PRODUCT_DEFINITION_SHAPE ( 'NONE', 'NONE',  #5142 ) ;
#790 = ORIENTED_EDGE ( 'NONE', *, *, #3233, .T. ) ;
#791 = VECTOR ( 'NONE', #4645, 1000.000000000000000 ) ;
#792 = MECHANICAL_DESIGN_GEOMETRIC_PRESENTATION_REPRESENTATION (  '', ( #2702 ), #2199 ) ;
#793 = PLANE ( 'NONE',  #151 ) ;
#794 = PRESENTATION_STYLE_ASSIGNMENT (( #3147 ) ) ;
#795 = AXIS2_PLACEMENT_3D ( 'NONE', #3371, #2662, #961 ) ;
#796 = VERTEX_POINT ( 'NONE', #594 ) ;
#797 = ORIENTED_EDGE ( 'NONE', *, *, #3821, .T. ) ;
#798 = CARTESIAN_POINT ( 'NONE',  ( 7.639999999999999680, -4.424999999999999822, -4.424999999999999822 ) ) ;
#799 = EDGE_CURVE ( 'NONE', #2323, #2728, #1486, .T. ) ;
#800 = CARTESIAN_POINT ( 'NONE',  ( -5.165000000000000036, 4.338750000000000995, 4.424999999999999822 ) ) ;
#801 = STYLED_ITEM ( 'NONE', ( #3914 ), #1355 ) ;
#802 = VECTOR ( 'NONE', #1693, 1000.000000000000000 ) ;
#803 = AXIS2_PLACEMENT_3D ( 'NONE', #3081, #2698, #3887 ) ;
#804 = ADVANCED_FACE ( 'NONE', ( #3779 ), #2598, .T. ) ;
#805 = PRESENTATION_STYLE_ASSIGNMENT (( #1187 ) ) ;
#806 = COLOUR_RGB ( '',0.2000000000000000111, 0.2000000000000000111, 0.2000000000000000111 ) ;
#807 = SURFACE_STYLE_FILL_AREA ( #2776 ) ;
#808 = COLOUR_RGB ( '',0.2000000000000000111, 0.2000000000000000111, 0.2000000000000000111 ) ;
#809 = ORIENTED_EDGE ( 'NONE', *, *, #2007, .T. ) ;
#810 = SURFACE_STYLE_USAGE ( .BOTH. , #4380 ) ;
#811 = PRESENTATION_LAYER_ASSIGNMENT (  '', '', ( #4391 ) ) ;
#812 = MECHANICAL_DESIGN_GEOMETRIC_PRESENTATION_REPRESENTATION (  '', ( #4032 ), #239 ) ;
#813 = STYLED_ITEM ( 'NONE', ( #2084 ), #3263 ) ;
#814 = DIRECTION ( 'NONE',  ( 0.000000000000000000, -0.000000000000000000, 1.000000000000000000 ) ) ;
#815 = CARTESIAN_POINT ( 'NONE',  ( -7.639999999999999680, -3.775000000000000355, 4.424999999999999822 ) ) ;
#816 = CARTESIAN_POINT ( 'NONE',  ( -2.250000000000000444, -3.174999999999999822, -2.075000000000000178 ) ) ;
#817 =( GEOMETRIC_REPRESENTATION_CONTEXT ( 3 ) GLOBAL_UNCERTAINTY_ASSIGNED_CONTEXT ( ( #196 ) ) GLOBAL_UNIT_ASSIGNED_CONTEXT ( ( #4635, #3823, #5042 ) ) REPRESENTATION_CONTEXT ( 'NONE', 'WORKASPACE' ) );
#818 = UNCERTAINTY_MEASURE_WITH_UNIT (LENGTH_MEASURE( 1.000000000000000082E-05 ), #2470, 'distance_accuracy_value', 'NONE');
#819 = ORIENTED_EDGE ( 'NONE', *, *, #2403, .F. ) ;
#820 = PRESENTATION_LAYER_ASSIGNMENT (  '', '', ( #3213 ) ) ;
#821 = FILL_AREA_STYLE ('',( #4776 ) ) ;
#822 = EDGE_CURVE ( 'NONE', #4689, #2668, #1029, .T. ) ;
#823 =( NAMED_UNIT ( * ) SI_UNIT ( $, .STERADIAN. ) SOLID_ANGLE_UNIT ( ) );
#824 = EDGE_LOOP ( 'NONE', ( #3443, #840, #682, #4034 ) ) ;
#825 = CYLINDRICAL_SURFACE ( 'NONE', #191, 0.4250000000000000444 ) ;
#826 = EDGE_LOOP ( 'NONE', ( #3520, #180, #690, #3171, #1752 ) ) ;
#827 = DIRECTION ( 'NONE',  ( 0.000000000000000000, -0.000000000000000000, 1.000000000000000000 ) ) ;
#828 = FACE_OUTER_BOUND ( 'NONE', #898, .T. ) ;
#829 = EDGE_CURVE ( 'NONE', #1164, #3981, #649, .T. ) ;
#830 = DIRECTION ( 'NONE',  ( -0.000000000000000000, 0.000000000000000000, -1.000000000000000000 ) ) ;
#831 = CARTESIAN_POINT ( 'NONE',  ( 5.174999999999999822, -3.625000000000000000, -4.675000000000000711 ) ) ;
#832 = ORIENTED_EDGE ( 'NONE', *, *, #4965, .T. ) ;
#833 = CARTESIAN_POINT ( 'NONE',  ( -6.590000000000000746, -3.174999999999999822, 3.825000000000001066 ) ) ;
#834 = ADVANCED_FACE ( 'NONE', ( #3065 ), #4315, .F. ) ;
#835 = CARTESIAN_POINT ( 'NONE',  ( -1.719999999999998863, -0.4499999999999999001, -4.424999999999998046 ) ) ;
#836 = EDGE_CURVE ( 'NONE', #4079, #3912, #754, .T. ) ;
#837 = FACE_OUTER_BOUND ( 'NONE', #242, .T. ) ;
#838 = SURFACE_SIDE_STYLE ('',( #4794 ) ) ;
#839 = EDGE_CURVE ( 'NONE', #4488, #5011, #2477, .T. ) ;
#840 = ORIENTED_EDGE ( 'NONE', *, *, #4263, .T. ) ;
#841 = SURFACE_STYLE_USAGE ( .BOTH. , #42 ) ;
#842 = SURFACE_STYLE_FILL_AREA ( #483 ) ;
#843 = CARTESIAN_POINT ( 'NONE',  ( 0.3200000000000009504, -4.424999999999999822, -3.924999999999998934 ) ) ;
#844 = DIRECTION ( 'NONE',  ( -0.000000000000000000, -1.000000000000000000, -0.000000000000000000 ) ) ;
#845 = SURFACE_STYLE_FILL_AREA ( #897 ) ;
#846 = ORIENTED_EDGE ( 'NONE', *, *, #2895, .F. ) ;
#847 = LINE ( 'NONE', #2414, #2364 ) ;
#848 = DIRECTION ( 'NONE',  ( 0.7071067811865470176, 0.000000000000000000, 0.7071067811865480168 ) ) ;
#849 = CARTESIAN_POINT ( 'NONE',  ( 6.590000000000000746, 3.174999999999999822, -2.075000000000000178 ) ) ;
#850 = VERTEX_POINT ( 'NONE', #5119 ) ;
#851 = PRESENTATION_STYLE_ASSIGNMENT (( #1923 ) ) ;
#852 = CARTESIAN_POINT ( 'NONE',  ( -4.750000000000000000, 3.625000000000000000, -4.675000000000000711 ) ) ;
#853 = CARTESIAN_POINT ( 'NONE',  ( -0.3200000000000005618, 0.9499999999999998446, -3.924999999999998046 ) ) ;
#854 = EDGE_CURVE ( 'NONE', #4427, #3977, #3567, .T. ) ;
#855 = ORIENTED_EDGE ( 'NONE', *, *, #3362, .T. ) ;
#856 = CARTESIAN_POINT ( 'NONE',  ( -2.220000000000000195, -1.590000000000000080, -3.924999999999998046 ) ) ;
#857 = LINE ( 'NONE', #4401, #1818 ) ;
#858 = ORIENTED_EDGE ( 'NONE', *, *, #2920, .T. ) ;
#859 = ORIENTED_EDGE ( 'NONE', *, *, #4095, .F. ) ;
#860 =( NAMED_UNIT ( * ) PLANE_ANGLE_UNIT ( ) SI_UNIT ( $, .RADIAN. ) );
#861 = PLANE ( 'NONE',  #3265 ) ;
#862 = DIRECTION ( 'NONE',  ( 1.000000000000000000, 0.000000000000000000, -0.000000000000000000 ) ) ;
#863 = VECTOR ( 'NONE', #603, 1000.000000000000114 ) ;
#864 = ORIENTED_EDGE ( 'NONE', *, *, #3999, .T. ) ;
#865 = FACE_OUTER_BOUND ( 'NONE', #1217, .T. ) ;
#866 = DIRECTION ( 'NONE',  ( 0.7071067811865470176, 0.000000000000000000, 0.7071067811865480168 ) ) ;
#867 =( NAMED_UNIT ( * ) SI_UNIT ( $, .STERADIAN. ) SOLID_ANGLE_UNIT ( ) );
#868 = SURFACE_STYLE_FILL_AREA ( #3166 ) ;
#869 = EDGE_CURVE ( 'NONE', #4009, #2459, #4282, .T. ) ;
#870 = UNCERTAINTY_MEASURE_WITH_UNIT (LENGTH_MEASURE( 1.000000000000000082E-05 ), #3564, 'distance_accuracy_value', 'NONE');
#871 = EDGE_LOOP ( 'NONE', ( #685, #2028, #4118, #388 ) ) ;
#872 = AXIS2_PLACEMENT_3D ( 'NONE', #1474, #3762, #1018 ) ;
#873 = CARTESIAN_POINT ( 'NONE',  ( 0.000000000000000000, -0.3200000000000000067, 5.299999999999999822 ) ) ;
#874 = EDGE_LOOP ( 'NONE', ( #5052, #1898, #2964, #2476, #1610 ) ) ;
#875 = AXIS2_PLACEMENT_3D ( 'NONE', #2583, #1071, #1441 ) ;
#876 = SURFACE_SIDE_STYLE ('',( #30 ) ) ;
#877 = PRESENTATION_LAYER_ASSIGNMENT (  '', '', ( #2702 ) ) ;
#878 = ORIENTED_EDGE ( 'NONE', *, *, #4333, .T. ) ;
#879 = DIRECTION ( 'NONE',  ( 1.000000000000000000, 0.000000000000000000, -0.000000000000000000 ) ) ;
#880 = CARTESIAN_POINT ( 'NONE',  ( 2.219999999999999307, 1.590000000000000302, -3.924999999999998046 ) ) ;
#881 = DIRECTION ( 'NONE',  ( 0.000000000000000000, 0.000000000000000000, -1.000000000000000000 ) ) ;
#882 = COLOUR_RGB ( '',0.2000000000000000111, 0.2000000000000000111, 0.2000000000000000111 ) ;
#883 = SURFACE_SIDE_STYLE ('',( #95 ) ) ;
#884 = VECTOR ( 'NONE', #2821, 1000.000000000000000 ) ;
#885 = DIRECTION ( 'NONE',  ( 1.000000000000000000, 0.000000000000000000, 0.000000000000000000 ) ) ;
#886 = ORIENTED_EDGE ( 'NONE', *, *, #4738, .F. ) ;
#887 = STYLED_ITEM ( 'NONE', ( #2953 ), #804 ) ;
#888 =( LENGTH_UNIT ( ) NAMED_UNIT ( * ) SI_UNIT ( .MILLI., .METRE. ) );
#889 = VECTOR ( 'NONE', #2885, 1000.000000000000000 ) ;
#890 = COLOUR_RGB ( '',0.2000000000000000111, 0.2000000000000000111, 0.2000000000000000111 ) ;
#891 = PLANE ( 'NONE',  #1212 ) ;
#892 = EDGE_LOOP ( 'NONE', ( #4739, #28, #2318, #722 ) ) ;
#893 = SURFACE_STYLE_USAGE ( .BOTH. , #3315 ) ;
#894 =( GEOMETRIC_REPRESENTATION_CONTEXT ( 3 ) GLOBAL_UNCERTAINTY_ASSIGNED_CONTEXT ( ( #451 ) ) GLOBAL_UNIT_ASSIGNED_CONTEXT ( ( #2678, #4257, #1899 ) ) REPRESENTATION_CONTEXT ( 'NONE', 'WORKASPACE' ) );
#895 = AXIS2_PLACEMENT_3D ( 'NONE', #398, #3530, #3578 ) ;
#896 = PRESENTATION_STYLE_ASSIGNMENT (( #2558 ) ) ;
#897 = FILL_AREA_STYLE ('',( #4417 ) ) ;
#898 = EDGE_LOOP ( 'NONE', ( #4262, #1445, #3427, #3388 ) ) ;
#899 = FILL_AREA_STYLE_COLOUR ( '', #3701 ) ;
#900 = EDGE_CURVE ( 'NONE', #4966, #3989, #3149, .T. ) ;
#901 =( NAMED_UNIT ( * ) SI_UNIT ( $, .STERADIAN. ) SOLID_ANGLE_UNIT ( ) );
#902 = AXIS2_PLACEMENT_3D ( 'NONE', #4625, #4274, #5006 ) ;
#903 = LINE ( 'NONE', #2870, #964 ) ;
#904 = EDGE_LOOP ( 'NONE', ( #1356, #1639, #1551, #3115, #368 ) ) ;
#905 = SURFACE_STYLE_USAGE ( .BOTH. , #4849 ) ;
#906 = ORIENTED_EDGE ( 'NONE', *, *, #4186, .F. ) ;
#907 = PRESENTATION_STYLE_ASSIGNMENT (( #2042 ) ) ;
#908 =( NAMED_UNIT ( * ) SI_UNIT ( $, .STERADIAN. ) SOLID_ANGLE_UNIT ( ) );
#909 = FACE_OUTER_BOUND ( 'NONE', #4191, .T. ) ;
#910 = PRESENTATION_LAYER_ASSIGNMENT (  '', '', ( #2478 ) ) ;
#911 =( NAMED_UNIT ( * ) PLANE_ANGLE_UNIT ( ) SI_UNIT ( $, .RADIAN. ) );
#912 = VERTEX_POINT ( 'NONE', #411 ) ;
#913 = STYLED_ITEM ( 'NONE', ( #3591 ), #547 ) ;
#914 = FACE_OUTER_BOUND ( 'NONE', #4011, .T. ) ;
#915 = ORIENTED_EDGE ( 'NONE', *, *, #4932, .F. ) ;
#916 =( LENGTH_UNIT ( ) NAMED_UNIT ( * ) SI_UNIT ( .MILLI., .METRE. ) );
#917 = FACE_OUTER_BOUND ( 'NONE', #1928, .T. ) ;
#918 = LINE ( 'NONE', #4410, #889 ) ;
#919 = CARTESIAN_POINT ( 'NONE',  ( -7.639999999999999680, -1.649999999999999911, -4.424999999999999822 ) ) ;
#920 =( LENGTH_UNIT ( ) NAMED_UNIT ( * ) SI_UNIT ( .MILLI., .METRE. ) );
#921 = UNCERTAINTY_MEASURE_WITH_UNIT (LENGTH_MEASURE( 1.000000000000000082E-05 ), #4852, 'distance_accuracy_value', 'NONE');
#922 = EDGE_LOOP ( 'NONE', ( #2468, #4300, #3963, #3513 ) ) ;
#923 = FILL_AREA_STYLE ('',( #513 ) ) ;
#924 = STYLED_ITEM ( 'NONE', ( #4062 ), #47 ) ;
#925 = EDGE_CURVE ( 'NONE', #1349, #3314, #4793, .T. ) ;
#926 = ORIENTED_EDGE ( 'NONE', *, *, #2376, .T. ) ;
#927 = SURFACE_STYLE_FILL_AREA ( #493 ) ;
#928 = EDGE_LOOP ( 'NONE', ( #517, #249, #3403, #1169 ) ) ;
#929 = MECHANICAL_DESIGN_GEOMETRIC_PRESENTATION_REPRESENTATION (  '', ( #2828 ), #1855 ) ;
#930 = EDGE_CURVE ( 'NONE', #4565, #189, #2750, .T. ) ;
#931 = CARTESIAN_POINT ( 'NONE',  ( -3.524999999999999911, -0.3200000000000000067, -5.799999999999999822 ) ) ;
#932 = EDGE_CURVE ( 'NONE', #2683, #3802, #4365, .T. ) ;
#933 = CARTESIAN_POINT ( 'NONE',  ( -3.084999999999999964, -0.3200000000000000067, -5.299999999999999822 ) ) ;
#934 = ORIENTED_EDGE ( 'NONE', *, *, #1938, .F. ) ;
#935 = LINE ( 'NONE', #69, #4201 ) ;
#936 = FACE_OUTER_BOUND ( 'NONE', #1770, .T. ) ;
#937 = LINE ( 'NONE', #3682, #3638 ) ;
#938 = DIRECTION ( 'NONE',  ( 1.000000000000000000, -0.000000000000000000, 0.000000000000000000 ) ) ;
#939 = LINE ( 'NONE', #968, #2512 ) ;
#940 =( GEOMETRIC_REPRESENTATION_CONTEXT ( 3 ) GLOBAL_UNCERTAINTY_ASSIGNED_CONTEXT ( ( #4615 ) ) GLOBAL_UNIT_ASSIGNED_CONTEXT ( ( #5102, #3494, #2275 ) ) REPRESENTATION_CONTEXT ( 'NONE', 'WORKASPACE' ) );
#941 = ORIENTED_EDGE ( 'NONE', *, *, #2087, .F. ) ;
#942 = VECTOR ( 'NONE', #3077, 1000.000000000000000 ) ;
#943 = AXIS2_PLACEMENT_3D ( 'NONE', #3708, #2547, #4125 ) ;
#944 = ORIENTED_EDGE ( 'NONE', *, *, #1831, .T. ) ;
#945 = DIRECTION ( 'NONE',  ( -1.000000000000000000, -0.000000000000000000, -0.000000000000000000 ) ) ;
#946 = CARTESIAN_POINT ( 'NONE',  ( 6.590000000000000746, -1.649999999999999911, 1.975000000000000089 ) ) ;
#947 = CARTESIAN_POINT ( 'NONE',  ( 0.000000000000000000, -4.424999999999999822, -2.075000000000000178 ) ) ;
#948 =( GEOMETRIC_REPRESENTATION_CONTEXT ( 3 ) GLOBAL_UNCERTAINTY_ASSIGNED_CONTEXT ( ( #1180 ) ) GLOBAL_UNIT_ASSIGNED_CONTEXT ( ( #3360, #1406, #1433 ) ) REPRESENTATION_CONTEXT ( 'NONE', 'WORKASPACE' ) );
#949 = VERTEX_POINT ( 'NONE', #3964 ) ;
#950 = FACE_OUTER_BOUND ( 'NONE', #2506, .T. ) ;
#951 = CARTESIAN_POINT ( 'NONE',  ( 2.860000000000000764, -1.590000000000000302, -3.924999999999998046 ) ) ;
#952 = FILL_AREA_STYLE_COLOUR ( '', #5135 ) ;
#953 = LINE ( 'NONE', #2072, #3955 ) ;
#954 = COLOUR_RGB ( '',0.2000000000000000111, 0.2000000000000000111, 0.2000000000000000111 ) ;
#955 = EDGE_CURVE ( 'NONE', #1000, #4206, #2372, .T. ) ;
#956 = ORIENTED_EDGE ( 'NONE', *, *, #5030, .T. ) ;
#957 = CARTESIAN_POINT ( 'NONE',  ( 0.8649999999999999911, 1.270000000000000018, -1.875000000000000000 ) ) ;
#958 = AXIS2_PLACEMENT_3D ( 'NONE', #4486, #4817, #1999 ) ;
#959 = EDGE_CURVE ( 'NONE', #2664, #4338, #472, .T. ) ;
#960 = VECTOR ( 'NONE', #1007, 1000.000000000000000 ) ;
#961 = DIRECTION ( 'NONE',  ( -1.000000000000000000, 0.000000000000000000, 0.000000000000000000 ) ) ;
#962 = DIRECTION ( 'NONE',  ( 0.000000000000000000, 0.000000000000000000, 1.000000000000000000 ) ) ;
#963 = CARTESIAN_POINT ( 'NONE',  ( -3.725000000000000089, -0.3200000000000000067, 5.299999999999999822 ) ) ;
#964 = VECTOR ( 'NONE', #1696, 1000.000000000000000 ) ;
#965 = MECHANICAL_DESIGN_GEOMETRIC_PRESENTATION_REPRESENTATION (  '', ( #2961 ), #1135 ) ;
#966 = PLANE ( 'NONE',  #4287 ) ;
#967 =( GEOMETRIC_REPRESENTATION_CONTEXT ( 3 ) GLOBAL_UNCERTAINTY_ASSIGNED_CONTEXT ( ( #654 ) ) GLOBAL_UNIT_ASSIGNED_CONTEXT ( ( #460, #1330, #3326 ) ) REPRESENTATION_CONTEXT ( 'NONE', 'WORKASPACE' ) );
#968 = CARTESIAN_POINT ( 'NONE',  ( 0.3200000000000004508, 0.9499999999999999556, -21.93981562965040411 ) ) ;
#969 = ORIENTED_EDGE ( 'NONE', *, *, #1202, .T. ) ;
#970 =( LENGTH_UNIT ( ) NAMED_UNIT ( * ) SI_UNIT ( .MILLI., .METRE. ) );
#971 = MECHANICAL_DESIGN_GEOMETRIC_PRESENTATION_REPRESENTATION (  '', ( #2478 ), #5139 ) ;
#972 = SURFACE_STYLE_USAGE ( .BOTH. , #3098 ) ;
#973 = CARTESIAN_POINT ( 'NONE',  ( 0.8199999999999990630, 0.4499999999999999001, -4.424999999999999822 ) ) ;
#974 = UNCERTAINTY_MEASURE_WITH_UNIT (LENGTH_MEASURE( 1.000000000000000082E-05 ), #4110, 'distance_accuracy_value', 'NONE');
#975 = PRESENTATION_LAYER_ASSIGNMENT (  '', '', ( #1216 ) ) ;
#976 = ORIENTED_EDGE ( 'NONE', *, *, #2686, .F. ) ;
#977 = LINE ( 'NONE', #4518, #5027 ) ;
#978 = AXIS2_PLACEMENT_3D ( 'NONE', #3966, #3228, #4730 ) ;
#979 = MECHANICAL_DESIGN_GEOMETRIC_PRESENTATION_REPRESENTATION (  '', ( #1316 ), #3535 ) ;
#980 = ORIENTED_EDGE ( 'NONE', *, *, #2619, .F. ) ;
#981 = DIRECTION ( 'NONE',  ( 1.000000000000000000, 0.000000000000000000, 0.000000000000000000 ) ) ;
#982 = SURFACE_STYLE_USAGE ( .BOTH. , #1267 ) ;
#983 = CIRCLE ( 'NONE', #2417, 0.4250000000000000444 ) ;
#984 = VECTOR ( 'NONE', #4832, 1000.000000000000000 ) ;
#985 = ORIENTED_EDGE ( 'NONE', *, *, #1772, .T. ) ;
#986 = LINE ( 'NONE', #1087, #310 ) ;
#987 = DIRECTION ( 'NONE',  ( 1.000000000000000000, 0.000000000000000000, 0.000000000000000000 ) ) ;
#988 = COLOUR_RGB ( '',0.2000000000000000111, 0.2000000000000000111, 0.2000000000000000111 ) ;
#989 = DIRECTION ( 'NONE',  ( -1.000000000000000000, -0.000000000000000000, -0.000000000000000000 ) ) ;
#990 = DIRECTION ( 'NONE',  ( 0.000000000000000000, 0.000000000000000000, 1.000000000000000000 ) ) ;
#991 = CARTESIAN_POINT ( 'NONE',  ( 1.719999999999999529, -0.4499999999999997891, -4.424999999999999822 ) ) ;
#992 = ADVANCED_FACE ( 'NONE', ( #4782 ), #4117, .T. ) ;
#993 = ORIENTED_EDGE ( 'NONE', *, *, #1777, .T. ) ;
#994 = FACE_OUTER_BOUND ( 'NONE', #3244, .T. ) ;
#995 = CARTESIAN_POINT ( 'NONE',  ( 3.359999999999998543, 2.089999999999999858, -4.425000000000002487 ) ) ;
#996 =( NAMED_UNIT ( * ) PLANE_ANGLE_UNIT ( ) SI_UNIT ( $, .RADIAN. ) );
#997 = ORIENTED_EDGE ( 'NONE', *, *, #4779, .T. ) ;
#998 =( NAMED_UNIT ( * ) SI_UNIT ( $, .STERADIAN. ) SOLID_ANGLE_UNIT ( ) );
#999 = CARTESIAN_POINT ( 'NONE',  ( -0.4250000000000008216, -3.625000000000000000, -4.675000000000000711 ) ) ;
#1000 = VERTEX_POINT ( 'NONE', #1081 ) ;
#1001 = PLANE ( 'NONE',  #640 ) ;
#1002 = CARTESIAN_POINT ( 'NONE',  ( 2.859999999999999432, 0.9500000000000002887, -3.925000000000000711 ) ) ;
#1003 = ORIENTED_EDGE ( 'NONE', *, *, #333, .T. ) ;
#1004 = PLANE ( 'NONE',  #5123 ) ;
#1005 = CARTESIAN_POINT ( 'NONE',  ( 3.405000000000000249, 1.270000000000000018, -1.875000000000000000 ) ) ;
#1006 =( LENGTH_UNIT ( ) NAMED_UNIT ( * ) SI_UNIT ( .MILLI., .METRE. ) );
#1007 = DIRECTION ( 'NONE',  ( 0.000000000000000000, 1.000000000000000000, -0.000000000000000000 ) ) ;
#1008 = ADVANCED_FACE ( 'NONE', ( #3436 ), #4199, .T. ) ;
#1009 = CARTESIAN_POINT ( 'NONE',  ( -7.639999999999999680, 1.650000000000000355, 1.975000000000000089 ) ) ;
#1010 = ORIENTED_EDGE ( 'NONE', *, *, #4404, .F. ) ;
#1011 = UNCERTAINTY_MEASURE_WITH_UNIT (LENGTH_MEASURE( 1.000000000000000082E-05 ), #491, 'distance_accuracy_value', 'NONE');
#1012 = PLANE ( 'NONE',  #1879 ) ;
#1013 = SURFACE_SIDE_STYLE ('',( #4187 ) ) ;
#1014 = CARTESIAN_POINT ( 'NONE',  ( -0.3250000000000000666, 4.424999999999999822, 0.000000000000000000 ) ) ;
#1015 = EDGE_CURVE ( 'NONE', #4335, #748, #611, .T. ) ;
#1016 = ORIENTED_EDGE ( 'NONE', *, *, #1037, .T. ) ;
#1017 = FILL_AREA_STYLE_COLOUR ( '', #1304 ) ;
#1018 = DIRECTION ( 'NONE',  ( -1.000000000000000000, 0.000000000000000000, 0.000000000000000000 ) ) ;
#1019 = ADVANCED_FACE ( 'NONE', ( #663 ), #1478, .T. ) ;
#1020 = COLOUR_RGB ( '',0.2000000000000000111, 0.2000000000000000111, 0.2000000000000000111 ) ;
#1021 = EDGE_LOOP ( 'NONE', ( #1668, #495, #1825, #3325 ) ) ;
#1022 = FILL_AREA_STYLE ('',( #1052 ) ) ;
#1023 = AXIS2_PLACEMENT_3D ( 'NONE', #1854, #1829, #591 ) ;
#1024 = DIRECTION ( 'NONE',  ( -0.000000000000000000, -0.000000000000000000, -1.000000000000000000 ) ) ;
#1025 = SURFACE_STYLE_USAGE ( .BOTH. , #4993 ) ;
#1026 = COLOUR_RGB ( '',0.2000000000000000111, 0.2000000000000000111, 0.2000000000000000111 ) ;
#1027 = VERTEX_POINT ( 'NONE', #1430 ) ;
#1028 = APPLICATION_CONTEXT ( 'automotive_design' ) ;
#1029 = LINE ( 'NONE', #667, #2790 ) ;
#1030 = PRESENTATION_STYLE_ASSIGNMENT (( #1437 ) ) ;
#1031 =( NAMED_UNIT ( * ) SI_UNIT ( $, .STERADIAN. ) SOLID_ANGLE_UNIT ( ) );
#1032 = CARTESIAN_POINT ( 'NONE',  ( 5.490000000000000213, 4.424999999999999822, 4.424999999999999822 ) ) ;
#1033 = CARTESIAN_POINT ( 'NONE',  ( -3.084999999999999964, -0.3200000000000000067, 5.299999999999999822 ) ) ;
#1034 = FILL_AREA_STYLE ('',( #3755 ) ) ;
#1035 = VECTOR ( 'NONE', #4098, 1000.000000000000000 ) ;
#1036 = AXIS2_PLACEMENT_3D ( 'NONE', #1188, #2775, #16 ) ;
#1037 = EDGE_CURVE ( 'NONE', #2062, #2365, #683, .T. ) ;
#1038 = CIRCLE ( 'NONE', #2202, 0.3250000000000000666 ) ;
#1039 = PRESENTATION_LAYER_ASSIGNMENT (  '', '', ( #1630 ) ) ;
#1040 = ORIENTED_EDGE ( 'NONE', *, *, #20, .F. ) ;
#1041 = PRESENTATION_LAYER_ASSIGNMENT (  '', '', ( #486 ) ) ;
#1042 = STYLED_ITEM ( 'NONE', ( #1210 ), #834 ) ;
#1043 = CARTESIAN_POINT ( 'NONE',  ( -2.860000000000000320, -1.590000000000000080, -2.075000000000000622 ) ) ;
#1044 = FACE_OUTER_BOUND ( 'NONE', #4524, .T. ) ;
#1045 = FILL_AREA_STYLE_COLOUR ( '', #787 ) ;
#1046 =( NAMED_UNIT ( * ) PLANE_ANGLE_UNIT ( ) SI_UNIT ( $, .RADIAN. ) );
#1047 = LINE ( 'NONE', #1506, #4563 ) ;
#1048 = EDGE_CURVE ( 'NONE', #4476, #452, #2947, .T. ) ;
#1049 = MECHANICAL_DESIGN_GEOMETRIC_PRESENTATION_REPRESENTATION (  '', ( #3200 ), #4637 ) ;
#1050 = COLOUR_RGB ( '',0.8705882352941176627, 0.6313725490196078205, 0.1725490196078431349 ) ;
#1051 = ORIENTED_EDGE ( 'NONE', *, *, #4023, .T. ) ;
#1052 = FILL_AREA_STYLE_COLOUR ( '', #4209 ) ;
#1053 = ADVANCED_FACE ( 'NONE', ( #4577 ), #1001, .F. ) ;
#1054 = LINE ( 'NONE', #1853, #4974 ) ;
#1055 = PRESENTATION_LAYER_ASSIGNMENT (  '', '', ( #724 ) ) ;
#1056 =( NAMED_UNIT ( * ) PLANE_ANGLE_UNIT ( ) SI_UNIT ( $, .RADIAN. ) );
#1057 = STYLED_ITEM ( 'NONE', ( #3018 ), #1179 ) ;
#1058 = MECHANICAL_DESIGN_GEOMETRIC_PRESENTATION_REPRESENTATION (  '', ( #3458 ), #485 ) ;
#1059 = STYLED_ITEM ( 'NONE', ( #1607 ), #3142 ) ;
#1060 = EDGE_LOOP ( 'NONE', ( #1010, #3906, #49, #2691 ) ) ;
#1061 = FILL_AREA_STYLE_COLOUR ( '', #2284 ) ;
#1062 = PLANE ( 'NONE',  #4642 ) ;
#1063 = CARTESIAN_POINT ( 'NONE',  ( 7.639999999999999680, -2.089999999999999858, -4.424999999999999822 ) ) ;
#1064 = CARTESIAN_POINT ( 'NONE',  ( -0.8199999999999997291, -2.089999999999999414, -4.424999999999999822 ) ) ;
#1065 = STYLED_ITEM ( 'NONE', ( #2315 ), #2769 ) ;
#1066 = CARTESIAN_POINT ( 'NONE',  ( 0.3200000000000000067, 1.590000000000000080, -2.075000000000000622 ) ) ;
#1067 =( NAMED_UNIT ( * ) PLANE_ANGLE_UNIT ( ) SI_UNIT ( $, .RADIAN. ) );
#1068 = VERTEX_POINT ( 'NONE', #3667 ) ;
#1069 = PRESENTATION_LAYER_ASSIGNMENT (  '', '', ( #573 ) ) ;
#1070 = UNCERTAINTY_MEASURE_WITH_UNIT (LENGTH_MEASURE( 1.000000000000000082E-05 ), #3345, 'distance_accuracy_value', 'NONE');
#1071 = DIRECTION ( 'NONE',  ( -0.7071067811865495711, 4.791541927135558295E-16, 0.7071067811865455743 ) ) ;
#1072 = PRESENTATION_LAYER_ASSIGNMENT (  '', '', ( #913 ) ) ;
#1073 = ORIENTED_EDGE ( 'NONE', *, *, #2340, .T. ) ;
#1074 = DIRECTION ( 'NONE',  ( -0.000000000000000000, -1.000000000000000000, -0.000000000000000000 ) ) ;
#1075 = LINE ( 'NONE', #4193, #1331 ) ;
#1076 = DIRECTION ( 'NONE',  ( 1.000000000000000000, -0.000000000000000000, 0.000000000000000000 ) ) ;
#1077 = DIRECTION ( 'NONE',  ( -1.000000000000000000, -0.000000000000000000, 0.000000000000000000 ) ) ;
#1078 = DIRECTION ( 'NONE',  ( 0.000000000000000000, 1.000000000000000000, 0.000000000000000000 ) ) ;
#1079 = ADVANCED_FACE ( 'NONE', ( #4843 ), #2892, .F. ) ;
#1080 = FILL_AREA_STYLE ('',( #4652 ) ) ;
#1081 = CARTESIAN_POINT ( 'NONE',  ( -2.250000000000000444, -4.424999999999999822, -2.075000000000000178 ) ) ;
#1082 = DIRECTION ( 'NONE',  ( 0.000000000000000000, -0.7071067811865490160, 0.7071067811865461294 ) ) ;
#1083 = CARTESIAN_POINT ( 'NONE',  ( 6.590000000000000746, -1.649999999999999689, -2.074999999999999734 ) ) ;
#1084 = ADVANCED_FACE ( 'NONE', ( #4024 ), #3299, .F. ) ;
#1085 = DIRECTION ( 'NONE',  ( 0.000000000000000000, 0.000000000000000000, 1.000000000000000000 ) ) ;
#1086 = EDGE_LOOP ( 'NONE', ( #2914, #256, #1995, #1511 ) ) ;
#1087 = CARTESIAN_POINT ( 'NONE',  ( -3.359999999999999432, -4.424999999999999822, -4.424999999999999822 ) ) ;
#1088 = CONTEXT_DEPENDENT_SHAPE_REPRESENTATION ( #4327, #5114 ) ;
#1089 =( GEOMETRIC_REPRESENTATION_CONTEXT ( 3 ) GLOBAL_UNCERTAINTY_ASSIGNED_CONTEXT ( ( #1391 ) ) GLOBAL_UNIT_ASSIGNED_CONTEXT ( ( #575, #2131, #1416 ) ) REPRESENTATION_CONTEXT ( 'NONE', 'WORKASPACE' ) );
#1090 = DIRECTION ( 'NONE',  ( 0.7071067811865490160, -4.791541927135559281E-16, 0.7071067811865461294 ) ) ;
#1091 = FILL_AREA_STYLE ('',( #1900 ) ) ;
#1092 = LINE ( 'NONE', #2753, #2610 ) ;
#1093 = ORIENTED_EDGE ( 'NONE', *, *, #839, .T. ) ;
#1094 = SURFACE_STYLE_FILL_AREA ( #417 ) ;
#1095 = STYLED_ITEM ( 'NONE', ( #1459 ), #134 ) ;
#1096 =( LENGTH_UNIT ( ) NAMED_UNIT ( * ) SI_UNIT ( .MILLI., .METRE. ) );
#1097 = CARTESIAN_POINT ( 'NONE',  ( 0.3200000000000000067, 0.000000000000000000, -2.075000000000000178 ) ) ;
#1098 = EDGE_LOOP ( 'NONE', ( #3935, #3301, #662, #4614 ) ) ;
#1099 = FILL_AREA_STYLE ('',( #4670 ) ) ;
#1100 = PLANE ( 'NONE',  #3706 ) ;
#1101 = LINE ( 'NONE', #4146, #5112 ) ;
#1102 = PLANE ( 'NONE',  #440 ) ;
#1103 = FACE_OUTER_BOUND ( 'NONE', #4400, .T. ) ;
#1104 = SURFACE_STYLE_FILL_AREA ( #4675 ) ;
#1105 = EDGE_LOOP ( 'NONE', ( #713, #4361 ) ) ;
#1106 = PRESENTATION_LAYER_ASSIGNMENT (  '', '', ( #2929 ) ) ;
#1107 = DIRECTION ( 'NONE',  ( 0.000000000000000000, -1.000000000000000000, 0.000000000000000000 ) ) ;
#1108 = CARTESIAN_POINT ( 'NONE',  ( -4.325000000000000178, 3.625000000000000000, -4.675000000000000711 ) ) ;
#1109 = MECHANICAL_DESIGN_GEOMETRIC_PRESENTATION_REPRESENTATION (  '', ( #2607 ), #688 ) ;
#1110 = AXIS2_PLACEMENT_3D ( 'NONE', #4891, #2955, #169 ) ;
#1111 = ORIENTED_EDGE ( 'NONE', *, *, #2344, .F. ) ;
#1112 = DIRECTION ( 'NONE',  ( 0.000000000000000000, 0.000000000000000000, -1.000000000000000000 ) ) ;
#1113 = SURFACE_STYLE_FILL_AREA ( #339 ) ;
#1114 = FACE_OUTER_BOUND ( 'NONE', #410, .T. ) ;
#1115 = PRESENTATION_LAYER_ASSIGNMENT (  '', '', ( #3342 ) ) ;
#1116 = DIRECTION ( 'NONE',  ( -0.000000000000000000, -1.000000000000000000, -0.000000000000000000 ) ) ;
#1117 = EDGE_CURVE ( 'NONE', #1905, #2165, #2839, .T. ) ;
#1118 = FILL_AREA_STYLE_COLOUR ( '', #5095 ) ;
#1119 = SURFACE_STYLE_FILL_AREA ( #386 ) ;
#1120 = ORIENTED_EDGE ( 'NONE', *, *, #4060, .T. ) ;
#1121 = ADVANCED_FACE ( 'NONE', ( #125 ), #3239, .F. ) ;
#1122 = VECTOR ( 'NONE', #4742, 1000.000000000000000 ) ;
#1123 = UNCERTAINTY_MEASURE_WITH_UNIT (LENGTH_MEASURE( 1.000000000000000082E-05 ), #5023, 'distance_accuracy_value', 'NONE');
#1124 =( GEOMETRIC_REPRESENTATION_CONTEXT ( 3 ) GLOBAL_UNCERTAINTY_ASSIGNED_CONTEXT ( ( #3240 ) ) GLOBAL_UNIT_ASSIGNED_CONTEXT ( ( #2806, #4071, #1708 ) ) REPRESENTATION_CONTEXT ( 'NONE', 'WORKASPACE' ) );
#1125 = SURFACE_STYLE_FILL_AREA ( #4687 ) ;
#1126 = ORIENTED_EDGE ( 'NONE', *, *, #4809, .T. ) ;
#1127 = DIRECTION ( 'NONE',  ( 0.000000000000000000, 0.7071067811865480168, -0.7071067811865470176 ) ) ;
#1128 = VECTOR ( 'NONE', #269, 1000.000000000000000 ) ;
#1129 = FILL_AREA_STYLE_COLOUR ( '', #3122 ) ;
#1130 = CARTESIAN_POINT ( 'NONE',  ( -3.524999999999999911, 0.1200000000000002037, -5.799999999999999822 ) ) ;
#1131 = AXIS2_PLACEMENT_3D ( 'NONE', #171, #4911, #2128 ) ;
#1132 = SURFACE_STYLE_FILL_AREA ( #3506 ) ;
#1133 = LINE ( 'NONE', #3406, #3059 ) ;
#1134 = ORIENTED_EDGE ( 'NONE', *, *, #3775, .F. ) ;
#1135 =( GEOMETRIC_REPRESENTATION_CONTEXT ( 3 ) GLOBAL_UNCERTAINTY_ASSIGNED_CONTEXT ( ( #1908 ) ) GLOBAL_UNIT_ASSIGNED_CONTEXT ( ( #2435, #1599, #3162 ) ) REPRESENTATION_CONTEXT ( 'NONE', 'WORKASPACE' ) );
#1136 = COLOUR_RGB ( '',0.2000000000000000111, 0.2000000000000000111, 0.2000000000000000111 ) ;
#1137 = SURFACE_STYLE_FILL_AREA ( #4696 ) ;
#1138 = DIRECTION ( 'NONE',  ( 0.000000000000000000, 0.000000000000000000, 1.000000000000000000 ) ) ;
#1139 = VECTOR ( 'NONE', #4288, 1000.000000000000000 ) ;
#1140 = AXIS2_PLACEMENT_3D ( 'NONE', #3137, #3118, #814 ) ;
#1141 =( GEOMETRIC_REPRESENTATION_CONTEXT ( 3 ) GLOBAL_UNCERTAINTY_ASSIGNED_CONTEXT ( ( #3813 ) ) GLOBAL_UNIT_ASSIGNED_CONTEXT ( ( #1229, #4077, #3693 ) ) REPRESENTATION_CONTEXT ( 'NONE', 'WORKASPACE' ) );
#1142 = VERTEX_POINT ( 'NONE', #4982 ) ;
#1143 = MECHANICAL_DESIGN_GEOMETRIC_PRESENTATION_REPRESENTATION (  '', ( #4391 ), #480 ) ;
#1144 = SURFACE_STYLE_USAGE ( .BOTH. , #775 ) ;
#1145 = AXIS2_PLACEMENT_3D ( 'NONE', #2360, #1655, #4022 ) ;
#1146 = MECHANICAL_DESIGN_GEOMETRIC_PRESENTATION_REPRESENTATION (  '', ( #4021 ), #730 ) ;
#1147 = FILL_AREA_STYLE ('',( #1118 ) ) ;
#1148 = CARTESIAN_POINT ( 'NONE',  ( 0.3250000000000000666, 4.424999999999999822, 4.424999999999999822 ) ) ;
#1149 = EDGE_LOOP ( 'NONE', ( #3548, #4448, #4223, #4442 ) ) ;
#1150 = PLANE ( 'NONE',  #5022 ) ;
#1151 = EDGE_CURVE ( 'NONE', #1354, #4750, #3816, .T. ) ;
#1152 =( NAMED_UNIT ( * ) SI_UNIT ( $, .STERADIAN. ) SOLID_ANGLE_UNIT ( ) );
#1153 = PRESENTATION_STYLE_ASSIGNMENT (( #2285 ) ) ;
#1154 = ORIENTED_EDGE ( 'NONE', *, *, #5079, .T. ) ;
#1155 = PRESENTATION_STYLE_ASSIGNMENT (( #5082 ) ) ;
#1156 = ADVANCED_FACE ( 'NONE', ( #2970 ), #4222, .T. ) ;
#1157 =( LENGTH_UNIT ( ) NAMED_UNIT ( * ) SI_UNIT ( .MILLI., .METRE. ) );
#1158 = VECTOR ( 'NONE', #4253, 1000.000000000000000 ) ;
#1159 = DIRECTION ( 'NONE',  ( -0.000000000000000000, -0.000000000000000000, -1.000000000000000000 ) ) ;
#1160 = FILL_AREA_STYLE_COLOUR ( '', #1020 ) ;
#1161 =( LENGTH_UNIT ( ) NAMED_UNIT ( * ) SI_UNIT ( .MILLI., .METRE. ) );
#1162 = ORIENTED_EDGE ( 'NONE', *, *, #1117, .T. ) ;
#1163 = FILL_AREA_STYLE ('',( #4394 ) ) ;
#1164 = VERTEX_POINT ( 'NONE', #973 ) ;
#1165 = DIRECTION ( 'NONE',  ( 1.000000000000000000, 0.000000000000000000, -0.000000000000000000 ) ) ;
#1166 = DIRECTION ( 'NONE',  ( 0.000000000000000000, -0.000000000000000000, -1.000000000000000000 ) ) ;
#1167 = CARTESIAN_POINT ( 'NONE',  ( 7.639999999999999680, 4.424999999999999822, -4.424999999999999822 ) ) ;
#1168 = LINE ( 'NONE', #3495, #1954 ) ;
#1169 = ORIENTED_EDGE ( 'NONE', *, *, #4526, .T. ) ;
#1170 = UNCERTAINTY_MEASURE_WITH_UNIT (LENGTH_MEASURE( 1.000000000000000082E-05 ), #1296, 'distance_accuracy_value', 'NONE');
#1171 =( LENGTH_UNIT ( ) NAMED_UNIT ( * ) SI_UNIT ( .MILLI., .METRE. ) );
#1172 = EDGE_CURVE ( 'NONE', #3802, #3765, #3794, .T. ) ;
#1173 = CARTESIAN_POINT ( 'NONE',  ( 6.590000000000000746, -1.649999999999999911, -4.424999999999999822 ) ) ;
#1174 = ORIENTED_EDGE ( 'NONE', *, *, #4834, .T. ) ;
#1175 = PLANE ( 'NONE',  #4873 ) ;
#1176 = FACE_OUTER_BOUND ( 'NONE', #5074, .T. ) ;
#1177 =( LENGTH_UNIT ( ) NAMED_UNIT ( * ) SI_UNIT ( .MILLI., .METRE. ) );
#1178 = VECTOR ( 'NONE', #4325, 1000.000000000000000 ) ;
#1179 = ADVANCED_FACE ( 'NONE', ( #3402 ), #3045, .T. ) ;
#1180 = UNCERTAINTY_MEASURE_WITH_UNIT (LENGTH_MEASURE( 1.000000000000000082E-05 ), #3360, 'distance_accuracy_value', 'NONE');
#1181 = ORIENTED_EDGE ( 'NONE', *, *, #2582, .T. ) ;
#1182 = EDGE_CURVE ( 'NONE', #2697, #215, #4763, .T. ) ;
#1183 = SURFACE_SIDE_STYLE ('',( #3921 ) ) ;
#1184 = VERTEX_POINT ( 'NONE', #1880 ) ;
#1185 = ORIENTED_EDGE ( 'NONE', *, *, #420, .F. ) ;
#1186 = CARTESIAN_POINT ( 'NONE',  ( 0.000000000000000000, -1.590000000000000080, -2.075000000000000178 ) ) ;
#1187 = SURFACE_STYLE_USAGE ( .BOTH. , #4755 ) ;
#1188 = CARTESIAN_POINT ( 'NONE',  ( -6.590000000000000746, 1.649999999999999911, 1.975000000000000089 ) ) ;
#1189 = AXIS2_PLACEMENT_3D ( 'NONE', #1834, #267, #1412 ) ;
#1190 = CARTESIAN_POINT ( 'NONE',  ( -4.750000000000000000, -3.625000000000000000, -4.424999999999999822 ) ) ;
#1191 = ORIENTED_EDGE ( 'NONE', *, *, #1707, .T. ) ;
#1192 = DIRECTION ( 'NONE',  ( 1.000000000000000000, 0.000000000000000000, -0.000000000000000000 ) ) ;
#1193 = AXIS2_PLACEMENT_3D ( 'NONE', #4865, #2057, #866 ) ;
#1194 =( NAMED_UNIT ( * ) PLANE_ANGLE_UNIT ( ) SI_UNIT ( $, .RADIAN. ) );
#1195 = CARTESIAN_POINT ( 'NONE',  ( -6.590000000000000746, -3.174999999999999822, -2.075000000000000178 ) ) ;
#1196 = SURFACE_STYLE_USAGE ( .BOTH. , #400 ) ;
#1197 = CARTESIAN_POINT ( 'NONE',  ( -3.725000000000000089, -0.3200000000000000067, 5.299999999999999822 ) ) ;
#1198 = VERTEX_POINT ( 'NONE', #3869 ) ;
#1199 = VECTOR ( 'NONE', #3278, 1000.000000000000000 ) ;
#1200 = DIRECTION ( 'NONE',  ( -0.7071067811865480168, 0.000000000000000000, -0.7071067811865470176 ) ) ;
#1201 = CARTESIAN_POINT ( 'NONE',  ( 4.750000000000000000, 3.625000000000000000, -4.675000000000000711 ) ) ;
#1202 = EDGE_CURVE ( 'NONE', #3207, #1705, #1979, .T. ) ;
#1203 = FILL_AREA_STYLE ('',( #1632 ) ) ;
#1204 = DIRECTION ( 'NONE',  ( 0.000000000000000000, 0.000000000000000000, 1.000000000000000000 ) ) ;
#1205 = ADVANCED_FACE ( 'NONE', ( #5138 ), #706, .T. ) ;
#1206 = COLOUR_RGB ( '',0.2000000000000000111, 0.2000000000000000111, 0.2000000000000000111 ) ;
#1207 = ORIENTED_EDGE ( 'NONE', *, *, #4238, .T. ) ;
#1208 =( LENGTH_UNIT ( ) NAMED_UNIT ( * ) SI_UNIT ( .MILLI., .METRE. ) );
#1209 = ORIENTED_EDGE ( 'NONE', *, *, #3296, .F. ) ;
#1210 = PRESENTATION_STYLE_ASSIGNMENT (( #1144 ) ) ;
#1211 = CARTESIAN_POINT ( 'NONE',  ( -7.639999999999999680, -4.424999999999999822, -4.424999999999999822 ) ) ;
#1212 = AXIS2_PLACEMENT_3D ( 'NONE', #1418, #3734, #2986 ) ;
#1213 = VECTOR ( 'NONE', #2257, 1000.000000000000000 ) ;
#1214 = LINE ( 'NONE', #1638, #1395 ) ;
#1215 = ADVANCED_FACE ( 'NONE', ( #5080 ), #4111, .T. ) ;
#1216 = STYLED_ITEM ( 'NONE', ( #4558 ), #3488 ) ;
#1217 = EDGE_LOOP ( 'NONE', ( #2658, #906, #90, #1876 ) ) ;
#1218 = DIRECTION ( 'NONE',  ( -1.000000000000000000, -0.000000000000000000, -0.000000000000000000 ) ) ;
#1219 =( GEOMETRIC_REPRESENTATION_CONTEXT ( 3 ) GLOBAL_UNCERTAINTY_ASSIGNED_CONTEXT ( ( #4463 ) ) GLOBAL_UNIT_ASSIGNED_CONTEXT ( ( #2090, #520, #1727 ) ) REPRESENTATION_CONTEXT ( 'NONE', 'WORKASPACE' ) );
#1220 = LINE ( 'NONE', #395, #1426 ) ;
#1221 =( GEOMETRIC_REPRESENTATION_CONTEXT ( 3 ) GLOBAL_UNCERTAINTY_ASSIGNED_CONTEXT ( ( #346 ) ) GLOBAL_UNIT_ASSIGNED_CONTEXT ( ( #1523, #2648, #4227 ) ) REPRESENTATION_CONTEXT ( 'NONE', 'WORKASPACE' ) );
#1222 = ORIENTED_EDGE ( 'NONE', *, *, #494, .T. ) ;
#1223 =( NAMED_UNIT ( * ) PLANE_ANGLE_UNIT ( ) SI_UNIT ( $, .RADIAN. ) );
#1224 = FACE_OUTER_BOUND ( 'NONE', #1966, .T. ) ;
#1225 = PRESENTATION_STYLE_ASSIGNMENT (( #2107 ) ) ;
#1226 = VECTOR ( 'NONE', #707, 1000.000000000000000 ) ;
#1227 = DIRECTION ( 'NONE',  ( -0.000000000000000000, 0.000000000000000000, 1.000000000000000000 ) ) ;
#1228 = EDGE_CURVE ( 'NONE', #2533, #1611, #3119, .T. ) ;
#1229 =( LENGTH_UNIT ( ) NAMED_UNIT ( * ) SI_UNIT ( .MILLI., .METRE. ) );
#1230 = UNCERTAINTY_MEASURE_WITH_UNIT (LENGTH_MEASURE( 1.000000000000000082E-05 ), #2681, 'distance_accuracy_value', 'NONE');
#1231 = MECHANICAL_DESIGN_GEOMETRIC_PRESENTATION_REPRESENTATION (  '', ( #3464 ), #571 ) ;
#1232 = ORIENTED_EDGE ( 'NONE', *, *, #324, .F. ) ;
#1233 = PRESENTATION_LAYER_ASSIGNMENT (  '', '', ( #3883 ) ) ;
#1234 = CARTESIAN_POINT ( 'NONE',  ( -2.859999999999999876, -0.9499999999999998446, -3.924999999999998046 ) ) ;
#1235 = CARTESIAN_POINT ( 'NONE',  ( -6.590000000000001634, -1.649999999999999689, 1.975000000000000089 ) ) ;
#1236 = SURFACE_STYLE_FILL_AREA ( #427 ) ;
#1237 = PLANE ( 'NONE',  #566 ) ;
#1238 = EDGE_CURVE ( 'NONE', #3608, #1164, #4329, .T. ) ;
#1239 = VERTEX_POINT ( 'NONE', #742 ) ;
#1240 = CARTESIAN_POINT ( 'NONE',  ( -2.220000000000000195, 1.590000000000000080, -2.075000000000000622 ) ) ;
#1241 = CARTESIAN_POINT ( 'NONE',  ( -6.590000000000000746, -1.649999999999999911, 1.975000000000000089 ) ) ;
#1242 = CARTESIAN_POINT ( 'NONE',  ( -0.3199999999999997846, -0.9499999999999998446, -3.924999999999998046 ) ) ;
#1243 = ORIENTED_EDGE ( 'NONE', *, *, #120, .F. ) ;
#1244 = CARTESIAN_POINT ( 'NONE',  ( 4.839999999999999858, 4.424999999999999822, 0.000000000000000000 ) ) ;
#1245 = EDGE_CURVE ( 'NONE', #3474, #2172, #4271, .T. ) ;
#1246 = ORIENTED_EDGE ( 'NONE', *, *, #4545, .T. ) ;
#1247 = UNCERTAINTY_MEASURE_WITH_UNIT (LENGTH_MEASURE( 1.000000000000000082E-05 ), #3413, 'distance_accuracy_value', 'NONE');
#1248 = EDGE_CURVE ( 'NONE', #3730, #2574, #2234, .T. ) ;
#1249 =( LENGTH_UNIT ( ) NAMED_UNIT ( * ) SI_UNIT ( .MILLI., .METRE. ) );
#1250 = FACE_OUTER_BOUND ( 'NONE', #773, .T. ) ;
#1251 =( LENGTH_UNIT ( ) NAMED_UNIT ( * ) SI_UNIT ( .MILLI., .METRE. ) );
#1252 = CARTESIAN_POINT ( 'NONE',  ( -8.673617379884041389E-16, -3.625000000000000000, -4.675000000000000711 ) ) ;
#1253 = VERTEX_POINT ( 'NONE', #4225 ) ;
#1254 = PRESENTATION_STYLE_ASSIGNMENT (( #841 ) ) ;
#1255 = SURFACE_SIDE_STYLE ('',( #842 ) ) ;
#1256 = DIRECTION ( 'NONE',  ( -1.000000000000000000, 0.000000000000000000, 0.000000000000000000 ) ) ;
#1257 =( NAMED_UNIT ( * ) PLANE_ANGLE_UNIT ( ) SI_UNIT ( $, .RADIAN. ) );
#1258 = DIRECTION ( 'NONE',  ( -0.7071067811865490160, -4.791541927135551392E-16, 0.7071067811865461294 ) ) ;
#1259 = VERTEX_POINT ( 'NONE', #5058 ) ;
#1260 = DIRECTION ( 'NONE',  ( 0.000000000000000000, 0.000000000000000000, 1.000000000000000000 ) ) ;
#1261 = DIRECTION ( 'NONE',  ( -1.000000000000000000, 0.000000000000000000, -0.000000000000000000 ) ) ;
#1262 = CARTESIAN_POINT ( 'NONE',  ( 7.639999999999999680, -4.424999999999999822, 4.424999999999999822 ) ) ;
#1263 = EDGE_LOOP ( 'NONE', ( #3795, #291, #4833, #2672 ) ) ;
#1264 = SURFACE_STYLE_USAGE ( .BOTH. , #2398 ) ;
#1265 = DIRECTION ( 'NONE',  ( 0.000000000000000000, -0.7071067811865490160, 0.7071067811865461294 ) ) ;
#1266 = LINE ( 'NONE', #1211, #1807 ) ;
#1267 = SURFACE_SIDE_STYLE ('',( #186 ) ) ;
#1268 = CARTESIAN_POINT ( 'NONE',  ( -2.859999999999999876, -0.9499999999999999556, -2.075000000000000622 ) ) ;
#1269 = LINE ( 'NONE', #2849, #569 ) ;
#1270 = ORIENTED_EDGE ( 'NONE', *, *, #4139, .F. ) ;
#1271 =( NAMED_UNIT ( * ) PLANE_ANGLE_UNIT ( ) SI_UNIT ( $, .RADIAN. ) );
#1272 = ORIENTED_EDGE ( 'NONE', *, *, #4231, .F. ) ;
#1273 = CARTESIAN_POINT ( 'NONE',  ( 0.000000000000000000, -0.3200000000000000067, 5.299999999999999822 ) ) ;
#1274 = EDGE_CURVE ( 'NONE', #2177, #1650, #1865, .T. ) ;
#1275 =( GEOMETRIC_REPRESENTATION_CONTEXT ( 3 ) GLOBAL_UNCERTAINTY_ASSIGNED_CONTEXT ( ( #1659 ) ) GLOBAL_UNIT_ASSIGNED_CONTEXT ( ( #3898, #2391, #422 ) ) REPRESENTATION_CONTEXT ( 'NONE', 'WORKASPACE' ) );
#1276 = DIRECTION ( 'NONE',  ( 0.000000000000000000, 0.000000000000000000, 1.000000000000000000 ) ) ;
#1277 = EDGE_CURVE ( 'NONE', #2177, #3707, #3504, .T. ) ;
#1278 = DIRECTION ( 'NONE',  ( 0.000000000000000000, 1.000000000000000000, 0.000000000000000000 ) ) ;
#1279 = SURFACE_SIDE_STYLE ('',( #1687 ) ) ;
#1280 =( NAMED_UNIT ( * ) SI_UNIT ( $, .STERADIAN. ) SOLID_ANGLE_UNIT ( ) );
#1281 = DIRECTION ( 'NONE',  ( -0.000000000000000000, -0.000000000000000000, -1.000000000000000000 ) ) ;
#1282 = MECHANICAL_DESIGN_GEOMETRIC_PRESENTATION_REPRESENTATION (  '', ( #2267 ), #2695 ) ;
#1283 =( LENGTH_UNIT ( ) NAMED_UNIT ( * ) SI_UNIT ( .MILLI., .METRE. ) );
#1284 = FILL_AREA_STYLE ('',( #1658 ) ) ;
#1285 = UNCERTAINTY_MEASURE_WITH_UNIT (LENGTH_MEASURE( 1.000000000000000082E-05 ), #1283, 'distance_accuracy_value', 'NONE');
#1287 = ORIENTED_EDGE ( 'NONE', *, *, #4864, .T. ) ;
#1286 =( LENGTH_UNIT ( ) NAMED_UNIT ( * ) SI_UNIT ( .MILLI., .METRE. ) );
#1288 = SURFACE_STYLE_USAGE ( .BOTH. , #4420 ) ;
#1289 = STYLED_ITEM ( 'NONE', ( #2762 ), #4348 ) ;
#1290 = LINE ( 'NONE', #1371, #782 ) ;
#1291 = EDGE_LOOP ( 'NONE', ( #63, #1725, #3087, #4500 ) ) ;
#1292 = AXIS2_PLACEMENT_3D ( 'NONE', #3791, #2253, #3400 ) ;
#1293 = DIRECTION ( 'NONE',  ( 0.5773502691896245098, -0.5773502691896253980, -0.5773502691896275074 ) ) ;
#1294 = COLOUR_RGB ( '',0.2000000000000000111, 0.2000000000000000111, 0.2000000000000000111 ) ;
#1295 = ORIENTED_EDGE ( 'NONE', *, *, #900, .F. ) ;
#1296 =( LENGTH_UNIT ( ) NAMED_UNIT ( * ) SI_UNIT ( .MILLI., .METRE. ) );
#1297 = FILL_AREA_STYLE ('',( #4854 ) ) ;
#1298 = VECTOR ( 'NONE', #5014, 1000.000000000000000 ) ;
#1299 = STYLED_ITEM ( 'NONE', ( #4013 ), #2105 ) ;
#1300 = DIRECTION ( 'NONE',  ( -0.000000000000000000, 0.000000000000000000, -1.000000000000000000 ) ) ;
#1301 =( NAMED_UNIT ( * ) PLANE_ANGLE_UNIT ( ) SI_UNIT ( $, .RADIAN. ) );
#1302 = ORIENTED_EDGE ( 'NONE', *, *, #932, .T. ) ;
#1303 = PRESENTATION_LAYER_ASSIGNMENT (  '', '', ( #2052 ) ) ;
#1304 = COLOUR_RGB ( '',0.2000000000000000111, 0.2000000000000000111, 0.2000000000000000111 ) ;
#1305 = STYLED_ITEM ( 'NONE', ( #3336 ), #771 ) ;
#1306 =( NAMED_UNIT ( * ) PLANE_ANGLE_UNIT ( ) SI_UNIT ( $, .RADIAN. ) );
#1307 = CARTESIAN_POINT ( 'NONE',  ( 7.639999999999999680, -4.424999999999999822, -4.424999999999999822 ) ) ;
#1308 =( REPRESENTATION_RELATIONSHIP ('NONE','NONE', #3271, #2756 ) REPRESENTATION_RELATIONSHIP_WITH_TRANSFORMATION ( #2226 )SHAPE_REPRESENTATION_RELATIONSHIP( ) );
#1309 = AXIS2_PLACEMENT_3D ( 'NONE', #1312, #3663, #122 ) ;
#1310 = AXIS2_PLACEMENT_3D ( 'NONE', #5099, #1090, #4211 ) ;
#1311 =( LENGTH_UNIT ( ) NAMED_UNIT ( * ) SI_UNIT ( .MILLI., .METRE. ) );
#1312 = CARTESIAN_POINT ( 'NONE',  ( -4.750000000000000000, 3.625000000000000000, -4.675000000000000711 ) ) ;
#1313 = ORIENTED_EDGE ( 'NONE', *, *, #959, .F. ) ;
#1314 = FILL_AREA_STYLE ('',( #2055 ) ) ;
#1315 = MECHANICAL_DESIGN_GEOMETRIC_PRESENTATION_REPRESENTATION (  '', ( #4294 ), #317 ) ;
#1316 = STYLED_ITEM ( 'NONE', ( #1351 ), #1215 ) ;
#1317 = DIRECTION ( 'NONE',  ( -1.000000000000000000, 0.000000000000000000, 0.000000000000000000 ) ) ;
#1318 = FACE_OUTER_BOUND ( 'NONE', #3496, .T. ) ;
#1319 = EDGE_CURVE ( 'NONE', #4539, #3646, #4671, .T. ) ;
#1320 = SURFACE_STYLE_USAGE ( .BOTH. , #4103 ) ;
#1321 = PRESENTATION_LAYER_ASSIGNMENT (  '', '', ( #646 ) ) ;
#1322 = PRESENTATION_LAYER_ASSIGNMENT (  '', '', ( #2884 ) ) ;
#1323 = ORIENTED_EDGE ( 'NONE', *, *, #3553, .F. ) ;
#1324 = ADVANCED_FACE ( 'NONE', ( #1044 ), #1100, .T. ) ;
#1325 =( NAMED_UNIT ( * ) SI_UNIT ( $, .STERADIAN. ) SOLID_ANGLE_UNIT ( ) );
#1327 = ADVANCED_FACE ( 'NONE', ( #3798 ), #3095, .T. ) ;
#1326 = PRESENTATION_LAYER_ASSIGNMENT (  '', '', ( #3541 ) ) ;
#1328 = SURFACE_SIDE_STYLE ('',( #4876 ) ) ;
#1329 = ORIENTED_EDGE ( 'NONE', *, *, #669, .T. ) ;
#1330 =( NAMED_UNIT ( * ) PLANE_ANGLE_UNIT ( ) SI_UNIT ( $, .RADIAN. ) );
#1331 = VECTOR ( 'NONE', #3050, 1000.000000000000000 ) ;
#1332 = PRESENTATION_STYLE_ASSIGNMENT (( #3277 ) ) ;
#1333 = FACE_BOUND ( 'NONE', #2097, .T. ) ;
#1334 =( GEOMETRIC_REPRESENTATION_CONTEXT ( 3 ) GLOBAL_UNCERTAINTY_ASSIGNED_CONTEXT ( ( #511 ) ) GLOBAL_UNIT_ASSIGNED_CONTEXT ( ( #3385, #612, #3060 ) ) REPRESENTATION_CONTEXT ( 'NONE', 'WORKASPACE' ) );
#1335 = ORIENTED_EDGE ( 'NONE', *, *, #2862, .T. ) ;
#1336 = AXIS2_PLACEMENT_3D ( 'NONE', #4134, #2159, #1649 ) ;
#1337 = ORIENTED_EDGE ( 'NONE', *, *, #692, .F. ) ;
#1338 = CARTESIAN_POINT ( 'NONE',  ( 0.000000000000000000, 0.000000000000000000, 0.000000000000000000 ) ) ;
#1339 = DIRECTION ( 'NONE',  ( 0.000000000000000000, 0.000000000000000000, 1.000000000000000000 ) ) ;
#1340 = FILL_AREA_STYLE ('',( #3993 ) ) ;
#1341 = ORIENTED_EDGE ( 'NONE', *, *, #1679, .T. ) ;
#1342 = PLANE ( 'NONE',  #1964 ) ;
#1343 = ADVANCED_FACE ( 'NONE', ( #1224 ), #369, .F. ) ;
#1344 = DIRECTION ( 'NONE',  ( 0.000000000000000000, -0.7071067811865490160, 0.7071067811865461294 ) ) ;
#1345 =( NAMED_UNIT ( * ) SI_UNIT ( $, .STERADIAN. ) SOLID_ANGLE_UNIT ( ) );
#1346 = SURFACE_STYLE_FILL_AREA ( #4140 ) ;
#1347 = SURFACE_SIDE_STYLE ('',( #4799 ) ) ;
#1348 = UNCERTAINTY_MEASURE_WITH_UNIT (LENGTH_MEASURE( 1.000000000000000082E-05 ), #1800, 'distance_accuracy_value', 'NONE');
#1349 = VERTEX_POINT ( 'NONE', #764 ) ;
#1350 = CARTESIAN_POINT ( 'NONE',  ( -7.639999999999999680, -4.424999999999999822, 1.975000000000000089 ) ) ;
#1351 = PRESENTATION_STYLE_ASSIGNMENT (( #4298 ) ) ;
#1352 = SURFACE_SIDE_STYLE ('',( #4827 ) ) ;
#1353 = ADVANCED_FACE ( 'NONE', ( #3611 ), #4387, .F. ) ;
#1354 = VERTEX_POINT ( 'NONE', #2389 ) ;
#1355 = ADVANCED_FACE ( 'NONE', ( #865 ), #446, .F. ) ;
#1356 = ORIENTED_EDGE ( 'NONE', *, *, #3201, .T. ) ;
#1357 = PLANE ( 'NONE',  #1413 ) ;
#1358 = FILL_AREA_STYLE_COLOUR ( '', #4801 ) ;
#1359 = DIRECTION ( 'NONE',  ( 0.000000000000000000, -1.000000000000000000, -0.000000000000000000 ) ) ;
#1360 = ADVANCED_FACE ( 'NONE', ( #1742 ), #2244, .F. ) ;
#1361 = ORIENTED_EDGE ( 'NONE', *, *, #2380, .F. ) ;
#1362 = CARTESIAN_POINT ( 'NONE',  ( 4.840000000000000746, 4.424999999999999822, 4.424999999999999822 ) ) ;
#1363 = CARTESIAN_POINT ( 'NONE',  ( -3.285000000000000142, 0.1200000000000000233, 5.799999999999999822 ) ) ;
#1364 = CARTESIAN_POINT ( 'NONE',  ( -2.860000000000000764, -1.590000000000000302, -3.924999999999998934 ) ) ;
#1365 = LINE ( 'NONE', #1564, #2932 ) ;
#1366 = ORIENTED_EDGE ( 'NONE', *, *, #1472, .T. ) ;
#1367 = AXIS2_PLACEMENT_3D ( 'NONE', #2410, #22, #3557 ) ;
#1368 =( LENGTH_UNIT ( ) NAMED_UNIT ( * ) SI_UNIT ( .MILLI., .METRE. ) );
#1369 = DIRECTION ( 'NONE',  ( 0.5773502691896248429, -0.5773502691896251759, -0.5773502691896271743 ) ) ;
#1370 = ORIENTED_EDGE ( 'NONE', *, *, #930, .T. ) ;
#1371 = CARTESIAN_POINT ( 'NONE',  ( -7.639999999999999680, -3.174999999999999822, 3.825000000000000178 ) ) ;
#1372 = LINE ( 'NONE', #947, #4786 ) ;
#1373 = PRESENTATION_LAYER_ASSIGNMENT (  '', '', ( #2267 ) ) ;
#1374 = EDGE_LOOP ( 'NONE', ( #4927, #2777, #3650, #4493 ) ) ;
#1375 = CARTESIAN_POINT ( 'NONE',  ( -1.720000000000000195, -4.424999999999999822, -4.424999999999999822 ) ) ;
#1376 = VECTOR ( 'NONE', #1546, 1000.000000000000000 ) ;
#1377 = SURFACE_STYLE_FILL_AREA ( #4065 ) ;
#1378 = EDGE_CURVE ( 'NONE', #2184, #3566, #3273, .T. ) ;
#1379 = FACE_OUTER_BOUND ( 'NONE', #4269, .T. ) ;
#1380 =( GEOMETRIC_REPRESENTATION_CONTEXT ( 3 ) GLOBAL_UNCERTAINTY_ASSIGNED_CONTEXT ( ( #3195 ) ) GLOBAL_UNIT_ASSIGNED_CONTEXT ( ( #1096, #4714, #1929 ) ) REPRESENTATION_CONTEXT ( 'NONE', 'WORKASPACE' ) );
#1381 =( NAMED_UNIT ( * ) SI_UNIT ( $, .STERADIAN. ) SOLID_ANGLE_UNIT ( ) );
#1382 = VERTEX_POINT ( 'NONE', #580 ) ;
#1383 =( LENGTH_UNIT ( ) NAMED_UNIT ( * ) SI_UNIT ( .MILLI., .METRE. ) );
#1384 = EDGE_CURVE ( 'NONE', #3891, #4422, #3828, .T. ) ;
#1385 = SURFACE_STYLE_FILL_AREA ( #2408 ) ;
#1386 = VECTOR ( 'NONE', #4428, 1000.000000000000000 ) ;
#1387 = PLANE ( 'NONE',  #3442 ) ;
#1388 =( GEOMETRIC_REPRESENTATION_CONTEXT ( 3 ) GLOBAL_UNCERTAINTY_ASSIGNED_CONTEXT ( ( #4418 ) ) GLOBAL_UNIT_ASSIGNED_CONTEXT ( ( #4169, #1046, #1848 ) ) REPRESENTATION_CONTEXT ( 'NONE', 'WORKASPACE' ) );
#1389 = CARTESIAN_POINT ( 'NONE',  ( 7.639999999999999680, 1.649999999999999911, -4.424999999999999822 ) ) ;
#1390 = ORIENTED_EDGE ( 'NONE', *, *, #3387, .T. ) ;
#1391 = UNCERTAINTY_MEASURE_WITH_UNIT (LENGTH_MEASURE( 1.000000000000000082E-05 ), #575, 'distance_accuracy_value', 'NONE');
#1392 = FACE_OUTER_BOUND ( 'NONE', #3437, .T. ) ;
#1393 = STYLED_ITEM ( 'NONE', ( #4073 ), #1510 ) ;
#1394 = PRESENTATION_LAYER_ASSIGNMENT (  '', '', ( #4122 ) ) ;
#1395 = VECTOR ( 'NONE', #4784, 1000.000000000000000 ) ;
#1396 = ORIENTED_EDGE ( 'NONE', *, *, #1772, .F. ) ;
#1397 = ORIENTED_EDGE ( 'NONE', *, *, #5098, .T. ) ;
#1398 = CARTESIAN_POINT ( 'NONE',  ( -2.250000000000000444, -3.775000000000000355, 4.424999999999999822 ) ) ;
#1399 = DIRECTION ( 'NONE',  ( -0.000000000000000000, 1.000000000000000000, 0.000000000000000000 ) ) ;
#1400 = CARTESIAN_POINT ( 'NONE',  ( -4.750000000000000000, 3.625000000000000000, -4.424999999999999822 ) ) ;
#1401 = VECTOR ( 'NONE', #106, 1000.000000000000114 ) ;
#1402 = VERTEX_POINT ( 'NONE', #2889 ) ;
#1403 = DIRECTION ( 'NONE',  ( 0.000000000000000000, 1.000000000000000000, 0.000000000000000000 ) ) ;
#1404 = VECTOR ( 'NONE', #1077, 1000.000000000000000 ) ;
#1405 = SURFACE_SIDE_STYLE ('',( #308 ) ) ;
#1406 =( NAMED_UNIT ( * ) PLANE_ANGLE_UNIT ( ) SI_UNIT ( $, .RADIAN. ) );
#1407 = ADVANCED_FACE ( 'NONE', ( #1392 ), #287, .T. ) ;
#1408 = VECTOR ( 'NONE', #3931, 1000.000000000000000 ) ;
#1409 = EDGE_LOOP ( 'NONE', ( #1519, #4136, #1420, #4397 ) ) ;
#1410 = APPLICATION_CONTEXT ( 'automotive_design' ) ;
#1411 = COLOUR_RGB ( '',0.2000000000000000111, 0.2000000000000000111, 0.2000000000000000111 ) ;
#1412 = DIRECTION ( 'NONE',  ( 1.000000000000000000, 0.000000000000000000, 0.000000000000000000 ) ) ;
#1413 = AXIS2_PLACEMENT_3D ( 'NONE', #4202, #1799, #281 ) ;
#1414 = CARTESIAN_POINT ( 'NONE',  ( 7.639999999999999680, -0.4500000000000000666, -4.424999999999999822 ) ) ;
#1415 = PRESENTATION_STYLE_ASSIGNMENT (( #4528 ) ) ;
#1416 =( NAMED_UNIT ( * ) SI_UNIT ( $, .STERADIAN. ) SOLID_ANGLE_UNIT ( ) );
#1417 = LINE ( 'NONE', #4584, #3097 ) ;
#1418 = CARTESIAN_POINT ( 'NONE',  ( -0.3200000000000000067, 0.9499999999999999556, -21.93981562965040411 ) ) ;
#1419 = ADVANCED_FACE ( 'NONE', ( #3067 ), #693, .T. ) ;
#1420 = ORIENTED_EDGE ( 'NONE', *, *, #2899, .T. ) ;
#1421 = CARTESIAN_POINT ( 'NONE',  ( 4.750000000000000000, -3.625000000000000000, -4.424999999999999822 ) ) ;
#1422 =( NAMED_UNIT ( * ) PLANE_ANGLE_UNIT ( ) SI_UNIT ( $, .RADIAN. ) );
#1423 = SURFACE_SIDE_STYLE ('',( #2164 ) ) ;
#1424 = PRESENTATION_STYLE_ASSIGNMENT (( #1863 ) ) ;
#1425 = ORIENTED_EDGE ( 'NONE', *, *, #3260, .T. ) ;
#1426 = VECTOR ( 'NONE', #2354, 1000.000000000000000 ) ;
#1427 = SURFACE_STYLE_FILL_AREA ( #1822 ) ;
#1428 = LINE ( 'NONE', #3025, #942 ) ;
#1429 = ORIENTED_EDGE ( 'NONE', *, *, #2003, .F. ) ;
#1430 = CARTESIAN_POINT ( 'NONE',  ( -7.190000000000000391, 3.775000000000000355, 4.424999999999998934 ) ) ;
#1431 = SURFACE_STYLE_USAGE ( .BOTH. , #1405 ) ;
#1432 = CARTESIAN_POINT ( 'NONE',  ( 6.589999999999999858, -3.175000000000004263, 3.824999999999995737 ) ) ;
#1433 =( NAMED_UNIT ( * ) SI_UNIT ( $, .STERADIAN. ) SOLID_ANGLE_UNIT ( ) );
#1434 = FILL_AREA_STYLE_COLOUR ( '', #4970 ) ;
#1435 = ORIENTED_EDGE ( 'NONE', *, *, #4142, .F. ) ;
#1436 = ITEM_DEFINED_TRANSFORMATION ( 'NONE', 'NONE', #2521,  #4609 ) ;
#1437 = SURFACE_STYLE_USAGE ( .BOTH. , #3468 ) ;
#1438 = FACE_OUTER_BOUND ( 'NONE', #2495, .T. ) ;
#1439 = ORIENTED_EDGE ( 'NONE', *, *, #2087, .T. ) ;
#1440 = UNCERTAINTY_MEASURE_WITH_UNIT (LENGTH_MEASURE( 1.000000000000000082E-05 ), #1311, 'distance_accuracy_value', 'NONE');
#1441 = DIRECTION ( 'NONE',  ( 0.7071067811865455743, 0.000000000000000000, 0.7071067811865495711 ) ) ;
#1442 = MECHANICAL_DESIGN_GEOMETRIC_PRESENTATION_REPRESENTATION (  '', ( #3331 ), #3998 ) ;
#1443 = EDGE_CURVE ( 'NONE', #2265, #1354, #2832, .T. ) ;
#1444 = SURFACE_STYLE_USAGE ( .BOTH. , #4143 ) ;
#1445 = ORIENTED_EDGE ( 'NONE', *, *, #3587, .T. ) ;
#1446 =( LENGTH_UNIT ( ) NAMED_UNIT ( * ) SI_UNIT ( .MILLI., .METRE. ) );
#1447 =( NAMED_UNIT ( * ) SI_UNIT ( $, .STERADIAN. ) SOLID_ANGLE_UNIT ( ) );
#1448 = CARTESIAN_POINT ( 'NONE',  ( 2.860000000000000764, 0.9499999999999999556, -2.075000000000000622 ) ) ;
#1449 = DIRECTION ( 'NONE',  ( 0.7071067811865480168, -4.791541927135550406E-16, 0.7071067811865470176 ) ) ;
#1450 = FILL_AREA_STYLE ('',( #1891 ) ) ;
#1451 = ADVANCED_FACE ( 'NONE', ( #479 ), #1342, .F. ) ;
#1452 = VERTEX_POINT ( 'NONE', #3639 ) ;
#1453 = DIRECTION ( 'NONE',  ( -1.000000000000000000, -0.000000000000000000, 0.000000000000000000 ) ) ;
#1454 = DIRECTION ( 'NONE',  ( 0.000000000000000000, -1.000000000000000000, 0.000000000000000000 ) ) ;
#1455 = ORIENTED_EDGE ( 'NONE', *, *, #2071, .T. ) ;
#1456 = CARTESIAN_POINT ( 'NONE',  ( -6.590000000000000746, 1.649999999999999911, -2.074999999999999734 ) ) ;
#1457 = SHAPE_DEFINITION_REPRESENTATION ( #4416, #3271 ) ;
#1458 = FILL_AREA_STYLE_COLOUR ( '', #4120 ) ;
#1459 = PRESENTATION_STYLE_ASSIGNMENT (( #4213 ) ) ;
#1460 = DIRECTION ( 'NONE',  ( -0.3481553119113959816, -0.3481553119113959260, 0.8703882797784889824 ) ) ;
#1461 =( LENGTH_UNIT ( ) NAMED_UNIT ( * ) SI_UNIT ( .MILLI., .METRE. ) );
#1462 = PRESENTATION_LAYER_ASSIGNMENT (  '', '', ( #57 ) ) ;
#1463 = DIRECTION ( 'NONE',  ( -1.000000000000000000, 0.000000000000000000, 0.000000000000000000 ) ) ;
#1464 = MECHANICAL_DESIGN_GEOMETRIC_PRESENTATION_REPRESENTATION (  '', ( #3516 ), #140 ) ;
#1465 = ORIENTED_EDGE ( 'NONE', *, *, #2564, .F. ) ;
#1466 = SURFACE_SIDE_STYLE ('',( #3424 ) ) ;
#1467 = PRESENTATION_LAYER_ASSIGNMENT (  '', '', ( #3185 ) ) ;
#1468 = CARTESIAN_POINT ( 'NONE',  ( -7.639999999999999680, -4.424999999999999822, -4.424999999999999822 ) ) ;
#1469 = VERTEX_POINT ( 'NONE', #3259 ) ;
#1470 = COLOUR_RGB ( '',0.2000000000000000111, 0.2000000000000000111, 0.2000000000000000111 ) ;
#1471 =( GEOMETRIC_REPRESENTATION_CONTEXT ( 3 ) GLOBAL_UNCERTAINTY_ASSIGNED_CONTEXT ( ( #974 ) ) GLOBAL_UNIT_ASSIGNED_CONTEXT ( ( #4110, #2036, #1325 ) ) REPRESENTATION_CONTEXT ( 'NONE', 'WORKASPACE' ) );
#1472 = EDGE_CURVE ( 'NONE', #1665, #4041, #1555, .T. ) ;
#1473 = DIRECTION ( 'NONE',  ( -0.7071067811865490160, 4.791541927135551392E-16, 0.7071067811865461294 ) ) ;
#1474 = CARTESIAN_POINT ( 'NONE',  ( -8.673617379884041389E-16, -3.625000000000000000, -4.675000000000000711 ) ) ;
#1475 = SURFACE_SIDE_STYLE ('',( #5060 ) ) ;
#1476 = AXIS2_PLACEMENT_3D ( 'NONE', #4928, #4959, #4653 ) ;
#1477 = EDGE_LOOP ( 'NONE', ( #3374, #430, #1174, #3216, #4902, #4419, #2796, #3739, #4084, #3285, #3824, #3788 ) ) ;
#1478 = PLANE ( 'NONE',  #1476 ) ;
#1479 = ORIENTED_EDGE ( 'NONE', *, *, #3349, .T. ) ;
#1480 = EDGE_LOOP ( 'NONE', ( #859, #4520, #3080, #2447 ) ) ;
#1481 = EDGE_CURVE ( 'NONE', #158, #4576, #918, .T. ) ;
#1482 = LINE ( 'NONE', #3003, #3102 ) ;
#1483 = VECTOR ( 'NONE', #1192, 1000.000000000000000 ) ;
#1484 = SURFACE_STYLE_FILL_AREA ( #2198 ) ;
#1485 = ORIENTED_EDGE ( 'NONE', *, *, #4926, .T. ) ;
#1486 = LINE ( 'NONE', #2575, #2631 ) ;
#1487 = APPLICATION_PROTOCOL_DEFINITION ( 'draft international standard', 'automotive_design', 1998, #1933 ) ;
#1488 = PLANE ( 'NONE',  #1310 ) ;
#1489 = DIRECTION ( 'NONE',  ( 0.000000000000000000, -0.7071067811865460184, -0.7071067811865489050 ) ) ;
#1490 = DIRECTION ( 'NONE',  ( 1.365923996832129884E-16, -1.000000000000000000, 0.000000000000000000 ) ) ;
#1491 = COLOUR_RGB ( '',0.2000000000000000111, 0.2000000000000000111, 0.2000000000000000111 ) ;
#1492 = DIRECTION ( 'NONE',  ( 0.5773502691896257311, -0.5773502691896253980, -0.5773502691896263972 ) ) ;
#1493 = CARTESIAN_POINT ( 'NONE',  ( 0.000000000000000000, -3.174999999999999822, -2.075000000000000178 ) ) ;
#1494 = EDGE_LOOP ( 'NONE', ( #3872, #674 ) ) ;
#1495 = VECTOR ( 'NONE', #1809, 1000.000000000000000 ) ;
#1496 = UNCERTAINTY_MEASURE_WITH_UNIT (LENGTH_MEASURE( 1.000000000000000082E-05 ), #1461, 'distance_accuracy_value', 'NONE');
#1497 = CARTESIAN_POINT ( 'NONE',  ( 0.3200000000000000067, 0.9499999999999999556, -3.924999999999998046 ) ) ;
#1498 = SURFACE_STYLE_FILL_AREA ( #347 ) ;
#1499 =( NAMED_UNIT ( * ) PLANE_ANGLE_UNIT ( ) SI_UNIT ( $, .RADIAN. ) );
#1500 = SURFACE_STYLE_FILL_AREA ( #3838 ) ;
#1501 = ORIENTED_EDGE ( 'NONE', *, *, #4663, .T. ) ;
#1502 = CARTESIAN_POINT ( 'NONE',  ( 2.250000000000000444, -3.775000000000000355, 4.424999999999999822 ) ) ;
#1503 = DIRECTION ( 'NONE',  ( 0.000000000000000000, -0.000000000000000000, 1.000000000000000000 ) ) ;
#1504 = DIRECTION ( 'NONE',  ( -1.000000000000000000, -0.000000000000000000, -0.000000000000000000 ) ) ;
#1505 = DIRECTION ( 'NONE',  ( -1.000000000000000000, 0.000000000000000000, 0.000000000000000000 ) ) ;
#1506 = CARTESIAN_POINT ( 'NONE',  ( -2.220000000000001084, 0.9500000000000002887, -3.925000000000000711 ) ) ;
#1507 = PLANE ( 'NONE',  #1145 ) ;
#1508 =( NAMED_UNIT ( * ) PLANE_ANGLE_UNIT ( ) SI_UNIT ( $, .RADIAN. ) );
#1509 = DIRECTION ( 'NONE',  ( -1.000000000000000000, 0.000000000000000000, 0.000000000000000000 ) ) ;
#1510 = ADVANCED_FACE ( 'NONE', ( #442 ), #3313, .F. ) ;
#1511 = ORIENTED_EDGE ( 'NONE', *, *, #4404, .T. ) ;
#1512 = DIRECTION ( 'NONE',  ( -0.000000000000000000, 0.000000000000000000, 1.000000000000000000 ) ) ;
#1513 = PRODUCT_CONTEXT ( 'NONE', #1410, 'mechanical' ) ;
#1514 = EDGE_CURVE ( 'NONE', #215, #112, #2134, .T. ) ;
#1515 = FILL_AREA_STYLE_COLOUR ( '', #4517 ) ;
#1516 = CARTESIAN_POINT ( 'NONE',  ( 7.639999999999999680, -0.4499999999999999001, -4.424999999999999822 ) ) ;
#1517 = EDGE_LOOP ( 'NONE', ( #4246, #2841, #1851, #2688 ) ) ;
#1518 = VECTOR ( 'NONE', #2578, 1000.000000000000000 ) ;
#1519 = ORIENTED_EDGE ( 'NONE', *, *, #3821, .F. ) ;
#1520 = ORIENTED_EDGE ( 'NONE', *, *, #4630, .F. ) ;
#1521 = DIRECTION ( 'NONE',  ( 0.000000000000000000, 1.000000000000000000, -0.000000000000000000 ) ) ;
#1522 = SURFACE_STYLE_FILL_AREA ( #2029 ) ;
#1523 =( LENGTH_UNIT ( ) NAMED_UNIT ( * ) SI_UNIT ( .MILLI., .METRE. ) );
#1524 = FACE_OUTER_BOUND ( 'NONE', #874, .T. ) ;
#1525 = ORIENTED_EDGE ( 'NONE', *, *, #4841, .F. ) ;
#1526 = ORIENTED_EDGE ( 'NONE', *, *, #1601, .T. ) ;
#1527 = CIRCLE ( 'NONE', #1614, 0.4250000000000000444 ) ;
#1528 = PRESENTATION_LAYER_ASSIGNMENT (  '', '', ( #2427 ) ) ;
#1529 = ORIENTED_EDGE ( 'NONE', *, *, #2657, .F. ) ;
#1530 = MECHANICAL_DESIGN_GEOMETRIC_PRESENTATION_REPRESENTATION (  '', ( #3342 ), #3256 ) ;
#1531 = LINE ( 'NONE', #4342, #59 ) ;
#1532 = VERTEX_POINT ( 'NONE', #1764 ) ;
#1533 = CARTESIAN_POINT ( 'NONE',  ( -4.750000000000000000, -3.625000000000000000, -4.675000000000000711 ) ) ;
#1534 = VECTOR ( 'NONE', #3164, 1000.000000000000000 ) ;
#1535 = UNCERTAINTY_MEASURE_WITH_UNIT (LENGTH_MEASURE( 1.000000000000000082E-05 ), #2586, 'distance_accuracy_value', 'NONE');
#1536 = EDGE_CURVE ( 'NONE', #2684, #2449, #2493, .T. ) ;
#1537 = SURFACE_SIDE_STYLE ('',( #1094 ) ) ;
#1538 =( NAMED_UNIT ( * ) PLANE_ANGLE_UNIT ( ) SI_UNIT ( $, .RADIAN. ) );
#1539 = COLOUR_RGB ( '',0.2000000000000000111, 0.2000000000000000111, 0.2000000000000000111 ) ;
#1540 =( NAMED_UNIT ( * ) PLANE_ANGLE_UNIT ( ) SI_UNIT ( $, .RADIAN. ) );
#1541 = EDGE_LOOP ( 'NONE', ( #4975, #4100, #404, #2278 ) ) ;
#1542 = EDGE_CURVE ( 'NONE', #774, #1259, #2523, .T. ) ;
#1543 = LINE ( 'NONE', #1502, #3279 ) ;
#1544 = VECTOR ( 'NONE', #2577, 1000.000000000000000 ) ;
#1545 = SURFACE_STYLE_USAGE ( .BOTH. , #1935 ) ;
#1546 = DIRECTION ( 'NONE',  ( 6.776263578034399754E-16, 1.000000000000000000, 0.000000000000000000 ) ) ;
#1547 = PRESENTATION_LAYER_ASSIGNMENT (  '', '', ( #3446 ) ) ;
#1548 = LINE ( 'NONE', #2722, #2930 ) ;
#1549 = UNCERTAINTY_MEASURE_WITH_UNIT (LENGTH_MEASURE( 1.000000000000000082E-05 ), #1577, 'distance_accuracy_value', 'NONE');
#1550 = COLOUR_RGB ( '',0.2000000000000000111, 0.2000000000000000111, 0.2000000000000000111 ) ;
#1551 = ORIENTED_EDGE ( 'NONE', *, *, #836, .T. ) ;
#1552 = AXIS2_PLACEMENT_3D ( 'NONE', #2126, #2851, #138 ) ;
#1553 = PRESENTATION_STYLE_ASSIGNMENT (( #1987 ) ) ;
#1554 = SURFACE_STYLE_USAGE ( .BOTH. , #2792 ) ;
#1555 = CIRCLE ( 'NONE', #1309, 0.4250000000000000444 ) ;
#1556 =( GEOMETRIC_REPRESENTATION_CONTEXT ( 3 ) GLOBAL_UNCERTAINTY_ASSIGNED_CONTEXT ( ( #2110 ) ) GLOBAL_UNIT_ASSIGNED_CONTEXT ( ( #286, #3391, #1835 ) ) REPRESENTATION_CONTEXT ( 'NONE', 'WORKASPACE' ) );
#1557 = MECHANICAL_DESIGN_GEOMETRIC_PRESENTATION_REPRESENTATION (  '', ( #3117 ), #4548 ) ;
#1558 = FILL_AREA_STYLE ('',( #5094 ) ) ;
#1559 = EDGE_LOOP ( 'NONE', ( #24, #4549, #3626, #1584 ) ) ;
#1560 = COLOUR_RGB ( '',0.2000000000000000111, 0.2000000000000000111, 0.2000000000000000111 ) ;
#1561 = FILL_AREA_STYLE_COLOUR ( '', #716 ) ;
#1562 = VECTOR ( 'NONE', #4332, 1000.000000000000000 ) ;
#1563 = PRESENTATION_LAYER_ASSIGNMENT (  '', '', ( #2205 ) ) ;
#1564 = CARTESIAN_POINT ( 'NONE',  ( -2.860000000000000764, -1.590000000000000746, -3.924999999999998934 ) ) ;
#1565 =( LENGTH_UNIT ( ) NAMED_UNIT ( * ) SI_UNIT ( .MILLI., .METRE. ) );
#1566 = ORIENTED_EDGE ( 'NONE', *, *, #4998, .F. ) ;
#1567 = EDGE_LOOP ( 'NONE', ( #1917, #3132, #4116, #1676 ) ) ;
#1568 = AXIS2_PLACEMENT_3D ( 'NONE', #2047, #3728, #187 ) ;
#1569 = DIRECTION ( 'NONE',  ( -1.000000000000000000, -0.000000000000000000, 0.000000000000000000 ) ) ;
#1570 = FACE_BOUND ( 'NONE', #1517, .T. ) ;
#1571 = ADVANCED_FACE ( 'NONE', ( #837 ), #891, .T. ) ;
#1572 = STYLED_ITEM ( 'NONE', ( #4631 ), #3058 ) ;
#1573 = EDGE_CURVE ( 'NONE', #468, #127, #4217, .T. ) ;
#1574 = PRESENTATION_STYLE_ASSIGNMENT (( #3607 ) ) ;
#1575 = ORIENTED_EDGE ( 'NONE', *, *, #4813, .T. ) ;
#1576 = APPLICATION_CONTEXT ( 'automotive_design' ) ;
#1577 =( LENGTH_UNIT ( ) NAMED_UNIT ( * ) SI_UNIT ( .MILLI., .METRE. ) );
#1578 =( NAMED_UNIT ( * ) PLANE_ANGLE_UNIT ( ) SI_UNIT ( $, .RADIAN. ) );
#1579 = COLOUR_RGB ( '',0.2000000000000000111, 0.2000000000000000111, 0.2000000000000000111 ) ;
#1580 = CARTESIAN_POINT ( 'NONE',  ( -4.840000000000000746, 4.424999999999999822, -4.424999999999999822 ) ) ;
#1581 = CARTESIAN_POINT ( 'NONE',  ( 3.359999999999999432, 0.4500000000000004552, -4.424999999999999822 ) ) ;
#1582 = VECTOR ( 'NONE', #1293, 999.9999999999998863 ) ;
#1583 = ADVANCED_FACE ( 'NONE', ( #4240 ), #1839, .F. ) ;
#1584 = ORIENTED_EDGE ( 'NONE', *, *, #245, .T. ) ;
#1585 =( NAMED_UNIT ( * ) SI_UNIT ( $, .STERADIAN. ) SOLID_ANGLE_UNIT ( ) );
#1586 = CARTESIAN_POINT ( 'NONE',  ( -3.524999999999999911, -0.1199999999999999956, 5.799999999999999822 ) ) ;
#1587 = ORIENTED_EDGE ( 'NONE', *, *, #3988, .F. ) ;
#1588 = DIRECTION ( 'NONE',  ( 1.000000000000000000, 0.000000000000000000, -0.000000000000000000 ) ) ;
#1589 = PRODUCT_DEFINITION_SHAPE ( 'NONE', 'NONE',  #665 ) ;
#1590 = CARTESIAN_POINT ( 'NONE',  ( -4.325000000000000178, 3.625000000000000000, -4.424999999999999822 ) ) ;
#1591 = FACE_OUTER_BOUND ( 'NONE', #1149, .T. ) ;
#1592 = DIRECTION ( 'NONE',  ( -0.5773502691896259531, -0.5773502691896245098, -0.5773502691896269523 ) ) ;
#1593 = EDGE_LOOP ( 'NONE', ( #4455, #819, #1844, #2609 ) ) ;
#1594 = DIRECTION ( 'NONE',  ( -0.000000000000000000, -0.000000000000000000, -1.000000000000000000 ) ) ;
#1595 = CARTESIAN_POINT ( 'NONE',  ( -7.639999999999999680, -1.649999999999999911, -4.424999999999999822 ) ) ;
#1596 = SURFACE_STYLE_USAGE ( .BOTH. , #3944 ) ;
#1597 = ADVANCED_FACE ( 'NONE', ( #3419 ), #966, .F. ) ;
#1598 = PLANE ( 'NONE',  #1140 ) ;
#1599 =( NAMED_UNIT ( * ) PLANE_ANGLE_UNIT ( ) SI_UNIT ( $, .RADIAN. ) );
#1600 = LINE ( 'NONE', #2741, #1873 ) ;
#1601 = EDGE_CURVE ( 'NONE', #112, #2931, #576, .T. ) ;
#1602 =( NAMED_UNIT ( * ) PLANE_ANGLE_UNIT ( ) SI_UNIT ( $, .RADIAN. ) );
#1603 = DIRECTION ( 'NONE',  ( -0.5773502691896246208, -0.5773502691896250649, -0.5773502691896275074 ) ) ;
#1604 = UNCERTAINTY_MEASURE_WITH_UNIT (LENGTH_MEASURE( 1.000000000000000082E-05 ), #4511, 'distance_accuracy_value', 'NONE');
#1605 = ORIENTED_EDGE ( 'NONE', *, *, #2170, .T. ) ;
#1606 = VECTOR ( 'NONE', #4157, 1000.000000000000000 ) ;
#1607 = PRESENTATION_STYLE_ASSIGNMENT (( #750 ) ) ;
#1608 = CARTESIAN_POINT ( 'NONE',  ( -0.4250000000000008216, -3.625000000000000000, -4.675000000000000711 ) ) ;
#1609 = EDGE_CURVE ( 'NONE', #3891, #1780, #1783, .T. ) ;
#1610 = ORIENTED_EDGE ( 'NONE', *, *, #4231, .T. ) ;
#1611 = VERTEX_POINT ( 'NONE', #2304 ) ;
#1612 = CARTESIAN_POINT ( 'NONE',  ( -8.673617379884041389E-16, 3.625000000000000000, -4.675000000000000711 ) ) ;
#1613 = LINE ( 'NONE', #1241, #884 ) ;
#1614 = AXIS2_PLACEMENT_3D ( 'NONE', #1400, #2998, #1505 ) ;
#1615 = COLOUR_RGB ( '',0.8705882352941176627, 0.6313725490196078205, 0.1725490196078431349 ) ;
#1616 = CARTESIAN_POINT ( 'NONE',  ( -3.084999999999999964, 0.3200000000000000622, -5.299999999999998934 ) ) ;
#1617 = VERTEX_POINT ( 'NONE', #3086 ) ;
#1618 = SURFACE_SIDE_STYLE ('',( #99 ) ) ;
#1619 = DIRECTION ( 'NONE',  ( -0.000000000000000000, -0.000000000000000000, -1.000000000000000000 ) ) ;
#1620 =( LENGTH_UNIT ( ) NAMED_UNIT ( * ) SI_UNIT ( .MILLI., .METRE. ) );
#1621 = DIRECTION ( 'NONE',  ( -0.000000000000000000, -0.000000000000000000, -1.000000000000000000 ) ) ;
#1622 = DIRECTION ( 'NONE',  ( -0.000000000000000000, -1.000000000000000000, -0.000000000000000000 ) ) ;
#1623 = EDGE_CURVE ( 'NONE', #4079, #2831, #2322, .T. ) ;
#1624 = DIRECTION ( 'NONE',  ( -0.000000000000000000, -0.000000000000000000, -1.000000000000000000 ) ) ;
#1625 = LINE ( 'NONE', #2812, #1704 ) ;
#1626 = COLOUR_RGB ( '',0.2000000000000000111, 0.2000000000000000111, 0.2000000000000000111 ) ;
#1627 = VECTOR ( 'NONE', #3572, 1000.000000000000000 ) ;
#1628 = ORIENTED_EDGE ( 'NONE', *, *, #1881, .F. ) ;
#1629 = EDGE_CURVE ( 'NONE', #2533, #1905, #4708, .T. ) ;
#1630 = STYLED_ITEM ( 'NONE', ( #412 ), #2250 ) ;
#1631 = CARTESIAN_POINT ( 'NONE',  ( 2.220000000000000195, -0.9499999999999999556, -21.93981562965040411 ) ) ;
#1632 = FILL_AREA_STYLE_COLOUR ( '', #1956 ) ;
#1633 =( GEOMETRIC_REPRESENTATION_CONTEXT ( 3 ) GLOBAL_UNCERTAINTY_ASSIGNED_CONTEXT ( ( #1070 ) ) GLOBAL_UNIT_ASSIGNED_CONTEXT ( ( #3345, #4101, #148 ) ) REPRESENTATION_CONTEXT ( 'NONE', 'WORKASPACE' ) );
#1634 = PRESENTATION_LAYER_ASSIGNMENT (  '', '', ( #1042 ) ) ;
#1635 = ORIENTED_EDGE ( 'NONE', *, *, #4526, .F. ) ;
#1636 = DIRECTION ( 'NONE',  ( 0.000000000000000000, 1.000000000000000000, 0.000000000000000000 ) ) ;
#1637 = PRESENTATION_LAYER_ASSIGNMENT (  '', '', ( #1892 ) ) ;
#1638 = CARTESIAN_POINT ( 'NONE',  ( -2.220000000000000195, 0.000000000000000000, -2.075000000000000178 ) ) ;
#1639 = ORIENTED_EDGE ( 'NONE', *, *, #1623, .F. ) ;
#1640 =( GEOMETRIC_REPRESENTATION_CONTEXT ( 3 ) GLOBAL_UNCERTAINTY_ASSIGNED_CONTEXT ( ( #4025 ) ) GLOBAL_UNIT_ASSIGNED_CONTEXT ( ( #3995, #595, #445 ) ) REPRESENTATION_CONTEXT ( 'NONE', 'WORKASPACE' ) );
#1641 = DIRECTION ( 'NONE',  ( 0.000000000000000000, -0.7071067811865460184, 0.7071067811865489050 ) ) ;
#1642 = AXIS2_PLACEMENT_3D ( 'NONE', #3194, #4824, #4437 ) ;
#1643 = VERTEX_POINT ( 'NONE', #1148 ) ;
#1644 = PRESENTATION_STYLE_ASSIGNMENT (( #3599 ) ) ;
#1645 = SURFACE_STYLE_FILL_AREA ( #543 ) ;
#1646 = CARTESIAN_POINT ( 'NONE',  ( 0.000000000000000000, 4.424999999999999822, 4.424999999999999822 ) ) ;
#1647 = PRESENTATION_LAYER_ASSIGNMENT (  '', '', ( #4294 ) ) ;
#1648 = PRESENTATION_STYLE_ASSIGNMENT (( #2465 ) ) ;
#1649 = DIRECTION ( 'NONE',  ( -1.000000000000000000, 0.000000000000000000, 0.000000000000000000 ) ) ;
#1650 = VERTEX_POINT ( 'NONE', #3933 ) ;
#1651 =( NAMED_UNIT ( * ) SI_UNIT ( $, .STERADIAN. ) SOLID_ANGLE_UNIT ( ) );
#1652 =( NAMED_UNIT ( * ) PLANE_ANGLE_UNIT ( ) SI_UNIT ( $, .RADIAN. ) );
#1653 = SURFACE_STYLE_USAGE ( .BOTH. , #4055 ) ;
#1654 = MECHANICAL_DESIGN_GEOMETRIC_PRESENTATION_REPRESENTATION (  '', ( #3541 ), #4398 ) ;
#1655 = DIRECTION ( 'NONE',  ( 1.000000000000000000, 6.776263578034399754E-16, 0.000000000000000000 ) ) ;
#1656 = EDGE_CURVE ( 'NONE', #1469, #1532, #3131, .T. ) ;
#1657 =( NAMED_UNIT ( * ) PLANE_ANGLE_UNIT ( ) SI_UNIT ( $, .RADIAN. ) );
#1658 = FILL_AREA_STYLE_COLOUR ( '', #1050 ) ;
#1659 = UNCERTAINTY_MEASURE_WITH_UNIT (LENGTH_MEASURE( 1.000000000000000082E-05 ), #3898, 'distance_accuracy_value', 'NONE');
#1660 = ORIENTED_EDGE ( 'NONE', *, *, #645, .T. ) ;
#1661 = MECHANICAL_DESIGN_GEOMETRIC_PRESENTATION_REPRESENTATION (  '', ( #3213 ), #2979 ) ;
#1662 = DIRECTION ( 'NONE',  ( 0.000000000000000000, 0.000000000000000000, -1.000000000000000000 ) ) ;
#1663 = SURFACE_SIDE_STYLE ('',( #3068 ) ) ;
#1664 = SURFACE_SIDE_STYLE ('',( #88 ) ) ;
#1665 = VERTEX_POINT ( 'NONE', #3473 ) ;
#1666 = CARTESIAN_POINT ( 'NONE',  ( 0.000000000000000000, -4.424999999999999822, 4.424999999999999822 ) ) ;
#1667 = FILL_AREA_STYLE_COLOUR ( '', #1411 ) ;
#1668 = ORIENTED_EDGE ( 'NONE', *, *, #5079, .F. ) ;
#1669 = DIRECTION ( 'NONE',  ( 0.000000000000000000, 0.000000000000000000, 1.000000000000000000 ) ) ;
#1670 = EDGE_CURVE ( 'NONE', #1253, #1027, #4684, .T. ) ;
#1671 = CARTESIAN_POINT ( 'NONE',  ( -5.174999999999999822, 3.625000000000000000, -4.424999999999999822 ) ) ;
#1672 = CARTESIAN_POINT ( 'NONE',  ( 0.000000000000000000, -1.590000000000000080, -2.075000000000000178 ) ) ;
#1673 = EDGE_CURVE ( 'NONE', #2519, #3247, #1531, .T. ) ;
#1674 =( NAMED_UNIT ( * ) PLANE_ANGLE_UNIT ( ) SI_UNIT ( $, .RADIAN. ) );
#1675 = LINE ( 'NONE', #5124, #2886 ) ;
#1676 = ORIENTED_EDGE ( 'NONE', *, *, #3135, .F. ) ;
#1677 =( NAMED_UNIT ( * ) SI_UNIT ( $, .STERADIAN. ) SOLID_ANGLE_UNIT ( ) );
#1678 = SURFACE_STYLE_USAGE ( .BOTH. , #1618 ) ;
#1679 = EDGE_CURVE ( 'NONE', #4255, #4124, #3692, .T. ) ;
#1680 = FILL_AREA_STYLE_COLOUR ( '', #4334 ) ;
#1681 =( LENGTH_UNIT ( ) NAMED_UNIT ( * ) SI_UNIT ( .MILLI., .METRE. ) );
#1682 = LINE ( 'NONE', #1711, #2807 ) ;
#1683 = FILL_AREA_STYLE ('',( #2830 ) ) ;
#1684 = ORIENTED_EDGE ( 'NONE', *, *, #4296, .F. ) ;
#1685 =( LENGTH_UNIT ( ) NAMED_UNIT ( * ) SI_UNIT ( .MILLI., .METRE. ) );
#1686 = CARTESIAN_POINT ( 'NONE',  ( 6.589999999999999858, -4.424999999999999822, 3.825000000000000178 ) ) ;
#1687 = SURFACE_STYLE_FILL_AREA ( #3643 ) ;
#1688 = MANIFOLD_SOLID_BREP ( 'Imported1', #2238 ) ;
#1689 = FILL_AREA_STYLE_COLOUR ( '', #4519 ) ;
#1690 =( NAMED_UNIT ( * ) SI_UNIT ( $, .STERADIAN. ) SOLID_ANGLE_UNIT ( ) );
#1691 = CARTESIAN_POINT ( 'NONE',  ( 6.589999999999999858, 3.174999999999999822, 3.825000000000001066 ) ) ;
#1692 = EDGE_LOOP ( 'NONE', ( #1185, #4898, #5108, #587 ) ) ;
#1693 = DIRECTION ( 'NONE',  ( 0.000000000000000000, -0.000000000000000000, 1.000000000000000000 ) ) ;
#1694 =( LENGTH_UNIT ( ) NAMED_UNIT ( * ) SI_UNIT ( .MILLI., .METRE. ) );
#1695 = EDGE_CURVE ( 'NONE', #593, #3608, #342, .T. ) ;
#1696 = DIRECTION ( 'NONE',  ( -1.000000000000000000, 0.000000000000000000, -0.000000000000000000 ) ) ;
#1697 = DIRECTION ( 'NONE',  ( 1.000000000000000000, 0.000000000000000000, -0.000000000000000000 ) ) ;
#1698 = ORIENTED_EDGE ( 'NONE', *, *, #1745, .T. ) ;
#1699 = VERTEX_POINT ( 'NONE', #5072 ) ;
#1700 = LINE ( 'NONE', #856, #2122 ) ;
#1701 = CARTESIAN_POINT ( 'NONE',  ( 0.000000000000000000, -1.649999999999999911, 1.975000000000000089 ) ) ;
#1702 = AXIS2_PLACEMENT_3D ( 'NONE', #1252, #2466, #123 ) ;
#1703 = SURFACE_STYLE_USAGE ( .BOTH. , #883 ) ;
#1704 = VECTOR ( 'NONE', #844, 1000.000000000000000 ) ;
#1705 = VERTEX_POINT ( 'NONE', #3069 ) ;
#1706 =( NAMED_UNIT ( * ) PLANE_ANGLE_UNIT ( ) SI_UNIT ( $, .RADIAN. ) );
#1707 = EDGE_CURVE ( 'NONE', #3730, #227, #4261, .T. ) ;
#1708 =( NAMED_UNIT ( * ) SI_UNIT ( $, .STERADIAN. ) SOLID_ANGLE_UNIT ( ) );
#1709 = SURFACE_STYLE_FILL_AREA ( #1340 ) ;
#1710 = EDGE_CURVE ( 'NONE', #4290, #2533, #1168, .T. ) ;
#1711 = CARTESIAN_POINT ( 'NONE',  ( 6.590000000000000746, 0.000000000000000000, 1.975000000000000089 ) ) ;
#1712 =( NAMED_UNIT ( * ) SI_UNIT ( $, .STERADIAN. ) SOLID_ANGLE_UNIT ( ) );
#1713 =( NAMED_UNIT ( * ) PLANE_ANGLE_UNIT ( ) SI_UNIT ( $, .RADIAN. ) );
#1714 = FACE_OUTER_BOUND ( 'NONE', #4917, .T. ) ;
#1715 = CARTESIAN_POINT ( 'NONE',  ( 0.4249999999999991007, 3.625000000000000000, -4.675000000000000711 ) ) ;
#1716 = COLOUR_RGB ( '',0.2000000000000000111, 0.2000000000000000111, 0.2000000000000000111 ) ;
#1717 = UNCERTAINTY_MEASURE_WITH_UNIT (LENGTH_MEASURE( 1.000000000000000082E-05 ), #260, 'distance_accuracy_value', 'NONE');
#1718 = ORIENTED_EDGE ( 'NONE', *, *, #1117, .F. ) ;
#1719 = PRESENTATION_LAYER_ASSIGNMENT (  '', '', ( #619 ) ) ;
#1720 = LINE ( 'NONE', #3698, #3426 ) ;
#1721 = CARTESIAN_POINT ( 'NONE',  ( 1.720000000000000195, -4.424999999999999822, -4.424999999999999822 ) ) ;
#1722 = VERTEX_POINT ( 'NONE', #3862 ) ;
#1723 = COLOUR_RGB ( '',0.2000000000000000111, 0.2000000000000000111, 0.2000000000000000111 ) ;
#1724 = VECTOR ( 'NONE', #364, 1000.000000000000000 ) ;
#1725 = ORIENTED_EDGE ( 'NONE', *, *, #4280, .T. ) ;
#1726 =( NAMED_UNIT ( * ) SI_UNIT ( $, .STERADIAN. ) SOLID_ANGLE_UNIT ( ) );
#1727 =( NAMED_UNIT ( * ) SI_UNIT ( $, .STERADIAN. ) SOLID_ANGLE_UNIT ( ) );
#1728 = VECTOR ( 'NONE', #183, 1000.000000000000000 ) ;
#1729 = EDGE_CURVE ( 'NONE', #4338, #2664, #4105, .T. ) ;
#1730 = EDGE_LOOP ( 'NONE', ( #4942, #2532, #790, #2400, #1207, #4516, #1323, #2748 ) ) ;
#1731 = AXIS2_PLACEMENT_3D ( 'NONE', #2271, #3859, #3469 ) ;
#1733 = AXIS2_PLACEMENT_3D ( 'NONE', #2587, #4620, #3428 ) ;
#1732 = PRODUCT_DEFINITION_CONTEXT ( 'detailed design', #4045, 'design' ) ;
#1734 = DIRECTION ( 'NONE',  ( 6.776263578034399754E-16, 1.000000000000000000, 0.000000000000000000 ) ) ;
#1735 = PRESENTATION_LAYER_ASSIGNMENT (  '', '', ( #2546 ) ) ;
#1736 = DIRECTION ( 'NONE',  ( 1.000000000000000000, 0.000000000000000000, -0.000000000000000000 ) ) ;
#1737 = PRESENTATION_LAYER_ASSIGNMENT (  '', '', ( #3200 ) ) ;
#1738 = PRESENTATION_LAYER_ASSIGNMENT (  '', '', ( #2954 ) ) ;
#1739 = EDGE_LOOP ( 'NONE', ( #4218, #2982, #492, #265 ) ) ;
#1740 = PRESENTATION_LAYER_ASSIGNMENT (  '', '', ( #4032 ) ) ;
#1741 = ADVANCED_FACE ( 'NONE', ( #1904 ), #5103, .F. ) ;
#1742 = FACE_OUTER_BOUND ( 'NONE', #2755, .T. ) ;
#1743 =( LENGTH_UNIT ( ) NAMED_UNIT ( * ) SI_UNIT ( .MILLI., .METRE. ) );
#1744 = FILL_AREA_STYLE ('',( #105 ) ) ;
#1745 = EDGE_CURVE ( 'NONE', #221, #2905, #2904, .T. ) ;
#1746 = PRESENTATION_LAYER_ASSIGNMENT (  '', '', ( #4299 ) ) ;
#1747 =( NAMED_UNIT ( * ) SI_UNIT ( $, .STERADIAN. ) SOLID_ANGLE_UNIT ( ) );
#1748 = ORIENTED_EDGE ( 'NONE', *, *, #2799, .F. ) ;
#1749 = DIRECTION ( 'NONE',  ( 0.000000000000000000, 0.7071067811865490160, 0.7071067811865461294 ) ) ;
#1750 = FACE_OUTER_BOUND ( 'NONE', #1593, .T. ) ;
#1751 = LINE ( 'NONE', #561, #2038 ) ;
#1752 = ORIENTED_EDGE ( 'NONE', *, *, #3020, .F. ) ;
#1753 = VERTEX_POINT ( 'NONE', #2457 ) ;
#1754 =( NAMED_UNIT ( * ) PLANE_ANGLE_UNIT ( ) SI_UNIT ( $, .RADIAN. ) );
#1755 = FACE_OUTER_BOUND ( 'NONE', #2815, .T. ) ;
#1756 = CARTESIAN_POINT ( 'NONE',  ( 2.860000000000000320, -0.9499999999999999556, -21.93981562965040411 ) ) ;
#1757 = DIRECTION ( 'NONE',  ( 0.3481553119113959816, -0.3481553119113959260, 0.8703882797784889824 ) ) ;
#1758 = CARTESIAN_POINT ( 'NONE',  ( -0.3200000000000000067, 1.590000000000000080, -21.93981562965040411 ) ) ;
#1759 = EDGE_LOOP ( 'NONE', ( #4765, #2067, #137, #1660 ) ) ;
#1760 = LINE ( 'NONE', #98, #4115 ) ;
#1761 = LINE ( 'NONE', #1186, #3852 ) ;
#1762 = CARTESIAN_POINT ( 'NONE',  ( 0.3199999999999997846, -0.9499999999999998446, -3.924999999999998046 ) ) ;
#1763 = CARTESIAN_POINT ( 'NONE',  ( 2.220000000000000195, 0.9499999999999999556, -2.075000000000000622 ) ) ;
#1764 = CARTESIAN_POINT ( 'NONE',  ( 2.250000000000000444, -3.174999999999998934, -2.075000000000000178 ) ) ;
#1765 = VERTEX_POINT ( 'NONE', #1616 ) ;
#1766 = CARTESIAN_POINT ( 'NONE',  ( 0.000000000000000000, 4.424999999999999822, 0.000000000000000000 ) ) ;
#1767 = CARTESIAN_POINT ( 'NONE',  ( 6.590000000000000746, -4.424999999999999822, -4.424999999999999822 ) ) ;
#1768 = ADVANCED_FACE ( 'NONE', ( #914 ), #3283, .F. ) ;
#1769 = UNCERTAINTY_MEASURE_WITH_UNIT (LENGTH_MEASURE( 1.000000000000000082E-05 ), #2208, 'distance_accuracy_value', 'NONE');
#1770 = EDGE_LOOP ( 'NONE', ( #2075, #2725, #2329, #1526 ) ) ;
#1771 = ORIENTED_EDGE ( 'NONE', *, *, #1623, .T. ) ;
#1772 = EDGE_CURVE ( 'NONE', #740, #458, #4091, .T. ) ;
#1773 = CARTESIAN_POINT ( 'NONE',  ( -5.174999999999999822, -3.625000000000000000, -4.675000000000000711 ) ) ;
#1774 = PRESENTATION_STYLE_ASSIGNMENT (( #4544 ) ) ;
#1775 = ORIENTED_EDGE ( 'NONE', *, *, #2617, .F. ) ;
#1776 = EDGE_CURVE ( 'NONE', #4124, #4255, #4624, .T. ) ;
#1777 = EDGE_CURVE ( 'NONE', #752, #5104, #4815, .T. ) ;
#1778 =( NAMED_UNIT ( * ) PLANE_ANGLE_UNIT ( ) SI_UNIT ( $, .RADIAN. ) );
#1779 = FILL_AREA_STYLE_COLOUR ( '', #2969 ) ;
#1780 = VERTEX_POINT ( 'NONE', #3969 ) ;
#1781 = PRODUCT_DEFINITION_CONTEXT ( 'detailed design', #1028, 'design' ) ;
#1782 = CARTESIAN_POINT ( 'NONE',  ( -3.725000000000000089, 0.3200000000000000067, 5.799999999999999822 ) ) ;
#1783 = LINE ( 'NONE', #1389, #2043 ) ;
#1784 = ADVANCED_FACE ( 'NONE', ( #3596 ), #117, .T. ) ;
#1785 = ORIENTED_EDGE ( 'NONE', *, *, #4296, .T. ) ;
#1786 = VECTOR ( 'NONE', #355, 1000.000000000000000 ) ;
#1787 = DIRECTION ( 'NONE',  ( 0.000000000000000000, -0.9284766908852591927, 0.3713906763541040545 ) ) ;
#1788 = PLANE ( 'NONE',  #2933 ) ;
#1789 = VECTOR ( 'NONE', #200, 1000.000000000000000 ) ;
#1790 = ORIENTED_EDGE ( 'NONE', *, *, #1037, .F. ) ;
#1791 = EDGE_CURVE ( 'NONE', #2336, #2519, #2620, .T. ) ;
#1792 = ORIENTED_EDGE ( 'NONE', *, *, #768, .F. ) ;
#1793 = LINE ( 'NONE', #678, #1213 ) ;
#1794 = DIRECTION ( 'NONE',  ( -0.000000000000000000, -0.000000000000000000, -1.000000000000000000 ) ) ;
#1795 = COLOUR_RGB ( '',0.2000000000000000111, 0.2000000000000000111, 0.2000000000000000111 ) ;
#1796 = ORIENTED_EDGE ( 'NONE', *, *, #333, .F. ) ;
#1797 = PRESENTATION_STYLE_ASSIGNMENT (( #2195 ) ) ;
#1798 =( GEOMETRIC_REPRESENTATION_CONTEXT ( 3 ) GLOBAL_UNCERTAINTY_ASSIGNED_CONTEXT ( ( #2061 ) ) GLOBAL_UNIT_ASSIGNED_CONTEXT ( ( #920, #4459, #1345 ) ) REPRESENTATION_CONTEXT ( 'NONE', 'WORKASPACE' ) );
#1799 = DIRECTION ( 'NONE',  ( 4.996323375509239972E-16, 1.000000000000000000, 0.000000000000000000 ) ) ;
#1800 =( LENGTH_UNIT ( ) NAMED_UNIT ( * ) SI_UNIT ( .MILLI., .METRE. ) );
#1801 = CARTESIAN_POINT ( 'NONE',  ( -7.639999999999999680, 4.424999999999999822, 0.000000000000000000 ) ) ;
#1802 = EDGE_CURVE ( 'NONE', #1753, #1452, #2571, .T. ) ;
#1803 = PRESENTATION_LAYER_ASSIGNMENT (  '', '', ( #3516 ) ) ;
#1804 = VERTEX_POINT ( 'NONE', #951 ) ;
#1805 = ITEM_DEFINED_TRANSFORMATION ( 'NONE', 'NONE', #3016,  #4609 ) ;
#1806 = MECHANICAL_DESIGN_GEOMETRIC_PRESENTATION_REPRESENTATION (  '', ( #3185 ), #3268 ) ;
#1807 = VECTOR ( 'NONE', #432, 1000.000000000000000 ) ;
#1808 = LINE ( 'NONE', #2129, #1544 ) ;
#1809 = DIRECTION ( 'NONE',  ( -0.000000000000000000, -0.000000000000000000, -1.000000000000000000 ) ) ;
#1810 = SURFACE_STYLE_FILL_AREA ( #1034 ) ;
#1811 =( GEOMETRIC_REPRESENTATION_CONTEXT ( 3 ) GLOBAL_UNCERTAINTY_ASSIGNED_CONTEXT ( ( #2633 ) ) GLOBAL_UNIT_ASSIGNED_CONTEXT ( ( #916, #1706, #471 ) ) REPRESENTATION_CONTEXT ( 'NONE', 'WORKASPACE' ) );
#1812 = ORIENTED_EDGE ( 'NONE', *, *, #788, .T. ) ;
#1813 = UNCERTAINTY_MEASURE_WITH_UNIT (LENGTH_MEASURE( 1.000000000000000082E-05 ), #1157, 'distance_accuracy_value', 'NONE');
#1814 = CARTESIAN_POINT ( 'NONE',  ( -3.524999999999999911, -0.3200000000000000067, 5.799999999999999822 ) ) ;
#1815 = PRESENTATION_STYLE_ASSIGNMENT (( #676 ) ) ;
#1816 = MECHANICAL_DESIGN_GEOMETRIC_PRESENTATION_REPRESENTATION (  '', ( #1393 ), #3700 ) ;
#1817 = MECHANICAL_DESIGN_GEOMETRIC_PRESENTATION_REPRESENTATION (  '', ( #4122 ), #3780 ) ;
#1818 = VECTOR ( 'NONE', #827, 1000.000000000000000 ) ;
#1819 = LINE ( 'NONE', #4983, #1226 ) ;
#1820 =( GEOMETRIC_REPRESENTATION_CONTEXT ( 3 ) GLOBAL_UNCERTAINTY_ASSIGNED_CONTEXT ( ( #1123 ) ) GLOBAL_UNIT_ASSIGNED_CONTEXT ( ( #5023, #996, #3760 ) ) REPRESENTATION_CONTEXT ( 'NONE', 'WORKASPACE' ) );
#1821 = ORIENTED_EDGE ( 'NONE', *, *, #4430, .T. ) ;
#1822 = FILL_AREA_STYLE ('',( #1045 ) ) ;
#1823 = PRESENTATION_STYLE_ASSIGNMENT (( #2589 ) ) ;
#1824 =( GEOMETRIC_REPRESENTATION_CONTEXT ( 3 ) GLOBAL_UNCERTAINTY_ASSIGNED_CONTEXT ( ( #1011 ) ) GLOBAL_UNIT_ASSIGNED_CONTEXT ( ( #491, #4847, #3958 ) ) REPRESENTATION_CONTEXT ( 'NONE', 'WORKASPACE' ) );
#1825 = ORIENTED_EDGE ( 'NONE', *, *, #3349, .F. ) ;
#1826 = ORIENTED_EDGE ( 'NONE', *, *, #1836, .F. ) ;
#1827 = PRESENTATION_STYLE_ASSIGNMENT (( #1431 ) ) ;
#1828 = CARTESIAN_POINT ( 'NONE',  ( -6.590000000000000746, -4.424999999999999822, 3.825000000000000622 ) ) ;
#1829 = DIRECTION ( 'NONE',  ( 0.7071067811865490160, 4.791541927135559281E-16, 0.7071067811865461294 ) ) ;
#1830 = VECTOR ( 'NONE', #3439, 999.9999999999998863 ) ;
#1831 = EDGE_CURVE ( 'NONE', #3126, #3896, #2510, .T. ) ;
#1832 = ORIENTED_EDGE ( 'NONE', *, *, #2380, .T. ) ;
#1833 =( LENGTH_UNIT ( ) NAMED_UNIT ( * ) SI_UNIT ( .MILLI., .METRE. ) );
#1834 = CARTESIAN_POINT ( 'NONE',  ( 0.000000000000000000, 0.000000000000000000, 0.000000000000000000 ) ) ;
#1835 =( NAMED_UNIT ( * ) SI_UNIT ( $, .STERADIAN. ) SOLID_ANGLE_UNIT ( ) );
#1836 = EDGE_CURVE ( 'NONE', #2554, #2062, #4150, .T. ) ;
#1837 = DIRECTION ( 'NONE',  ( -1.000000000000000000, 0.000000000000000000, 0.000000000000000000 ) ) ;
#1838 = CARTESIAN_POINT ( 'NONE',  ( 3.360000000000000320, -4.424999999999999822, -4.424999999999999822 ) ) ;
#1839 = PLANE ( 'NONE',  #3366 ) ;
#1840 = ORIENTED_EDGE ( 'NONE', *, *, #324, .T. ) ;
#1841 = FILL_AREA_STYLE_COLOUR ( '', #2272 ) ;
#1842 = FACE_OUTER_BOUND ( 'NONE', #1480, .T. ) ;
#1843 = DIRECTION ( 'NONE',  ( 0.000000000000000000, -0.000000000000000000, -1.000000000000000000 ) ) ;
#1844 = ORIENTED_EDGE ( 'NONE', *, *, #2617, .T. ) ;
#1845 = FILL_AREA_STYLE ('',( #1017 ) ) ;
#1846 = LINE ( 'NONE', #4505, #3298 ) ;
#1847 = LINE ( 'NONE', #4954, #3348 ) ;
#1848 =( NAMED_UNIT ( * ) SI_UNIT ( $, .STERADIAN. ) SOLID_ANGLE_UNIT ( ) );
#1849 = SURFACE_SIDE_STYLE ('',( #5086 ) ) ;
#1850 =( REPRESENTATION_RELATIONSHIP ('NONE','NONE', #3271, #2756 ) REPRESENTATION_RELATIONSHIP_WITH_TRANSFORMATION ( #244 )SHAPE_REPRESENTATION_RELATIONSHIP( ) );
#1851 = ORIENTED_EDGE ( 'NONE', *, *, #3968, .T. ) ;
#1852 = SURFACE_STYLE_USAGE ( .BOTH. , #2978 ) ;
#1853 = CARTESIAN_POINT ( 'NONE',  ( -2.250000000000000444, -4.424999999999999822, 4.424999999999999822 ) ) ;
#1854 = CARTESIAN_POINT ( 'NONE',  ( -1.719999999999999973, -4.424999999999999822, -4.424999999999999822 ) ) ;
#1855 =( GEOMETRIC_REPRESENTATION_CONTEXT ( 3 ) GLOBAL_UNCERTAINTY_ASSIGNED_CONTEXT ( ( #3952 ) ) GLOBAL_UNIT_ASSIGNED_CONTEXT ( ( #1893, #1657, #1690 ) ) REPRESENTATION_CONTEXT ( 'NONE', 'WORKASPACE' ) );
#1856 = ORIENTED_EDGE ( 'NONE', *, *, #3125, .F. ) ;
#1857 = CONTEXT_DEPENDENT_SHAPE_REPRESENTATION ( #2733, #789 ) ;
#1858 = DIRECTION ( 'NONE',  ( 0.000000000000000000, -0.000000000000000000, 1.000000000000000000 ) ) ;
#1859 = DIRECTION ( 'NONE',  ( 0.000000000000000000, -0.000000000000000000, 1.000000000000000000 ) ) ;
#1860 = ADVANCED_FACE ( 'NONE', ( #1755 ), #4883, .F. ) ;
#1861 = FACE_OUTER_BOUND ( 'NONE', #1739, .T. ) ;
#1862 = UNCERTAINTY_MEASURE_WITH_UNIT (LENGTH_MEASURE( 1.000000000000000082E-05 ), #2411, 'distance_accuracy_value', 'NONE');
#1863 = SURFACE_STYLE_USAGE ( .BOTH. , #3376 ) ;
#1864 = CARTESIAN_POINT ( 'NONE',  ( -3.360000000000000320, -4.424999999999999822, -4.424999999999999822 ) ) ;
#1865 = LINE ( 'NONE', #1887, #4643 ) ;
#1866 = VECTOR ( 'NONE', #4914, 1000.000000000000114 ) ;
#1867 = DIRECTION ( 'NONE',  ( 1.000000000000000000, -6.776263578034399754E-16, 0.000000000000000000 ) ) ;
#1868 = SURFACE_STYLE_USAGE ( .BOTH. , #1849 ) ;
#1869 = FACE_OUTER_BOUND ( 'NONE', #1559, .T. ) ;
#1870 = ORIENTED_EDGE ( 'NONE', *, *, #4858, .F. ) ;
#1871 = SURFACE_STYLE_FILL_AREA ( #2236 ) ;
#1872 = VECTOR ( 'NONE', #1794, 1000.000000000000000 ) ;
#1873 = VECTOR ( 'NONE', #1624, 1000.000000000000000 ) ;
#1874 = EDGE_LOOP ( 'NONE', ( #4669, #5053, #3253, #2041 ) ) ;
#1875 = FILL_AREA_STYLE_COLOUR ( '', #3867 ) ;
#1876 = ORIENTED_EDGE ( 'NONE', *, *, #4196, .T. ) ;
#1877 = MECHANICAL_DESIGN_GEOMETRIC_PRESENTATION_REPRESENTATION (  '', ( #2863 ), #2622 ) ;
#1878 = COLOUR_RGB ( '',0.2000000000000000111, 0.2000000000000000111, 0.2000000000000000111 ) ;
#1879 = AXIS2_PLACEMENT_3D ( 'NONE', #1950, #5134, #3156 ) ;
#1880 = CARTESIAN_POINT ( 'NONE',  ( 1.720000000000000417, -2.089999999999999858, -4.424999999999999822 ) ) ;
#1881 = EDGE_CURVE ( 'NONE', #3896, #1259, #251, .T. ) ;
#1882 = EDGE_LOOP ( 'NONE', ( #4826, #3365, #4534, #1775 ) ) ;
#1883 = VECTOR ( 'NONE', #1859, 1000.000000000000000 ) ;
#1884 = COLOUR_RGB ( '',0.2000000000000000111, 0.2000000000000000111, 0.2000000000000000111 ) ;
#1885 = VECTOR ( 'NONE', #363, 1000.000000000000000 ) ;
#1886 = DIRECTION ( 'NONE',  ( -0.5773502691896249539, 0.5773502691896249539, -0.5773502691896272854 ) ) ;
#1887 = CARTESIAN_POINT ( 'NONE',  ( 2.219999999999996643, 1.590000000000000302, -3.924999999999997158 ) ) ;
#1888 = CARTESIAN_POINT ( 'NONE',  ( -2.860000000000000320, 0.000000000000000000, -2.075000000000000178 ) ) ;
#1889 = EDGE_CURVE ( 'NONE', #189, #3899, #222, .T. ) ;
#1890 = PLANE ( 'NONE',  #2710 ) ;
#1891 = FILL_AREA_STYLE_COLOUR ( '', #1491 ) ;
#1892 = STYLED_ITEM ( 'NONE', ( #2700 ), #3544 ) ;
#1893 =( LENGTH_UNIT ( ) NAMED_UNIT ( * ) SI_UNIT ( .MILLI., .METRE. ) );
#1894 = LINE ( 'NONE', #3028, #1830 ) ;
#1895 = CARTESIAN_POINT ( 'NONE',  ( 0.3200000000000000067, 0.9499999999999999556, -2.075000000000000622 ) ) ;
#1896 = VECTOR ( 'NONE', #3526, 1000.000000000000000 ) ;
#1897 = MECHANICAL_DESIGN_GEOMETRIC_PRESENTATION_REPRESENTATION (  '', ( #646 ), #2726 ) ;
#1898 = ORIENTED_EDGE ( 'NONE', *, *, #799, .T. ) ;
#1899 =( NAMED_UNIT ( * ) SI_UNIT ( $, .STERADIAN. ) SOLID_ANGLE_UNIT ( ) );
#1900 = FILL_AREA_STYLE_COLOUR ( '', #2445 ) ;
#1901 = DIRECTION ( 'NONE',  ( 0.000000000000000000, 0.7071067811865490160, 0.7071067811865461294 ) ) ;
#1902 = VECTOR ( 'NONE', #501, 1000.000000000000000 ) ;
#1903 = DIRECTION ( 'NONE',  ( 0.000000000000000000, -0.9284766908852591927, -0.3713906763541040545 ) ) ;
#1904 = FACE_OUTER_BOUND ( 'NONE', #4350, .T. ) ;
#1905 = VERTEX_POINT ( 'NONE', #2606 ) ;
#1906 = STYLED_ITEM ( 'NONE', ( #907 ), #2987 ) ;
#1907 = ORIENTED_EDGE ( 'NONE', *, *, #4934, .F. ) ;
#1908 = UNCERTAINTY_MEASURE_WITH_UNIT (LENGTH_MEASURE( 1.000000000000000082E-05 ), #2435, 'distance_accuracy_value', 'NONE');
#1909 = ADVANCED_BREP_SHAPE_REPRESENTATION ( '', ( #5078, #4609 ), #126 ) ;
#1910 = FILL_AREA_STYLE ('',( #761 ) ) ;
#1911 = EDGE_LOOP ( 'NONE', ( #3756, #2894 ) ) ;
#1912 = PRESENTATION_STYLE_ASSIGNMENT (( #2388 ) ) ;
#1913 = LINE ( 'NONE', #2314, #1534 ) ;
#1914 = SURFACE_SIDE_STYLE ('',( #4575 ) ) ;
#1915 = SURFACE_SIDE_STYLE ('',( #331 ) ) ;
#1916 = VERTEX_POINT ( 'NONE', #4978 ) ;
#1917 = ORIENTED_EDGE ( 'NONE', *, *, #3125, .T. ) ;
#1918 = FILL_AREA_STYLE_COLOUR ( '', #1884 ) ;
#1919 = EDGE_CURVE ( 'NONE', #2705, #740, #624, .T. ) ;
#1920 = ORIENTED_EDGE ( 'NONE', *, *, #703, .F. ) ;
#1921 = DIRECTION ( 'NONE',  ( -1.000000000000000000, 0.000000000000000000, 0.000000000000000000 ) ) ;
#1922 = EDGE_LOOP ( 'NONE', ( #1525, #4001, #2305, #4184 ) ) ;
#1923 = SURFACE_STYLE_USAGE ( .BOTH. , #725 ) ;
#1924 = SURFACE_SIDE_STYLE ('',( #1236 ) ) ;
#1925 = PRESENTATION_STYLE_ASSIGNMENT (( #2345 ) ) ;
#1926 = AXIS2_PLACEMENT_3D ( 'NONE', #852, #3245, #131 ) ;
#1927 = DIRECTION ( 'NONE',  ( 0.000000000000000000, 0.000000000000000000, 1.000000000000000000 ) ) ;
#1928 = EDGE_LOOP ( 'NONE', ( #4308, #280, #1051, #3267 ) ) ;
#1929 =( NAMED_UNIT ( * ) SI_UNIT ( $, .STERADIAN. ) SOLID_ANGLE_UNIT ( ) );
#1930 = AXIS2_PLACEMENT_3D ( 'NONE', #1838, #3810, #598 ) ;
#1931 =( NAMED_UNIT ( * ) SI_UNIT ( $, .STERADIAN. ) SOLID_ANGLE_UNIT ( ) );
#1932 = VERTEX_POINT ( 'NONE', #4243 ) ;
#1933 = APPLICATION_CONTEXT ( 'automotive_design' ) ;
#1934 = CARTESIAN_POINT ( 'NONE',  ( 0.000000000000000000, 0.000000000000000000, 1.975000000000000089 ) ) ;
#1935 = SURFACE_SIDE_STYLE ('',( #353 ) ) ;
#1936 = CARTESIAN_POINT ( 'NONE',  ( 3.360000000000000320, -4.424999999999999822, -4.424999999999999822 ) ) ;
#1937 = FACE_OUTER_BOUND ( 'NONE', #1759, .T. ) ;
#1938 = EDGE_CURVE ( 'NONE', #2911, #593, #2252, .T. ) ;
#1939 =( NAMED_UNIT ( * ) PLANE_ANGLE_UNIT ( ) SI_UNIT ( $, .RADIAN. ) );
#1940 = MECHANICAL_DESIGN_GEOMETRIC_PRESENTATION_REPRESENTATION (  '', ( #3249 ), #1275 ) ;
#1941 = ORIENTED_EDGE ( 'NONE', *, *, #1384, .T. ) ;
#1942 = EDGE_LOOP ( 'NONE', ( #2789, #1684, #5140, #2369 ) ) ;
#1943 = SURFACE_STYLE_FILL_AREA ( #5067 ) ;
#1944 = CARTESIAN_POINT ( 'NONE',  ( -3.084999999999999964, -0.3200000000000000067, 5.799999999999999822 ) ) ;
#1945 = ADVANCED_FACE ( 'NONE', ( #4586 ), #1012, .T. ) ;
#1946 = PRESENTATION_LAYER_ASSIGNMENT (  '', '', ( #4183 ) ) ;
#1947 = DIRECTION ( 'NONE',  ( -1.000000000000000000, 0.000000000000000000, 0.000000000000000000 ) ) ;
#1948 = ORIENTED_EDGE ( 'NONE', *, *, #1776, .T. ) ;
#1949 = UNCERTAINTY_MEASURE_WITH_UNIT (LENGTH_MEASURE( 1.000000000000000082E-05 ), #2178, 'distance_accuracy_value', 'NONE');
#1950 = CARTESIAN_POINT ( 'NONE',  ( -2.860000000000000320, 0.9499999999999999556, -21.93981562965040411 ) ) ;
#1951 = FACE_OUTER_BOUND ( 'NONE', #564, .T. ) ;
#1952 = SURFACE_STYLE_USAGE ( .BOTH. , #4762 ) ;
#1953 = PRESENTATION_LAYER_ASSIGNMENT (  '', '', ( #622 ) ) ;
#1954 = VECTOR ( 'NONE', #2276, 1000.000000000000000 ) ;
#1955 = VERTEX_POINT ( 'NONE', #735 ) ;
#1956 = COLOUR_RGB ( '',0.2000000000000000111, 0.2000000000000000111, 0.2000000000000000111 ) ;
#1957 = LINE ( 'NONE', #4690, #4617 ) ;
#1958 = COLOUR_RGB ( '',0.8705882352941176627, 0.6313725490196078205, 0.1725490196078431349 ) ;
#1959 = UNCERTAINTY_MEASURE_WITH_UNIT (LENGTH_MEASURE( 1.000000000000000082E-05 ), #1368, 'distance_accuracy_value', 'NONE');
#1960 = AXIS2_PLACEMENT_3D ( 'NONE', #1063, #1344, #1489 ) ;
#1961 = PRESENTATION_LAYER_ASSIGNMENT (  '', '', ( #2125 ) ) ;
#1962 = ORIENTED_EDGE ( 'NONE', *, *, #4657, .T. ) ;
#1963 = FILL_AREA_STYLE_COLOUR ( '', #1716 ) ;
#1964 = AXIS2_PLACEMENT_3D ( 'NONE', #3, #3979, #477 ) ;
#1965 = COLOUR_RGB ( '',0.2000000000000000111, 0.2000000000000000111, 0.2000000000000000111 ) ;
#1966 = EDGE_LOOP ( 'NONE', ( #1270, #1093, #3484, #277 ) ) ;
#1967 = VECTOR ( 'NONE', #2720, 1000.000000000000000 ) ;
#1968 = PLANE ( 'NONE',  #546 ) ;
#1969 = LINE ( 'NONE', #1672, #2137 ) ;
#1970 = MECHANICAL_DESIGN_GEOMETRIC_PRESENTATION_REPRESENTATION (  '', ( #2299 ), #1221 ) ;
#1971 = DIRECTION ( 'NONE',  ( -0.000000000000000000, -0.000000000000000000, -1.000000000000000000 ) ) ;
#1972 = AXIS2_PLACEMENT_3D ( 'NONE', #3585, #51, #2693 ) ;
#1973 = ORIENTED_EDGE ( 'NONE', *, *, #3056, .F. ) ;
#1974 = FACE_OUTER_BOUND ( 'NONE', #3064, .T. ) ;
#1975 = EDGE_CURVE ( 'NONE', #2931, #593, #4734, .T. ) ;
#1976 = FACE_BOUND ( 'NONE', #4666, .T. ) ;
#1977 = FILL_AREA_STYLE_COLOUR ( '', #743 ) ;
#1978 = CARTESIAN_POINT ( 'NONE',  ( -7.639999999999999680, 4.424999999999999822, 4.424999999999999822 ) ) ;
#1979 = LINE ( 'NONE', #737, #1483 ) ;
#1980 = ORIENTED_EDGE ( 'NONE', *, *, #4060, .F. ) ;
#1981 = SURFACE_STYLE_FILL_AREA ( #2056 ) ;
#1982 = VECTOR ( 'NONE', #717, 1000.000000000000000 ) ;
#1983 = DIRECTION ( 'NONE',  ( -6.776263578034399754E-16, -1.000000000000000000, -0.000000000000000000 ) ) ;
#1984 = LINE ( 'NONE', #2813, #3789 ) ;
#1985 = COLOUR_RGB ( '',0.2000000000000000111, 0.2000000000000000111, 0.2000000000000000111 ) ;
#1986 = ORIENTED_EDGE ( 'NONE', *, *, #389, .T. ) ;
#1987 = SURFACE_STYLE_USAGE ( .BOTH. , #1183 ) ;
#1988 = EDGE_LOOP ( 'NONE', ( #4842, #1455, #3960, #1397 ) ) ;
#1989 = CARTESIAN_POINT ( 'NONE',  ( 0.3250000000000000111, 4.424999999999999822, -4.424999999999999822 ) ) ;
#1990 = ORIENTED_EDGE ( 'NONE', *, *, #4716, .F. ) ;
#1991 = CARTESIAN_POINT ( 'NONE',  ( -2.250000000000000444, 0.000000000000000000, -2.075000000000000178 ) ) ;
#1992 = LINE ( 'NONE', #33, #960 ) ;
#1993 = PRESENTATION_STYLE_ASSIGNMENT (( #2321 ) ) ;
#1994 = CARTESIAN_POINT ( 'NONE',  ( -3.360000000000000320, 2.089999999999999858, -4.424999999999999822 ) ) ;
#1995 = ORIENTED_EDGE ( 'NONE', *, *, #4322, .T. ) ;
#1996 = DIRECTION ( 'NONE',  ( 0.000000000000000000, 0.000000000000000000, 1.000000000000000000 ) ) ;
#1997 = ORIENTED_EDGE ( 'NONE', *, *, #2825, .F. ) ;
#1998 = LINE ( 'NONE', #4265, #4454 ) ;
#1999 = DIRECTION ( 'NONE',  ( -1.000000000000000000, 0.000000000000000000, 0.000000000000000000 ) ) ;
#2000 = EDGE_CURVE ( 'NONE', #2716, #2265, #1998, .T. ) ;
#2001 = CARTESIAN_POINT ( 'NONE',  ( 2.220000000000000195, 0.9499999999999999556, -21.93981562965040411 ) ) ;
#2002 = FILL_AREA_STYLE ('',( #4434 ) ) ;
#2003 = EDGE_CURVE ( 'NONE', #4710, #1402, #2308, .T. ) ;
#2004 = LINE ( 'NONE', #3120, #52 ) ;
#2005 = PLANE ( 'NONE',  #3911 ) ;
#2006 = PRESENTATION_STYLE_ASSIGNMENT (( #2837 ) ) ;
#2007 = EDGE_CURVE ( 'NONE', #4924, #1142, #3893, .T. ) ;
#2008 = UNCERTAINTY_MEASURE_WITH_UNIT (LENGTH_MEASURE( 1.000000000000000082E-05 ), #1694, 'distance_accuracy_value', 'NONE');
#2009 = ORIENTED_EDGE ( 'NONE', *, *, #1601, .F. ) ;
#2010 = CYLINDRICAL_SURFACE ( 'NONE', #1972, 0.4250000000000000444 ) ;
#2011 = PLANE ( 'NONE',  #2614 ) ;
#2012 =( NAMED_UNIT ( * ) PLANE_ANGLE_UNIT ( ) SI_UNIT ( $, .RADIAN. ) );
#2013 = ORIENTED_EDGE ( 'NONE', *, *, #4360, .T. ) ;
#2014 = DIRECTION ( 'NONE',  ( -1.000000000000000000, -0.000000000000000000, 0.000000000000000000 ) ) ;
#2015 = AXIS2_PLACEMENT_3D ( 'NONE', #2860, #1281, #2560 ) ;
#2016 = DIRECTION ( 'NONE',  ( -1.000000000000000000, 0.000000000000000000, 0.000000000000000000 ) ) ;
#2017 = ORIENTED_EDGE ( 'NONE', *, *, #4263, .F. ) ;
#2018 = ORIENTED_EDGE ( 'NONE', *, *, #387, .T. ) ;
#2019 = SURFACE_SIDE_STYLE ('',( #3990 ) ) ;
#2020 = DIRECTION ( 'NONE',  ( -0.000000000000000000, 1.000000000000000000, 0.000000000000000000 ) ) ;
#2021 = AXIS2_PLACEMENT_3D ( 'NONE', #2395, #3922, #848 ) ;
#2022 = LINE ( 'NONE', #1646, #3928 ) ;
#2023 = CARTESIAN_POINT ( 'NONE',  ( -4.750000000000000000, 3.625000000000000000, -4.675000000000000711 ) ) ;
#2024 = PRESENTATION_STYLE_ASSIGNMENT (( #3258 ) ) ;
#2025 = FILL_AREA_STYLE ('',( #2405 ) ) ;
#2026 = LINE ( 'NONE', #4297, #104 ) ;
#2027 = VECTOR ( 'NONE', #399, 1000.000000000000000 ) ;
#2028 = ORIENTED_EDGE ( 'NONE', *, *, #3625, .T. ) ;
#2029 = FILL_AREA_STYLE ('',( #5084 ) ) ;
#2030 = COLOUR_RGB ( '',0.2000000000000000111, 0.2000000000000000111, 0.2000000000000000111 ) ;
#2031 = EDGE_CURVE ( 'NONE', #3466, #4068, #4759, .T. ) ;
#2032 = EDGE_LOOP ( 'NONE', ( #785, #616, #5113, #1361 ) ) ;
#2033 = AXIS2_PLACEMENT_3D ( 'NONE', #849, #3860, #1490 ) ;
#2034 = EDGE_CURVE ( 'NONE', #3320, #4906, #3606, .T. ) ;
#2035 = VECTOR ( 'NONE', #2906, 1000.000000000000000 ) ;
#2036 =( NAMED_UNIT ( * ) PLANE_ANGLE_UNIT ( ) SI_UNIT ( $, .RADIAN. ) );
#2037 = DIRECTION ( 'NONE',  ( 0.000000000000000000, -0.000000000000000000, 1.000000000000000000 ) ) ;
#2038 = VECTOR ( 'NONE', #4955, 1000.000000000000000 ) ;
#2039 = MECHANICAL_DESIGN_GEOMETRIC_PRESENTATION_REPRESENTATION (  '', ( #2950 ), #3773 ) ;
#2040 =( GEOMETRIC_REPRESENTATION_CONTEXT ( 3 ) GLOBAL_UNCERTAINTY_ASSIGNED_CONTEXT ( ( #5133 ) ) GLOBAL_UNIT_ASSIGNED_CONTEXT ( ( #7, #4702, #3105 ) ) REPRESENTATION_CONTEXT ( 'NONE', 'WORKASPACE' ) );
#2041 = ORIENTED_EDGE ( 'NONE', *, *, #5132, .T. ) ;
#2042 = SURFACE_STYLE_USAGE ( .BOTH. , #2509 ) ;
#2043 = VECTOR ( 'NONE', #4732, 1000.000000000000000 ) ;
#2044 = MECHANICAL_DESIGN_GEOMETRIC_PRESENTATION_REPRESENTATION (  '', ( #1216 ), #1640 ) ;
#2045 = LINE ( 'NONE', #3152, #2296 ) ;
#2046 = COLOUR_RGB ( '',0.2000000000000000111, 0.2000000000000000111, 0.2000000000000000111 ) ;
#2047 = CARTESIAN_POINT ( 'NONE',  ( 4.750000000000000000, -3.625000000000000000, -4.424999999999999822 ) ) ;
#2048 = VECTOR ( 'NONE', #301, 1000.000000000000000 ) ;
#2049 = ORIENTED_EDGE ( 'NONE', *, *, #869, .T. ) ;
#2050 = FILL_AREA_STYLE ('',( #39 ) ) ;
#2051 = VECTOR ( 'NONE', #2438, 1000.000000000000000 ) ;
#2052 = STYLED_ITEM ( 'NONE', ( #896 ), #1360 ) ;
#2053 = CYLINDRICAL_SURFACE ( 'NONE', #1336, 0.3362499999999997158 ) ;
#2054 = VERTEX_POINT ( 'NONE', #3865 ) ;
#2055 = FILL_AREA_STYLE_COLOUR ( '', #3038 ) ;
#2056 = FILL_AREA_STYLE ('',( #79 ) ) ;
#2057 = DIRECTION ( 'NONE',  ( -0.7071067811865480168, -4.791541927135549420E-16, 0.7071067811865470176 ) ) ;
#2058 =( NAMED_UNIT ( * ) PLANE_ANGLE_UNIT ( ) SI_UNIT ( $, .RADIAN. ) );
#2059 = AXIS2_PLACEMENT_3D ( 'NONE', #4178, #962, #1837 ) ;
#2060 = DIRECTION ( 'NONE',  ( 0.5773502691896255090, 0.5773502691896263972, 0.5773502691896255090 ) ) ;
#2061 = UNCERTAINTY_MEASURE_WITH_UNIT (LENGTH_MEASURE( 1.000000000000000082E-05 ), #920, 'distance_accuracy_value', 'NONE');
#2062 = VERTEX_POINT ( 'NONE', #4713 ) ;
#2063 =( NAMED_UNIT ( * ) PLANE_ANGLE_UNIT ( ) SI_UNIT ( $, .RADIAN. ) );
#2064 = CARTESIAN_POINT ( 'NONE',  ( 6.590000000000000746, -1.649999999999999911, 1.975000000000000089 ) ) ;
#2065 = ADVANCED_FACE ( 'NONE', ( #322 ), #5076, .T. ) ;
#2066 = ORIENTED_EDGE ( 'NONE', *, *, #3296, .T. ) ;
#2067 = ORIENTED_EDGE ( 'NONE', *, *, #2229, .T. ) ;
#2068 = SURFACE_SIDE_STYLE ('',( #496 ) ) ;
#2069 = SURFACE_STYLE_FILL_AREA ( #3227 ) ;
#2070 = CYLINDRICAL_SURFACE ( 'NONE', #2960, 0.4250000000000000444 ) ;
#2071 = EDGE_CURVE ( 'NONE', #3977, #796, #2489, .T. ) ;
#2072 = CARTESIAN_POINT ( 'NONE',  ( 0.000000000000000000, -1.590000000000000080, -2.075000000000000178 ) ) ;
#2073 = CARTESIAN_POINT ( 'NONE',  ( 1.719999999999999307, 0.4499999999999999556, -4.424999999999998934 ) ) ;
#2074 = EDGE_CURVE ( 'NONE', #2093, #4576, #4789, .T. ) ;
#2075 = ORIENTED_EDGE ( 'NONE', *, *, #519, .T. ) ;
#2076 = FILL_AREA_STYLE_COLOUR ( '', #1958 ) ;
#2077 = PRESENTATION_STYLE_ASSIGNMENT (( #3664 ) ) ;
#2078 = CARTESIAN_POINT ( 'NONE',  ( 2.860000000000000320, 0.9500000000000000666, -3.924999999999998046 ) ) ;
#2079 = LINE ( 'NONE', #4054, #699 ) ;
#2080 = DIRECTION ( 'NONE',  ( 1.000000000000000000, -0.000000000000000000, 0.000000000000000000 ) ) ;
#2081 = CLOSED_SHELL ( 'NONE', ( #5125, #3725, #2538, #2065, #1053, #3622, #1355, #2590, #4773, #2250, #4870, #834, #1768, #1079 ) ) ;
#2082 = DIRECTION ( 'NONE',  ( 0.9284766908852591927, 0.000000000000000000, -0.3713906763541040545 ) ) ;
#2083 = ORIENTED_EDGE ( 'NONE', *, *, #4495, .T. ) ;
#2084 = PRESENTATION_STYLE_ASSIGNMENT (( #454 ) ) ;
#2085 = FILL_AREA_STYLE_COLOUR ( '', #1026 ) ;
#2086 = DIRECTION ( 'NONE',  ( 0.000000000000000000, -0.000000000000000000, 1.000000000000000000 ) ) ;
#2087 = EDGE_CURVE ( 'NONE', #1905, #949, #523, .T. ) ;
#2088 = ORIENTED_EDGE ( 'NONE', *, *, #3996, .F. ) ;
#2089 = FACE_OUTER_BOUND ( 'NONE', #3048, .T. ) ;
#2090 =( LENGTH_UNIT ( ) NAMED_UNIT ( * ) SI_UNIT ( .MILLI., .METRE. ) );
#2091 = FILL_AREA_STYLE ('',( #1779 ) ) ;
#2092 = SURFACE_STYLE_FILL_AREA ( #4039 ) ;
#2093 = VERTEX_POINT ( 'NONE', #504 ) ;
#2094 = DIRECTION ( 'NONE',  ( 0.000000000000000000, 0.7071067811865490160, 0.7071067811865461294 ) ) ;
#2095 = EDGE_CURVE ( 'NONE', #2459, #283, #4485, .T. ) ;
#2096 = COLOUR_RGB ( '',0.2000000000000000111, 0.2000000000000000111, 0.2000000000000000111 ) ;
#2097 = EDGE_LOOP ( 'NONE', ( #2481, #2355, #311, #4228 ) ) ;
#2098 = EDGE_CURVE ( 'NONE', #2365, #1617, #473, .T. ) ;
#2099 = CARTESIAN_POINT ( 'NONE',  ( 7.639999999999999680, -4.424999999999999822, 1.975000000000000089 ) ) ;
#2100 = FILL_AREA_STYLE_COLOUR ( '', #2030 ) ;
#2101 = CARTESIAN_POINT ( 'NONE',  ( 0.3200000000000000067, -0.9499999999999999556, -21.93981562965040411 ) ) ;
#2102 = DIRECTION ( 'NONE',  ( -0.000000000000000000, -1.000000000000000000, 0.000000000000000000 ) ) ;
#2103 = MECHANICAL_DESIGN_GEOMETRIC_PRESENTATION_REPRESENTATION (  '', ( #532 ), #948 ) ;
#2104 = CARTESIAN_POINT ( 'NONE',  ( 7.639999999999999680, 4.424999999999999822, 4.424999999999999822 ) ) ;
#2105 = ADVANCED_FACE ( 'NONE', ( #3679 ), #3287, .T. ) ;
#2106 = FILL_AREA_STYLE ('',( #2912 ) ) ;
#2107 = SURFACE_STYLE_USAGE ( .BOTH. , #4102 ) ;
#2108 = MECHANICAL_DESIGN_GEOMETRIC_PRESENTATION_REPRESENTATION (  '', ( #619 ), #784 ) ;
#2109 =( NAMED_UNIT ( * ) PLANE_ANGLE_UNIT ( ) SI_UNIT ( $, .RADIAN. ) );
#2110 = UNCERTAINTY_MEASURE_WITH_UNIT (LENGTH_MEASURE( 1.000000000000000082E-05 ), #286, 'distance_accuracy_value', 'NONE');
#2111 = ORIENTED_EDGE ( 'NONE', *, *, #274, .F. ) ;
#2112 = DIRECTION ( 'NONE',  ( -0.5773502691896248429, -0.5773502691896259531, 0.5773502691896263972 ) ) ;
#2113 = MECHANICAL_DESIGN_GEOMETRIC_PRESENTATION_REPRESENTATION (  '', ( #2701 ), #4276 ) ;
#2114 =( NAMED_UNIT ( * ) SI_UNIT ( $, .STERADIAN. ) SOLID_ANGLE_UNIT ( ) );
#2115 = LINE ( 'NONE', #161, #1728 ) ;
#2116 = ORIENTED_EDGE ( 'NONE', *, *, #4965, .F. ) ;
#2117 = ORIENTED_EDGE ( 'NONE', *, *, #2611, .T. ) ;
#2118 =( LENGTH_UNIT ( ) NAMED_UNIT ( * ) SI_UNIT ( .MILLI., .METRE. ) );
#2119 = CARTESIAN_POINT ( 'NONE',  ( 0.000000000000000000, 0.000000000000000000, -2.075000000000000178 ) ) ;
#2120 = MECHANICAL_DESIGN_GEOMETRIC_PRESENTATION_REPRESENTATION (  '', ( #3851 ), #2356 ) ;
#2121 = LINE ( 'NONE', #165, #3793 ) ;
#2122 = VECTOR ( 'NONE', #4810, 1000.000000000000000 ) ;
#2123 = EDGE_LOOP ( 'NONE', ( #1980, #3884, #3970, #2371 ) ) ;
#2124 = PRESENTATION_LAYER_ASSIGNMENT (  '', '', ( #233 ) ) ;
#2125 = STYLED_ITEM ( 'NONE', ( #2566 ), #3303 ) ;
#2126 = CARTESIAN_POINT ( 'NONE',  ( -7.639999999999999680, -4.424999999999999822, 4.424999999999999822 ) ) ;
#2127 = DIRECTION ( 'NONE',  ( 0.000000000000000000, 1.000000000000000000, 0.000000000000000000 ) ) ;
#2128 = DIRECTION ( 'NONE',  ( -1.000000000000000000, 0.000000000000000000, 0.000000000000000000 ) ) ;
#2129 = CARTESIAN_POINT ( 'NONE',  ( 2.860000000000000320, -1.590000000000000080, -3.924999999999998046 ) ) ;
#2130 = EDGE_CURVE ( 'NONE', #1068, #1000, #935, .T. ) ;
#2131 =( NAMED_UNIT ( * ) PLANE_ANGLE_UNIT ( ) SI_UNIT ( $, .RADIAN. ) );
#2132 = AXIS2_PLACEMENT_3D ( 'NONE', #4607, #3009, #268 ) ;
#2133 = STYLED_ITEM ( 'NONE', ( #1424 ), #1121 ) ;
#2134 = LINE ( 'NONE', #2909, #4207 ) ;
#2135 = EDGE_CURVE ( 'NONE', #538, #4689, #2626, .T. ) ;
#2136 = ORIENTED_EDGE ( 'NONE', *, *, #1015, .F. ) ;
#2137 = VECTOR ( 'NONE', #3594, 1000.000000000000000 ) ;
#2138 = MECHANICAL_DESIGN_GEOMETRIC_PRESENTATION_REPRESENTATION (  '', ( #77 ), #2298 ) ;
#2139 = DIRECTION ( 'NONE',  ( 1.000000000000000000, -6.776263578034399754E-16, 0.000000000000000000 ) ) ;
#2140 = PRESENTATION_STYLE_ASSIGNMENT (( #972 ) ) ;
#2141 =( LENGTH_UNIT ( ) NAMED_UNIT ( * ) SI_UNIT ( .MILLI., .METRE. ) );
#2142 = EDGE_LOOP ( 'NONE', ( #3694, #5036, #3093, #2972, #944 ) ) ;
#2143 = ORIENTED_EDGE ( 'NONE', *, *, #294, .F. ) ;
#2144 = PLANE ( 'NONE',  #2871 ) ;
#2145 = PRESENTATION_LAYER_ASSIGNMENT (  '', '', ( #4481 ) ) ;
#2146 = DIRECTION ( 'NONE',  ( -1.000000000000000000, 0.000000000000000000, 0.000000000000000000 ) ) ;
#2147 = EDGE_LOOP ( 'NONE', ( #886, #1718, #3886, #4405 ) ) ;
#2148 = DIRECTION ( 'NONE',  ( 1.000000000000000000, 0.000000000000000000, 0.000000000000000000 ) ) ;
#2149 = VECTOR ( 'NONE', #4324, 1000.000000000000000 ) ;
#2150 =( NAMED_UNIT ( * ) PLANE_ANGLE_UNIT ( ) SI_UNIT ( $, .RADIAN. ) );
#2151 = DIRECTION ( 'NONE',  ( -6.776263578034399754E-16, -1.000000000000000000, 0.000000000000000000 ) ) ;
#2152 = PLANE ( 'NONE',  #4806 ) ;
#2153 = VECTOR ( 'NONE', #1636, 1000.000000000000000 ) ;
#2154 = EDGE_LOOP ( 'NONE', ( #3490, #2486, #648, #3015 ) ) ;
#2155 = DIRECTION ( 'NONE',  ( -6.776263578034399754E-16, 1.000000000000000000, 0.000000000000000000 ) ) ;
#2156 = EDGE_CURVE ( 'NONE', #3319, #2820, #1761, .T. ) ;
#2157 = CARTESIAN_POINT ( 'NONE',  ( -0.3200000000000000067, 0.9499999999999999556, -2.075000000000000622 ) ) ;
#2158 = CARTESIAN_POINT ( 'NONE',  ( 0.3200000000000007283, -4.424999999999999822, -3.924999999999998934 ) ) ;
#2159 = DIRECTION ( 'NONE',  ( -0.000000000000000000, -0.000000000000000000, -1.000000000000000000 ) ) ;
#2160 = EDGE_LOOP ( 'NONE', ( #1134, #2017, #1529, #2256 ) ) ;
#2161 = UNCERTAINTY_MEASURE_WITH_UNIT (LENGTH_MEASURE( 1.000000000000000082E-05 ), #2596, 'distance_accuracy_value', 'NONE');
#2162 = SURFACE_SIDE_STYLE ('',( #4899 ) ) ;
#2163 =( NAMED_UNIT ( * ) PLANE_ANGLE_UNIT ( ) SI_UNIT ( $, .RADIAN. ) );
#2164 = SURFACE_STYLE_FILL_AREA ( #4980 ) ;
#2165 = VERTEX_POINT ( 'NONE', #3983 ) ;
#2166 = EDGE_CURVE ( 'NONE', #4079, #4733, #1266, .T. ) ;
#2167 = ORIENTED_EDGE ( 'NONE', *, *, #3678, .T. ) ;
#2168 = PRESENTATION_STYLE_ASSIGNMENT (( #4593 ) ) ;
#2169 = DIRECTION ( 'NONE',  ( -0.000000000000000000, 0.000000000000000000, -1.000000000000000000 ) ) ;
#2170 = EDGE_CURVE ( 'NONE', #3899, #796, #3593, .T. ) ;
#2171 = DIRECTION ( 'NONE',  ( -0.000000000000000000, -1.000000000000000000, -0.000000000000000000 ) ) ;
#2172 = VERTEX_POINT ( 'NONE', #4783 ) ;
#2173 = CARTESIAN_POINT ( 'NONE',  ( -7.639999999999999680, -1.649999999999999911, -4.424999999999999822 ) ) ;
#2174 = FILL_AREA_STYLE ('',( #5038 ) ) ;
#2175 = SURFACE_STYLE_USAGE ( .BOTH. , #3363 ) ;
#2176 = CARTESIAN_POINT ( 'NONE',  ( 2.860000000000000320, 0.9499999999999999556, -2.075000000000000622 ) ) ;
#2177 = VERTEX_POINT ( 'NONE', #880 ) ;
#2178 =( LENGTH_UNIT ( ) NAMED_UNIT ( * ) SI_UNIT ( .MILLI., .METRE. ) );
#2179 =( NAMED_UNIT ( * ) PLANE_ANGLE_UNIT ( ) SI_UNIT ( $, .RADIAN. ) );
#2180 =( NAMED_UNIT ( * ) SI_UNIT ( $, .STERADIAN. ) SOLID_ANGLE_UNIT ( ) );
#2181 = CARTESIAN_POINT ( 'NONE',  ( -2.220000000000000195, 1.590000000000000080, -21.93981562965040411 ) ) ;
#2182 = LINE ( 'NONE', #3786, #194 ) ;
#2183 = SURFACE_STYLE_USAGE ( .BOTH. , #621 ) ;
#2184 = VERTEX_POINT ( 'NONE', #1671 ) ;
#2185 = CARTESIAN_POINT ( 'NONE',  ( -6.590000000000000746, 0.000000000000000000, 1.975000000000000089 ) ) ;
#2186 = PRESENTATION_STYLE_ASSIGNMENT (( #3042 ) ) ;
#2187 = CARTESIAN_POINT ( 'NONE',  ( 0.000000000000000000, -0.3200000000000000067, -5.299999999999999822 ) ) ;
#2188 = CARTESIAN_POINT ( 'NONE',  ( 7.639999999999999680, -4.424999999999999822, 4.424999999999999822 ) ) ;
#2189 = LINE ( 'NONE', #4167, #4273 ) ;
#2190 = LINE ( 'NONE', #3842, #4000 ) ;
#2191 = VECTOR ( 'NONE', #2675, 1000.000000000000000 ) ;
#2192 = EDGE_CURVE ( 'NONE', #3466, #1198, #4064, .T. ) ;
#2193 = APPLICATION_CONTEXT ( 'automotive_design' ) ;
#2194 = EDGE_LOOP ( 'NONE', ( #345, #985, #2759, #673 ) ) ;
#2195 = SURFACE_STYLE_USAGE ( .BOTH. , #4597 ) ;
#2196 = VECTOR ( 'NONE', #4986, 1000.000000000000000 ) ;
#2197 = DIRECTION ( 'NONE',  ( 1.000000000000000000, -0.000000000000000000, 0.000000000000000000 ) ) ;
#2198 = FILL_AREA_STYLE ('',( #4579 ) ) ;
#2199 =( GEOMETRIC_REPRESENTATION_CONTEXT ( 3 ) GLOBAL_UNCERTAINTY_ASSIGNED_CONTEXT ( ( #293 ) ) GLOBAL_UNIT_ASSIGNED_CONTEXT ( ( #1565, #696, #3517 ) ) REPRESENTATION_CONTEXT ( 'NONE', 'WORKASPACE' ) );
#2200 = ORIENTED_EDGE ( 'NONE', *, *, #1378, .T. ) ;
#2201 = FILL_AREA_STYLE ('',( #1061 ) ) ;
#2202 = AXIS2_PLACEMENT_3D ( 'NONE', #597, #3619, #3980 ) ;
#2203 = FACE_OUTER_BOUND ( 'NONE', #1374, .T. ) ;
#2204 = PRESENTATION_STYLE_ASSIGNMENT (( #4996 ) ) ;
#2205 = STYLED_ITEM ( 'NONE', ( #2168 ), #3302 ) ;
#2206 = VECTOR ( 'NONE', #3543, 999.9999999999998863 ) ;
#2207 = UNCERTAINTY_MEASURE_WITH_UNIT (LENGTH_MEASURE( 1.000000000000000082E-05 ), #2703, 'distance_accuracy_value', 'NONE');
#2208 =( LENGTH_UNIT ( ) NAMED_UNIT ( * ) SI_UNIT ( .MILLI., .METRE. ) );
#2209 = MECHANICAL_DESIGN_GEOMETRIC_PRESENTATION_REPRESENTATION (  '', ( #233 ), #4114 ) ;
#2210 = COLOUR_RGB ( '',0.2000000000000000111, 0.2000000000000000111, 0.2000000000000000111 ) ;
#2211 = PRESENTATION_STYLE_ASSIGNMENT (( #2992 ) ) ;
#2212 =( NAMED_UNIT ( * ) PLANE_ANGLE_UNIT ( ) SI_UNIT ( $, .RADIAN. ) );
#2213 = MECHANICAL_DESIGN_GEOMETRIC_PRESENTATION_REPRESENTATION (  '', ( #476 ), #1820 ) ;
#2214 = ORIENTED_EDGE ( 'NONE', *, *, #4066, .T. ) ;
#2215 = CARTESIAN_POINT ( 'NONE',  ( 2.250000000000000444, 0.000000000000000000, -2.075000000000000178 ) ) ;
#2216 = DIRECTION ( 'NONE',  ( 6.776263578034399754E-16, -1.000000000000000000, 0.000000000000000000 ) ) ;
#2217 = CARTESIAN_POINT ( 'NONE',  ( -5.174999999999999822, 3.625000000000000000, -4.675000000000000711 ) ) ;
#2218 = LINE ( 'NONE', #4226, #1404 ) ;
#2219 = STYLED_ITEM ( 'NONE', ( #3170 ), #2293 ) ;
#2220 =( GEOMETRIC_REPRESENTATION_CONTEXT ( 3 ) GLOBAL_UNCERTAINTY_ASSIGNED_CONTEXT ( ( #2840 ) ) GLOBAL_UNIT_ASSIGNED_CONTEXT ( ( #376, #5092, #4774 ) ) REPRESENTATION_CONTEXT ( 'NONE', 'WORKASPACE' ) );
#2221 = ORIENTED_EDGE ( 'NONE', *, *, #1172, .T. ) ;
#2222 =( NAMED_UNIT ( * ) SI_UNIT ( $, .STERADIAN. ) SOLID_ANGLE_UNIT ( ) );
#2223 = EDGE_CURVE ( 'NONE', #593, #4488, #60, .T. ) ;
#2224 = ORIENTED_EDGE ( 'NONE', *, *, #3656, .F. ) ;
#2225 = DIRECTION ( 'NONE',  ( 0.000000000000000000, 1.000000000000000000, 0.000000000000000000 ) ) ;
#2226 = ITEM_DEFINED_TRANSFORMATION ( 'NONE', 'NONE', #3423,  #4609 ) ;
#2227 = EDGE_CURVE ( 'NONE', #4056, #56, #1700, .T. ) ;
#2228 = LINE ( 'NONE', #3036, #144 ) ;
#2229 = EDGE_CURVE ( 'NONE', #4476, #1916, #1613, .T. ) ;
#2230 = DIRECTION ( 'NONE',  ( -0.5773502691896240657, 0.5773502691896253980, -0.5773502691896278405 ) ) ;
#2231 = DIRECTION ( 'NONE',  ( 0.000000000000000000, 1.000000000000000000, 0.000000000000000000 ) ) ;
#2232 = FILL_AREA_STYLE_COLOUR ( '', #988 ) ;
#2233 = SURFACE_STYLE_FILL_AREA ( #1845 ) ;
#2234 = LINE ( 'NONE', #2258, #1967 ) ;
#2235 = FILL_AREA_STYLE_COLOUR ( '', #4284 ) ;
#2236 = FILL_AREA_STYLE ('',( #3803 ) ) ;
#2237 = SURFACE_SIDE_STYLE ('',( #3747 ) ) ;
#2238 = CLOSED_SHELL ( 'NONE', ( #47, #210, #2713, #5064, #360, #3142, #4489, #3518, #3058, #4432, #1741, #1407, #4358, #2105, #4977, #1121, #992, #448, #2317, #1419, #4468, #2987, #3903, #1343, #2573, #3487, #4348, #1860, #142, #3544, #1084, #3263, #4900, #771, #2769, #4746, #3169, #1360, #4156, #3429, #1327, #3552, #3926, #4564, #3717, #547, #3900, #739, #1008, #2925, #1784, #610, #2513, #3683, #15, #50, #804, #3397, #3972, #539, #134, #1215, #359, #1019, #3686, #1510, #2293, #1597, #2957, #1451, #1583, #5137, #1205, #1353, #3110, #2444, #2951, #4471, #1179, #3422, #5088, #1571, #3488, #3011, #4497, #1945, #2339, #4743, #3302, #2641, #1324, #1156, #4589, #3303, #5017, #3138, #4923, #4402, #4424 ) ) ;
#2239 = ORIENTED_EDGE ( 'NONE', *, *, #4858, .T. ) ;
#2240 = ORIENTED_EDGE ( 'NONE', *, *, #4932, .T. ) ;
#2241 = SURFACE_STYLE_FILL_AREA ( #2201 ) ;
#2242 = APPLICATION_PROTOCOL_DEFINITION ( 'draft international standard', 'automotive_design', 1998, #4045 ) ;
#2243 = FILL_AREA_STYLE ('',( #4704 ) ) ;
#2244 = PLANE ( 'NONE',  #1960 ) ;
#2245 = PLANE ( 'NONE',  #4452 ) ;
#2246 = VECTOR ( 'NONE', #17, 1000.000000000000000 ) ;
#2247 = EDGE_CURVE ( 'NONE', #949, #1027, #3151, .T. ) ;
#2248 = LINE ( 'NONE', #3312, #1866 ) ;
#2249 = VERTEX_POINT ( 'NONE', #2423 ) ;
#2250 = ADVANCED_FACE ( 'NONE', ( #3175 ), #1968, .F. ) ;
#2251 = UNCERTAINTY_MEASURE_WITH_UNIT (LENGTH_MEASURE( 1.000000000000000082E-05 ), #5107, 'distance_accuracy_value', 'NONE');
#2252 = LINE ( 'NONE', #2557, #467 ) ;
#2253 = DIRECTION ( 'NONE',  ( 1.000000000000000000, -6.776263578034399754E-16, 0.000000000000000000 ) ) ;
#2254 = ADVANCED_BREP_SHAPE_REPRESENTATION ( '', ( #1688, #4609 ), #4764 ) ;
#2255 = MECHANICAL_DESIGN_GEOMETRIC_PRESENTATION_REPRESENTATION (  '', ( #608 ), #3582 ) ;
#2256 = ORIENTED_EDGE ( 'NONE', *, *, #4779, .F. ) ;
#2257 = DIRECTION ( 'NONE',  ( -1.000000000000000000, -0.000000000000000000, 0.000000000000000000 ) ) ;
#2258 = CARTESIAN_POINT ( 'NONE',  ( 3.360000000000001208, -0.4499999999999999001, -4.424999999999998046 ) ) ;
#2259 = DIRECTION ( 'NONE',  ( -0.7071067811865490160, 4.791541927135551392E-16, 0.7071067811865461294 ) ) ;
#2260 = CARTESIAN_POINT ( 'NONE',  ( -0.3200000000000000067, -1.590000000000000080, -21.93981562965040411 ) ) ;
#2261 = LINE ( 'NONE', #3844, #4886 ) ;
#2262 = CARTESIAN_POINT ( 'NONE',  ( -2.220000000000000195, -0.9499999999999999556, -2.075000000000000622 ) ) ;
#2263 = MECHANICAL_DESIGN_GEOMETRIC_PRESENTATION_REPRESENTATION (  '', ( #4603 ), #3252 ) ;
#2264 = PRESENTATION_STYLE_ASSIGNMENT (( #4251 ) ) ;
#2265 = VERTEX_POINT ( 'NONE', #2773 ) ;
#2266 = LINE ( 'NONE', #588, #4043 ) ;
#2267 = STYLED_ITEM ( 'NONE', ( #2816 ), #3900 ) ;
#2268 = CARTESIAN_POINT ( 'NONE',  ( 4.750000000000000000, 3.625000000000000000, -4.675000000000000711 ) ) ;
#2269 = VERTEX_POINT ( 'NONE', #3568 ) ;
#2270 = DIRECTION ( 'NONE',  ( 0.000000000000000000, 0.000000000000000000, 1.000000000000000000 ) ) ;
#2271 = CARTESIAN_POINT ( 'NONE',  ( 0.000000000000000000, 4.424999999999999822, 0.000000000000000000 ) ) ;
#2272 = COLOUR_RGB ( '',0.2000000000000000111, 0.2000000000000000111, 0.2000000000000000111 ) ;
#2273 = PRESENTATION_STYLE_ASSIGNMENT (( #3493 ) ) ;
#2274 = AXIS2_PLACEMENT_3D ( 'NONE', #1190, #3905, #5051 ) ;
#2275 =( NAMED_UNIT ( * ) SI_UNIT ( $, .STERADIAN. ) SOLID_ANGLE_UNIT ( ) );
#2276 = DIRECTION ( 'NONE',  ( 1.000000000000000000, -0.000000000000000000, 0.000000000000000000 ) ) ;
#2277 = MECHANICAL_DESIGN_GEOMETRIC_PRESENTATION_REPRESENTATION (  '', ( #300 ), #2625 ) ;
#2278 = ORIENTED_EDGE ( 'NONE', *, *, #839, .F. ) ;
#2279 = VECTOR ( 'NONE', #3475, 1000.000000000000000 ) ;
#2280 = PRESENTATION_STYLE_ASSIGNMENT (( #13 ) ) ;
#2281 = VECTOR ( 'NONE', #4147, 1000.000000000000000 ) ;
#2282 = AXIS2_PLACEMENT_3D ( 'NONE', #1766, #3262, #4456 ) ;
#2283 = EDGE_CURVE ( 'NONE', #3207, #1699, #303, .T. ) ;
#2284 = COLOUR_RGB ( '',0.2000000000000000111, 0.2000000000000000111, 0.2000000000000000111 ) ;
#2285 = SURFACE_STYLE_USAGE ( .BOTH. , #4245 ) ;
#2286 = ORIENTED_EDGE ( 'NONE', *, *, #1277, .F. ) ;
#2287 = MECHANICAL_DESIGN_GEOMETRIC_PRESENTATION_REPRESENTATION (  '', ( #4547 ), #4706 ) ;
#2288 = MECHANICAL_DESIGN_GEOMETRIC_PRESENTATION_REPRESENTATION (  '', ( #1892 ), #894 ) ;
#2289 = STYLED_ITEM ( 'NONE', ( #4513 ), #1079 ) ;
#2290 = EDGE_CURVE ( 'NONE', #3765, #436, #1992, .T. ) ;
#2291 = CARTESIAN_POINT ( 'NONE',  ( 2.860000000000000320, -0.9499999999999999556, -2.075000000000000622 ) ) ;
#2292 = FILL_AREA_STYLE_COLOUR ( '', #2652 ) ;
#2293 = ADVANCED_FACE ( 'NONE', ( #3393 ), #3416, .F. ) ;
#2294 = COLOUR_RGB ( '',0.2000000000000000111, 0.2000000000000000111, 0.2000000000000000111 ) ;
#2295 = EDGE_LOOP ( 'NONE', ( #4935, #5024, #4757, #236 ) ) ;
#2296 = VECTOR ( 'NONE', #755, 1000.000000000000000 ) ;
#2297 = DIRECTION ( 'NONE',  ( 1.000000000000000000, 0.000000000000000000, -0.000000000000000000 ) ) ;
#2298 =( GEOMETRIC_REPRESENTATION_CONTEXT ( 3 ) GLOBAL_UNCERTAINTY_ASSIGNED_CONTEXT ( ( #1813 ) ) GLOBAL_UNIT_ASSIGNED_CONTEXT ( ( #1157, #3022, #1651 ) ) REPRESENTATION_CONTEXT ( 'NONE', 'WORKASPACE' ) );
#2299 = STYLED_ITEM ( 'NONE', ( #3223 ), #2317 ) ;
#2300 = ORIENTED_EDGE ( 'NONE', *, *, #4200, .T. ) ;
#2301 = CONTEXT_DEPENDENT_SHAPE_REPRESENTATION ( #1308, #4015 ) ;
#2302 = FACE_OUTER_BOUND ( 'NONE', #1060, .T. ) ;
#2303 = FACE_OUTER_BOUND ( 'NONE', #2650, .T. ) ;
#2304 = CARTESIAN_POINT ( 'NONE',  ( 6.590000000000000746, 1.649999999999999911, -2.074999999999999734 ) ) ;
#2305 = ORIENTED_EDGE ( 'NONE', *, *, #456, .F. ) ;
#2306 = CARTESIAN_POINT ( 'NONE',  ( 2.859999999999999876, -1.590000000000000080, -2.075000000000000622 ) ) ;
#2307 = UNCERTAINTY_MEASURE_WITH_UNIT (LENGTH_MEASURE( 1.000000000000000082E-05 ), #469, 'distance_accuracy_value', 'NONE');
#2308 = LINE ( 'NONE', #392, #2442 ) ;
#2309 =( NAMED_UNIT ( * ) SI_UNIT ( $, .STERADIAN. ) SOLID_ANGLE_UNIT ( ) );
#2310 = EDGE_CURVE ( 'NONE', #796, #2269, #4804, .T. ) ;
#2311 = SURFACE_STYLE_FILL_AREA ( #1910 ) ;
#2312 = ORIENTED_EDGE ( 'NONE', *, *, #1776, .F. ) ;
#2313 = DIRECTION ( 'NONE',  ( -1.000000000000000000, -6.776263578034399754E-16, 0.000000000000000000 ) ) ;
#2314 = CARTESIAN_POINT ( 'NONE',  ( 2.250000000000000444, -3.174999999999999822, -2.075000000000000178 ) ) ;
#2315 = PRESENTATION_STYLE_ASSIGNMENT (( #3482 ) ) ;
#2316 = VECTOR ( 'NONE', #1621, 1000.000000000000000 ) ;
#2317 = ADVANCED_FACE ( 'NONE', ( #2818 ), #1237, .T. ) ;
#2318 = ORIENTED_EDGE ( 'NONE', *, *, #1319, .T. ) ;
#2319 = ORIENTED_EDGE ( 'NONE', *, *, #1629, .T. ) ;
#2320 = CARTESIAN_POINT ( 'NONE',  ( -3.084999999999999964, -0.3200000000000000067, 0.000000000000000000 ) ) ;
#2321 = SURFACE_STYLE_USAGE ( .BOTH. , #3984 ) ;
#2322 = LINE ( 'NONE', #2754, #2717 ) ;
#2323 = VERTEX_POINT ( 'NONE', #4250 ) ;
#2324 = ORIENTED_EDGE ( 'NONE', *, *, #1777, .F. ) ;
#2325 =( NAMED_UNIT ( * ) SI_UNIT ( $, .STERADIAN. ) SOLID_ANGLE_UNIT ( ) );
#2326 = CARTESIAN_POINT ( 'NONE',  ( -0.3200000000000007283, 1.590000000000000302, -3.924999999999998046 ) ) ;
#2327 = FACE_OUTER_BOUND ( 'NONE', #708, .T. ) ;
#2328 = DIRECTION ( 'NONE',  ( 1.000000000000000000, 0.000000000000000000, 0.000000000000000000 ) ) ;
#2329 = ORIENTED_EDGE ( 'NONE', *, *, #1514, .T. ) ;
#2330 =( LENGTH_UNIT ( ) NAMED_UNIT ( * ) SI_UNIT ( .MILLI., .METRE. ) );
#2331 = SURFACE_STYLE_USAGE ( .BOTH. , #1279 ) ;
#2332 = CARTESIAN_POINT ( 'NONE',  ( 2.220000000000000195, 0.9499999999999999556, -3.924999999999998046 ) ) ;
#2333 = CARTESIAN_POINT ( 'NONE',  ( -2.220000000000000195, 0.000000000000000000, -2.075000000000000178 ) ) ;
#2334 = CARTESIAN_POINT ( 'NONE',  ( -7.639999999999999680, 3.775000000000000355, 4.424999999999999822 ) ) ;
#2335 = COLOUR_RGB ( '',0.2000000000000000111, 0.2000000000000000111, 0.2000000000000000111 ) ;
#2336 = VERTEX_POINT ( 'NONE', #2262 ) ;
#2337 = DIRECTION ( 'NONE',  ( 0.000000000000000000, -0.000000000000000000, 1.000000000000000000 ) ) ;
#2338 = CARTESIAN_POINT ( 'NONE',  ( -2.220000000000000639, -1.590000000000000080, -21.93981562965040411 ) ) ;
#2339 = ADVANCED_FACE ( 'NONE', ( #3845 ), #1507, .T. ) ;
#2340 = EDGE_CURVE ( 'NONE', #2872, #3309, #3950, .T. ) ;
#2341 =( NAMED_UNIT ( * ) PLANE_ANGLE_UNIT ( ) SI_UNIT ( $, .RADIAN. ) );
#2342 = ORIENTED_EDGE ( 'NONE', *, *, #4360, .F. ) ;
#2343 = CARTESIAN_POINT ( 'NONE',  ( -6.590000000000000746, -1.649999999999999911, 1.975000000000000089 ) ) ;
#2344 = EDGE_CURVE ( 'NONE', #4326, #1753, #3645, .T. ) ;
#2345 = SURFACE_STYLE_USAGE ( .BOTH. , #319 ) ;
#2346 = SURFACE_SIDE_STYLE ('',( #1119 ) ) ;
#2347 = ORIENTED_EDGE ( 'NONE', *, *, #153, .F. ) ;
#2348 = FILL_AREA_STYLE_COLOUR ( '', #3113 ) ;
#2349 = VECTOR ( 'NONE', #1159, 1000.000000000000000 ) ;
#2350 = UNCERTAINTY_MEASURE_WITH_UNIT (LENGTH_MEASURE( 1.000000000000000082E-05 ), #1685, 'distance_accuracy_value', 'NONE');
#2351 = FACE_BOUND ( 'NONE', #3537, .T. ) ;
#2352 = CIRCLE ( 'NONE', #958, 0.4250000000000000444 ) ;
#2353 = PRESENTATION_LAYER_ASSIGNMENT (  '', '', ( #3763 ) ) ;
#2354 = DIRECTION ( 'NONE',  ( -0.000000000000000000, -0.000000000000000000, 1.000000000000000000 ) ) ;
#2355 = ORIENTED_EDGE ( 'NONE', *, *, #1791, .F. ) ;
#2356 =( GEOMETRIC_REPRESENTATION_CONTEXT ( 3 ) GLOBAL_UNCERTAINTY_ASSIGNED_CONTEXT ( ( #1230 ) ) GLOBAL_UNIT_ASSIGNED_CONTEXT ( ( #2681, #54, #823 ) ) REPRESENTATION_CONTEXT ( 'NONE', 'WORKASPACE' ) );
#2357 = SURFACE_STYLE_USAGE ( .BOTH. , #1255 ) ;
#2358 = LINE ( 'NONE', #1195, #3177 ) ;
#2359 = MECHANICAL_DESIGN_GEOMETRIC_PRESENTATION_REPRESENTATION (  '', ( #1630 ), #5037 ) ;
#2360 = CARTESIAN_POINT ( 'NONE',  ( 2.220000000000000195, 0.9499999999999999556, -21.93981562965040411 ) ) ;
#2361 = PRESENTATION_STYLE_ASSIGNMENT (( #3536 ) ) ;
#2362 = UNCERTAINTY_MEASURE_WITH_UNIT (LENGTH_MEASURE( 1.000000000000000082E-05 ), #3061, 'distance_accuracy_value', 'NONE');
#2363 =( GEOMETRIC_REPRESENTATION_CONTEXT ( 3 ) GLOBAL_UNCERTAINTY_ASSIGNED_CONTEXT ( ( #2350 ) ) GLOBAL_UNIT_ASSIGNED_CONTEXT ( ( #1685, #2888, #1712 ) ) REPRESENTATION_CONTEXT ( 'NONE', 'WORKASPACE' ) );
#2364 = VECTOR ( 'NONE', #945, 1000.000000000000000 ) ;
#2365 = VERTEX_POINT ( 'NONE', #402 ) ;
#2366 = CARTESIAN_POINT ( 'NONE',  ( -0.3200000000000004508, 1.590000000000000080, -21.93981562965040411 ) ) ;
#2367 =( NAMED_UNIT ( * ) SI_UNIT ( $, .STERADIAN. ) SOLID_ANGLE_UNIT ( ) );
#2368 = VECTOR ( 'NONE', #1886, 1000.000000000000114 ) ;
#2369 = ORIENTED_EDGE ( 'NONE', *, *, #768, .T. ) ;
#2370 = DIRECTION ( 'NONE',  ( -1.000000000000000000, 0.000000000000000000, -0.000000000000000000 ) ) ;
#2371 = ORIENTED_EDGE ( 'NONE', *, *, #605, .T. ) ;
#2372 = LINE ( 'NONE', #1991, #3941 ) ;
#2373 = AXIS2_PLACEMENT_3D ( 'NONE', #560, #2313, #2216 ) ;
#2374 = CARTESIAN_POINT ( 'NONE',  ( -6.590000000000000746, 3.175000000000000711, 3.824999999999999289 ) ) ;
#2375 = DIRECTION ( 'NONE',  ( 0.000000000000000000, 0.000000000000000000, 1.000000000000000000 ) ) ;
#2376 = EDGE_CURVE ( 'NONE', #373, #227, #4797, .T. ) ;
#2377 = AXIS2_PLACEMENT_3D ( 'NONE', #4359, #1204, #1697 ) ;
#2378 = AXIS2_PLACEMENT_3D ( 'NONE', #3242, #1260, #2502 ) ;
#2379 = DIRECTION ( 'NONE',  ( 0.000000000000000000, -0.000000000000000000, -1.000000000000000000 ) ) ;
#2380 = EDGE_CURVE ( 'NONE', #1765, #3474, #1984, .T. ) ;
#2381 = EDGE_LOOP ( 'NONE', ( #4889, #2312, #3726, #5043 ) ) ;
#2382 = VECTOR ( 'NONE', #1116, 1000.000000000000000 ) ;
#2383 = CARTESIAN_POINT ( 'NONE',  ( 2.860000000000000764, 0.9499999999999999556, -21.93981562965040411 ) ) ;
#2384 = PRESENTATION_STYLE_ASSIGNMENT (( #810 ) ) ;
#2385 = SURFACE_SIDE_STYLE ('',( #1709 ) ) ;
#2386 = MECHANICAL_DESIGN_GEOMETRIC_PRESENTATION_REPRESENTATION (  '', ( #1 ), #4309 ) ;
#2387 = UNCERTAINTY_MEASURE_WITH_UNIT (LENGTH_MEASURE( 1.000000000000000082E-05 ), #4016, 'distance_accuracy_value', 'NONE');
#2388 = SURFACE_STYLE_USAGE ( .BOTH. , #4386 ) ;
#2389 = CARTESIAN_POINT ( 'NONE',  ( 7.639999999999999680, 4.424999999999999822, 4.424999999999999822 ) ) ;
#2390 = CARTESIAN_POINT ( 'NONE',  ( 2.250000000000000000, -3.175000000000001155, 3.824999999999998401 ) ) ;
#2391 =( NAMED_UNIT ( * ) PLANE_ANGLE_UNIT ( ) SI_UNIT ( $, .RADIAN. ) );
#2392 =( NAMED_UNIT ( * ) SI_UNIT ( $, .STERADIAN. ) SOLID_ANGLE_UNIT ( ) );
#2393 = EDGE_LOOP ( 'NONE', ( #915, #797, #1366, #3136 ) ) ;
#2394 = LINE ( 'NONE', #2366, #1982 ) ;
#2395 = CARTESIAN_POINT ( 'NONE',  ( -0.8199999999999999512, -4.424999999999999822, -4.424999999999999822 ) ) ;
#2396 = PLANE ( 'NONE',  #4278 ) ;
#2397 = VERTEX_POINT ( 'NONE', #4415 ) ;
#2398 = SURFACE_SIDE_STYLE ('',( #3234 ) ) ;
#2399 = ORIENTED_EDGE ( 'NONE', *, *, #295, .F. ) ;
#2400 = ORIENTED_EDGE ( 'NONE', *, *, #3772, .T. ) ;
#2401 = FILL_AREA_STYLE ('',( #2348 ) ) ;
#2402 = SURFACE_SIDE_STYLE ('',( #4451 ) ) ;
#2403 = EDGE_CURVE ( 'NONE', #4906, #3320, #2883, .T. ) ;
#2404 = PRESENTATION_STYLE_ASSIGNMENT (( #3184 ) ) ;
#2405 = FILL_AREA_STYLE_COLOUR ( '', #1470 ) ;
#2406 = EDGE_CURVE ( 'NONE', #1699, #3634, #4390, .T. ) ;
#2407 =( GEOMETRIC_REPRESENTATION_CONTEXT ( 3 ) GLOBAL_UNCERTAINTY_ASSIGNED_CONTEXT ( ( #4384 ) ) GLOBAL_UNIT_ASSIGNED_CONTEXT ( ( #2507, #29, #3666 ) ) REPRESENTATION_CONTEXT ( 'NONE', 'WORKASPACE' ) );
#2408 = FILL_AREA_STYLE ('',( #4968 ) ) ;
#2409 = CARTESIAN_POINT ( 'NONE',  ( 7.639999999999999680, 2.089999999999999858, -4.424999999999999822 ) ) ;
#2410 = CARTESIAN_POINT ( 'NONE',  ( -6.590000000000000746, -1.649999999999999911, 1.975000000000000089 ) ) ;
#2411 =( LENGTH_UNIT ( ) NAMED_UNIT ( * ) SI_UNIT ( .MILLI., .METRE. ) );
#2412 = UNCERTAINTY_MEASURE_WITH_UNIT (LENGTH_MEASURE( 1.000000000000000082E-05 ), #3485, 'distance_accuracy_value', 'NONE');
#2413 = ORIENTED_EDGE ( 'NONE', *, *, #4813, .F. ) ;
#2414 = CARTESIAN_POINT ( 'NONE',  ( -6.590000000000000746, 1.649999999999999911, 1.975000000000000089 ) ) ;
#2415 = CARTESIAN_POINT ( 'NONE',  ( 6.590000000000000746, 1.649999999999999911, -4.424999999999999822 ) ) ;
#2416 = PRESENTATION_STYLE_ASSIGNMENT (( #3829 ) ) ;
#2417 = AXIS2_PLACEMENT_3D ( 'NONE', #1533, #344, #4377 ) ;
#2418 = ORIENTED_EDGE ( 'NONE', *, *, #745, .T. ) ;
#2419 =( NAMED_UNIT ( * ) SI_UNIT ( $, .STERADIAN. ) SOLID_ANGLE_UNIT ( ) );
#2420 = MECHANICAL_DESIGN_GEOMETRIC_PRESENTATION_REPRESENTATION (  '', ( #2929 ), #3409 ) ;
#2421 = ORIENTED_EDGE ( 'NONE', *, *, #3653, .F. ) ;
#2422 = PRESENTATION_STYLE_ASSIGNMENT (( #185 ) ) ;
#2423 = CARTESIAN_POINT ( 'NONE',  ( -3.284999999999999698, -0.1199999999999999123, -5.799999999999999822 ) ) ;
#2424 = STYLED_ITEM ( 'NONE', ( #2140 ), #5064 ) ;
#2425 = CARTESIAN_POINT ( 'NONE',  ( -0.3200000000000000067, 1.590000000000000080, -2.075000000000000622 ) ) ;
#2426 = EDGE_LOOP ( 'NONE', ( #4701, #2809 ) ) ;
#2427 = STYLED_ITEM ( 'NONE', ( #2211 ), #5137 ) ;
#2428 = ORIENTED_EDGE ( 'NONE', *, *, #4626, .T. ) ;
#2429 = SURFACE_STYLE_USAGE ( .BOTH. , #3211 ) ;
#2430 = AXIS2_PLACEMENT_3D ( 'NONE', #3440, #1454, #4203 ) ;
#2431 = CARTESIAN_POINT ( 'NONE',  ( 2.860000000000000320, 0.000000000000000000, -2.075000000000000178 ) ) ;
#2432 = VECTOR ( 'NONE', #3096, 1000.000000000000000 ) ;
#2433 = DIRECTION ( 'NONE',  ( -0.000000000000000000, -0.000000000000000000, 1.000000000000000000 ) ) ;
#2434 = CARTESIAN_POINT ( 'NONE',  ( 7.639999999999999680, 0.4500000000000000666, -4.424999999999999822 ) ) ;
#2435 =( LENGTH_UNIT ( ) NAMED_UNIT ( * ) SI_UNIT ( .MILLI., .METRE. ) );
#2436 = SURFACE_STYLE_FILL_AREA ( #3218 ) ;
#2437 = VECTOR ( 'NONE', #2635, 1000.000000000000000 ) ;
#2438 = DIRECTION ( 'NONE',  ( -0.000000000000000000, 0.000000000000000000, -1.000000000000000000 ) ) ;
#2439 = PRESENTATION_LAYER_ASSIGNMENT (  '', '', ( #705 ) ) ;
#2440 = ORIENTED_EDGE ( 'NONE', *, *, #4626, .F. ) ;
#2441 = VECTOR ( 'NONE', #989, 1000.000000000000000 ) ;
#2442 = VECTOR ( 'NONE', #1594, 1000.000000000000000 ) ;
#2443 = DIRECTION ( 'NONE',  ( 0.7071067811865490160, -4.791541927135559281E-16, 0.7071067811865461294 ) ) ;
#2444 = ADVANCED_FACE ( 'NONE', ( #2786 ), #3917, .F. ) ;
#2445 = COLOUR_RGB ( '',0.2000000000000000111, 0.2000000000000000111, 0.2000000000000000111 ) ;
#2446 = MECHANICAL_DESIGN_GEOMETRIC_PRESENTATION_REPRESENTATION (  '', ( #1042 ), #2040 ) ;
#2447 = ORIENTED_EDGE ( 'NONE', *, *, #4656, .F. ) ;
#2448 = FILL_AREA_STYLE_COLOUR ( '', #3150 ) ;
#2449 = VERTEX_POINT ( 'NONE', #1581 ) ;
#2450 = FILL_AREA_STYLE_COLOUR ( '', #3063 ) ;
#2451 = FILL_AREA_STYLE_COLOUR ( '', #3269 ) ;
#2452 = VECTOR ( 'NONE', #4665, 1000.000000000000000 ) ;
#2453 = PRESENTATION_LAYER_ASSIGNMENT (  '', '', ( #4464 ) ) ;
#2454 = DIRECTION ( 'NONE',  ( -1.000000000000000000, 0.000000000000000000, -0.000000000000000000 ) ) ;
#2455 = PRESENTATION_LAYER_ASSIGNMENT (  '', '', ( #3117 ) ) ;
#2456 = DIRECTION ( 'NONE',  ( 0.000000000000000000, 1.000000000000000000, 0.000000000000000000 ) ) ;
#2457 = CARTESIAN_POINT ( 'NONE',  ( 6.590000000000001634, -3.175000000000000711, 3.825000000000000178 ) ) ;
#2458 = MECHANICAL_DESIGN_GEOMETRIC_PRESENTATION_REPRESENTATION (  '', ( #481 ), #643 ) ;
#2459 = VERTEX_POINT ( 'NONE', #3143 ) ;
#2460 = CARTESIAN_POINT ( 'NONE',  ( 5.174999999999999822, -3.625000000000000000, -4.424999999999999822 ) ) ;
#2461 = CARTESIAN_POINT ( 'NONE',  ( 0.000000000000000000, 0.000000000000000000, 0.000000000000000000 ) ) ;
#2462 = CARTESIAN_POINT ( 'NONE',  ( 0.000000000000000000, 4.424999999999999822, 4.424999999999999822 ) ) ;
#2463 = AXIS2_PLACEMENT_3D ( 'NONE', #2877, #2484, #3704 ) ;
#2464 = DIRECTION ( 'NONE',  ( -1.000000000000000000, -6.776263578034399754E-16, 0.000000000000000000 ) ) ;
#2465 = SURFACE_STYLE_USAGE ( .BOTH. , #75 ) ;
#2466 = DIRECTION ( 'NONE',  ( 0.000000000000000000, 0.000000000000000000, 1.000000000000000000 ) ) ;
#2467 = STYLED_ITEM ( 'NONE', ( #4089 ), #2641 ) ;
#2468 = ORIENTED_EDGE ( 'NONE', *, *, #2739, .F. ) ;
#2469 = PRESENTATION_STYLE_ASSIGNMENT (( #893 ) ) ;
#2470 =( LENGTH_UNIT ( ) NAMED_UNIT ( * ) SI_UNIT ( .MILLI., .METRE. ) );
#2471 = EDGE_CURVE ( 'NONE', #1804, #4075, #4745, .T. ) ;
#2472 = SURFACE_STYLE_FILL_AREA ( #2106 ) ;
#2473 = VECTOR ( 'NONE', #651, 1000.000000000000000 ) ;
#2474 = SURFACE_STYLE_USAGE ( .BOTH. , #2913 ) ;
#2475 = UNCERTAINTY_MEASURE_WITH_UNIT (LENGTH_MEASURE( 1.000000000000000082E-05 ), #888, 'distance_accuracy_value', 'NONE');
#2476 = ORIENTED_EDGE ( 'NONE', *, *, #3408, .T. ) ;
#2477 = LINE ( 'NONE', #4339, #2206 ) ;
#2478 = STYLED_ITEM ( 'NONE', ( #1553 ), #3138 ) ;
#2479 =( LENGTH_UNIT ( ) NAMED_UNIT ( * ) SI_UNIT ( .MILLI., .METRE. ) );
#2480 = CARTESIAN_POINT ( 'NONE',  ( 2.220000000000000195, 0.000000000000000000, -2.075000000000000178 ) ) ;
#2481 = ORIENTED_EDGE ( 'NONE', *, *, #3307, .F. ) ;
#2482 = EDGE_CURVE ( 'NONE', #4476, #3912, #2938, .T. ) ;
#2483 = SURFACE_STYLE_FILL_AREA ( #1297 ) ;
#2484 = DIRECTION ( 'NONE',  ( 0.000000000000000000, 0.000000000000000000, 1.000000000000000000 ) ) ;
#2485 = LINE ( 'NONE', #4887, #3631 ) ;
#2486 = ORIENTED_EDGE ( 'NONE', *, *, #2156, .T. ) ;
#2487 = FILL_AREA_STYLE ('',( #4040 ) ) ;
#2488 = VERTEX_POINT ( 'NONE', #536 ) ;
#2489 = LINE ( 'NONE', #1273, #630 ) ;
#2490 = PRESENTATION_STYLE_ASSIGNMENT (( #3661 ) ) ;
#2491 = DIRECTION ( 'NONE',  ( 0.000000000000000000, 0.000000000000000000, -1.000000000000000000 ) ) ;
#2492 = FACE_OUTER_BOUND ( 'NONE', #4108, .T. ) ;
#2493 = LINE ( 'NONE', #4506, #719 ) ;
#2494 = CARTESIAN_POINT ( 'NONE',  ( -3.084999999999999964, -0.3200000000000000067, -5.299999999999998934 ) ) ;
#2495 = EDGE_LOOP ( 'NONE', ( #3834, #723, #2921, #4148 ) ) ;
#2496 =( NAMED_UNIT ( * ) PLANE_ANGLE_UNIT ( ) SI_UNIT ( $, .RADIAN. ) );
#2497 = CARTESIAN_POINT ( 'NONE',  ( -2.220000000000000195, -1.590000000000000080, -21.93981562965040411 ) ) ;
#2498 =( GEOMETRIC_REPRESENTATION_CONTEXT ( 3 ) GLOBAL_UNCERTAINTY_ASSIGNED_CONTEXT ( ( #5075 ) ) GLOBAL_UNIT_ASSIGNED_CONTEXT ( ( #3373, #4239, #3341 ) ) REPRESENTATION_CONTEXT ( 'NONE', 'WORKASPACE' ) );
#2499 = EDGE_CURVE ( 'NONE', #3562, #97, #953, .T. ) ;
#2500 = AXIS2_PLACEMENT_3D ( 'NONE', #3885, #1921, #1085 ) ;
#2501 = EDGE_LOOP ( 'NONE', ( #3202, #666, #2440, #3073, #3982, #4252, #1040, #3109 ) ) ;
#2502 = DIRECTION ( 'NONE',  ( -1.000000000000000000, 0.000000000000000000, 0.000000000000000000 ) ) ;
#2503 = DIRECTION ( 'NONE',  ( -0.000000000000000000, -0.000000000000000000, -1.000000000000000000 ) ) ;
#2504 = AXIS2_PLACEMENT_3D ( 'NONE', #3943, #3525, #4347 ) ;
#2505 = PRESENTATION_STYLE_ASSIGNMENT (( #2897 ) ) ;
#2506 = EDGE_LOOP ( 'NONE', ( #2597, #1435 ) ) ;
#2507 =( LENGTH_UNIT ( ) NAMED_UNIT ( * ) SI_UNIT ( .MILLI., .METRE. ) );
#2508 = ORIENTED_EDGE ( 'NONE', *, *, #2582, .F. ) ;
#2509 = SURFACE_SIDE_STYLE ('',( #4929 ) ) ;
#2510 = LINE ( 'NONE', #613, #1199 ) ;
#2511 = FILL_AREA_STYLE_COLOUR ( '', #1560 ) ;
#2512 = VECTOR ( 'NONE', #4840, 1000.000000000000000 ) ;
#2513 = ADVANCED_FACE ( 'NONE', ( #1379 ), #4123, .F. ) ;
#2514 =( NAMED_UNIT ( * ) SI_UNIT ( $, .STERADIAN. ) SOLID_ANGLE_UNIT ( ) );
#2515 = LINE ( 'NONE', #3705, #3292 ) ;
#2516 = AXIS2_PLACEMENT_3D ( 'NONE', #3472, #3085, #10 ) ;
#2517 = DIRECTION ( 'NONE',  ( 0.3713906763541028888, 0.000000000000000000, 0.9284766908852596368 ) ) ;
#2518 = MECHANICAL_DESIGN_GEOMETRIC_PRESENTATION_REPRESENTATION (  '', ( #776 ), #2848 ) ;
#2519 = VERTEX_POINT ( 'NONE', #1268 ) ;
#2520 = CARTESIAN_POINT ( 'NONE',  ( -6.590000000000000746, 3.174999999999999822, -2.075000000000000178 ) ) ;
#2521 = AXIS2_PLACEMENT_3D ( 'NONE', #3034, #4679, #2699 ) ;
#2522 = PLANE ( 'NONE',  #1930 ) ;
#2523 = LINE ( 'NONE', #4915, #638 ) ;
#2524 = CARTESIAN_POINT ( 'NONE',  ( 2.219999999999999751, -1.590000000000000302, -3.924999999999998934 ) ) ;
#2525 = CARTESIAN_POINT ( 'NONE',  ( -3.285000000000000142, -0.3200000000000000067, 5.799999999999999822 ) ) ;
#2526 = CIRCLE ( 'NONE', #4850, 0.4250000000000000444 ) ;
#2527 = ORIENTED_EDGE ( 'NONE', *, *, #384, .F. ) ;
#2528 =( NAMED_UNIT ( * ) SI_UNIT ( $, .STERADIAN. ) SOLID_ANGLE_UNIT ( ) );
#2529 =( NAMED_UNIT ( * ) SI_UNIT ( $, .STERADIAN. ) SOLID_ANGLE_UNIT ( ) );
#2530 = VECTOR ( 'NONE', #509, 1000.000000000000114 ) ;
#2531 = UNCERTAINTY_MEASURE_WITH_UNIT (LENGTH_MEASURE( 1.000000000000000082E-05 ), #1620, 'distance_accuracy_value', 'NONE');
#2532 = ORIENTED_EDGE ( 'NONE', *, *, #4619, .T. ) ;
#2533 = VERTEX_POINT ( 'NONE', #4855 ) ;
#2534 = SURFACE_SIDE_STYLE ('',( #182 ) ) ;
#2535 = CIRCLE ( 'NONE', #459, 0.3250000000000000666 ) ;
#2536 = FILL_AREA_STYLE ('',( #2085 ) ) ;
#2537 = COLOUR_RGB ( '',0.2000000000000000111, 0.2000000000000000111, 0.2000000000000000111 ) ;
#2538 = ADVANCED_FACE ( 'NONE', ( #3657 ), #2152, .F. ) ;
#2539 = ORIENTED_EDGE ( 'NONE', *, *, #2095, .T. ) ;
#2540 = VECTOR ( 'NONE', #885, 1000.000000000000000 ) ;
#2541 = FACE_BOUND ( 'NONE', #922, .T. ) ;
#2542 = AXIS2_PLACEMENT_3D ( 'NONE', #873, #3272, #5032 ) ;
#2543 = MECHANICAL_DESIGN_GEOMETRIC_PRESENTATION_REPRESENTATION (  '', ( #228 ), #2363 ) ;
#2544 = ORIENTED_EDGE ( 'NONE', *, *, #3720, .F. ) ;
#2545 = EDGE_CURVE ( 'NONE', #2172, #189, #2121, .T. ) ;
#2546 = STYLED_ITEM ( 'NONE', ( #851 ), #992 ) ;
#2547 = DIRECTION ( 'NONE',  ( 0.000000000000000000, 0.000000000000000000, 1.000000000000000000 ) ) ;
#2548 = CARTESIAN_POINT ( 'NONE',  ( 0.000000000000000000, -4.424999999999999822, 4.424999999999999822 ) ) ;
#2549 = DIRECTION ( 'NONE',  ( 3.388131789017219106E-16, -1.000000000000000000, 3.388131789017204808E-16 ) ) ;
#2550 =( GEOMETRIC_REPRESENTATION_CONTEXT ( 3 ) GLOBAL_UNCERTAINTY_ASSIGNED_CONTEXT ( ( #1535 ) ) GLOBAL_UNIT_ASSIGNED_CONTEXT ( ( #2586, #2212, #4538 ) ) REPRESENTATION_CONTEXT ( 'NONE', 'WORKASPACE' ) );
#2551 = DIRECTION ( 'NONE',  ( 1.000000000000000000, 0.000000000000000000, 0.000000000000000000 ) ) ;
#2552 = DIRECTION ( 'NONE',  ( 0.000000000000000000, 0.000000000000000000, 1.000000000000000000 ) ) ;
#2553 = EDGE_CURVE ( 'NONE', #740, #2705, #3460, .T. ) ;
#2554 = VERTEX_POINT ( 'NONE', #3630 ) ;
#2555 = VECTOR ( 'NONE', #2297, 1000.000000000000000 ) ;
#2556 = COLOUR_RGB ( '',0.2000000000000000111, 0.2000000000000000111, 0.2000000000000000111 ) ;
#2557 = CARTESIAN_POINT ( 'NONE',  ( -0.3200000000000000067, 0.9499999999999999556, -21.93981562965040411 ) ) ;
#2558 = SURFACE_STYLE_USAGE ( .BOTH. , #2162 ) ;
#2559 = CARTESIAN_POINT ( 'NONE',  ( -3.084999999999999964, -0.3199999999999999512, -5.299999999999998934 ) ) ;
#2560 = DIRECTION ( 'NONE',  ( -1.000000000000000000, 0.000000000000000000, 0.000000000000000000 ) ) ;
#2561 = STYLED_ITEM ( 'NONE', ( #4933 ), #2538 ) ;
#2562 = SURFACE_STYLE_FILL_AREA ( #2667 ) ;
#2563 = VERTEX_POINT ( 'NONE', #3229 ) ;
#2564 = EDGE_CURVE ( 'NONE', #468, #1184, #500, .T. ) ;
#2565 = ORIENTED_EDGE ( 'NONE', *, *, #1319, .F. ) ;
#2566 = PRESENTATION_STYLE_ASSIGNMENT (( #3049 ) ) ;
#2567 = VECTOR ( 'NONE', #2654, 1000.000000000000000 ) ;
#2568 = PLANE ( 'NONE',  #2542 ) ;
#2569 = VERTEX_POINT ( 'NONE', #5041 ) ;
#2570 =( NAMED_UNIT ( * ) SI_UNIT ( $, .STERADIAN. ) SOLID_ANGLE_UNIT ( ) );
#2571 = LINE ( 'NONE', #1432, #4372 ) ;
#2572 = PLANE ( 'NONE',  #3534 ) ;
#2573 = ADVANCED_FACE ( 'NONE', ( #3805 ), #240, .F. ) ;
#2574 = VERTEX_POINT ( 'NONE', #3062 ) ;
#2575 = CARTESIAN_POINT ( 'NONE',  ( 2.250000000000000444, -4.424999999999999822, 0.000000000000000000 ) ) ;
#2576 = DIRECTION ( 'NONE',  ( 0.000000000000000000, -0.000000000000000000, 1.000000000000000000 ) ) ;
#2577 = DIRECTION ( 'NONE',  ( -1.000000000000000000, -0.000000000000000000, 0.000000000000000000 ) ) ;
#2578 = DIRECTION ( 'NONE',  ( 0.000000000000000000, -1.000000000000000000, -0.000000000000000000 ) ) ;
#2579 =( NAMED_UNIT ( * ) SI_UNIT ( $, .STERADIAN. ) SOLID_ANGLE_UNIT ( ) );
#2580 = ORIENTED_EDGE ( 'NONE', *, *, #703, .T. ) ;
#2581 = UNCERTAINTY_MEASURE_WITH_UNIT (LENGTH_MEASURE( 1.000000000000000082E-05 ), #1681, 'distance_accuracy_value', 'NONE');
#2582 = EDGE_CURVE ( 'NONE', #4009, #2683, #4152, .T. ) ;
#2583 = CARTESIAN_POINT ( 'NONE',  ( -0.8199999999999999512, -4.424999999999999822, -4.424999999999999822 ) ) ;
#2584 = LINE ( 'NONE', #1014, #4349 ) ;
#2585 = EDGE_CURVE ( 'NONE', #3466, #2449, #615, .T. ) ;
#2586 =( LENGTH_UNIT ( ) NAMED_UNIT ( * ) SI_UNIT ( .MILLI., .METRE. ) );
#2587 = CARTESIAN_POINT ( 'NONE',  ( 2.220000000000000195, 1.590000000000000080, -21.93981562965040411 ) ) ;
#2588 = CARTESIAN_POINT ( 'NONE',  ( 7.639999999999999680, -4.424999999999999822, 0.000000000000000000 ) ) ;
#2589 = SURFACE_STYLE_USAGE ( .BOTH. , #1914 ) ;
#2590 = ADVANCED_FACE ( 'NONE', ( #2981 ), #4602, .F. ) ;
#2591 = EDGE_LOOP ( 'NONE', ( #1396, #512, #878, #4859 ) ) ;
#2592 = FILL_AREA_STYLE_COLOUR ( '', #890 ) ;
#2593 = CARTESIAN_POINT ( 'NONE',  ( 7.639999999999999680, -2.089999999999999858, -4.424999999999999822 ) ) ;
#2594 = PRESENTATION_LAYER_ASSIGNMENT (  '', '', ( #1095 ) ) ;
#2595 = CARTESIAN_POINT ( 'NONE',  ( -7.639999999999999680, -4.424999999999999822, 4.424999999999999822 ) ) ;
#2596 =( LENGTH_UNIT ( ) NAMED_UNIT ( * ) SI_UNIT ( .MILLI., .METRE. ) );
#2597 = ORIENTED_EDGE ( 'NONE', *, *, #453, .F. ) ;
#2598 = PLANE ( 'NONE',  #4868 ) ;
#2599 = APPLICATION_PROTOCOL_DEFINITION ( 'draft international standard', 'automotive_design', 1998, #1410 ) ;
#2600 = SURFACE_STYLE_FILL_AREA ( #2243 ) ;
#2601 = CARTESIAN_POINT ( 'NONE',  ( 2.860000000000000320, 0.9499999999999999556, -21.93981562965040411 ) ) ;
#2602 = LINE ( 'NONE', #192, #5091 ) ;
#2603 = DIRECTION ( 'NONE',  ( 0.000000000000000000, 0.000000000000000000, 1.000000000000000000 ) ) ;
#2604 =( NAMED_UNIT ( * ) PLANE_ANGLE_UNIT ( ) SI_UNIT ( $, .RADIAN. ) );
#2605 = ORIENTED_EDGE ( 'NONE', *, *, #3024, .T. ) ;
#2606 = CARTESIAN_POINT ( 'NONE',  ( 6.590000000000000746, 3.175000000000001155, 3.825000000000000178 ) ) ;
#2607 = STYLED_ITEM ( 'NONE', ( #637 ), #4923 ) ;
#2608 = FILL_AREA_STYLE ('',( #3758 ) ) ;
#2609 = ORIENTED_EDGE ( 'NONE', *, *, #1729, .T. ) ;
#2610 = VECTOR ( 'NONE', #4317, 1000.000000000000227 ) ;
#2611 = EDGE_CURVE ( 'NONE', #2265, #1780, #3394, .T. ) ;
#2612 = CARTESIAN_POINT ( 'NONE',  ( -2.860000000000000320, 0.9499999999999999556, -21.93981562965040411 ) ) ;
#2613 = FILL_AREA_STYLE_COLOUR ( '', #2782 ) ;
#2614 = AXIS2_PLACEMENT_3D ( 'NONE', #26, #770, #4310 ) ;
#2615 = CARTESIAN_POINT ( 'NONE',  ( 5.490000000000000213, 4.424999999999999822, -4.424999999999999822 ) ) ;
#2616 = VERTEX_POINT ( 'NONE', #1994 ) ;
#2617 = EDGE_CURVE ( 'NONE', #4906, #4338, #1675, .T. ) ;
#2618 = COLOUR_RGB ( '',0.2000000000000000111, 0.2000000000000000111, 0.2000000000000000111 ) ;
#2619 = EDGE_CURVE ( 'NONE', #36, #4539, #96, .T. ) ;
#2620 = LINE ( 'NONE', #3329, #4533 ) ;
#2621 = PRESENTATION_STYLE_ASSIGNMENT (( #1025 ) ) ;
#2622 =( GEOMETRIC_REPRESENTATION_CONTEXT ( 3 ) GLOBAL_UNCERTAINTY_ASSIGNED_CONTEXT ( ( #2307 ) ) GLOBAL_UNIT_ASSIGNED_CONTEXT ( ( #469, #1301, #4785 ) ) REPRESENTATION_CONTEXT ( 'NONE', 'WORKASPACE' ) );
#2623 = VERTEX_POINT ( 'NONE', #3546 ) ;
#2624 =( NAMED_UNIT ( * ) PLANE_ANGLE_UNIT ( ) SI_UNIT ( $, .RADIAN. ) );
#2625 =( GEOMETRIC_REPRESENTATION_CONTEXT ( 3 ) GLOBAL_UNCERTAINTY_ASSIGNED_CONTEXT ( ( #2475 ) ) GLOBAL_UNIT_ASSIGNED_CONTEXT ( ( #888, #172, #1031 ) ) REPRESENTATION_CONTEXT ( 'NONE', 'WORKASPACE' ) );
#2626 = CIRCLE ( 'NONE', #1131, 0.4250000000000000444 ) ;
#2627 = FILL_AREA_STYLE_COLOUR ( '', #882 ) ;
#2628 = LINE ( 'NONE', #2959, #426 ) ;
#2629 = DIRECTION ( 'NONE',  ( 1.000000000000000000, 0.000000000000000000, 0.000000000000000000 ) ) ;
#2630 = PRESENTATION_STYLE_ASSIGNMENT (( #2183 ) ) ;
#2631 = VECTOR ( 'NONE', #2983, 1000.000000000000000 ) ;
#2632 = ORIENTED_EDGE ( 'NONE', *, *, #2829, .T. ) ;
#2633 = UNCERTAINTY_MEASURE_WITH_UNIT (LENGTH_MEASURE( 1.000000000000000082E-05 ), #916, 'distance_accuracy_value', 'NONE');
#2634 = DIRECTION ( 'NONE',  ( 0.000000000000000000, 0.000000000000000000, 1.000000000000000000 ) ) ;
#2635 = DIRECTION ( 'NONE',  ( -3.388131789017219106E-16, -1.000000000000000000, -3.388131789017204808E-16 ) ) ;
#2636 = PRESENTATION_LAYER_ASSIGNMENT (  '', '', ( #234 ) ) ;
#2637 = STYLED_ITEM ( 'NONE', ( #1797 ), #1019 ) ;
#2638 =( NAMED_UNIT ( * ) PLANE_ANGLE_UNIT ( ) SI_UNIT ( $, .RADIAN. ) );
#2639 =( NAMED_UNIT ( * ) PLANE_ANGLE_UNIT ( ) SI_UNIT ( $, .RADIAN. ) );
#2640 = COLOUR_RGB ( '',0.8705882352941176627, 0.6313725490196078205, 0.1725490196078431349 ) ;
#2641 = ADVANCED_FACE ( 'NONE', ( #828 ), #3675, .T. ) ;
#2642 = LINE ( 'NONE', #658, #552 ) ;
#2643 =( NAMED_UNIT ( * ) SI_UNIT ( $, .STERADIAN. ) SOLID_ANGLE_UNIT ( ) );
#2644 = CARTESIAN_POINT ( 'NONE',  ( 0.000000000000000000, 0.3200000000000000067, 5.299999999999999822 ) ) ;
#2645 = LINE ( 'NONE', #2612, #217 ) ;
#2646 =( LENGTH_UNIT ( ) NAMED_UNIT ( * ) SI_UNIT ( .MILLI., .METRE. ) );
#2647 = AXIS2_PLACEMENT_3D ( 'NONE', #2334, #23, #372 ) ;
#2648 =( NAMED_UNIT ( * ) PLANE_ANGLE_UNIT ( ) SI_UNIT ( $, .RADIAN. ) );
#2649 = CIRCLE ( 'NONE', #2378, 0.4249999999999999889 ) ;
#2650 = EDGE_LOOP ( 'NONE', ( #4159, #1126, #4879, #18 ) ) ;
#2651 = DIRECTION ( 'NONE',  ( 0.000000000000000000, 0.000000000000000000, -1.000000000000000000 ) ) ;
#2652 = COLOUR_RGB ( '',0.2000000000000000111, 0.2000000000000000111, 0.2000000000000000111 ) ;
#2653 = FILL_AREA_STYLE ('',( #5063 ) ) ;
#2654 = DIRECTION ( 'NONE',  ( 0.5773502691896245098, -0.5773502691896259531, -0.5773502691896269523 ) ) ;
#2655 = PRESENTATION_STYLE_ASSIGNMENT (( #1596 ) ) ;
#2656 =( GEOMETRIC_REPRESENTATION_CONTEXT ( 3 ) GLOBAL_UNCERTAINTY_ASSIGNED_CONTEXT ( ( #4078 ) ) GLOBAL_UNIT_ASSIGNED_CONTEXT ( ( #3652, #1754, #1726 ) ) REPRESENTATION_CONTEXT ( 'NONE', 'WORKASPACE' ) );
#2657 = EDGE_CURVE ( 'NONE', #2845, #4068, #4907, .T. ) ;
#2658 = ORIENTED_EDGE ( 'NONE', *, *, #206, .T. ) ;
#2659 = ORIENTED_EDGE ( 'NONE', *, *, #3257, .T. ) ;
#2660 = CARTESIAN_POINT ( 'NONE',  ( 7.639999999999999680, 0.4500000000000000666, -4.424999999999999822 ) ) ;
#2661 = CARTESIAN_POINT ( 'NONE',  ( -3.725000000000000089, 0.1200000000000000094, -5.799999999999999822 ) ) ;
#2662 = DIRECTION ( 'NONE',  ( -0.000000000000000000, -0.000000000000000000, -1.000000000000000000 ) ) ;
#2663 = CARTESIAN_POINT ( 'NONE',  ( 7.639999999999999680, 1.649999999999999911, 1.975000000000000089 ) ) ;
#2664 = VERTEX_POINT ( 'NONE', #4856 ) ;
#2665 = DIRECTION ( 'NONE',  ( -0.000000000000000000, 1.000000000000000000, 0.000000000000000000 ) ) ;
#2666 = FILL_AREA_STYLE ('',( #1841 ) ) ;
#2667 = FILL_AREA_STYLE ('',( #5003 ) ) ;
#2668 = VERTEX_POINT ( 'NONE', #116 ) ;
#2669 =( NAMED_UNIT ( * ) SI_UNIT ( $, .STERADIAN. ) SOLID_ANGLE_UNIT ( ) );
#2670 = DIRECTION ( 'NONE',  ( -1.000000000000000000, -0.000000000000000000, -0.000000000000000000 ) ) ;
#2671 = SURFACE_SIDE_STYLE ('',( #4694 ) ) ;
#2672 = ORIENTED_EDGE ( 'NONE', *, *, #4630, .T. ) ;
#2673 = LINE ( 'NONE', #211, #4981 ) ;
#2674 = MECHANICAL_DESIGN_GEOMETRIC_PRESENTATION_REPRESENTATION (  '', ( #2835 ), #2498 ) ;
#2675 = DIRECTION ( 'NONE',  ( 6.829619984160642022E-17, -1.000000000000000000, 6.829619984160651883E-17 ) ) ;
#2676 = ORIENTED_EDGE ( 'NONE', *, *, #1151, .T. ) ;
#2677 = DIRECTION ( 'NONE',  ( 0.000000000000000000, -1.000000000000000000, 0.000000000000000000 ) ) ;
#2678 =( LENGTH_UNIT ( ) NAMED_UNIT ( * ) SI_UNIT ( .MILLI., .METRE. ) );
#2679 = EDGE_CURVE ( 'NONE', #3802, #452, #2515, .T. ) ;
#2680 = SURFACE_SIDE_STYLE ('',( #4661 ) ) ;
#2681 =( LENGTH_UNIT ( ) NAMED_UNIT ( * ) SI_UNIT ( .MILLI., .METRE. ) );
#2682 = EDGE_CURVE ( 'NONE', #1611, #3751, #2485, .T. ) ;
#2683 = VERTEX_POINT ( 'NONE', #3749 ) ;
#2684 = VERTEX_POINT ( 'NONE', #2073 ) ;
#2685 = UNCERTAINTY_MEASURE_WITH_UNIT (LENGTH_MEASURE( 1.000000000000000082E-05 ), #4640, 'distance_accuracy_value', 'NONE');
#2686 = EDGE_CURVE ( 'NONE', #4733, #436, #214, .T. ) ;
#2687 = DIRECTION ( 'NONE',  ( 0.000000000000000000, 1.000000000000000000, 0.000000000000000000 ) ) ;
#2688 = ORIENTED_EDGE ( 'NONE', *, *, #3455, .T. ) ;
#2689 =( NAMED_UNIT ( * ) SI_UNIT ( $, .STERADIAN. ) SOLID_ANGLE_UNIT ( ) );
#2690 = SURFACE_SIDE_STYLE ('',( #421 ) ) ;
#2691 = ORIENTED_EDGE ( 'NONE', *, *, #605, .F. ) ;
#2692 = ORIENTED_EDGE ( 'NONE', *, *, #1670, .T. ) ;
#2693 = DIRECTION ( 'NONE',  ( -1.000000000000000000, 0.000000000000000000, 0.000000000000000000 ) ) ;
#2694 = EDGE_CURVE ( 'NONE', #1753, #1469, #1269, .T. ) ;
#2695 =( GEOMETRIC_REPRESENTATION_CONTEXT ( 3 ) GLOBAL_UNCERTAINTY_ASSIGNED_CONTEXT ( ( #870 ) ) GLOBAL_UNIT_ASSIGNED_CONTEXT ( ( #3564, #2727, #407 ) ) REPRESENTATION_CONTEXT ( 'NONE', 'WORKASPACE' ) );
#2696 = MECHANICAL_DESIGN_GEOMETRIC_PRESENTATION_REPRESENTATION (  '', ( #3595 ), #1798 ) ;
#2697 = VERTEX_POINT ( 'NONE', #5033 ) ;
#2698 = DIRECTION ( 'NONE',  ( 0.000000000000000000, 0.000000000000000000, 1.000000000000000000 ) ) ;
#2699 = DIRECTION ( 'NONE',  ( 1.000000000000000000, 0.000000000000000000, 0.000000000000000000 ) ) ;
#2700 = PRESENTATION_STYLE_ASSIGNMENT (( #3492 ) ) ;
#2701 = STYLED_ITEM ( 'NONE', ( #2384 ), #4489 ) ;
#2702 = STYLED_ITEM ( 'NONE', ( #4374 ), #1688 ) ;
#2703 =( LENGTH_UNIT ( ) NAMED_UNIT ( * ) SI_UNIT ( .MILLI., .METRE. ) );
#2704 = SURFACE_STYLE_USAGE ( .BOTH. , #2346 ) ;
#2705 = VERTEX_POINT ( 'NONE', #4693 ) ;
#2706 = DIRECTION ( 'NONE',  ( -0.000000000000000000, -1.000000000000000000, -0.000000000000000000 ) ) ;
#2707 = PRESENTATION_LAYER_ASSIGNMENT (  '', '', ( #1299 ) ) ;
#2708 = FILL_AREA_STYLE_COLOUR ( '', #1206 ) ;
#2709 = EDGE_CURVE ( 'NONE', #3070, #3354, #262, .T. ) ;
#2710 = AXIS2_PLACEMENT_3D ( 'NONE', #5005, #1449, #4650 ) ;
#2711 = AXIS2_PLACEMENT_3D ( 'NONE', #2661, #1787, #4053 ) ;
#2712 = VECTOR ( 'NONE', #1512, 1000.000000000000000 ) ;
#2713 = ADVANCED_FACE ( 'NONE', ( #3801 ), #747, .T. ) ;
#2714 = LINE ( 'NONE', #1173, #2246 ) ;
#2715 = SURFACE_SIDE_STYLE ('',( #1125 ) ) ;
#2716 = VERTEX_POINT ( 'NONE', #2615 ) ;
#2717 = VECTOR ( 'NONE', #1996, 1000.000000000000000 ) ;
#2718 =( GEOMETRIC_REPRESENTATION_CONTEXT ( 3 ) GLOBAL_UNCERTAINTY_ASSIGNED_CONTEXT ( ( #3668 ) ) GLOBAL_UNIT_ASSIGNED_CONTEXT ( ( #2330, #1194, #2689 ) ) REPRESENTATION_CONTEXT ( 'NONE', 'WORKASPACE' ) );
#2719 = COLOUR_RGB ( '',0.2000000000000000111, 0.2000000000000000111, 0.2000000000000000111 ) ;
#2720 = DIRECTION ( 'NONE',  ( -0.5773502691896242878, -0.5773502691896262862, 0.5773502691896267303 ) ) ;
#2721 = LINE ( 'NONE', #4330, #4692 ) ;
#2722 = CARTESIAN_POINT ( 'NONE',  ( -0.3200000000000000067, 0.000000000000000000, -2.075000000000000178 ) ) ;
#2723 =( NAMED_UNIT ( * ) PLANE_ANGLE_UNIT ( ) SI_UNIT ( $, .RADIAN. ) );
#2724 = PRESENTATION_LAYER_ASSIGNMENT (  '', '', ( #1057 ) ) ;
#2725 = ORIENTED_EDGE ( 'NONE', *, *, #1182, .T. ) ;
#2726 =( GEOMETRIC_REPRESENTATION_CONTEXT ( 3 ) GLOBAL_UNCERTAINTY_ASSIGNED_CONTEXT ( ( #2737 ) ) GLOBAL_UNIT_ASSIGNED_CONTEXT ( ( #1161, #81, #2743 ) ) REPRESENTATION_CONTEXT ( 'NONE', 'WORKASPACE' ) );
#2727 =( NAMED_UNIT ( * ) PLANE_ANGLE_UNIT ( ) SI_UNIT ( $, .RADIAN. ) );
#2728 = VERTEX_POINT ( 'NONE', #279 ) ;
#2729 = AXIS2_PLACEMENT_3D ( 'NONE', #1758, #592, #2928 ) ;
#2730 = EDGE_LOOP ( 'NONE', ( #4700, #163, #1605, #3853 ) ) ;
#2731 = DIRECTION ( 'NONE',  ( 0.000000000000000000, 0.000000000000000000, 1.000000000000000000 ) ) ;
#2732 = COLOUR_RGB ( '',0.2000000000000000111, 0.2000000000000000111, 0.2000000000000000111 ) ;
#2733 =( REPRESENTATION_RELATIONSHIP ('NONE','NONE', #3271, #2756 ) REPRESENTATION_RELATIONSHIP_WITH_TRANSFORMATION ( #1805 )SHAPE_REPRESENTATION_RELATIONSHIP( ) );
#2734 = CARTESIAN_POINT ( 'NONE',  ( -7.190000000000000391, -4.424999999999999822, 4.424999999999999822 ) ) ;
#2735 = ORIENTED_EDGE ( 'NONE', *, *, #4560, .T. ) ;
#2736 = MECHANICAL_DESIGN_GEOMETRIC_PRESENTATION_REPRESENTATION (  '', ( #1572 ), #1334 ) ;
#2737 = UNCERTAINTY_MEASURE_WITH_UNIT (LENGTH_MEASURE( 1.000000000000000082E-05 ), #1161, 'distance_accuracy_value', 'NONE');
#2738 = FILL_AREA_STYLE_COLOUR ( '', #4323 ) ;
#2739 = EDGE_CURVE ( 'NONE', #2488, #127, #1133, .T. ) ;
#2740 = EDGE_LOOP ( 'NONE', ( #4170, #4482, #3616, #583 ) ) ;
#2741 = CARTESIAN_POINT ( 'NONE',  ( 4.325000000000000178, -3.625000000000000000, -4.675000000000000711 ) ) ;
#2742 = EDGE_CURVE ( 'NONE', #1722, #5081, #1047, .T. ) ;
#2743 =( NAMED_UNIT ( * ) SI_UNIT ( $, .STERADIAN. ) SOLID_ANGLE_UNIT ( ) );
#2744 = PRODUCT_DEFINITION_SHAPE ( 'NONE', 'NONE',  #5146 ) ;
#2745 = UNCERTAINTY_MEASURE_WITH_UNIT (LENGTH_MEASURE( 1.000000000000000082E-05 ), #2646, 'distance_accuracy_value', 'NONE');
#2746 = CARTESIAN_POINT ( 'NONE',  ( -7.639999999999999680, -1.649999999999999689, 1.975000000000000089 ) ) ;
#2747 = FACE_OUTER_BOUND ( 'NONE', #1541, .T. ) ;
#2748 = ORIENTED_EDGE ( 'NONE', *, *, #1881, .T. ) ;
#2749 = EDGE_LOOP ( 'NONE', ( #130, #4808, #1272, #3669 ) ) ;
#2750 = LINE ( 'NONE', #3925, #4542 ) ;
#2751 = PRESENTATION_LAYER_ASSIGNMENT (  '', '', ( #4992 ) ) ;
#2752 = LINE ( 'NONE', #4340, #4031 ) ;
#2753 = CARTESIAN_POINT ( 'NONE',  ( -1.720000000000001972, 2.089999999999999858, -4.425000000000002487 ) ) ;
#2754 = CARTESIAN_POINT ( 'NONE',  ( -7.639999999999999680, 1.650000000000000355, -4.424999999999999822 ) ) ;
#2755 = EDGE_LOOP ( 'NONE', ( #1337, #1465, #3776, #2971 ) ) ;
#2756 = SHAPE_REPRESENTATION ( '6120xx21621_PIN', ( #4609 ), #126 ) ;
#2757 = FACE_BOUND ( 'NONE', #3985, .T. ) ;
#2758 = CARTESIAN_POINT ( 'NONE',  ( 2.859999999999999876, -1.590000000000000080, -21.93981562965040411 ) ) ;
#2759 = ORIENTED_EDGE ( 'NONE', *, *, #4168, .T. ) ;
#2760 = FILL_AREA_STYLE ('',( #328 ) ) ;
#2761 = COLOUR_RGB ( '',0.2000000000000000111, 0.2000000000000000111, 0.2000000000000000111 ) ;
#2762 = PRESENTATION_STYLE_ASSIGNMENT (( #3190 ) ) ;
#2763 = FILL_AREA_STYLE ('',( #4768 ) ) ;
#2764 = ORIENTED_EDGE ( 'NONE', *, *, #5001, .F. ) ;
#2765 = EDGE_CURVE ( 'NONE', #850, #158, #2218, .T. ) ;
#2766 = MECHANICAL_DESIGN_GEOMETRIC_PRESENTATION_REPRESENTATION (  '', ( #2427 ), #3752 ) ;
#2767 = EDGE_CURVE ( 'NONE', #2177, #1402, #2261, .T. ) ;
#2768 = ORIENTED_EDGE ( 'NONE', *, *, #391, .T. ) ;
#2769 = ADVANCED_FACE ( 'NONE', ( #1103 ), #5026, .F. ) ;
#2770 = VECTOR ( 'NONE', #1662, 1000.000000000000000 ) ;
#2771 = ORIENTED_EDGE ( 'NONE', *, *, #2406, .T. ) ;
#2772 = DIRECTION ( 'NONE',  ( 1.000000000000000000, 0.000000000000000000, 0.000000000000000000 ) ) ;
#2773 = CARTESIAN_POINT ( 'NONE',  ( 7.639999999999999680, 4.424999999999999822, -4.424999999999999822 ) ) ;
#2774 =( NAMED_UNIT ( * ) PLANE_ANGLE_UNIT ( ) SI_UNIT ( $, .RADIAN. ) );
#2775 = DIRECTION ( 'NONE',  ( 0.000000000000000000, -1.000000000000000000, 0.000000000000000000 ) ) ;
#2776 = FILL_AREA_STYLE ('',( #3108 ) ) ;
#2777 = ORIENTED_EDGE ( 'NONE', *, *, #2657, .T. ) ;
#2778 = PRESENTATION_LAYER_ASSIGNMENT (  '', '', ( #4194 ) ) ;
#2779 = MECHANICAL_DESIGN_GEOMETRIC_PRESENTATION_REPRESENTATION (  '', ( #378 ), #629 ) ;
#2780 = AXIS2_PLACEMENT_3D ( 'NONE', #3208, #3987, #65 ) ;
#2781 = DIRECTION ( 'NONE',  ( -0.000000000000000000, 0.000000000000000000, -1.000000000000000000 ) ) ;
#2782 = COLOUR_RGB ( '',0.2000000000000000111, 0.2000000000000000111, 0.2000000000000000111 ) ;
#2783 = CARTESIAN_POINT ( 'NONE',  ( -4.325000000000000178, -3.625000000000000000, -4.424999999999999822 ) ) ;
#2784 = STYLED_ITEM ( 'NONE', ( #4836 ), #2065 ) ;
#2785 = DIRECTION ( 'NONE',  ( 0.000000000000000000, 1.000000000000000000, 0.000000000000000000 ) ) ;
#2786 = FACE_OUTER_BOUND ( 'NONE', #4592, .T. ) ;
#2787 = UNCERTAINTY_MEASURE_WITH_UNIT (LENGTH_MEASURE( 1.000000000000000082E-05 ), #2857, 'distance_accuracy_value', 'NONE');
#2788 = VECTOR ( 'NONE', #584, 1000.000000000000000 ) ;
#2789 = ORIENTED_EDGE ( 'NONE', *, *, #179, .T. ) ;
#2790 = VECTOR ( 'NONE', #4208, 1000.000000000000000 ) ;
#2791 = FILL_AREA_STYLE ('',( #4676 ) ) ;
#2792 = SURFACE_SIDE_STYLE ('',( #3124 ) ) ;
#2793 = CARTESIAN_POINT ( 'NONE',  ( -7.639999999999999680, 4.424999999999999822, -4.424999999999999822 ) ) ;
#2794 = CARTESIAN_POINT ( 'NONE',  ( -3.725000000000000089, -0.3200000000000000067, 5.799999999999999822 ) ) ;
#2795 = ORIENTED_EDGE ( 'NONE', *, *, #1015, .T. ) ;
#2796 = ORIENTED_EDGE ( 'NONE', *, *, #2682, .F. ) ;
#2797 = CIRCLE ( 'NONE', #237, 0.4250000000000000444 ) ;
#2798 = CARTESIAN_POINT ( 'NONE',  ( 7.639999999999999680, -1.649999999999999911, 4.424999999999999822 ) ) ;
#2799 = EDGE_CURVE ( 'NONE', #538, #365, #1075, .T. ) ;
#2800 = SURFACE_STYLE_USAGE ( .BOTH. , #463 ) ;
#2801 = CARTESIAN_POINT ( 'NONE',  ( -0.3200000000000000067, -1.590000000000000080, -2.075000000000000622 ) ) ;
#2802 = EDGE_CURVE ( 'NONE', #578, #1643, #4647, .T. ) ;
#2803 = VECTOR ( 'NONE', #3621, 1000.000000000000000 ) ;
#2804 = DIRECTION ( 'NONE',  ( -0.9284766908852596368, 0.000000000000000000, 0.3713906763541028888 ) ) ;
#2805 = ORIENTED_EDGE ( 'NONE', *, *, #1536, .F. ) ;
#2806 =( LENGTH_UNIT ( ) NAMED_UNIT ( * ) SI_UNIT ( .MILLI., .METRE. ) );
#2807 = VECTOR ( 'NONE', #3713, 1000.000000000000000 ) ;
#2808 = DIRECTION ( 'NONE',  ( -0.000000000000000000, 0.000000000000000000, 1.000000000000000000 ) ) ;
#2809 = ORIENTED_EDGE ( 'NONE', *, *, #925, .F. ) ;
#2810 = CARTESIAN_POINT ( 'NONE',  ( -0.3200000000000001177, 1.590000000000000080, -2.075000000000000622 ) ) ;
#2811 = DIRECTION ( 'NONE',  ( 6.776263578034399754E-16, 1.000000000000000000, 0.000000000000000000 ) ) ;
#2812 = CARTESIAN_POINT ( 'NONE',  ( -0.8200000000000003952, -4.424999999999999822, -4.424999999999999822 ) ) ;
#2813 = CARTESIAN_POINT ( 'NONE',  ( -3.084999999999999964, 0.3200000000000000067, 0.000000000000000000 ) ) ;
#2814 = AXIS2_PLACEMENT_3D ( 'NONE', #4006, #58, #409 ) ;
#2815 = EDGE_LOOP ( 'NONE', ( #3623, #4556, #641, #4950 ) ) ;
#2816 = PRESENTATION_STYLE_ASSIGNMENT (( #1554 ) ) ;
#2817 = LINE ( 'NONE', #4803, #4375 ) ;
#2818 = FACE_OUTER_BOUND ( 'NONE', #928, .T. ) ;
#2819 = ORIENTED_EDGE ( 'NONE', *, *, #4280, .F. ) ;
#2820 = VERTEX_POINT ( 'NONE', #258 ) ;
#2821 = DIRECTION ( 'NONE',  ( 0.000000000000000000, 0.000000000000000000, 1.000000000000000000 ) ) ;
#2822 = CARTESIAN_POINT ( 'NONE',  ( -0.8200000000000008393, 0.4500000000000000111, -4.424999999999998934 ) ) ;
#2823 = ORIENTED_EDGE ( 'NONE', *, *, #3114, .T. ) ;
#2824 = ORIENTED_EDGE ( 'NONE', *, *, #4205, .F. ) ;
#2825 = EDGE_CURVE ( 'NONE', #850, #97, #1846, .T. ) ;
#2826 =( NAMED_UNIT ( * ) SI_UNIT ( $, .STERADIAN. ) SOLID_ANGLE_UNIT ( ) );
#2827 = DIRECTION ( 'NONE',  ( 1.000000000000000000, 1.316178661590899895E-16, 0.000000000000000000 ) ) ;
#2828 = STYLED_ITEM ( 'NONE', ( #2264 ), #15 ) ;
#2829 = EDGE_CURVE ( 'NONE', #31, #2905, #4530, .T. ) ;
#2830 = FILL_AREA_STYLE_COLOUR ( '', #1985 ) ;
#2831 = VERTEX_POINT ( 'NONE', #1009 ) ;
#2832 = LINE ( 'NONE', #2104, #382 ) ;
#2833 = CARTESIAN_POINT ( 'NONE',  ( -3.084999999999999964, 0.3200000000000000067, 5.299999999999999822 ) ) ;
#2834 =( NAMED_UNIT ( * ) PLANE_ANGLE_UNIT ( ) SI_UNIT ( $, .RADIAN. ) );
#2835 = STYLED_ITEM ( 'NONE', ( #2204 ), #210 ) ;
#2836 = PRESENTATION_STYLE_ASSIGNMENT (( #1320 ) ) ;
#2837 = SURFACE_STYLE_USAGE ( .BOTH. , #4769 ) ;
#2838 =( NAMED_UNIT ( * ) SI_UNIT ( $, .STERADIAN. ) SOLID_ANGLE_UNIT ( ) );
#2839 = LINE ( 'NONE', #1691, #3044 ) ;
#2840 = UNCERTAINTY_MEASURE_WITH_UNIT (LENGTH_MEASURE( 1.000000000000000082E-05 ), #376, 'distance_accuracy_value', 'NONE');
#2841 = ORIENTED_EDGE ( 'NONE', *, *, #299, .T. ) ;
#2842 =( LENGTH_UNIT ( ) NAMED_UNIT ( * ) SI_UNIT ( .MILLI., .METRE. ) );
#2843 = FACE_OUTER_BOUND ( 'NONE', #3225, .T. ) ;
#2844 = LINE ( 'NONE', #1721, #66 ) ;
#2845 = VERTEX_POINT ( 'NONE', #1763 ) ;
#2846 = CARTESIAN_POINT ( 'NONE',  ( 0.3200000000000000067, -0.9499999999999999556, -2.075000000000000622 ) ) ;
#2847 = CARTESIAN_POINT ( 'NONE',  ( -3.524999999999999911, -0.1199999999999999956, 5.799999999999999822 ) ) ;
#2848 =( GEOMETRIC_REPRESENTATION_CONTEXT ( 3 ) GLOBAL_UNCERTAINTY_ASSIGNED_CONTEXT ( ( #1959 ) ) GLOBAL_UNIT_ASSIGNED_CONTEXT ( ( #1368, #3264, #3297 ) ) REPRESENTATION_CONTEXT ( 'NONE', 'WORKASPACE' ) );
#2849 = CARTESIAN_POINT ( 'NONE',  ( 6.590000000000000746, -3.174999999999999822, -2.075000000000000178 ) ) ;
#2850 = ORIENTED_EDGE ( 'NONE', *, *, #3656, .T. ) ;
#2851 = DIRECTION ( 'NONE',  ( 0.000000000000000000, 0.000000000000000000, 1.000000000000000000 ) ) ;
#2852 = CARTESIAN_POINT ( 'NONE',  ( 0.3200000000000000067, -1.590000000000000080, -21.93981562965040411 ) ) ;
#2853 = SURFACE_STYLE_USAGE ( .BOTH. , #2402 ) ;
#2854 = CIRCLE ( 'NONE', #2935, 0.3362499999999997158 ) ;
#2855 = SURFACE_STYLE_FILL_AREA ( #4049 ) ;
#2856 = VECTOR ( 'NONE', #3023, 1000.000000000000000 ) ;
#2857 =( LENGTH_UNIT ( ) NAMED_UNIT ( * ) SI_UNIT ( .MILLI., .METRE. ) );
#2858 = SURFACE_SIDE_STYLE ('',( #1981 ) ) ;
#2859 =( NAMED_UNIT ( * ) SI_UNIT ( $, .STERADIAN. ) SOLID_ANGLE_UNIT ( ) );
#2860 = CARTESIAN_POINT ( 'NONE',  ( -8.673617379884041389E-16, -3.625000000000000000, -4.675000000000000711 ) ) ;
#2861 = COLOUR_RGB ( '',0.2000000000000000111, 0.2000000000000000111, 0.2000000000000000111 ) ;
#2862 = EDGE_CURVE ( 'NONE', #102, #752, #3719, .T. ) ;
#2863 = STYLED_ITEM ( 'NONE', ( #3597 ), #1768 ) ;
#2864 = SURFACE_STYLE_USAGE ( .BOTH. , #1347 ) ;
#2865 = ORIENTED_EDGE ( 'NONE', *, *, #2227, .F. ) ;
#2866 = VECTOR ( 'NONE', #2086, 1000.000000000000000 ) ;
#2867 =( GEOMETRIC_REPRESENTATION_CONTEXT ( 3 ) GLOBAL_UNCERTAINTY_ASSIGNED_CONTEXT ( ( #2989 ) ) GLOBAL_UNIT_ASSIGNED_CONTEXT ( ( #4070, #860, #2826 ) ) REPRESENTATION_CONTEXT ( 'NONE', 'WORKASPACE' ) );
#2868 = PRESENTATION_STYLE_ASSIGNMENT (( #1288 ) ) ;
#2869 = LINE ( 'NONE', #4904, #3509 ) ;
#2870 = CARTESIAN_POINT ( 'NONE',  ( 7.639999999999999680, 2.089999999999999858, -4.424999999999999822 ) ) ;
#2871 = AXIS2_PLACEMENT_3D ( 'NONE', #257, #5025, #606 ) ;
#2872 = VERTEX_POINT ( 'NONE', #3012 ) ;
#2873 = EDGE_LOOP ( 'NONE', ( #767, #1832, #1870, #4800 ) ) ;
#2874 = PRESENTATION_LAYER_ASSIGNMENT (  '', '', ( #1393 ) ) ;
#2875 = FACE_OUTER_BOUND ( 'NONE', #1477, .T. ) ;
#2876 = MECHANICAL_DESIGN_GEOMETRIC_PRESENTATION_REPRESENTATION (  '', ( #2954 ), #4638 ) ;
#2877 = CARTESIAN_POINT ( 'NONE',  ( 0.000000000000000000, 0.000000000000000000, 1.975000000000000089 ) ) ;
#2878 = FILL_AREA_STYLE ('',( #3986 ) ) ;
#2879 = STYLED_ITEM ( 'NONE', ( #3727 ), #3686 ) ;
#2880 = COLOUR_RGB ( '',0.2000000000000000111, 0.2000000000000000111, 0.2000000000000000111 ) ;
#2881 = ORIENTED_EDGE ( 'NONE', *, *, #3772, .F. ) ;
#2882 = DIRECTION ( 'NONE',  ( 1.000000000000000000, 0.000000000000000000, -0.000000000000000000 ) ) ;
#2883 = CIRCLE ( 'NONE', #4880, 0.4249999999999999889 ) ;
#2884 = STYLED_ITEM ( 'NONE', ( #2868 ), #3169 ) ;
#2885 = DIRECTION ( 'NONE',  ( -0.5773502691896259531, -0.5773502691896245098, -0.5773502691896269523 ) ) ;
#2886 = VECTOR ( 'NONE', #1971, 1000.000000000000000 ) ;
#2887 = ORIENTED_EDGE ( 'NONE', *, *, #829, .T. ) ;
#2888 =( NAMED_UNIT ( * ) PLANE_ANGLE_UNIT ( ) SI_UNIT ( $, .RADIAN. ) );
#2889 = CARTESIAN_POINT ( 'NONE',  ( 2.859999999999999876, 1.590000000000000302, -3.924999999999998934 ) ) ;
#2890 = PRESENTATION_LAYER_ASSIGNMENT (  '', '', ( #1 ) ) ;
#2891 = PRODUCT_RELATED_PRODUCT_CATEGORY ( 'part', '', ( #2908 ) ) ;
#2892 = PLANE ( 'NONE',  #1642 ) ;
#2893 = UNCERTAINTY_MEASURE_WITH_UNIT (LENGTH_MEASURE( 1.000000000000000082E-05 ), #586, 'distance_accuracy_value', 'NONE');
#2894 = ORIENTED_EDGE ( 'NONE', *, *, #3633, .F. ) ;
#2895 = EDGE_CURVE ( 'NONE', #4423, #2093, #4216, .T. ) ;
#2896 = DIRECTION ( 'NONE',  ( -3.388131789017219106E-16, -1.000000000000000000, -3.388131789017204808E-16 ) ) ;
#2897 = SURFACE_STYLE_USAGE ( .BOTH. , #1328 ) ;
#2898 = ORIENTED_EDGE ( 'NONE', *, *, #2000, .T. ) ;
#2899 = EDGE_CURVE ( 'NONE', #2184, #4041, #937, .T. ) ;
#2900 = FACE_OUTER_BOUND ( 'NONE', #2393, .T. ) ;
#2901 = SURFACE_SIDE_STYLE ('',( #1377 ) ) ;
#2902 = SURFACE_STYLE_FILL_AREA ( #2091 ) ;
#2903 = EDGE_LOOP ( 'NONE', ( #4795, #2887, #3407, #956 ) ) ;
#2904 = LINE ( 'NONE', #4447, #2540 ) ;
#2905 = VERTEX_POINT ( 'NONE', #545 ) ;
#2906 = DIRECTION ( 'NONE',  ( -1.000000000000000000, -6.580893307954508105E-17, 6.580893307954498244E-17 ) ) ;
#2907 = DIRECTION ( 'NONE',  ( 0.000000000000000000, 0.000000000000000000, 1.000000000000000000 ) ) ;
#2908 = PRODUCT ( '61200621621', '61200621621', '', ( #3781 ) ) ;
#2909 = CARTESIAN_POINT ( 'NONE',  ( 0.3200000000000000067, 1.590000000000000080, -21.93981562965040411 ) ) ;
#2910 = FACE_OUTER_BOUND ( 'NONE', #522, .T. ) ;
#2911 = VERTEX_POINT ( 'NONE', #2157 ) ;
#2912 = FILL_AREA_STYLE_COLOUR ( '', #4541 ) ;
#2913 = SURFACE_SIDE_STYLE ('',( #845 ) ) ;
#2914 = ORIENTED_EDGE ( 'NONE', *, *, #2825, .T. ) ;
#2915 = ORIENTED_EDGE ( 'NONE', *, *, #836, .F. ) ;
#2916 = DIRECTION ( 'NONE',  ( -0.000000000000000000, -1.000000000000000000, 0.000000000000000000 ) ) ;
#2917 =( NAMED_UNIT ( * ) SI_UNIT ( $, .STERADIAN. ) SOLID_ANGLE_UNIT ( ) );
#2918 =( NAMED_UNIT ( * ) PLANE_ANGLE_UNIT ( ) SI_UNIT ( $, .RADIAN. ) );
#2919 = VECTOR ( 'NONE', #2781, 1000.000000000000000 ) ;
#2920 = EDGE_CURVE ( 'NONE', #184, #2397, #1682, .T. ) ;
#2921 = ORIENTED_EDGE ( 'NONE', *, *, #925, .T. ) ;
#2922 = ORIENTED_EDGE ( 'NONE', *, *, #3929, .F. ) ;
#2923 = DIRECTION ( 'NONE',  ( 0.5773502691896255090, -0.5773502691896255090, 0.5773502691896263972 ) ) ;
#2924 = PLANE ( 'NONE',  #4877 ) ;
#2925 = ADVANCED_FACE ( 'NONE', ( #1861 ), #4612, .T. ) ;
#2926 = CIRCLE ( 'NONE', #1702, 0.4249999999999999889 ) ;
#2927 =( NAMED_UNIT ( * ) SI_UNIT ( $, .STERADIAN. ) SOLID_ANGLE_UNIT ( ) );
#2928 = DIRECTION ( 'NONE',  ( 0.000000000000000000, -0.000000000000000000, -1.000000000000000000 ) ) ;
#2929 = STYLED_ITEM ( 'NONE', ( #805 ), #360 ) ;
#2930 = VECTOR ( 'NONE', #4744, 1000.000000000000000 ) ;
#2931 = VERTEX_POINT ( 'NONE', #4182 ) ;
#2932 = VECTOR ( 'NONE', #3130, 1000.000000000000114 ) ;
#2933 = AXIS2_PLACEMENT_3D ( 'NONE', #4616, #655, #4188 ) ;
#2934 = DIRECTION ( 'NONE',  ( 1.000000000000000000, -0.000000000000000000, 0.000000000000000000 ) ) ;
#2935 = AXIS2_PLACEMENT_3D ( 'NONE', #3771, #4991, #1509 ) ;
#2936 = ORIENTED_EDGE ( 'NONE', *, *, #4259, .T. ) ;
#2937 = PLANE ( 'NONE',  #4362 ) ;
#2938 = LINE ( 'NONE', #4569, #396 ) ;
#2939 = DIRECTION ( 'NONE',  ( 0.000000000000000000, -1.000000000000000000, 0.000000000000000000 ) ) ;
#2940 = UNCERTAINTY_MEASURE_WITH_UNIT (LENGTH_MEASURE( 1.000000000000000082E-05 ), #1446, 'distance_accuracy_value', 'NONE');
#2941 = ORIENTED_EDGE ( 'NONE', *, *, #2679, .T. ) ;
#2942 = FACE_OUTER_BOUND ( 'NONE', #4874, .T. ) ;
#2943 = CYLINDRICAL_SURFACE ( 'NONE', #129, 0.4249999999999999889 ) ;
#2944 = CARTESIAN_POINT ( 'NONE',  ( -3.084999999999999964, -0.3200000000000000067, 5.299999999999999822 ) ) ;
#2945 = EDGE_CURVE ( 'NONE', #1804, #677, #623, .T. ) ;
#2946 = ORIENTED_EDGE ( 'NONE', *, *, #295, .T. ) ;
#2947 = LINE ( 'NONE', #2173, #4552 ) ;
#2948 = MECHANICAL_DESIGN_GEOMETRIC_PRESENTATION_REPRESENTATION (  '', ( #1299 ), #307 ) ;
#2949 = PRESENTATION_LAYER_ASSIGNMENT (  '', '', ( #3855 ) ) ;
#2950 = STYLED_ITEM ( 'NONE', ( #2469 ), #1451 ) ;
#2951 = ADVANCED_FACE ( 'NONE', ( #2327 ), #3158, .F. ) ;
#2952 = VERTEX_POINT ( 'NONE', #3030 ) ;
#2953 = PRESENTATION_STYLE_ASSIGNMENT (( #3389 ) ) ;
#2954 = STYLED_ITEM ( 'NONE', ( #4106 ), #1084 ) ;
#2955 = DIRECTION ( 'NONE',  ( 0.000000000000000000, 0.000000000000000000, 1.000000000000000000 ) ) ;
#2956 = SURFACE_SIDE_STYLE ('',( #1385 ) ) ;
#2957 = ADVANCED_FACE ( 'NONE', ( #950 ), #3328, .F. ) ;
#2958 = CARTESIAN_POINT ( 'NONE',  ( 2.220000000000000195, -0.9499999999999999556, -2.075000000000000622 ) ) ;
#2959 = CARTESIAN_POINT ( 'NONE',  ( 2.860000000000000764, -4.424999999999999822, -3.924999999999998934 ) ) ;
#2960 = AXIS2_PLACEMENT_3D ( 'NONE', #2268, #4254, #718 ) ;
#2961 = STYLED_ITEM ( 'NONE', ( #3674 ), #1343 ) ;
#2962 = CARTESIAN_POINT ( 'NONE',  ( -4.750000000000000000, -3.625000000000000000, -4.675000000000000711 ) ) ;
#2963 = CARTESIAN_POINT ( 'NONE',  ( -8.673617379884041389E-16, 3.625000000000000000, -4.675000000000000711 ) ) ;
#2964 = ORIENTED_EDGE ( 'NONE', *, *, #4430, .F. ) ;
#2965 = PRESENTATION_LAYER_ASSIGNMENT (  '', '', ( #2219 ) ) ;
#2966 = COLOUR_RGB ( '',0.2000000000000000111, 0.2000000000000000111, 0.2000000000000000111 ) ;
#2967 = PRESENTATION_STYLE_ASSIGNMENT (( #4509 ) ) ;
#2968 = CARTESIAN_POINT ( 'NONE',  ( 4.840000000000000746, 4.424999999999999822, -4.424999999999999822 ) ) ;
#2969 = COLOUR_RGB ( '',0.2000000000000000111, 0.2000000000000000111, 0.2000000000000000111 ) ;
#2970 = FACE_OUTER_BOUND ( 'NONE', #625, .T. ) ;
#2971 = ORIENTED_EDGE ( 'NONE', *, *, #2471, .T. ) ;
#2972 = ORIENTED_EDGE ( 'NONE', *, *, #391, .F. ) ;
#2973 = DIRECTION ( 'NONE',  ( -0.5773502691896259531, -0.5773502691896245098, -0.5773502691896269523 ) ) ;
#2974 = STYLED_ITEM ( 'NONE', ( #2621 ), #2590 ) ;
#2975 = DIRECTION ( 'NONE',  ( 0.3481553119113959816, 0.3481553119113959260, 0.8703882797784889824 ) ) ;
#2976 = LINE ( 'NONE', #3764, #1786 ) ;
#2977 = ORIENTED_EDGE ( 'NONE', *, *, #4553, .F. ) ;
#2978 = SURFACE_SIDE_STYLE ('',( #3847 ) ) ;
#2979 =( GEOMETRIC_REPRESENTATION_CONTEXT ( 3 ) GLOBAL_UNCERTAINTY_ASSIGNED_CONTEXT ( ( #921 ) ) GLOBAL_UNIT_ASSIGNED_CONTEXT ( ( #4852, #2150, #4477 ) ) REPRESENTATION_CONTEXT ( 'NONE', 'WORKASPACE' ) );
#2980 = DIRECTION ( 'NONE',  ( -1.000000000000000000, -0.000000000000000000, -0.000000000000000000 ) ) ;
#2981 = FACE_OUTER_BOUND ( 'NONE', #3723, .T. ) ;
#2982 = ORIENTED_EDGE ( 'NONE', *, *, #5101, .F. ) ;
#2983 = DIRECTION ( 'NONE',  ( 0.000000000000000000, -0.000000000000000000, 1.000000000000000000 ) ) ;
#2984 = PLANE ( 'NONE',  #2132 ) ;
#2985 = DIRECTION ( 'NONE',  ( 0.000000000000000000, 1.000000000000000000, 0.000000000000000000 ) ) ;
#2986 = DIRECTION ( 'NONE',  ( -6.776263578034399754E-16, 1.000000000000000000, 0.000000000000000000 ) ) ;
#2987 = ADVANCED_FACE ( 'NONE', ( #2089 ), #3305, .F. ) ;
#2988 = ORIENTED_EDGE ( 'NONE', *, *, #2765, .T. ) ;
#2989 = UNCERTAINTY_MEASURE_WITH_UNIT (LENGTH_MEASURE( 1.000000000000000082E-05 ), #4070, 'distance_accuracy_value', 'NONE');
#2990 =( NAMED_UNIT ( * ) SI_UNIT ( $, .STERADIAN. ) SOLID_ANGLE_UNIT ( ) );
#2991 = PLANE ( 'NONE',  #1292 ) ;
#2992 = SURFACE_STYLE_USAGE ( .BOTH. , #1423 ) ;
#2993 = SURFACE_SIDE_STYLE ('',( #4570 ) ) ;
#2994 =( REPRESENTATION_RELATIONSHIP ('NONE','NONE', #3271, #2756 ) REPRESENTATION_RELATIONSHIP_WITH_TRANSFORMATION ( #1436 )SHAPE_REPRESENTATION_RELATIONSHIP( ) );
#2995 = ORIENTED_EDGE ( 'NONE', *, *, #3324, .F. ) ;
#2996 =( LENGTH_UNIT ( ) NAMED_UNIT ( * ) SI_UNIT ( .MILLI., .METRE. ) );
#2997 = CARTESIAN_POINT ( 'NONE',  ( 2.249999999999999556, -3.775000000000001243, 4.424999999999998046 ) ) ;
#2998 = DIRECTION ( 'NONE',  ( 0.000000000000000000, 0.000000000000000000, 1.000000000000000000 ) ) ;
#2999 = ORIENTED_EDGE ( 'NONE', *, *, #1670, .F. ) ;
#3000 = FILL_AREA_STYLE ('',( #2592 ) ) ;
#3001 = MECHANICAL_DESIGN_GEOMETRIC_PRESENTATION_REPRESENTATION (  '', ( #5085 ), #3238 ) ;
#3002 = CARTESIAN_POINT ( 'NONE',  ( 7.639999999999999680, -2.089999999999999858, -4.424999999999999822 ) ) ;
#3003 = CARTESIAN_POINT ( 'NONE',  ( 0.8199999999999980638, 2.089999999999999858, -4.425000000000002487 ) ) ;
#3004 = FILL_AREA_STYLE ('',( #1434 ) ) ;
#3005 = ORIENTED_EDGE ( 'NONE', *, *, #4200, .F. ) ;
#3006 = UNCERTAINTY_MEASURE_WITH_UNIT (LENGTH_MEASURE( 1.000000000000000082E-05 ), #4525, 'distance_accuracy_value', 'NONE');
#3007 = CARTESIAN_POINT ( 'NONE',  ( 7.639999999999999680, 1.649999999999999911, 1.975000000000000089 ) ) ;
#3008 = ITEM_DEFINED_TRANSFORMATION ( 'NONE', 'NONE', #943,  #4609 ) ;
#3009 = DIRECTION ( 'NONE',  ( -8.993382075916629386E-16, 1.000000000000000000, 0.000000000000000000 ) ) ;
#3010 = CARTESIAN_POINT ( 'NONE',  ( 7.639999999999999680, 4.424999999999999822, -4.424999999999999822 ) ) ;
#3011 = ADVANCED_FACE ( 'NONE', ( #567 ), #1357, .T. ) ;
#3012 = CARTESIAN_POINT ( 'NONE',  ( -2.860000000000000764, 0.9499999999999998446, -3.924999999999998046 ) ) ;
#3013 = LINE ( 'NONE', #4972, #188 ) ;
#3014 = CARTESIAN_POINT ( 'NONE',  ( 4.750000000000000000, -3.625000000000000000, -4.675000000000000711 ) ) ;
#3015 = ORIENTED_EDGE ( 'NONE', *, *, #2227, .T. ) ;
#3016 = AXIS2_PLACEMENT_3D ( 'NONE', #957, #4910, #540 ) ;
#3017 = FILL_AREA_STYLE ('',( #4944 ) ) ;
#3018 = PRESENTATION_STYLE_ASSIGNMENT (( #1444 ) ) ;
#3019 = VECTOR ( 'NONE', #238, 1000.000000000000000 ) ;
#3020 = EDGE_CURVE ( 'NONE', #1068, #3354, #1054, .T. ) ;
#3021 = PLANE ( 'NONE',  #1733 ) ;
#3022 =( NAMED_UNIT ( * ) PLANE_ANGLE_UNIT ( ) SI_UNIT ( $, .RADIAN. ) );
#3023 = DIRECTION ( 'NONE',  ( -0.000000000000000000, 0.000000000000000000, -1.000000000000000000 ) ) ;
#3024 = EDGE_CURVE ( 'NONE', #373, #2574, #2266, .T. ) ;
#3025 = CARTESIAN_POINT ( 'NONE',  ( -2.860000000000000320, -1.590000000000000080, -21.93981562965040411 ) ) ;
#3026 = PRESENTATION_LAYER_ASSIGNMENT (  '', '', ( #4443 ) ) ;
#3027 = SURFACE_STYLE_FILL_AREA ( #1022 ) ;
#3028 = CARTESIAN_POINT ( 'NONE',  ( -2.860000000000002096, 1.590000000000000302, -3.924999999999998046 ) ) ;
#3029 = CARTESIAN_POINT ( 'NONE',  ( 2.220000000000000195, 1.590000000000000080, -2.075000000000000622 ) ) ;
#3030 = CARTESIAN_POINT ( 'NONE',  ( -3.524999999999999911, -0.1199999999999999678, -5.799999999999999822 ) ) ;
#3031 =( GEOMETRIC_REPRESENTATION_CONTEXT ( 3 ) GLOBAL_UNCERTAINTY_ASSIGNED_CONTEXT ( ( #1769 ) ) GLOBAL_UNIT_ASSIGNED_CONTEXT ( ( #2208, #1538, #2309 ) ) REPRESENTATION_CONTEXT ( 'NONE', 'WORKASPACE' ) );
#3032 =( GEOMETRIC_REPRESENTATION_CONTEXT ( 3 ) GLOBAL_UNCERTAINTY_ASSIGNED_CONTEXT ( ( #4344 ) ) GLOBAL_UNIT_ASSIGNED_CONTEXT ( ( #64, #4426, #4857 ) ) REPRESENTATION_CONTEXT ( 'NONE', 'WORKASPACE' ) );
#3033 = EDGE_LOOP ( 'NONE', ( #4863, #2421, #858, #3632, #1501, #4646, #4466, #4319 ) ) ;
#3034 = CARTESIAN_POINT ( 'NONE',  ( 5.945000000000000284, 1.270000000000000018, -1.875000000000000000 ) ) ;
#3035 = VECTOR ( 'NONE', #544, 1000.000000000000000 ) ;
#3036 = CARTESIAN_POINT ( 'NONE',  ( -6.590000000000000746, 0.000000000000000000, -2.075000000000000178 ) ) ;
#3037 = FILL_AREA_STYLE_COLOUR ( '', #4835 ) ;
#3038 = COLOUR_RGB ( '',0.2000000000000000111, 0.2000000000000000111, 0.2000000000000000111 ) ;
#3039 = VECTOR ( 'NONE', #2112, 1000.000000000000114 ) ;
#3040 = PRESENTATION_LAYER_ASSIGNMENT (  '', '', ( #3612 ) ) ;
#3041 = UNCERTAINTY_MEASURE_WITH_UNIT (LENGTH_MEASURE( 1.000000000000000082E-05 ), #3217, 'distance_accuracy_value', 'NONE');
#3042 = SURFACE_STYLE_USAGE ( .BOTH. , #1013 ) ;
#3043 = VECTOR ( 'NONE', #3235, 1000.000000000000000 ) ;
#3044 = VECTOR ( 'NONE', #2060, 1000.000000000000000 ) ;
#3045 = PLANE ( 'NONE',  #4295 ) ;
#3046 = VECTOR ( 'NONE', #4754, 1000.000000000000000 ) ;
#3047 = VECTOR ( 'NONE', #255, 1000.000000000000000 ) ;
#3048 = EDGE_LOOP ( 'NONE', ( #4787, #4153, #5066, #2013 ) ) ;
#3049 = SURFACE_STYLE_USAGE ( .BOTH. , #4925 ) ;
#3050 = DIRECTION ( 'NONE',  ( -0.000000000000000000, -0.000000000000000000, -1.000000000000000000 ) ) ;
#3051 =( LENGTH_UNIT ( ) NAMED_UNIT ( * ) SI_UNIT ( .MILLI., .METRE. ) );
#3052 = FACE_OUTER_BOUND ( 'NONE', #5073, .T. ) ;
#3053 = DIRECTION ( 'NONE',  ( 0.000000000000000000, 0.000000000000000000, 1.000000000000000000 ) ) ;
#3054 = COLOUR_RGB ( '',0.2000000000000000111, 0.2000000000000000111, 0.2000000000000000111 ) ;
#3055 =( GEOMETRIC_REPRESENTATION_CONTEXT ( 3 ) GLOBAL_UNCERTAINTY_ASSIGNED_CONTEXT ( ( #3300 ) ) GLOBAL_UNIT_ASSIGNED_CONTEXT ( ( #2842, #2063, #901 ) ) REPRESENTATION_CONTEXT ( 'NONE', 'WORKASPACE' ) );
#3056 = EDGE_CURVE ( 'NONE', #221, #2616, #1894, .T. ) ;
#3057 = PLANE ( 'NONE',  #2500 ) ;
#3058 = ADVANCED_FACE ( 'NONE', ( #642 ), #3822, .F. ) ;
#3059 = VECTOR ( 'NONE', #4651, 1000.000000000000000 ) ;
#3060 =( NAMED_UNIT ( * ) SI_UNIT ( $, .STERADIAN. ) SOLID_ANGLE_UNIT ( ) );
#3061 =( LENGTH_UNIT ( ) NAMED_UNIT ( * ) SI_UNIT ( .MILLI., .METRE. ) );
#3062 = CARTESIAN_POINT ( 'NONE',  ( 2.860000000000000764, -0.9499999999999998446, -3.924999999999998046 ) ) ;
#3063 = COLOUR_RGB ( '',0.2000000000000000111, 0.2000000000000000111, 0.2000000000000000111 ) ;
#3064 = EDGE_LOOP ( 'NONE', ( #67, #85, #1635, #1335, #2224, #2083, #3744, #3179, #2527, #548, #2428, #558, #4061, #2692, #2735, #4501, #4805, #1821 ) ) ;
#3065 = FACE_OUTER_BOUND ( 'NONE', #4233, .T. ) ;
#3066 = APPLICATION_PROTOCOL_DEFINITION ( 'draft international standard', 'automotive_design', 1998, #1028 ) ;
#3067 = FACE_OUTER_BOUND ( 'NONE', #470, .T. ) ;
#3068 = SURFACE_STYLE_FILL_AREA ( #1203 ) ;
#3069 = CARTESIAN_POINT ( 'NONE',  ( -0.3250000000000000666, 4.424999999999999822, 4.424999999999999822 ) ) ;
#3070 = VERTEX_POINT ( 'NONE', #3849 ) ;
#3071 = DIRECTION ( 'NONE',  ( 0.000000000000000000, 0.000000000000000000, 1.000000000000000000 ) ) ;
#3072 =( LENGTH_UNIT ( ) NAMED_UNIT ( * ) SI_UNIT ( .MILLI., .METRE. ) );
#3073 = ORIENTED_EDGE ( 'NONE', *, *, #1172, .F. ) ;
#3074 = CARTESIAN_POINT ( 'NONE',  ( 5.490000000000000213, 4.424999999999999822, 0.000000000000000000 ) ) ;
#3075 = CARTESIAN_POINT ( 'NONE',  ( 2.219999999999999751, 1.590000000000000080, -21.93981562965040411 ) ) ;
#3076 = DIRECTION ( 'NONE',  ( 0.000000000000000000, 0.000000000000000000, 1.000000000000000000 ) ) ;
#3077 = DIRECTION ( 'NONE',  ( 0.000000000000000000, -0.000000000000000000, 1.000000000000000000 ) ) ;
#3078 = FILL_AREA_STYLE_COLOUR ( '', #4219 ) ;
#3079 = LINE ( 'NONE', #1108, #3019 ) ;
#3080 = ORIENTED_EDGE ( 'NONE', *, *, #145, .F. ) ;
#3081 = CARTESIAN_POINT ( 'NONE',  ( -4.750000000000000000, -3.625000000000000000, -4.675000000000000711 ) ) ;
#3082 = APPLICATION_PROTOCOL_DEFINITION ( 'draft international standard', 'automotive_design', 1998, #1576 ) ;
#3083 = DIRECTION ( 'NONE',  ( -1.000000000000000000, -0.000000000000000000, 0.000000000000000000 ) ) ;
#3084 = EDGE_CURVE ( 'NONE', #97, #36, #5062, .T. ) ;
#3085 = DIRECTION ( 'NONE',  ( -1.000000000000000000, -6.776263578034399754E-16, 0.000000000000000000 ) ) ;
#3086 = CARTESIAN_POINT ( 'NONE',  ( -2.220000000000000639, -0.9499999999999998446, -3.924999999999998046 ) ) ;
#3087 = ORIENTED_EDGE ( 'NONE', *, *, #2682, .T. ) ;
#3088 = EDGE_LOOP ( 'NONE', ( #462, #3511, #4515, #5118 ) ) ;
#3089 = UNCERTAINTY_MEASURE_WITH_UNIT (LENGTH_MEASURE( 1.000000000000000082E-05 ), #1208, 'distance_accuracy_value', 'NONE');
#3090 =( LENGTH_UNIT ( ) NAMED_UNIT ( * ) SI_UNIT ( .MILLI., .METRE. ) );
#3091 = FILL_AREA_STYLE_COLOUR ( '', #2556 ) ;
#3092 = CIRCLE ( 'NONE', #4438, 0.4249999999999999889 ) ;
#3093 = ORIENTED_EDGE ( 'NONE', *, *, #1048, .T. ) ;
#3094 = SURFACE_STYLE_FILL_AREA ( #741 ) ;
#3095 = CYLINDRICAL_SURFACE ( 'NONE', #895, 0.4250000000000000444 ) ;
#3096 = DIRECTION ( 'NONE',  ( -6.776263578034399754E-16, 1.000000000000000000, 0.000000000000000000 ) ) ;
#3097 = VECTOR ( 'NONE', #2230, 1000.000000000000000 ) ;
#3098 = SURFACE_SIDE_STYLE ('',( #1522 ) ) ;
#3099 =( NAMED_UNIT ( * ) SI_UNIT ( $, .STERADIAN. ) SOLID_ANGLE_UNIT ( ) );
#3100 = AXIS2_PLACEMENT_3D ( 'NONE', #572, #3731, #987 ) ;
#3101 = EDGE_LOOP ( 'NONE', ( #2659, #4596 ) ) ;
#3102 = VECTOR ( 'NONE', #309, 1000.000000000000114 ) ;
#3103 = VECTOR ( 'NONE', #3431, 1000.000000000000000 ) ;
#3104 = ORIENTED_EDGE ( 'NONE', *, *, #2223, .T. ) ;
#3105 =( NAMED_UNIT ( * ) SI_UNIT ( $, .STERADIAN. ) SOLID_ANGLE_UNIT ( ) );
#3106 = AXIS2_PLACEMENT_3D ( 'NONE', #626, #602, #5021 ) ;
#3107 = EDGE_CURVE ( 'NONE', #2336, #1617, #2673, .T. ) ;
#3108 = FILL_AREA_STYLE_COLOUR ( '', #954 ) ;
#3109 = ORIENTED_EDGE ( 'NONE', *, *, #799, .F. ) ;
#3110 = ADVANCED_FACE ( 'NONE', ( #3358 ), #4960, .F. ) ;
#3111 = VECTOR ( 'NONE', #2020, 1000.000000000000000 ) ;
#3112 = DIRECTION ( 'NONE',  ( -1.000000000000000000, 0.000000000000000000, 0.000000000000000000 ) ) ;
#3113 = COLOUR_RGB ( '',0.2000000000000000111, 0.2000000000000000111, 0.2000000000000000111 ) ;
#3114 = EDGE_CURVE ( 'NONE', #4488, #3451, #2394, .T. ) ;
#3115 = ORIENTED_EDGE ( 'NONE', *, *, #645, .F. ) ;
#3116 = PRESENTATION_LAYER_ASSIGNMENT (  '', '', ( #3615 ) ) ;
#3117 = STYLED_ITEM ( 'NONE', ( #2361 ), #1053 ) ;
#3118 = DIRECTION ( 'NONE',  ( 0.000000000000000000, 1.000000000000000000, 0.000000000000000000 ) ) ;
#3119 = LINE ( 'NONE', #659, #2048 ) ;
#3120 = CARTESIAN_POINT ( 'NONE',  ( 6.590000000000000746, 1.649999999999999911, 1.975000000000000089 ) ) ;
#3121 = CARTESIAN_POINT ( 'NONE',  ( -8.673617379884041389E-16, 3.625000000000000000, -4.424999999999999822 ) ) ;
#3122 = COLOUR_RGB ( '',0.2000000000000000111, 0.2000000000000000111, 0.2000000000000000111 ) ;
#3123 = DIRECTION ( 'NONE',  ( 0.000000000000000000, -0.000000000000000000, -1.000000000000000000 ) ) ;
#3124 = SURFACE_STYLE_FILL_AREA ( #821 ) ;
#3125 = EDGE_CURVE ( 'NONE', #4335, #3634, #4895, .T. ) ;
#3126 = VERTEX_POINT ( 'NONE', #2746 ) ;
#3127 = DIRECTION ( 'NONE',  ( -1.000000000000000000, 0.000000000000000000, -0.000000000000000000 ) ) ;
#3128 =( NAMED_UNIT ( * ) SI_UNIT ( $, .STERADIAN. ) SOLID_ANGLE_UNIT ( ) );
#3129 = AXIS2_PLACEMENT_3D ( 'NONE', #712, #738, #4469 ) ;
#3130 = DIRECTION ( 'NONE',  ( -0.5773502691896246208, -0.5773502691896250649, -0.5773502691896275074 ) ) ;
#3131 = LINE ( 'NONE', #1493, #4026 ) ;
#3132 = ORIENTED_EDGE ( 'NONE', *, *, #2406, .F. ) ;
#3133 = MECHANICAL_DESIGN_GEOMETRIC_PRESENTATION_REPRESENTATION (  '', ( #499 ), #3549 ) ;
#3134 = UNCERTAINTY_MEASURE_WITH_UNIT (LENGTH_MEASURE( 1.000000000000000082E-05 ), #3746, 'distance_accuracy_value', 'NONE');
#3135 = EDGE_CURVE ( 'NONE', #4335, #3207, #25, .T. ) ;
#3136 = ORIENTED_EDGE ( 'NONE', *, *, #2899, .F. ) ;
#3137 = CARTESIAN_POINT ( 'NONE',  ( 2.860000000000000320, -1.590000000000000080, -21.93981562965040411 ) ) ;
#3138 = ADVANCED_FACE ( 'NONE', ( #3978 ), #793, .T. ) ;
#3139 =( NAMED_UNIT ( * ) SI_UNIT ( $, .STERADIAN. ) SOLID_ANGLE_UNIT ( ) );
#3140 = CARTESIAN_POINT ( 'NONE',  ( 0.000000000000000000, -0.1199999999999999956, 5.799999999999999822 ) ) ;
#3141 = SURFACE_SIDE_STYLE ('',( #4691 ) ) ;
#3142 = ADVANCED_FACE ( 'NONE', ( #769 ), #2010, .T. ) ;
#3143 = CARTESIAN_POINT ( 'NONE',  ( 7.639999999999999680, -1.649999999999999911, 1.975000000000000089 ) ) ;
#3144 =( LENGTH_UNIT ( ) NAMED_UNIT ( * ) SI_UNIT ( .MILLI., .METRE. ) );
#3145 = UNCERTAINTY_MEASURE_WITH_UNIT (LENGTH_MEASURE( 1.000000000000000082E-05 ), #2479, 'distance_accuracy_value', 'NONE');
#3146 = CARTESIAN_POINT ( 'NONE',  ( -5.165000000000000036, 4.338750000000000995, -4.424999999999999822 ) ) ;
#3147 = SURFACE_STYLE_USAGE ( .BOTH. , #3199 ) ;
#3148 = ORIENTED_EDGE ( 'NONE', *, *, #1248, .F. ) ;
#3149 = LINE ( 'NONE', #3514, #633 ) ;
#3150 = COLOUR_RGB ( '',0.2000000000000000111, 0.2000000000000000111, 0.2000000000000000111 ) ;
#3151 = LINE ( 'NONE', #2374, #3768 ) ;
#3152 = CARTESIAN_POINT ( 'NONE',  ( -0.3200000000000000067, -1.590000000000000080, -3.924999999999998046 ) ) ;
#3153 = AXIS2_PLACEMENT_3D ( 'NONE', #2962, #671, #4644 ) ;
#3154 = FILL_AREA_STYLE ('',( #1515 ) ) ;
#3155 = ORIENTED_EDGE ( 'NONE', *, *, #4998, .T. ) ;
#3156 = DIRECTION ( 'NONE',  ( -6.776263578034399754E-16, 1.000000000000000000, 0.000000000000000000 ) ) ;
#3157 = SURFACE_STYLE_FILL_AREA ( #4760 ) ;
#3158 = PLANE ( 'NONE',  #3129 ) ;
#3159 = DIRECTION ( 'NONE',  ( -1.365923996832129884E-16, 1.000000000000000000, 0.000000000000000000 ) ) ;
#3160 = ORIENTED_EDGE ( 'NONE', *, *, #1609, .F. ) ;
#3161 = SURFACE_STYLE_FILL_AREA ( #2760 ) ;
#3162 =( NAMED_UNIT ( * ) SI_UNIT ( $, .STERADIAN. ) SOLID_ANGLE_UNIT ( ) );
#3163 = PRESENTATION_LAYER_ASSIGNMENT (  '', '', ( #3331 ) ) ;
#3164 = DIRECTION ( 'NONE',  ( -0.000000000000000000, -0.000000000000000000, -1.000000000000000000 ) ) ;
#3165 = CARTESIAN_POINT ( 'NONE',  ( -2.860000000000000320, 0.9499999999999999556, -2.075000000000000622 ) ) ;
#3166 = FILL_AREA_STYLE ('',( #3533 ) ) ;
#3167 = PRESENTATION_LAYER_ASSIGNMENT (  '', '', ( #2607 ) ) ;
#3168 = EDGE_LOOP ( 'NONE', ( #3740, #5034, #2544, #2764 ) ) ;
#3169 = ADVANCED_FACE ( 'NONE', ( #3881 ), #335, .F. ) ;
#3170 = PRESENTATION_STYLE_ASSIGNMENT (( #3959 ) ) ;
#3171 = ORIENTED_EDGE ( 'NONE', *, *, #2709, .T. ) ;
#3172 = VECTOR ( 'NONE', #1024, 1000.000000000000000 ) ;
#3173 = VERTEX_POINT ( 'NONE', #3647 ) ;
#3174 = DIRECTION ( 'NONE',  ( -1.000000000000000000, 0.000000000000000000, 0.000000000000000000 ) ) ;
#3175 = FACE_OUTER_BOUND ( 'NONE', #1942, .T. ) ;
#3176 = DIRECTION ( 'NONE',  ( -0.000000000000000000, 0.000000000000000000, -1.000000000000000000 ) ) ;
#3177 = VECTOR ( 'NONE', #44, 1000.000000000000000 ) ;
#3178 = CARTESIAN_POINT ( 'NONE',  ( 7.639999999999999680, -0.4500000000000000666, -4.424999999999999822 ) ) ;
#3179 = ORIENTED_EDGE ( 'NONE', *, *, #2283, .T. ) ;
#3180 = PRESENTATION_LAYER_ASSIGNMENT (  '', '', ( #4941 ) ) ;
#3181 = VECTOR ( 'NONE', #1592, 1000.000000000000000 ) ;
#3182 = DIRECTION ( 'NONE',  ( 0.000000000000000000, 1.000000000000000000, 0.000000000000000000 ) ) ;
#3183 = PRODUCT ( '61200621621', '61200621621', '', ( #1513 ) ) ;
#3184 = SURFACE_STYLE_USAGE ( .BOTH. , #2385 ) ;
#3185 = STYLED_ITEM ( 'NONE', ( #1415 ), #4589 ) ;
#3186 = AXIS2_PLACEMENT_3D ( 'NONE', #800, #4367, #3965 ) ;
#3187 = CARTESIAN_POINT ( 'NONE',  ( 5.174999999999999822, 3.625000000000000000, -4.675000000000000711 ) ) ;
#3188 = CARTESIAN_POINT ( 'NONE',  ( 1.720000000000000195, -4.424999999999999822, -4.424999999999999822 ) ) ;
#3189 = PRESENTATION_LAYER_ASSIGNMENT (  '', '', ( #305 ) ) ;
#3190 = SURFACE_STYLE_USAGE ( .BOTH. , #2690 ) ;
#3191 = VECTOR ( 'NONE', #3204, 1000.000000000000000 ) ;
#3192 =( NAMED_UNIT ( * ) SI_UNIT ( $, .STERADIAN. ) SOLID_ANGLE_UNIT ( ) );
#3193 = CARTESIAN_POINT ( 'NONE',  ( -7.639999999999999680, -3.175000000000000711, 3.824999999999999289 ) ) ;
#3194 = CARTESIAN_POINT ( 'NONE',  ( -3.285000000000000142, -0.3200000000000000067, 5.799999999999999822 ) ) ;
#3195 = UNCERTAINTY_MEASURE_WITH_UNIT (LENGTH_MEASURE( 1.000000000000000082E-05 ), #1096, 'distance_accuracy_value', 'NONE');
#3196 = PRESENTATION_LAYER_ASSIGNMENT (  '', '', ( #4547 ) ) ;
#3197 = ORIENTED_EDGE ( 'NONE', *, *, #2585, .F. ) ;
#3198 = MECHANICAL_DESIGN_GEOMETRIC_PRESENTATION_REPRESENTATION (  '', ( #2546 ), #967 ) ;
#3199 = SURFACE_SIDE_STYLE ('',( #751 ) ) ;
#3200 = STYLED_ITEM ( 'NONE', ( #3478 ), #3422 ) ;
#3201 = EDGE_CURVE ( 'NONE', #1259, #2831, #847, .T. ) ;
#3202 = ORIENTED_EDGE ( 'NONE', *, *, #4834, .F. ) ;
#3203 =( GEOMETRIC_REPRESENTATION_CONTEXT ( 3 ) GLOBAL_UNCERTAINTY_ASSIGNED_CONTEXT ( ( #2362 ) ) GLOBAL_UNIT_ASSIGNED_CONTEXT ( ( #3061, #1056, #2222 ) ) REPRESENTATION_CONTEXT ( 'NONE', 'WORKASPACE' ) );
#3204 = DIRECTION ( 'NONE',  ( -6.776263578034399754E-16, 1.000000000000000000, 0.000000000000000000 ) ) ;
#3205 = DIRECTION ( 'NONE',  ( -1.000000000000000000, 0.000000000000000000, 0.000000000000000000 ) ) ;
#3206 = MECHANICAL_DESIGN_GEOMETRIC_PRESENTATION_REPRESENTATION (  '', ( #2561 ), #241 ) ;
#3207 = VERTEX_POINT ( 'NONE', #110 ) ;
#3208 = CARTESIAN_POINT ( 'NONE',  ( -4.750000000000000000, -3.625000000000000000, -4.424999999999999822 ) ) ;
#3209 = ORIENTED_EDGE ( 'NONE', *, *, #822, .T. ) ;
#3210 =( GEOMETRIC_REPRESENTATION_CONTEXT ( 3 ) GLOBAL_UNCERTAINTY_ASSIGNED_CONTEXT ( ( #4185 ) ) GLOBAL_UNIT_ASSIGNED_CONTEXT ( ( #167, #911, #1381 ) ) REPRESENTATION_CONTEXT ( 'NONE', 'WORKASPACE' ) );
#3211 = SURFACE_SIDE_STYLE ('',( #1645 ) ) ;
#3212 = CARTESIAN_POINT ( 'NONE',  ( -0.3199999999999997846, -0.9499999999999999556, -2.075000000000000622 ) ) ;
#3213 = STYLED_ITEM ( 'NONE', ( #1332 ), #3011 ) ;
#3214 = CARTESIAN_POINT ( 'NONE',  ( -4.750000000000000000, 3.625000000000000000, -4.675000000000000711 ) ) ;
#3215 = FACE_OUTER_BOUND ( 'NONE', #2591, .T. ) ;
#3216 = ORIENTED_EDGE ( 'NONE', *, *, #3327, .F. ) ;
#3217 =( LENGTH_UNIT ( ) NAMED_UNIT ( * ) SI_UNIT ( .MILLI., .METRE. ) );
#3218 = FILL_AREA_STYLE ('',( #178 ) ) ;
#3219 = SURFACE_SIDE_STYLE ('',( #868 ) ) ;
#3220 = ORIENTED_EDGE ( 'NONE', *, *, #274, .T. ) ;
#3221 = FILL_AREA_STYLE ('',( #3270 ) ) ;
#3222 = CARTESIAN_POINT ( 'NONE',  ( 7.639999999999999680, -0.4500000000000000666, -4.424999999999999822 ) ) ;
#3223 = PRESENTATION_STYLE_ASSIGNMENT (( #3243 ) ) ;
#3224 = EDGE_CURVE ( 'NONE', #4423, #133, #4029, .T. ) ;
#3225 = EDGE_LOOP ( 'NONE', ( #2167, #5019, #2018, #1587, #3945 ) ) ;
#3226 = FILL_AREA_STYLE ('',( #1667 ) ) ;
#3227 = FILL_AREA_STYLE ('',( #2451 ) ) ;
#3228 = DIRECTION ( 'NONE',  ( -0.000000000000000000, -0.000000000000000000, -1.000000000000000000 ) ) ;
#3229 = CARTESIAN_POINT ( 'NONE',  ( -0.4250000000000008216, -3.625000000000000000, -4.424999999999999822 ) ) ;
#3230 = ORIENTED_EDGE ( 'NONE', *, *, #4512, .T. ) ;
#3231 = AXIS2_PLACEMENT_3D ( 'NONE', #3637, #2464, #4046 ) ;
#3232 =( LENGTH_UNIT ( ) NAMED_UNIT ( * ) SI_UNIT ( .MILLI., .METRE. ) );
#3233 = EDGE_CURVE ( 'NONE', #4290, #949, #4057, .T. ) ;
#3234 = SURFACE_STYLE_FILL_AREA ( #1683 ) ;
#3235 = DIRECTION ( 'NONE',  ( -6.829619984160649418E-17, 1.000000000000000000, 6.829619984160659279E-17 ) ) ;
#3236 = FILL_AREA_STYLE_COLOUR ( '', #1878 ) ;
#3237 = FILL_AREA_STYLE ('',( #3689 ) ) ;
#3238 =( GEOMETRIC_REPRESENTATION_CONTEXT ( 3 ) GLOBAL_UNCERTAINTY_ASSIGNED_CONTEXT ( ( #1440 ) ) GLOBAL_UNIT_ASSIGNED_CONTEXT ( ( #1311, #507, #524 ) ) REPRESENTATION_CONTEXT ( 'NONE', 'WORKASPACE' ) );
#3239 = PLANE ( 'NONE',  #314 ) ;
#3240 = UNCERTAINTY_MEASURE_WITH_UNIT (LENGTH_MEASURE( 1.000000000000000082E-05 ), #2806, 'distance_accuracy_value', 'NONE');
#3241 = EDGE_LOOP ( 'NONE', ( #3839, #4685, #1997, #2988 ) ) ;
#3242 = CARTESIAN_POINT ( 'NONE',  ( -8.673617379884041389E-16, -3.625000000000000000, -4.424999999999999822 ) ) ;
#3243 = SURFACE_STYLE_USAGE ( .BOTH. , #1664 ) ;
#3244 = EDGE_LOOP ( 'NONE', ( #4718, #343, #1907, #2418 ) ) ;
#3245 = DIRECTION ( 'NONE',  ( 0.000000000000000000, 0.000000000000000000, 1.000000000000000000 ) ) ;
#3246 = CARTESIAN_POINT ( 'NONE',  ( 0.000000000000000000, -3.174999999999999822, -2.075000000000000178 ) ) ;
#3247 = VERTEX_POINT ( 'NONE', #1234 ) ;
#3248 = FILL_AREA_STYLE ('',( #4498 ) ) ;
#3249 = STYLED_ITEM ( 'NONE', ( #3916 ), #5017 ) ;
#3250 = FACE_BOUND ( 'NONE', #3168, .T. ) ;
#3251 =( LENGTH_UNIT ( ) NAMED_UNIT ( * ) SI_UNIT ( .MILLI., .METRE. ) );
#3252 =( GEOMETRIC_REPRESENTATION_CONTEXT ( 3 ) GLOBAL_UNCERTAINTY_ASSIGNED_CONTEXT ( ( #4771 ) ) GLOBAL_UNIT_ASSIGNED_CONTEXT ( ( #276, #2638, #3737 ) ) REPRESENTATION_CONTEXT ( 'NONE', 'WORKASPACE' ) );
#3253 = ORIENTED_EDGE ( 'NONE', *, *, #3968, .F. ) ;
#3254 =( NAMED_UNIT ( * ) PLANE_ANGLE_UNIT ( ) SI_UNIT ( $, .RADIAN. ) );
#3255 = DIRECTION ( 'NONE',  ( -0.5773502691896259531, -0.5773502691896259531, 0.5773502691896253980 ) ) ;
#3256 =( GEOMETRIC_REPRESENTATION_CONTEXT ( 3 ) GLOBAL_UNCERTAINTY_ASSIGNED_CONTEXT ( ( #2008 ) ) GLOBAL_UNIT_ASSIGNED_CONTEXT ( ( #1694, #2918, #2114 ) ) REPRESENTATION_CONTEXT ( 'NONE', 'WORKASPACE' ) );
#3257 = EDGE_CURVE ( 'NONE', #2563, #4924, #2649, .T. ) ;
#3258 = SURFACE_STYLE_USAGE ( .BOTH. , #441 ) ;
#3259 = CARTESIAN_POINT ( 'NONE',  ( 6.590000000000000746, -3.174999999999999822, -2.075000000000000178 ) ) ;
#3260 = EDGE_CURVE ( 'NONE', #4689, #538, #3861, .T. ) ;
#3261 = MECHANICAL_DESIGN_GEOMETRIC_PRESENTATION_REPRESENTATION (  '', ( #371 ), #4775 ) ;
#3262 = DIRECTION ( 'NONE',  ( 0.000000000000000000, 1.000000000000000000, 0.000000000000000000 ) ) ;
#3263 = ADVANCED_FACE ( 'NONE', ( #86 ), #529, .F. ) ;
#3264 =( NAMED_UNIT ( * ) PLANE_ANGLE_UNIT ( ) SI_UNIT ( $, .RADIAN. ) );
#3265 = AXIS2_PLACEMENT_3D ( 'NONE', #2520, #3992, #2827 ) ;
#3266 = COLOUR_RGB ( '',0.2000000000000000111, 0.2000000000000000111, 0.2000000000000000111 ) ;
#3267 = ORIENTED_EDGE ( 'NONE', *, *, #453, .T. ) ;
#3268 =( GEOMETRIC_REPRESENTATION_CONTEXT ( 3 ) GLOBAL_UNCERTAINTY_ASSIGNED_CONTEXT ( ( #282 ) ) GLOBAL_UNIT_ASSIGNED_CONTEXT ( ( #1006, #190, #4212 ) ) REPRESENTATION_CONTEXT ( 'NONE', 'WORKASPACE' ) );
#3269 = COLOUR_RGB ( '',0.8705882352941176627, 0.6313725490196078205, 0.1725490196078431349 ) ;
#3270 = FILL_AREA_STYLE_COLOUR ( '', #450 ) ;
#3271 = SHAPE_REPRESENTATION ( '61200621621', ( #1189, #444, #3016, #943, #3100, #3423, #366, #2521 ), #5105 ) ;
#3272 = DIRECTION ( 'NONE',  ( 0.000000000000000000, -0.9284766908852591927, 0.3713906763541040545 ) ) ;
#3273 = CIRCLE ( 'NONE', #4703, 0.4250000000000000444 ) ;
#3274 = VECTOR ( 'NONE', #2225, 1000.000000000000000 ) ;
#3275 = ORIENTED_EDGE ( 'NONE', *, *, #89, .T. ) ;
#3276 = ORIENTED_EDGE ( 'NONE', *, *, #4168, .F. ) ;
#3277 = SURFACE_STYLE_USAGE ( .BOTH. , #2068 ) ;
#3278 = DIRECTION ( 'NONE',  ( 1.000000000000000000, 0.000000000000000000, -0.000000000000000000 ) ) ;
#3279 = VECTOR ( 'NONE', #1127, 1000.000000000000000 ) ;
#3280 = SURFACE_SIDE_STYLE ('',( #2483 ) ) ;
#3281 = SURFACE_SIDE_STYLE ('',( #502 ) ) ;
#3282 = COLOUR_RGB ( '',0.2000000000000000111, 0.2000000000000000111, 0.2000000000000000111 ) ;
#3283 = PLANE ( 'NONE',  #3930 ) ;
#3284 = VECTOR ( 'NONE', #4719, 1000.000000000000000 ) ;
#3285 = ORIENTED_EDGE ( 'NONE', *, *, #4619, .F. ) ;
#3286 =( NAMED_UNIT ( * ) SI_UNIT ( $, .STERADIAN. ) SOLID_ANGLE_UNIT ( ) );
#3287 = PLANE ( 'NONE',  #4629 ) ;
#3288 =( GEOMETRIC_REPRESENTATION_CONTEXT ( 3 ) GLOBAL_UNCERTAINTY_ASSIGNED_CONTEXT ( ( #4137 ) ) GLOBAL_UNIT_ASSIGNED_CONTEXT ( ( #4885, #4088, #2514 ) ) REPRESENTATION_CONTEXT ( 'NONE', 'WORKASPACE' ) );
#3289 = MECHANICAL_DESIGN_GEOMETRIC_PRESENTATION_REPRESENTATION (  '', ( #813 ), #1471 ) ;
#3290 = SURFACE_STYLE_FILL_AREA ( #4839 ) ;
#3291 = SURFACE_STYLE_FILL_AREA ( #4487 ) ;
#3292 = VECTOR ( 'NONE', #2456, 1000.000000000000000 ) ;
#3293 = ORIENTED_EDGE ( 'NONE', *, *, #3201, .F. ) ;
#3294 = FILL_AREA_STYLE_COLOUR ( '', #2966 ) ;
#3295 = DIRECTION ( 'NONE',  ( 0.000000000000000000, -0.000000000000000000, 1.000000000000000000 ) ) ;
#3296 = EDGE_CURVE ( 'NONE', #2831, #3126, #159, .T. ) ;
#3297 =( NAMED_UNIT ( * ) SI_UNIT ( $, .STERADIAN. ) SOLID_ANGLE_UNIT ( ) );
#3298 = VECTOR ( 'NONE', #990, 1000.000000000000000 ) ;
#3299 = PLANE ( 'NONE',  #721 ) ;
#3300 = UNCERTAINTY_MEASURE_WITH_UNIT (LENGTH_MEASURE( 1.000000000000000082E-05 ), #2842, 'distance_accuracy_value', 'NONE');
#3301 = ORIENTED_EDGE ( 'NONE', *, *, #2170, .F. ) ;
#3302 = ADVANCED_FACE ( 'NONE', ( #559 ), #2144, .T. ) ;
#3303 = ADVANCED_FACE ( 'NONE', ( #2942 ), #3021, .T. ) ;
#3304 = ORIENTED_EDGE ( 'NONE', *, *, #2829, .F. ) ;
#3305 = PLANE ( 'NONE',  #170 ) ;
#3306 = FILL_AREA_STYLE ('',( #2511 ) ) ;
#3307 = EDGE_CURVE ( 'NONE', #2519, #3319, #4543, .T. ) ;
#3308 = SURFACE_SIDE_STYLE ('',( #2902 ) ) ;
#3309 = VERTEX_POINT ( 'NONE', #3378 ) ;
#3310 = CARTESIAN_POINT ( 'NONE',  ( -0.3250000000000000111, 4.424999999999999822, -4.424999999999999822 ) ) ;
#3311 = LINE ( 'NONE', #4969, #3695 ) ;
#3312 = CARTESIAN_POINT ( 'NONE',  ( -3.285000000000000142, -0.1199999999999999956, -5.799999999999999822 ) ) ;
#3313 = PLANE ( 'NONE',  #5040 ) ;
#3314 = VERTEX_POINT ( 'NONE', #1773 ) ;
#3315 = SURFACE_SIDE_STYLE ('',( #3641 ) ) ;
#3316 = VECTOR ( 'NONE', #4807, 1000.000000000000000 ) ;
#3317 = DIRECTION ( 'NONE',  ( -0.000000000000000000, -1.000000000000000000, -0.000000000000000000 ) ) ;
#3318 = PLANE ( 'NONE',  #3923 ) ;
#3319 = VERTEX_POINT ( 'NONE', #1043 ) ;
#3320 = VERTEX_POINT ( 'NONE', #3741 ) ;
#3321 = SURFACE_SIDE_STYLE ('',( #3796 ) ) ;
#3322 =( NAMED_UNIT ( * ) PLANE_ANGLE_UNIT ( ) SI_UNIT ( $, .RADIAN. ) );
#3323 = DIRECTION ( 'NONE',  ( 0.000000000000000000, 0.000000000000000000, -1.000000000000000000 ) ) ;
#3324 = EDGE_CURVE ( 'NONE', #1198, #2684, #2642, .T. ) ;
#3325 = ORIENTED_EDGE ( 'NONE', *, *, #2742, .T. ) ;
#3326 =( NAMED_UNIT ( * ) SI_UNIT ( $, .STERADIAN. ) SOLID_ANGLE_UNIT ( ) );
#3327 = EDGE_CURVE ( 'NONE', #1532, #2323, #203, .T. ) ;
#3328 = PLANE ( 'NONE',  #3465 ) ;
#3329 = CARTESIAN_POINT ( 'NONE',  ( -2.860000000000000320, -0.9499999999999999556, -2.075000000000000622 ) ) ;
#3330 =( NAMED_UNIT ( * ) PLANE_ANGLE_UNIT ( ) SI_UNIT ( $, .RADIAN. ) );
#3331 = STYLED_ITEM ( 'NONE', ( #2077 ), #539 ) ;
#3332 = PRESENTATION_STYLE_ASSIGNMENT (( #466 ) ) ;
#3333 = FILL_AREA_STYLE_COLOUR ( '', #166 ) ;
#3334 = PRESENTATION_LAYER_ASSIGNMENT (  '', '', ( #3249 ) ) ;
#3335 = ORIENTED_EDGE ( 'NONE', *, *, #3408, .F. ) ;
#3336 = PRESENTATION_STYLE_ASSIGNMENT (( #3808 ) ) ;
#3337 = DIRECTION ( 'NONE',  ( 0.000000000000000000, 0.000000000000000000, 1.000000000000000000 ) ) ;
#3338 = DIRECTION ( 'NONE',  ( 0.000000000000000000, -0.7071067811865490160, 0.7071067811865461294 ) ) ;
#3339 = LINE ( 'NONE', #2958, #2441 ) ;
#3340 = CARTESIAN_POINT ( 'NONE',  ( 0.3199999999999998956, -1.590000000000000080, -2.075000000000000622 ) ) ;
#3341 =( NAMED_UNIT ( * ) SI_UNIT ( $, .STERADIAN. ) SOLID_ANGLE_UNIT ( ) );
#3342 = STYLED_ITEM ( 'NONE', ( #4112 ), #3926 ) ;
#3343 = ORIENTED_EDGE ( 'NONE', *, *, #4336, .F. ) ;
#3344 = UNCERTAINTY_MEASURE_WITH_UNIT (LENGTH_MEASURE( 1.000000000000000082E-05 ), #3434, 'distance_accuracy_value', 'NONE');
#3345 =( LENGTH_UNIT ( ) NAMED_UNIT ( * ) SI_UNIT ( .MILLI., .METRE. ) );
#3346 =( NAMED_UNIT ( * ) SI_UNIT ( $, .STERADIAN. ) SOLID_ANGLE_UNIT ( ) );
#3347 = DIRECTION ( 'NONE',  ( 0.000000000000000000, -0.000000000000000000, 1.000000000000000000 ) ) ;
#3348 = VECTOR ( 'NONE', #1504, 1000.000000000000000 ) ;
#3349 = EDGE_CURVE ( 'NONE', #1722, #2872, #1793, .T. ) ;
#3350 = ORIENTED_EDGE ( 'NONE', *, *, #4268, .T. ) ;
#3351 = LINE ( 'NONE', #4573, #3778 ) ;
#3352 = LINE ( 'NONE', #2588, #2856 ) ;
#3353 = COLOUR_RGB ( '',0.8705882352941176627, 0.6313725490196078205, 0.1725490196078431349 ) ;
#3354 = VERTEX_POINT ( 'NONE', #1398 ) ;
#3355 = STYLED_ITEM ( 'NONE', ( #2416 ), #4773 ) ;
#3356 = CARTESIAN_POINT ( 'NONE',  ( -5.165000000000000036, 4.338750000000000995, -4.424999999999999822 ) ) ;
#3357 = AXIS2_PLACEMENT_3D ( 'NONE', #3973, #3071, #3112 ) ;
#3358 = FACE_OUTER_BOUND ( 'NONE', #2147, .T. ) ;
#3359 = FILL_AREA_STYLE ('',( #589 ) ) ;
#3360 =( LENGTH_UNIT ( ) NAMED_UNIT ( * ) SI_UNIT ( .MILLI., .METRE. ) );
#3361 = AXIS2_PLACEMENT_3D ( 'NONE', #815, #4435, #4741 ) ;
#3362 = EDGE_CURVE ( 'NONE', #1955, #4423, #3351, .T. ) ;
#3363 = SURFACE_SIDE_STYLE ('',( #213 ) ) ;
#3364 = VECTOR ( 'NONE', #338, 1000.000000000000000 ) ;
#3365 = ORIENTED_EDGE ( 'NONE', *, *, #5065, .T. ) ;
#3366 = AXIS2_PLACEMENT_3D ( 'NONE', #3014, #2603, #4562 ) ;
#3367 = STYLED_ITEM ( 'NONE', ( #3782 ), #3518 ) ;
#3368 = CARTESIAN_POINT ( 'NONE',  ( -3.524999999999999911, -0.3200000000000000067, -5.799999999999999822 ) ) ;
#3369 = PRESENTATION_LAYER_ASSIGNMENT (  '', '', ( #476 ) ) ;
#3370 = EDGE_CURVE ( 'NONE', #2716, #102, #3873, .T. ) ;
#3371 = CARTESIAN_POINT ( 'NONE',  ( -8.673617379884041389E-16, -3.625000000000000000, -4.675000000000000711 ) ) ;
#3372 = VECTOR ( 'NONE', #1166, 1000.000000000000000 ) ;
#3373 =( LENGTH_UNIT ( ) NAMED_UNIT ( * ) SI_UNIT ( .MILLI., .METRE. ) );
#3374 = ORIENTED_EDGE ( 'NONE', *, *, #582, .F. ) ;
#3375 = PLANE ( 'NONE',  #875 ) ;
#3376 = SURFACE_SIDE_STYLE ('',( #4901 ) ) ;
#3377 = AXIS2_PLACEMENT_3D ( 'NONE', #4591, #2687, #226 ) ;
#3378 = CARTESIAN_POINT ( 'NONE',  ( -3.360000000000000320, 0.4500000000000004552, -4.424999999999998934 ) ) ;
#3379 = MECHANICAL_DESIGN_GEOMETRIC_PRESENTATION_REPRESENTATION (  '', ( #1906 ), #2656 ) ;
#3380 = CARTESIAN_POINT ( 'NONE',  ( -7.639999999999999680, 1.650000000000000355, -4.424999999999999822 ) ) ;
#3381 = SURFACE_STYLE_USAGE ( .BOTH. , #1475 ) ;
#3382 = ORIENTED_EDGE ( 'NONE', *, *, #2611, .F. ) ;
#3383 = SURFACE_SIDE_STYLE ('',( #3027 ) ) ;
#3384 = AXIS2_PLACEMENT_3D ( 'NONE', #3146, #4277, #2 ) ;
#3385 =( LENGTH_UNIT ( ) NAMED_UNIT ( * ) SI_UNIT ( .MILLI., .METRE. ) );
#3386 = LINE ( 'NONE', #4599, #3172 ) ;
#3387 = EDGE_CURVE ( 'NONE', #3247, #1932, #298, .T. ) ;
#3388 = ORIENTED_EDGE ( 'NONE', *, *, #4139, .T. ) ;
#3389 = SURFACE_STYLE_USAGE ( .BOTH. , #4154 ) ;
#3390 = CONTEXT_DEPENDENT_SHAPE_REPRESENTATION ( #1850, #2744 ) ;
#3391 =( NAMED_UNIT ( * ) PLANE_ANGLE_UNIT ( ) SI_UNIT ( $, .RADIAN. ) );
#3392 = LINE ( 'NONE', #3010, #3489 ) ;
#3393 = FACE_OUTER_BOUND ( 'NONE', #2426, .T. ) ;
#3394 = LINE ( 'NONE', #4682, #2382 ) ;
#3395 = FILL_AREA_STYLE ('',( #3037 ) ) ;
#3396 = FILL_AREA_STYLE_COLOUR ( '', #3777 ) ;
#3397 = ADVANCED_FACE ( 'NONE', ( #709 ), #4766, .F. ) ;
#3398 = EDGE_LOOP ( 'NONE', ( #2565, #3673, #653, #425 ) ) ;
#3399 = UNCERTAINTY_MEASURE_WITH_UNIT (LENGTH_MEASURE( 1.000000000000000082E-05 ), #577, 'distance_accuracy_value', 'NONE');
#3400 = DIRECTION ( 'NONE',  ( 6.776263578034399754E-16, 1.000000000000000000, 0.000000000000000000 ) ) ;
#3401 = FILL_AREA_STYLE_COLOUR ( '', #778 ) ;
#3402 = FACE_OUTER_BOUND ( 'NONE', #1730, .T. ) ;
#3403 = ORIENTED_EDGE ( 'NONE', *, *, #3370, .T. ) ;
#3404 =( LENGTH_UNIT ( ) NAMED_UNIT ( * ) SI_UNIT ( .MILLI., .METRE. ) );
#3405 = LINE ( 'NONE', #999, #1872 ) ;
#3406 = CARTESIAN_POINT ( 'NONE',  ( 2.220000000000000195, -1.590000000000000080, -2.075000000000000622 ) ) ;
#3407 = ORIENTED_EDGE ( 'NONE', *, *, #4307, .T. ) ;
#3408 = EDGE_CURVE ( 'NONE', #4050, #4326, #1543, .T. ) ;
#3409 =( GEOMETRIC_REPRESENTATION_CONTEXT ( 3 ) GLOBAL_UNCERTAINTY_ASSIGNED_CONTEXT ( ( #2207 ) ) GLOBAL_UNIT_ASSIGNED_CONTEXT ( ( #2703, #5050, #3889 ) ) REPRESENTATION_CONTEXT ( 'NONE', 'WORKASPACE' ) );
#3410 = COLOUR_RGB ( '',0.2000000000000000111, 0.2000000000000000111, 0.2000000000000000111 ) ;
#3411 = ORIENTED_EDGE ( 'NONE', *, *, #4777, .F. ) ;
#3412 = DIRECTION ( 'NONE',  ( 0.000000000000000000, -0.7071067811865490160, 0.7071067811865461294 ) ) ;
#3413 =( LENGTH_UNIT ( ) NAMED_UNIT ( * ) SI_UNIT ( .MILLI., .METRE. ) );
#3414 = DIRECTION ( 'NONE',  ( 0.000000000000000000, 1.000000000000000000, 0.000000000000000000 ) ) ;
#3415 = SURFACE_STYLE_FILL_AREA ( #4128 ) ;
#3416 = PLANE ( 'NONE',  #2377 ) ;
#3417 = CARTESIAN_POINT ( 'NONE',  ( -3.524999999999999911, 0.1200000000000000233, 5.799999999999999822 ) ) ;
#3418 =( GEOMETRIC_REPRESENTATION_CONTEXT ( 3 ) GLOBAL_UNCERTAINTY_ASSIGNED_CONTEXT ( ( #766 ) ) GLOBAL_UNIT_ASSIGNED_CONTEXT ( ( #154, #4536, #867 ) ) REPRESENTATION_CONTEXT ( 'NONE', 'WORKASPACE' ) );
#3419 = FACE_OUTER_BOUND ( 'NONE', #4241, .T. ) ;
#3420 =( NAMED_UNIT ( * ) SI_UNIT ( $, .STERADIAN. ) SOLID_ANGLE_UNIT ( ) );
#3421 = DIRECTION ( 'NONE',  ( -1.000000000000000000, 0.000000000000000000, 0.000000000000000000 ) ) ;
#3422 = ADVANCED_FACE ( 'NONE', ( #3503 ), #1598, .T. ) ;
#3423 = AXIS2_PLACEMENT_3D ( 'NONE', #618, #2270, #3854 ) ;
#3424 = SURFACE_STYLE_FILL_AREA ( #2666 ) ;
#3425 = CARTESIAN_POINT ( 'NONE',  ( 0.000000000000000000, -4.424999999999999822, 0.000000000000000000 ) ) ;
#3426 = VECTOR ( 'NONE', #2896, 1000.000000000000000 ) ;
#3427 = ORIENTED_EDGE ( 'NONE', *, *, #3114, .F. ) ;
#3428 = DIRECTION ( 'NONE',  ( 0.000000000000000000, -0.000000000000000000, -1.000000000000000000 ) ) ;
#3429 = ADVANCED_FACE ( 'NONE', ( #4740 ), #1175, .F. ) ;
#3430 = DIRECTION ( 'NONE',  ( 0.000000000000000000, -0.000000000000000000, 1.000000000000000000 ) ) ;
#3431 = DIRECTION ( 'NONE',  ( 1.000000000000000000, -0.000000000000000000, 0.000000000000000000 ) ) ;
#3432 = CARTESIAN_POINT ( 'NONE',  ( -8.673617379884041389E-16, -3.625000000000000000, -4.424999999999999822 ) ) ;
#3433 = VECTOR ( 'NONE', #1983, 1000.000000000000000 ) ;
#3434 =( LENGTH_UNIT ( ) NAMED_UNIT ( * ) SI_UNIT ( .MILLI., .METRE. ) );
#3435 = ORIENTED_EDGE ( 'NONE', *, *, #1248, .T. ) ;
#3436 = FACE_OUTER_BOUND ( 'NONE', #1567, .T. ) ;
#3437 = EDGE_LOOP ( 'NONE', ( #600, #969, #4778, #2136 ) ) ;
#3438 =( GEOMETRIC_REPRESENTATION_CONTEXT ( 3 ) GLOBAL_UNCERTAINTY_ASSIGNED_CONTEXT ( ( #108 ) ) GLOBAL_UNIT_ASSIGNED_CONTEXT ( ( #4244, #2163, #3346 ) ) REPRESENTATION_CONTEXT ( 'NONE', 'WORKASPACE' ) );
#3439 = DIRECTION ( 'NONE',  ( -0.5773502691896257311, 0.5773502691896257311, -0.5773502691896257311 ) ) ;
#3440 = CARTESIAN_POINT ( 'NONE',  ( 0.000000000000000000, 0.3200000000000000067, 0.000000000000000000 ) ) ;
#3441 = DIRECTION ( 'NONE',  ( -0.000000000000000000, -1.000000000000000000, -0.000000000000000000 ) ) ;
#3442 = AXIS2_PLACEMENT_3D ( 'NONE', #2601, #3414, #3783 ) ;
#3443 = ORIENTED_EDGE ( 'NONE', *, *, #2031, .T. ) ;
#3444 = DIRECTION ( 'NONE',  ( 0.000000000000000000, -0.000000000000000000, -1.000000000000000000 ) ) ;
#3445 = COLOUR_RGB ( '',0.8705882352941176627, 0.6313725490196078205, 0.1725490196078431349 ) ;
#3446 = STYLED_ITEM ( 'NONE', ( #2280 ), #1945 ) ;
#3447 = LINE ( 'NONE', #3588, #3934 ) ;
#3448 = VECTOR ( 'NONE', #1074, 1000.000000000000000 ) ;
#3449 =( NAMED_UNIT ( * ) SI_UNIT ( $, .STERADIAN. ) SOLID_ANGLE_UNIT ( ) );
#3450 = ORIENTED_EDGE ( 'NONE', *, *, #900, .T. ) ;
#3451 = VERTEX_POINT ( 'NONE', #2810 ) ;
#3452 = UNCERTAINTY_MEASURE_WITH_UNIT (LENGTH_MEASURE( 1.000000000000000082E-05 ), #1171, 'distance_accuracy_value', 'NONE');
#3453 = MECHANICAL_DESIGN_GEOMETRIC_PRESENTATION_REPRESENTATION (  '', ( #4464 ), #3946 ) ;
#3454 = ORIENTED_EDGE ( 'NONE', *, *, #697, .F. ) ;
#3455 = EDGE_CURVE ( 'NONE', #1650, #2684, #3642, .T. ) ;
#3456 = SURFACE_SIDE_STYLE ('',( #3094 ) ) ;
#3457 = DIRECTION ( 'NONE',  ( -0.5773502691896248429, 0.5773502691896257311, -0.5773502691896267303 ) ) ;
#3458 = STYLED_ITEM ( 'NONE', ( #2006 ), #2339 ) ;
#3459 = ORIENTED_EDGE ( 'NONE', *, *, #89, .F. ) ;
#3460 = CIRCLE ( 'NONE', #1568, 0.4250000000000000444 ) ;
#3461 = EDGE_CURVE ( 'NONE', #1753, #1905, #3609, .T. ) ;
#3462 =( LENGTH_UNIT ( ) NAMED_UNIT ( * ) SI_UNIT ( .MILLI., .METRE. ) );
#3463 = LINE ( 'NONE', #3029, #4688 ) ;
#3464 = STYLED_ITEM ( 'NONE', ( #4475 ), #610 ) ;
#3465 = AXIS2_PLACEMENT_3D ( 'NONE', #3629, #1669, #879 ) ;
#3466 = VERTEX_POINT ( 'NONE', #2078 ) ;
#3467 = SURFACE_STYLE_FILL_AREA ( #313 ) ;
#3468 = SURFACE_SIDE_STYLE ('',( #2600 ) ) ;
#3469 = DIRECTION ( 'NONE',  ( 0.000000000000000000, -0.000000000000000000, 1.000000000000000000 ) ) ;
#3470 = SURFACE_SIDE_STYLE ('',( #5070 ) ) ;
#3471 = DIRECTION ( 'NONE',  ( 0.000000000000000000, 0.3713906763541040545, -0.9284766908852591927 ) ) ;
#3472 = CARTESIAN_POINT ( 'NONE',  ( 2.860000000000000320, 1.590000000000000080, -21.93981562965040411 ) ) ;
#3473 = CARTESIAN_POINT ( 'NONE',  ( -4.325000000000000178, 3.625000000000000000, -4.675000000000000711 ) ) ;
#3474 = VERTEX_POINT ( 'NONE', #2833 ) ;
#3475 = DIRECTION ( 'NONE',  ( 0.000000000000000000, 0.000000000000000000, 1.000000000000000000 ) ) ;
#3476 = DIRECTION ( 'NONE',  ( 0.000000000000000000, -0.000000000000000000, -1.000000000000000000 ) ) ;
#3477 = EDGE_LOOP ( 'NONE', ( #2116, #1566, #1295, #4844 ) ) ;
#3478 = PRESENTATION_STYLE_ASSIGNMENT (( #3913 ) ) ;
#3479 = CARTESIAN_POINT ( 'NONE',  ( -2.220000000000000195, 0.9499999999999999556, -21.93981562965040411 ) ) ;
#3480 = FILL_AREA_STYLE ('',( #21 ) ) ;
#3481 =( NAMED_UNIT ( * ) PLANE_ANGLE_UNIT ( ) SI_UNIT ( $, .RADIAN. ) );
#3482 = SURFACE_STYLE_USAGE ( .BOTH. , #1915 ) ;
#3483 = EDGE_LOOP ( 'NONE', ( #2977, #3276 ) ) ;
#3484 = ORIENTED_EDGE ( 'NONE', *, *, #4307, .F. ) ;
#3485 =( LENGTH_UNIT ( ) NAMED_UNIT ( * ) SI_UNIT ( .MILLI., .METRE. ) );
#3486 = LINE ( 'NONE', #4747, #3837 ) ;
#3487 = ADVANCED_FACE ( 'NONE', ( #4820 ), #482, .F. ) ;
#3488 = ADVANCED_FACE ( 'NONE', ( #4937 ), #2984, .T. ) ;
#3489 = VECTOR ( 'NONE', #2934, 1000.000000000000000 ) ;
#3490 = ORIENTED_EDGE ( 'NONE', *, *, #4934, .T. ) ;
#3491 = DIRECTION ( 'NONE',  ( 0.000000000000000000, 0.000000000000000000, 1.000000000000000000 ) ) ;
#3492 = SURFACE_STYLE_USAGE ( .BOTH. , #4285 ) ;
#3493 = SURFACE_STYLE_USAGE ( .BOTH. , #3470 ) ;
#3494 =( NAMED_UNIT ( * ) PLANE_ANGLE_UNIT ( ) SI_UNIT ( $, .RADIAN. ) );
#3495 = CARTESIAN_POINT ( 'NONE',  ( 0.000000000000000000, 3.174999999999999822, -2.075000000000000178 ) ) ;
#3496 = EDGE_LOOP ( 'NONE', ( #361, #4007, #2771, #1796 ) ) ;
#3497 = UNCERTAINTY_MEASURE_WITH_UNIT (LENGTH_MEASURE( 1.000000000000000082E-05 ), #1177, 'distance_accuracy_value', 'NONE');
#3498 = PRESENTATION_LAYER_ASSIGNMENT (  '', '', ( #5007 ) ) ;
#3499 = FACE_OUTER_BOUND ( 'NONE', #1291, .T. ) ;
#3500 = CARTESIAN_POINT ( 'NONE',  ( -6.590000000000000746, -3.174999999999999822, -2.075000000000000178 ) ) ;
#3501 = STYLED_ITEM ( 'NONE', ( #4331 ), #4977 ) ;
#3502 = ORIENTED_EDGE ( 'NONE', *, *, #4838, .T. ) ;
#3503 = FACE_OUTER_BOUND ( 'NONE', #871, .T. ) ;
#3504 = LINE ( 'NONE', #3075, #394 ) ;
#3505 = DIRECTION ( 'NONE',  ( -0.000000000000000000, -0.000000000000000000, 1.000000000000000000 ) ) ;
#3506 = FILL_AREA_STYLE ('',( #1160 ) ) ;
#3507 = DIRECTION ( 'NONE',  ( 0.000000000000000000, -0.000000000000000000, 1.000000000000000000 ) ) ;
#3508 =( NAMED_UNIT ( * ) PLANE_ANGLE_UNIT ( ) SI_UNIT ( $, .RADIAN. ) );
#3509 = VECTOR ( 'NONE', #1261, 1000.000000000000000 ) ;
#3510 =( REPRESENTATION_RELATIONSHIP ('NONE','NONE', #3271, #4748 ) REPRESENTATION_RELATIONSHIP_WITH_TRANSFORMATION ( #4639 )SHAPE_REPRESENTATION_RELATIONSHIP( ) );
#3511 = ORIENTED_EDGE ( 'NONE', *, *, #3559, .T. ) ;
#3512 = VECTOR ( 'NONE', #3915, 1000.000000000000000 ) ;
#3513 = ORIENTED_EDGE ( 'NONE', *, *, #3625, .F. ) ;
#3514 = CARTESIAN_POINT ( 'NONE',  ( -2.220000000000000195, 0.9499999999999999556, -2.075000000000000622 ) ) ;
#3515 = FILL_AREA_STYLE_COLOUR ( '', #2640 ) ;
#3516 = STYLED_ITEM ( 'NONE', ( #537 ), #1741 ) ;
#3517 =( NAMED_UNIT ( * ) SI_UNIT ( $, .STERADIAN. ) SOLID_ANGLE_UNIT ( ) );
#3518 = ADVANCED_FACE ( 'NONE', ( #2302 ), #1488, .F. ) ;
#3519 = VECTOR ( 'NONE', #1736, 1000.000000000000000 ) ;
#3520 = ORIENTED_EDGE ( 'NONE', *, *, #2130, .T. ) ;
#3521 = VECTOR ( 'NONE', #3255, 999.9999999999998863 ) ;
#3522 = CARTESIAN_POINT ( 'NONE',  ( 0.8199999999999999512, -4.424999999999999822, -4.424999999999999822 ) ) ;
#3523 =( GEOMETRIC_REPRESENTATION_CONTEXT ( 3 ) GLOBAL_UNCERTAINTY_ASSIGNED_CONTEXT ( ( #4292 ) ) GLOBAL_UNIT_ASSIGNED_CONTEXT ( ( #4943, #1713, #4236 ) ) REPRESENTATION_CONTEXT ( 'NONE', 'WORKASPACE' ) );
#3524 = MECHANICAL_DESIGN_GEOMETRIC_PRESENTATION_REPRESENTATION (  '', ( #3612 ), #1811 ) ;
#3525 = DIRECTION ( 'NONE',  ( -0.000000000000000000, -0.000000000000000000, -1.000000000000000000 ) ) ;
#3526 = DIRECTION ( 'NONE',  ( 0.000000000000000000, 1.000000000000000000, 0.000000000000000000 ) ) ;
#3527 = ORIENTED_EDGE ( 'NONE', *, *, #4560, .F. ) ;
#3528 = VECTOR ( 'NONE', #193, 1000.000000000000000 ) ;
#3529 = COLOUR_RGB ( '',0.2000000000000000111, 0.2000000000000000111, 0.2000000000000000111 ) ;
#3530 = DIRECTION ( 'NONE',  ( -0.000000000000000000, -0.000000000000000000, -1.000000000000000000 ) ) ;
#3531 = LINE ( 'NONE', #786, #3512 ) ;
#3532 = FACE_OUTER_BOUND ( 'NONE', #757, .T. ) ;
#3533 = FILL_AREA_STYLE_COLOUR ( '', #3538 ) ;
#3534 = AXIS2_PLACEMENT_3D ( 'NONE', #2119, #881, #2454 ) ;
#3535 =( GEOMETRIC_REPRESENTATION_CONTEXT ( 3 ) GLOBAL_UNCERTAINTY_ASSIGNED_CONTEXT ( ( #4712 ) ) GLOBAL_UNIT_ASSIGNED_CONTEXT ( ( #2996, #4594, #2917 ) ) REPRESENTATION_CONTEXT ( 'NONE', 'WORKASPACE' ) );
#3536 = SURFACE_STYLE_USAGE ( .BOTH. , #3383 ) ;
#3537 = EDGE_LOOP ( 'NONE', ( #1425, #6 ) ) ;
#3538 = COLOUR_RGB ( '',0.2000000000000000111, 0.2000000000000000111, 0.2000000000000000111 ) ;
#3539 = DIRECTION ( 'NONE',  ( -1.000000000000000000, 0.000000000000000000, 0.000000000000000000 ) ) ;
#3540 = AXIS2_PLACEMENT_3D ( 'NONE', #3617, #4470, #4440 ) ;
#3541 = STYLED_ITEM ( 'NONE', ( #304 ), #2713 ) ;
#3542 = EDGE_LOOP ( 'NONE', ( #1826, #2399, #2865, #1840 ) ) ;
#3543 = DIRECTION ( 'NONE',  ( -0.5773502691896260641, 0.5773502691896256200, -0.5773502691896256200 ) ) ;
#3544 = ADVANCED_FACE ( 'NONE', ( #4995 ), #1062, .F. ) ;
#3545 = CARTESIAN_POINT ( 'NONE',  ( -3.725000000000000089, -0.3200000000000000067, -5.799999999999999822 ) ) ;
#3546 = CARTESIAN_POINT ( 'NONE',  ( -3.284999999999999698, 0.1200000000000000927, -5.799999999999999822 ) ) ;
#3547 = DIRECTION ( 'NONE',  ( 1.000000000000000000, -0.000000000000000000, 0.000000000000000000 ) ) ;
#3548 = ORIENTED_EDGE ( 'NONE', *, *, #2135, .F. ) ;
#3549 =( GEOMETRIC_REPRESENTATION_CONTEXT ( 3 ) GLOBAL_UNCERTAINTY_ASSIGNED_CONTEXT ( ( #554 ) ) GLOBAL_UNIT_ASSIGNED_CONTEXT ( ( #3462, #1508, #4578 ) ) REPRESENTATION_CONTEXT ( 'NONE', 'WORKASPACE' ) );
#3550 = UNCERTAINTY_MEASURE_WITH_UNIT (LENGTH_MEASURE( 1.000000000000000082E-05 ), #1249, 'distance_accuracy_value', 'NONE');
#3551 = DIRECTION ( 'NONE',  ( 0.7071067811865460184, 0.000000000000000000, -0.7071067811865489050 ) ) ;
#3552 = ADVANCED_FACE ( 'NONE', ( #668 ), #316, .T. ) ;
#3553 = EDGE_CURVE ( 'NONE', #3896, #1916, #9, .T. ) ;
#3554 = PLANE ( 'NONE',  #684 ) ;
#3555 = DIRECTION ( 'NONE',  ( 1.000000000000000000, 0.000000000000000000, -0.000000000000000000 ) ) ;
#3556 = DIRECTION ( 'NONE',  ( -0.000000000000000000, 1.000000000000000000, 0.000000000000000000 ) ) ;
#3557 = DIRECTION ( 'NONE',  ( 0.000000000000000000, 0.000000000000000000, 1.000000000000000000 ) ) ;
#3558 = CARTESIAN_POINT ( 'NONE',  ( -5.490000000000000213, 4.424999999999999822, 0.000000000000000000 ) ) ;
#3559 = EDGE_CURVE ( 'NONE', #2820, #2336, #1214, .T. ) ;
#3560 = PRODUCT_DEFINITION_SHAPE ( 'NONE', 'NONE',  #5141 ) ;
#3561 = UNCERTAINTY_MEASURE_WITH_UNIT (LENGTH_MEASURE( 1.000000000000000082E-05 ), #5100, 'distance_accuracy_value', 'NONE');
#3562 = VERTEX_POINT ( 'NONE', #2801 ) ;
#3563 = SURFACE_SIDE_STYLE ('',( #406 ) ) ;
#3564 =( LENGTH_UNIT ( ) NAMED_UNIT ( * ) SI_UNIT ( .MILLI., .METRE. ) );
#3565 = ORIENTED_EDGE ( 'NONE', *, *, #4715, .F. ) ;
#3566 = VERTEX_POINT ( 'NONE', #1590 ) ;
#3567 = LINE ( 'NONE', #2320, #2712 ) ;
#3568 = CARTESIAN_POINT ( 'NONE',  ( -3.725000000000000089, -0.3200000000000000622, -5.299999999999998934 ) ) ;
#3569 =( NAMED_UNIT ( * ) PLANE_ANGLE_UNIT ( ) SI_UNIT ( $, .RADIAN. ) );
#3570 = CARTESIAN_POINT ( 'NONE',  ( 0.000000000000000000, -0.9499999999999999556, -2.075000000000000178 ) ) ;
#3571 = COLOUR_RGB ( '',0.2000000000000000111, 0.2000000000000000111, 0.2000000000000000111 ) ;
#3572 = DIRECTION ( 'NONE',  ( -0.000000000000000000, -0.000000000000000000, -1.000000000000000000 ) ) ;
#3573 = ORIENTED_EDGE ( 'NONE', *, *, #3811, .T. ) ;
#3574 = CARTESIAN_POINT ( 'NONE',  ( -7.639999999999999680, -4.424999999999999822, -4.424999999999999822 ) ) ;
#3575 = DIRECTION ( 'NONE',  ( -1.000000000000000000, 0.000000000000000000, 0.000000000000000000 ) ) ;
#3576 = PRODUCT_RELATED_PRODUCT_CATEGORY ( 'part', '', ( #3183 ) ) ;
#3577 =( NAMED_UNIT ( * ) SI_UNIT ( $, .STERADIAN. ) SOLID_ANGLE_UNIT ( ) );
#3578 = DIRECTION ( 'NONE',  ( -1.000000000000000000, 0.000000000000000000, 0.000000000000000000 ) ) ;
#3579 = LINE ( 'NONE', #1130, #5018 ) ;
#3580 = EDGE_CURVE ( 'NONE', #3751, #2397, #857, .T. ) ;
#3581 = CARTESIAN_POINT ( 'NONE',  ( -2.860000000000000320, -0.9499999999999999556, -21.93981562965040411 ) ) ;
#3582 =( GEOMETRIC_REPRESENTATION_CONTEXT ( 3 ) GLOBAL_UNCERTAINTY_ASSIGNED_CONTEXT ( ( #1604 ) ) GLOBAL_UNIT_ASSIGNED_CONTEXT ( ( #4511, #2058, #2529 ) ) REPRESENTATION_CONTEXT ( 'NONE', 'WORKASPACE' ) );
#3583 = ORIENTED_EDGE ( 'NONE', *, *, #2247, .F. ) ;
#3584 = EDGE_CURVE ( 'NONE', #158, #3646, #2045, .T. ) ;
#3585 = CARTESIAN_POINT ( 'NONE',  ( 4.750000000000000000, -3.625000000000000000, -4.675000000000000711 ) ) ;
#3586 = FILL_AREA_STYLE ('',( #1963 ) ) ;
#3587 = EDGE_CURVE ( 'NONE', #215, #3451, #413, .T. ) ;
#3588 = CARTESIAN_POINT ( 'NONE',  ( -7.639999999999999680, -3.775000000000000355, 4.424999999999999822 ) ) ;
#3589 = VECTOR ( 'NONE', #1492, 1000.000000000000000 ) ;
#3590 = ORIENTED_EDGE ( 'NONE', *, *, #2098, .F. ) ;
#3591 = PRESENTATION_STYLE_ASSIGNMENT (( #1264 ) ) ;
#3592 = MECHANICAL_DESIGN_GEOMETRIC_PRESENTATION_REPRESENTATION (  '', ( #4443 ), #4267 ) ;
#3593 = LINE ( 'NONE', #2847, #4947 ) ;
#3594 = DIRECTION ( 'NONE',  ( 1.000000000000000000, -0.000000000000000000, 0.000000000000000000 ) ) ;
#3595 = STYLED_ITEM ( 'NONE', ( #1225 ), #4402 ) ;
#3596 = FACE_OUTER_BOUND ( 'NONE', #904, .T. ) ;
#3597 = PRESENTATION_STYLE_ASSIGNMENT (( #4010 ) ) ;
#3598 = ORIENTED_EDGE ( 'NONE', *, *, #2802, .T. ) ;
#3599 = SURFACE_STYLE_USAGE ( .BOTH. , #2019 ) ;
#3600 = PRESENTATION_LAYER_ASSIGNMENT (  '', '', ( #704 ) ) ;
#3601 = MECHANICAL_DESIGN_GEOMETRIC_PRESENTATION_REPRESENTATION (  '', ( #705 ), #220 ) ;
#3602 = FILL_AREA_STYLE_COLOUR ( '', #4378 ) ;
#3603 = CARTESIAN_POINT ( 'NONE',  ( -0.3200000000000000067, -0.9499999999999999556, -3.924999999999998046 ) ) ;
#3604 = PRODUCT ( '6120xx21621_PIN', '6120xx21621_PIN', '', ( #5068 ) ) ;
#3605 = SURFACE_STYLE_FILL_AREA ( #2025 ) ;
#3606 = CIRCLE ( 'NONE', #3357, 0.4249999999999999889 ) ;
#3607 = SURFACE_STYLE_USAGE ( .BOTH. , #838 ) ;
#3608 = VERTEX_POINT ( 'NONE', #2822 ) ;
#3609 = LINE ( 'NONE', #1686, #3043 ) ;
#3610 = MECHANICAL_DESIGN_GEOMETRIC_PRESENTATION_REPRESENTATION (  '', ( #305 ), #1388 ) ;
#3611 = FACE_OUTER_BOUND ( 'NONE', #4320, .T. ) ;
#3612 = STYLED_ITEM ( 'NONE', ( #1644 ), #739 ) ;
#3613 = CARTESIAN_POINT ( 'NONE',  ( 7.639999999999999680, 0.4499999999999999001, -4.424999999999999822 ) ) ;
#3614 = UNCERTAINTY_MEASURE_WITH_UNIT (LENGTH_MEASURE( 1.000000000000000082E-05 ), #3949, 'distance_accuracy_value', 'NONE');
#3615 = STYLED_ITEM ( 'NONE', ( #4973 ), #1583 ) ;
#3616 = ORIENTED_EDGE ( 'NONE', *, *, #2095, .F. ) ;
#3617 = CARTESIAN_POINT ( 'NONE',  ( 4.750000000000000000, 3.625000000000000000, -4.424999999999999822 ) ) ;
#3618 = CARTESIAN_POINT ( 'NONE',  ( 0.8199999999999989519, 2.089999999999999414, -4.425000000000000711 ) ) ;
#3619 = DIRECTION ( 'NONE',  ( 0.000000000000000000, 0.000000000000000000, 1.000000000000000000 ) ) ;
#3620 = VECTOR ( 'NONE', #3176, 1000.000000000000000 ) ;
#3621 = DIRECTION ( 'NONE',  ( 0.000000000000000000, 0.000000000000000000, -1.000000000000000000 ) ) ;
#3622 = ADVANCED_FACE ( 'NONE', ( #4008 ), #34, .F. ) ;
#3623 = ORIENTED_EDGE ( 'NONE', *, *, #1745, .F. ) ;
#3624 = CARTESIAN_POINT ( 'NONE',  ( 0.3200000000000019496, -1.590000000000000302, -3.924999999999998046 ) ) ;
#3625 = EDGE_CURVE ( 'NONE', #127, #677, #1969, .T. ) ;
#3626 = ORIENTED_EDGE ( 'NONE', *, *, #1673, .T. ) ;
#3627 = VECTOR ( 'NONE', #1603, 1000.000000000000114 ) ;
#3628 = VECTOR ( 'NONE', #3317, 1000.000000000000000 ) ;
#3629 = CARTESIAN_POINT ( 'NONE',  ( -8.673617379884041389E-16, -3.625000000000000000, -4.675000000000000711 ) ) ;
#3630 = CARTESIAN_POINT ( 'NONE',  ( -3.359999999999999432, -2.089999999999999858, -4.424999999999999822 ) ) ;
#3631 = VECTOR ( 'NONE', #1359, 1000.000000000000000 ) ;
#3632 = ORIENTED_EDGE ( 'NONE', *, *, #3580, .F. ) ;
#3633 = EDGE_CURVE ( 'NONE', #365, #2668, #2797, .T. ) ;
#3634 = VERTEX_POINT ( 'NONE', #4811 ) ;
#3635 = MECHANICAL_DESIGN_GEOMETRIC_PRESENTATION_REPRESENTATION (  '', ( #2974 ), #817 ) ;
#3636 =( NAMED_UNIT ( * ) PLANE_ANGLE_UNIT ( ) SI_UNIT ( $, .RADIAN. ) );
#3637 = CARTESIAN_POINT ( 'NONE',  ( 0.3200000000000000067, 1.590000000000000080, -21.93981562965040411 ) ) ;
#3638 = VECTOR ( 'NONE', #143, 1000.000000000000000 ) ;
#3639 = CARTESIAN_POINT ( 'NONE',  ( 7.190000000000000391, -3.775000000000001243, 4.424999999999998934 ) ) ;
#3640 = EDGE_LOOP ( 'NONE', ( #3716, #1962, #380, #2605 ) ) ;
#3641 = SURFACE_STYLE_FILL_AREA ( #1314 ) ;
#3642 = LINE ( 'NONE', #3188, #720 ) ;
#3643 = FILL_AREA_STYLE ('',( #4020 ) ) ;
#3644 = CARTESIAN_POINT ( 'NONE',  ( 0.3199999999999990075, 0.9500000000000002887, -3.925000000000000711 ) ) ;
#3645 = LINE ( 'NONE', #3193, #1562 ) ;
#3646 = VERTEX_POINT ( 'NONE', #1242 ) ;
#3647 = CARTESIAN_POINT ( 'NONE',  ( -3.285000000000000142, -0.1199999999999999956, 5.799999999999999822 ) ) ;
#3648 = CARTESIAN_POINT ( 'NONE',  ( -2.219999999999999751, 0.9499999999999999556, -2.075000000000000622 ) ) ;
#3649 = DIRECTION ( 'NONE',  ( -0.000000000000000000, -1.000000000000000000, -0.000000000000000000 ) ) ;
#3650 = ORIENTED_EDGE ( 'NONE', *, *, #2031, .F. ) ;
#3651 = CARTESIAN_POINT ( 'NONE',  ( -6.590000000000000746, 0.000000000000000000, -2.075000000000000178 ) ) ;
#3652 =( LENGTH_UNIT ( ) NAMED_UNIT ( * ) SI_UNIT ( .MILLI., .METRE. ) );
#3653 = EDGE_CURVE ( 'NONE', #184, #1611, #4316, .T. ) ;
#3654 = PRODUCT_DEFINITION_SHAPE ( 'NONE', 'NONE',  #5144 ) ;
#3655 = FACE_BOUND ( 'NONE', #2160, .T. ) ;
#3656 = EDGE_CURVE ( 'NONE', #1643, #752, #2752, .T. ) ;
#3657 = FACE_OUTER_BOUND ( 'NONE', #3660, .T. ) ;
#3658 = SURFACE_STYLE_USAGE ( .BOTH. , #3729 ) ;
#3659 = SURFACE_SIDE_STYLE ('',( #3676 ) ) ;
#3660 = EDGE_LOOP ( 'NONE', ( #4018, #5089, #1792, #181 ) ) ;
#3661 = SURFACE_STYLE_USAGE ( .BOTH. , #4503 ) ;
#3662 = DIRECTION ( 'NONE',  ( 1.000000000000000000, 0.000000000000000000, 0.000000000000000000 ) ) ;
#3663 = DIRECTION ( 'NONE',  ( 0.000000000000000000, 0.000000000000000000, 1.000000000000000000 ) ) ;
#3664 = SURFACE_STYLE_USAGE ( .BOTH. , #146 ) ;
#3665 = PLANE ( 'NONE',  #4532 ) ;
#3666 =( NAMED_UNIT ( * ) SI_UNIT ( $, .STERADIAN. ) SOLID_ANGLE_UNIT ( ) );
#3667 = CARTESIAN_POINT ( 'NONE',  ( -2.250000000000000444, -4.424999999999999822, 4.424999999999999822 ) ) ;
#3668 = UNCERTAINTY_MEASURE_WITH_UNIT (LENGTH_MEASURE( 1.000000000000000082E-05 ), #2330, 'distance_accuracy_value', 'NONE');
#3669 = ORIENTED_EDGE ( 'NONE', *, *, #2344, .T. ) ;
#3670 = CARTESIAN_POINT ( 'NONE',  ( 3.360000000000000320, -4.424999999999999822, -4.424999999999999822 ) ) ;
#3671 = DIRECTION ( 'NONE',  ( 0.000000000000000000, 1.000000000000000000, 0.000000000000000000 ) ) ;
#3672 = DIRECTION ( 'NONE',  ( 0.000000000000000000, 0.3713906763541040545, -0.9284766908852591927 ) ) ;
#3673 = ORIENTED_EDGE ( 'NONE', *, *, #4205, .T. ) ;
#3674 = PRESENTATION_STYLE_ASSIGNMENT (( #43 ) ) ;
#3675 = PLANE ( 'NONE',  #2729 ) ;
#3676 = SURFACE_STYLE_FILL_AREA ( #2487 ) ;
#3677 = ORIENTED_EDGE ( 'NONE', *, *, #3024, .F. ) ;
#3678 = EDGE_CURVE ( 'NONE', #2397, #2459, #4151, .T. ) ;
#3679 = FACE_OUTER_BOUND ( 'NONE', #5056, .T. ) ;
#3680 = PRESENTATION_LAYER_ASSIGNMENT (  '', '', ( #371 ) ) ;
#3681 = LINE ( 'NONE', #121, #3691 ) ;
#3682 = CARTESIAN_POINT ( 'NONE',  ( -5.174999999999999822, 3.625000000000000000, -4.675000000000000711 ) ) ;
#3683 = ADVANCED_FACE ( 'NONE', ( #2541, #1333, #3250, #2875, #4479, #3655, #4445 ), #2572, .F. ) ;
#3684 = DIRECTION ( 'NONE',  ( 0.000000000000000000, 0.000000000000000000, -1.000000000000000000 ) ) ;
#3685 = VECTOR ( 'NONE', #4623, 1000.000000000000000 ) ;
#3686 = ADVANCED_FACE ( 'NONE', ( #909 ), #2924, .T. ) ;
#3687 = ORIENTED_EDGE ( 'NONE', *, *, #4512, .F. ) ;
#3688 =( NAMED_UNIT ( * ) PLANE_ANGLE_UNIT ( ) SI_UNIT ( $, .RADIAN. ) );
#3689 = FILL_AREA_STYLE_COLOUR ( '', #2618 ) ;
#3690 = DIRECTION ( 'NONE',  ( -0.000000000000000000, -0.000000000000000000, -1.000000000000000000 ) ) ;
#3691 = VECTOR ( 'NONE', #4861, 1000.000000000000000 ) ;
#3692 = CIRCLE ( 'NONE', #2274, 0.4250000000000000444 ) ;
#3693 =( NAMED_UNIT ( * ) SI_UNIT ( $, .STERADIAN. ) SOLID_ANGLE_UNIT ( ) );
#3694 = ORIENTED_EDGE ( 'NONE', *, *, #3553, .T. ) ;
#3695 = VECTOR ( 'NONE', #4126, 1000.000000000000000 ) ;
#3696 = VECTOR ( 'NONE', #1569, 1000.000000000000000 ) ;
#3697 = DIRECTION ( 'NONE',  ( 0.000000000000000000, -0.7071067811865460184, 0.7071067811865489050 ) ) ;
#3698 = CARTESIAN_POINT ( 'NONE',  ( 2.860000000000001208, -4.424999999999999822, -3.924999999999998934 ) ) ;
#3699 = CARTESIAN_POINT ( 'NONE',  ( -2.860000000000000764, 1.590000000000000080, -21.93981562965040411 ) ) ;
#3700 =( GEOMETRIC_REPRESENTATION_CONTEXT ( 3 ) GLOBAL_UNCERTAINTY_ASSIGNED_CONTEXT ( ( #2581 ) ) GLOBAL_UNIT_ASSIGNED_CONTEXT ( ( #1681, #4048, #4896 ) ) REPRESENTATION_CONTEXT ( 'NONE', 'WORKASPACE' ) );
#3701 = COLOUR_RGB ( '',0.2000000000000000111, 0.2000000000000000111, 0.2000000000000000111 ) ;
#3702 = EDGE_LOOP ( 'NONE', ( #609, #332 ) ) ;
#3703 =( GEOMETRIC_REPRESENTATION_CONTEXT ( 3 ) GLOBAL_UNCERTAINTY_ASSIGNED_CONTEXT ( ( #3864 ) ) GLOBAL_UNIT_ASSIGNED_CONTEXT ( ( #3767, #264, #2570 ) ) REPRESENTATION_CONTEXT ( 'NONE', 'WORKASPACE' ) );
#3704 = DIRECTION ( 'NONE',  ( 1.000000000000000000, 0.000000000000000000, -0.000000000000000000 ) ) ;
#3705 = CARTESIAN_POINT ( 'NONE',  ( -7.639999999999999680, -4.424999999999999822, -4.424999999999999822 ) ) ;
#3706 = AXIS2_PLACEMENT_3D ( 'NONE', #3479, #5083, #3430 ) ;
#3707 = VERTEX_POINT ( 'NONE', #590 ) ;
#3708 = CARTESIAN_POINT ( 'NONE',  ( 0.8649999999999999911, -1.270000000000000018, -1.875000000000000000 ) ) ;
#3709 = DIRECTION ( 'NONE',  ( -0.000000000000000000, 0.000000000000000000, -1.000000000000000000 ) ) ;
#3710 = CARTESIAN_POINT ( 'NONE',  ( 4.325000000000000178, 3.625000000000000000, -4.424999999999999822 ) ) ;
#3711 = COLOUR_RGB ( '',0.2000000000000000111, 0.2000000000000000111, 0.2000000000000000111 ) ;
#3712 = AXIS2_PLACEMENT_3D ( 'NONE', #4080, #1749, #3697 ) ;
#3713 = DIRECTION ( 'NONE',  ( 0.000000000000000000, -1.000000000000000000, -0.000000000000000000 ) ) ;
#3714 =( NAMED_UNIT ( * ) PLANE_ANGLE_UNIT ( ) SI_UNIT ( $, .RADIAN. ) );
#3715 = COLOUR_RGB ( '',0.8705882352941176627, 0.6313725490196078205, 0.1725490196078431349 ) ;
#3716 = ORIENTED_EDGE ( 'NONE', *, *, #3836, .F. ) ;
#3717 = ADVANCED_FACE ( 'NONE', ( #212 ), #2070, .T. ) ;
#3718 = SURFACE_STYLE_FILL_AREA ( #3237 ) ;
#3719 = CIRCLE ( 'NONE', #2059, 0.3362499999999997158 ) ;
#3720 = EDGE_CURVE ( 'NONE', #2911, #2697, #4655, .T. ) ;
#3721 = UNCERTAINTY_MEASURE_WITH_UNIT (LENGTH_MEASURE( 1.000000000000000082E-05 ), #970, 'distance_accuracy_value', 'NONE');
#3722 = ORIENTED_EDGE ( 'NONE', *, *, #2247, .T. ) ;
#3723 = EDGE_LOOP ( 'NONE', ( #3846, #5061, #762, #4908 ) ) ;
#3724 =( LENGTH_UNIT ( ) NAMED_UNIT ( * ) SI_UNIT ( .MILLI., .METRE. ) );
#3725 = ADVANCED_FACE ( 'NONE', ( #3882 ), #4632, .F. ) ;
#3726 = ORIENTED_EDGE ( 'NONE', *, *, #4587, .T. ) ;
#3727 = PRESENTATION_STYLE_ASSIGNMENT (( #568 ) ) ;
#3728 = DIRECTION ( 'NONE',  ( 0.000000000000000000, 0.000000000000000000, 1.000000000000000000 ) ) ;
#3729 = SURFACE_SIDE_STYLE ('',( #2092 ) ) ;
#3730 = VERTEX_POINT ( 'NONE', #3850 ) ;
#3731 = DIRECTION ( 'NONE',  ( 0.000000000000000000, 0.000000000000000000, 1.000000000000000000 ) ) ;
#3732 = LINE ( 'NONE', #574, #465 ) ;
#3733 = CARTESIAN_POINT ( 'NONE',  ( 6.590000000000000746, 1.649999999999999911, 1.975000000000000089 ) ) ;
#3734 = DIRECTION ( 'NONE',  ( 1.000000000000000000, 6.776263578034399754E-16, 0.000000000000000000 ) ) ;
#3735 = EDGE_LOOP ( 'NONE', ( #4819, #2819, #4264, #2413, #4618 ) ) ;
#3736 = FILL_AREA_STYLE ('',( #627 ) ) ;
#3737 =( NAMED_UNIT ( * ) SI_UNIT ( $, .STERADIAN. ) SOLID_ANGLE_UNIT ( ) );
#3738 = AXIS2_PLACEMENT_3D ( 'NONE', #4409, #3662, #2491 ) ;
#3739 = ORIENTED_EDGE ( 'NONE', *, *, #1228, .F. ) ;
#3740 = ORIENTED_EDGE ( 'NONE', *, *, #3587, .F. ) ;
#3741 = CARTESIAN_POINT ( 'NONE',  ( 0.4249999999999991007, 3.625000000000000000, -4.424999999999999822 ) ) ;
#3742 =( NAMED_UNIT ( * ) PLANE_ANGLE_UNIT ( ) SI_UNIT ( $, .RADIAN. ) );
#3743 = DIRECTION ( 'NONE',  ( 1.000000000000000000, 0.000000000000000000, -0.000000000000000000 ) ) ;
#3744 = ORIENTED_EDGE ( 'NONE', *, *, #1202, .F. ) ;
#3745 = EDGE_CURVE ( 'NONE', #3981, #112, #1482, .T. ) ;
#3746 =( LENGTH_UNIT ( ) NAMED_UNIT ( * ) SI_UNIT ( .MILLI., .METRE. ) );
#3747 = SURFACE_STYLE_FILL_AREA ( #2174 ) ;
#3748 = PRESENTATION_STYLE_ASSIGNMENT (( #2175 ) ) ;
#3749 = CARTESIAN_POINT ( 'NONE',  ( 7.639999999999999680, -4.424999999999999822, -4.424999999999999822 ) ) ;
#3750 = MECHANICAL_DESIGN_GEOMETRIC_PRESENTATION_REPRESENTATION (  '', ( #3501 ), #4683 ) ;
#3751 = VERTEX_POINT ( 'NONE', #1083 ) ;
#3752 =( GEOMETRIC_REPRESENTATION_CONTEXT ( 3 ) GLOBAL_UNCERTAINTY_ASSIGNED_CONTEXT ( ( #4825 ) ) GLOBAL_UNIT_ASSIGNED_CONTEXT ( ( #3232, #1306, #4483 ) ) REPRESENTATION_CONTEXT ( 'NONE', 'WORKASPACE' ) );
#3753 = CARTESIAN_POINT ( 'NONE',  ( 2.220000000000000195, -1.590000000000000080, -2.075000000000000622 ) ) ;
#3754 = LINE ( 'NONE', #218, #4585 ) ;
#3755 = FILL_AREA_STYLE_COLOUR ( '', #551 ) ;
#3756 = ORIENTED_EDGE ( 'NONE', *, *, #3833, .F. ) ;
#3757 = UNCERTAINTY_MEASURE_WITH_UNIT (LENGTH_MEASURE( 1.000000000000000082E-05 ), #599, 'distance_accuracy_value', 'NONE');
#3758 = FILL_AREA_STYLE_COLOUR ( '', #1615 ) ;
#3759 = CIRCLE ( 'NONE', #4097, 0.4250000000000000444 ) ;
#3760 =( NAMED_UNIT ( * ) SI_UNIT ( $, .STERADIAN. ) SOLID_ANGLE_UNIT ( ) );
#3761 = MECHANICAL_DESIGN_GEOMETRIC_PRESENTATION_REPRESENTATION (  '', ( #4194 ), #4371 ) ;
#3762 = DIRECTION ( 'NONE',  ( 0.000000000000000000, 0.000000000000000000, 1.000000000000000000 ) ) ;
#3763 = STYLED_ITEM ( 'NONE', ( #434 ), #1784 ) ;
#3764 = CARTESIAN_POINT ( 'NONE',  ( -2.860000000000000320, 1.590000000000000080, -2.075000000000000622 ) ) ;
#3765 = VERTEX_POINT ( 'NONE', #2595 ) ;
#3766 = VECTOR ( 'NONE', #2171, 1000.000000000000000 ) ;
#3767 =( LENGTH_UNIT ( ) NAMED_UNIT ( * ) SI_UNIT ( .MILLI., .METRE. ) );
#3768 = VECTOR ( 'NONE', #4425, 1000.000000000000000 ) ;
#3769 = FILL_AREA_STYLE_COLOUR ( '', #1579 ) ;
#3770 = SURFACE_SIDE_STYLE ('',( #4119 ) ) ;
#3771 = CARTESIAN_POINT ( 'NONE',  ( 5.165000000000000036, 4.338750000000000995, -4.424999999999999822 ) ) ;
#3772 = EDGE_CURVE ( 'NONE', #949, #2054, #4173, .T. ) ;
#3773 =( GEOMETRIC_REPRESENTATION_CONTEXT ( 3 ) GLOBAL_UNCERTAINTY_ASSIGNED_CONTEXT ( ( #3907 ) ) GLOBAL_UNIT_ASSIGNED_CONTEXT ( ( #4051, #3688, #2528 ) ) REPRESENTATION_CONTEXT ( 'NONE', 'WORKASPACE' ) );
#3774 =( NAMED_UNIT ( * ) PLANE_ANGLE_UNIT ( ) SI_UNIT ( $, .RADIAN. ) );
#3775 = EDGE_CURVE ( 'NONE', #4710, #3707, #3463, .T. ) ;
#3776 = ORIENTED_EDGE ( 'NONE', *, *, #4681, .F. ) ;
#3777 = COLOUR_RGB ( '',0.2000000000000000111, 0.2000000000000000111, 0.2000000000000000111 ) ;
#3778 = VECTOR ( 'NONE', #4192, 1000.000000000000000 ) ;
#3779 = FACE_OUTER_BOUND ( 'NONE', #3735, .T. ) ;
#3780 =( GEOMETRIC_REPRESENTATION_CONTEXT ( 3 ) GLOBAL_UNCERTAINTY_ASSIGNED_CONTEXT ( ( #3134 ) ) GLOBAL_UNIT_ASSIGNED_CONTEXT ( ( #3746, #4628, #4171 ) ) REPRESENTATION_CONTEXT ( 'NONE', 'WORKASPACE' ) );
#3781 = PRODUCT_CONTEXT ( 'NONE', #1576, 'mechanical' ) ;
#3782 = PRESENTATION_STYLE_ASSIGNMENT (( #5069 ) ) ;
#3783 = DIRECTION ( 'NONE',  ( 0.000000000000000000, -0.000000000000000000, 1.000000000000000000 ) ) ;
#3784 = VECTOR ( 'NONE', #4499, 1000.000000000000000 ) ;
#3785 = COLOUR_RGB ( '',0.2000000000000000111, 0.2000000000000000111, 0.2000000000000000111 ) ;
#3786 = CARTESIAN_POINT ( 'NONE',  ( -0.3200000000000000067, -1.590000000000000080, -21.93981562965040411 ) ) ;
#3787 =( NAMED_UNIT ( * ) PLANE_ANGLE_UNIT ( ) SI_UNIT ( $, .RADIAN. ) );
#3788 = ORIENTED_EDGE ( 'NONE', *, *, #579, .F. ) ;
#3789 = VECTOR ( 'NONE', #1227, 1000.000000000000000 ) ;
#3790 = VECTOR ( 'NONE', #2916, 1000.000000000000000 ) ;
#3791 = CARTESIAN_POINT ( 'NONE',  ( -2.860000000000000320, -1.590000000000000080, -21.93981562965040411 ) ) ;
#3792 = SURFACE_SIDE_STYLE ('',( #223 ) ) ;
#3793 = VECTOR ( 'NONE', #1757, 1000.000000000000114 ) ;
#3794 = LINE ( 'NONE', #1468, #3047 ) ;
#3795 = ORIENTED_EDGE ( 'NONE', *, *, #4777, .T. ) ;
#3796 = SURFACE_STYLE_FILL_AREA ( #4166 ) ;
#3797 = DIRECTION ( 'NONE',  ( 0.000000000000000000, -0.000000000000000000, 1.000000000000000000 ) ) ;
#3798 = FACE_OUTER_BOUND ( 'NONE', #1409, .T. ) ;
#3799 = AXIS2_PLACEMENT_3D ( 'NONE', #1864, #1473, #4247 ) ;
#3800 = FACE_OUTER_BOUND ( 'NONE', #3879, .T. ) ;
#3801 = FACE_OUTER_BOUND ( 'NONE', #1882, .T. ) ;
#3802 = VERTEX_POINT ( 'NONE', #614 ) ;
#3803 = FILL_AREA_STYLE_COLOUR ( '', #4709 ) ;
#3804 = VECTOR ( 'NONE', #2370, 1000.000000000000000 ) ;
#3805 = FACE_OUTER_BOUND ( 'NONE', #1922, .T. ) ;
#3806 = PRODUCT_RELATED_PRODUCT_CATEGORY ( 'part', '', ( #3604 ) ) ;
#3807 = ORIENTED_EDGE ( 'NONE', *, *, #4067, .F. ) ;
#3808 = SURFACE_STYLE_USAGE ( .BOTH. , #4176 ) ;
#3809 = LINE ( 'NONE', #2548, #1128 ) ;
#3810 = DIRECTION ( 'NONE',  ( 0.7071067811865490160, 4.791541927135559281E-16, 0.7071067811865461294 ) ) ;
#3811 = EDGE_CURVE ( 'NONE', #2716, #5104, #2854, .T. ) ;
#3812 = DIRECTION ( 'NONE',  ( -0.000000000000000000, -0.000000000000000000, -1.000000000000000000 ) ) ;
#3813 = UNCERTAINTY_MEASURE_WITH_UNIT (LENGTH_MEASURE( 1.000000000000000082E-05 ), #1229, 'distance_accuracy_value', 'NONE');
#3814 = SURFACE_STYLE_FILL_AREA ( #3017 ) ;
#3815 = DIRECTION ( 'NONE',  ( -0.000000000000000000, 0.000000000000000000, -1.000000000000000000 ) ) ;
#3816 = LINE ( 'NONE', #2188, #4957 ) ;
#3817 = PRESENTATION_LAYER_ASSIGNMENT (  '', '', ( #924 ) ) ;
#3818 = FILL_AREA_STYLE ('',( #4648 ) ) ;
#3819 = CARTESIAN_POINT ( 'NONE',  ( 3.360000000000000320, -2.089999999999999858, -4.424999999999999822 ) ) ;
#3820 = CARTESIAN_POINT ( 'NONE',  ( -2.250000000000000444, -3.174999999999999822, 3.825000000000000622 ) ) ;
#3821 = EDGE_CURVE ( 'NONE', #3566, #1665, #3079, .T. ) ;
#3822 = PLANE ( 'NONE',  #656 ) ;
#3823 =( NAMED_UNIT ( * ) PLANE_ANGLE_UNIT ( ) SI_UNIT ( $, .RADIAN. ) );
#3824 = ORIENTED_EDGE ( 'NONE', *, *, #4235, .F. ) ;
#3825 =( NAMED_UNIT ( * ) SI_UNIT ( $, .STERADIAN. ) SOLID_ANGLE_UNIT ( ) );
#3826 = EDGE_CURVE ( 'NONE', #4255, #1349, #3386, .T. ) ;
#3827 = FILL_AREA_STYLE ('',( #1875 ) ) ;
#3828 = LINE ( 'NONE', #1767, #3628 ) ;
#3829 = SURFACE_STYLE_USAGE ( .BOTH. , #1924 ) ;
#3830 = LINE ( 'NONE', #963, #1518 ) ;
#3831 = VECTOR ( 'NONE', #2785, 1000.000000000000000 ) ;
#3832 =( NAMED_UNIT ( * ) PLANE_ANGLE_UNIT ( ) SI_UNIT ( $, .RADIAN. ) );
#3833 = EDGE_CURVE ( 'NONE', #2668, #365, #2526, .T. ) ;
#3834 = ORIENTED_EDGE ( 'NONE', *, *, #1679, .F. ) ;
#3835 = DIRECTION ( 'NONE',  ( -0.000000000000000000, 0.000000000000000000, -1.000000000000000000 ) ) ;
#3836 = EDGE_CURVE ( 'NONE', #4958, #2574, #3486, .T. ) ;
#3837 = VECTOR ( 'NONE', #4802, 1000.000000000000000 ) ;
#3838 = FILL_AREA_STYLE ('',( #2232 ) ) ;
#3839 = ORIENTED_EDGE ( 'NONE', *, *, #173, .T. ) ;
#3840 = SURFACE_STYLE_FILL_AREA ( #3818 ) ;
#3841 = DIRECTION ( 'NONE',  ( 0.7071067811865460184, 0.000000000000000000, 0.7071067811865489050 ) ) ;
#3842 = CARTESIAN_POINT ( 'NONE',  ( -2.219999999999999751, 0.9499999999999999556, -21.93981562965040411 ) ) ;
#3843 = AXIS2_PLACEMENT_3D ( 'NONE', #680, #2259, #3841 ) ;
#3844 = CARTESIAN_POINT ( 'NONE',  ( 2.220000000000000195, 1.590000000000000080, -3.924999999999998046 ) ) ;
#3845 = FACE_OUTER_BOUND ( 'NONE', #208, .T. ) ;
#3846 = ORIENTED_EDGE ( 'NONE', *, *, #930, .F. ) ;
#3847 = SURFACE_STYLE_FILL_AREA ( #3000 ) ;
#3848 = AXIS2_PLACEMENT_3D ( 'NONE', #3178, #2094, #1641 ) ;
#3849 = CARTESIAN_POINT ( 'NONE',  ( -2.250000000000000000, -3.174999999999998934, 3.825000000000001510 ) ) ;
#3850 = CARTESIAN_POINT ( 'NONE',  ( 3.360000000000000320, -0.4500000000000001221, -4.424999999999999822 ) ) ;
#3851 = STYLED_ITEM ( 'NONE', ( #2273 ), #4743 ) ;
#3852 = VECTOR ( 'NONE', #4753, 1000.000000000000000 ) ;
#3853 = ORIENTED_EDGE ( 'NONE', *, *, #2071, .F. ) ;
#3854 = DIRECTION ( 'NONE',  ( 1.000000000000000000, 0.000000000000000000, 0.000000000000000000 ) ) ;
#3855 = STYLED_ITEM ( 'NONE', ( #2505 ), #4870 ) ;
#3856 = MECHANICAL_DESIGN_GEOMETRIC_PRESENTATION_REPRESENTATION (  '', ( #801 ), #1633 ) ;
#3857 = DIRECTION ( 'NONE',  ( 0.000000000000000000, -0.7071067811865460184, -0.7071067811865489050 ) ) ;
#3858 =( GEOMETRIC_REPRESENTATION_CONTEXT ( 3 ) GLOBAL_UNCERTAINTY_ASSIGNED_CONTEXT ( ( #601 ) ) GLOBAL_UNIT_ASSIGNED_CONTEXT ( ( #1833, #4659, #3825 ) ) REPRESENTATION_CONTEXT ( 'NONE', 'WORKASPACE' ) );
#3859 = DIRECTION ( 'NONE',  ( 0.000000000000000000, 1.000000000000000000, 0.000000000000000000 ) ) ;
#3860 = DIRECTION ( 'NONE',  ( -1.000000000000000000, -1.365923996832129884E-16, 0.000000000000000000 ) ) ;
#3861 = CIRCLE ( 'NONE', #3540, 0.4250000000000000444 ) ;
#3862 = CARTESIAN_POINT ( 'NONE',  ( -2.220000000000000639, 0.9500000000000000666, -3.924999999999998046 ) ) ;
#3863 = ORIENTED_EDGE ( 'NONE', *, *, #519, .F. ) ;
#3864 = UNCERTAINTY_MEASURE_WITH_UNIT (LENGTH_MEASURE( 1.000000000000000082E-05 ), #3767, 'distance_accuracy_value', 'NONE');
#3865 = CARTESIAN_POINT ( 'NONE',  ( -6.590000000000000746, -3.174999999999999378, 3.825000000000000622 ) ) ;
#3866 = PRESENTATION_STYLE_ASSIGNMENT (( #4668 ) ) ;
#3867 = COLOUR_RGB ( '',0.2000000000000000111, 0.2000000000000000111, 0.2000000000000000111 ) ;
#3868 = MECHANICAL_DESIGN_GEOMETRIC_PRESENTATION_REPRESENTATION (  '', ( #2637 ), #3703 ) ;
#3869 = CARTESIAN_POINT ( 'NONE',  ( 2.219999999999999751, 0.9499999999999998446, -3.924999999999998046 ) ) ;
#3870 = COLOUR_RGB ( '',0.2000000000000000111, 0.2000000000000000111, 0.2000000000000000111 ) ;
#3871 = PRODUCT_DEFINITION ( 'UNKNOWN', '', #4930, #216 ) ;
#3872 = ORIENTED_EDGE ( 'NONE', *, *, #2403, .T. ) ;
#3873 = LINE ( 'NONE', #3074, #639 ) ;
#3874 = CARTESIAN_POINT ( 'NONE',  ( -0.3200000000000000067, -0.9499999999999999556, -21.93981562965040411 ) ) ;
#3875 = LINE ( 'NONE', #2101, #2349 ) ;
#3876 = EDGE_CURVE ( 'NONE', #2488, #373, #4726, .T. ) ;
#3877 = CARTESIAN_POINT ( 'NONE',  ( -0.4250000000000008216, 3.625000000000000000, -4.424999999999999822 ) ) ;
#3878 = FILL_AREA_STYLE ('',( #2292 ) ) ;
#3879 = EDGE_LOOP ( 'NONE', ( #4951, #3590, #1790, #1232 ) ) ;
#3880 = VERTEX_POINT ( 'NONE', #1608 ) ;
#3881 = FACE_OUTER_BOUND ( 'NONE', #168, .T. ) ;
#3882 = FACE_OUTER_BOUND ( 'NONE', #2032, .T. ) ;
#3883 = STYLED_ITEM ( 'NONE', ( #2655 ), #2925 ) ;
#3884 = ORIENTED_EDGE ( 'NONE', *, *, #1481, .F. ) ;
#3885 = CARTESIAN_POINT ( 'NONE',  ( 2.250000000000000444, -3.174999999999999822, -2.075000000000000178 ) ) ;
#3886 = ORIENTED_EDGE ( 'NONE', *, *, #3461, .F. ) ;
#3887 = DIRECTION ( 'NONE',  ( -1.000000000000000000, 0.000000000000000000, 0.000000000000000000 ) ) ;
#3888 = DIRECTION ( 'NONE',  ( 0.000000000000000000, -0.7071067811865460184, 0.7071067811865489050 ) ) ;
#3889 =( NAMED_UNIT ( * ) SI_UNIT ( $, .STERADIAN. ) SOLID_ANGLE_UNIT ( ) );
#3890 = CARTESIAN_POINT ( 'NONE',  ( 6.590000000000000746, 3.175000000000001599, -2.075000000000000178 ) ) ;
#3891 = VERTEX_POINT ( 'NONE', #2415 ) ;
#3892 = PLANE ( 'NONE',  #1552 ) ;
#3893 = LINE ( 'NONE', #5054, #4537 ) ;
#3894 = FACE_OUTER_BOUND ( 'NONE', #147, .T. ) ;
#3895 = DIRECTION ( 'NONE',  ( -3.388131789017208259E-16, -1.000000000000000000, -3.388131789017203328E-16 ) ) ;
#3896 = VERTEX_POINT ( 'NONE', #1235 ) ;
#3897 = CARTESIAN_POINT ( 'NONE',  ( -6.590000000000001634, 3.174999999999999378, -2.075000000000000178 ) ) ;
#3898 =( LENGTH_UNIT ( ) NAMED_UNIT ( * ) SI_UNIT ( .MILLI., .METRE. ) );
#3899 = VERTEX_POINT ( 'NONE', #1586 ) ;
#3900 = ADVANCED_FACE ( 'NONE', ( #53 ), #2011, .T. ) ;
#3901 = CARTESIAN_POINT ( 'NONE',  ( -4.839999999999999858, 4.424999999999999822, 0.000000000000000000 ) ) ;
#3902 = EDGE_CURVE ( 'NONE', #4056, #2820, #4357, .T. ) ;
#3903 = ADVANCED_FACE ( 'NONE', ( #2747 ), #5116, .F. ) ;
#3904 = ORIENTED_EDGE ( 'NONE', *, *, #3224, .T. ) ;
#3905 = DIRECTION ( 'NONE',  ( 0.000000000000000000, 0.000000000000000000, 1.000000000000000000 ) ) ;
#3906 = ORIENTED_EDGE ( 'NONE', *, *, #3224, .F. ) ;
#3907 = UNCERTAINTY_MEASURE_WITH_UNIT (LENGTH_MEASURE( 1.000000000000000082E-05 ), #4051, 'distance_accuracy_value', 'NONE');
#3908 = DIRECTION ( 'NONE',  ( 0.7071067811865490160, 4.791541927135551392E-16, 0.7071067811865461294 ) ) ;
#3909 = SURFACE_STYLE_FILL_AREA ( #3942 ) ;
#3910 = LINE ( 'NONE', #2001, #2919 ) ;
#3911 = AXIS2_PLACEMENT_3D ( 'NONE', #3581, #4721, #45 ) ;
#3912 = VERTEX_POINT ( 'NONE', #4003 ) ;
#3913 = SURFACE_STYLE_USAGE ( .BOTH. , #19 ) ;
#3914 = PRESENTATION_STYLE_ASSIGNMENT (( #2331 ) ) ;
#3915 = DIRECTION ( 'NONE',  ( -1.000000000000000000, 0.000000000000000000, -0.000000000000000000 ) ) ;
#3916 = PRESENTATION_STYLE_ASSIGNMENT (( #4389 ) ) ;
#3917 = PLANE ( 'NONE',  #2647 ) ;
#3918 = SURFACE_STYLE_FILL_AREA ( #1099 ) ;
#3919 = UNCERTAINTY_MEASURE_WITH_UNIT (LENGTH_MEASURE( 1.000000000000000082E-05 ), #3404, 'distance_accuracy_value', 'NONE');
#3920 = VERTEX_POINT ( 'NONE', #5093 ) ;
#3921 = SURFACE_STYLE_FILL_AREA ( #2791 ) ;
#3922 = DIRECTION ( 'NONE',  ( -0.7071067811865480168, -4.791541927135550406E-16, 0.7071067811865470176 ) ) ;
#3923 = AXIS2_PLACEMENT_3D ( 'NONE', #103, #4491, #3295 ) ;
#3924 = ORIENTED_EDGE ( 'NONE', *, *, #4864, .F. ) ;
#3925 = CARTESIAN_POINT ( 'NONE',  ( -3.084999999999999964, 0.1200000000000000094, 5.799999999999999822 ) ) ;
#3926 = ADVANCED_FACE ( 'NONE', ( #1750 ), #2943, .T. ) ;
#3927 =( LENGTH_UNIT ( ) NAMED_UNIT ( * ) SI_UNIT ( .MILLI., .METRE. ) );
#3928 = VECTOR ( 'NONE', #2882, 1000.000000000000000 ) ;
#3929 = EDGE_CURVE ( 'NONE', #2054, #3070, #1290, .T. ) ;
#3930 = AXIS2_PLACEMENT_3D ( 'NONE', #933, #2804, #2517 ) ;
#3931 = DIRECTION ( 'NONE',  ( -1.000000000000000000, 0.000000000000000000, -0.000000000000000000 ) ) ;
#3932 = CARTESIAN_POINT ( 'NONE',  ( -2.219999999999998863, -1.590000000000000302, -3.924999999999998934 ) ) ;
#3933 = CARTESIAN_POINT ( 'NONE',  ( 1.719999999999998641, 2.090000000000000302, -4.424999999999999822 ) ) ;
#3934 = VECTOR ( 'NONE', #3083, 1000.000000000000000 ) ;
#3935 = ORIENTED_EDGE ( 'NONE', *, *, #145, .T. ) ;
#3936 = MECHANICAL_DESIGN_GEOMETRIC_PRESENTATION_REPRESENTATION (  '', ( #2784 ), #2867 ) ;
#3937 = DIRECTION ( 'NONE',  ( 1.000000000000000000, -0.000000000000000000, 0.000000000000000000 ) ) ;
#3938 = PLANE ( 'NONE',  #296 ) ;
#3939 = PRESENTATION_LAYER_ASSIGNMENT (  '', '', ( #801 ) ) ;
#3940 =( GEOMETRIC_REPRESENTATION_CONTEXT ( 3 ) GLOBAL_UNCERTAINTY_ASSIGNED_CONTEXT ( ( #3919 ) ) GLOBAL_UNIT_ASSIGNED_CONTEXT ( ( #3404, #4224, #2669 ) ) REPRESENTATION_CONTEXT ( 'NONE', 'WORKASPACE' ) );
#3941 = VECTOR ( 'NONE', #32, 1000.000000000000000 ) ;
#3942 = FILL_AREA_STYLE ('',( #1977 ) ) ;
#3943 = CARTESIAN_POINT ( 'NONE',  ( 4.750000000000000000, 3.625000000000000000, -4.675000000000000711 ) ) ;
#3944 = SURFACE_SIDE_STYLE ('',( #1500 ) ) ;
#3945 = ORIENTED_EDGE ( 'NONE', *, *, #3580, .T. ) ;
#3946 =( GEOMETRIC_REPRESENTATION_CONTEXT ( 3 ) GLOBAL_UNCERTAINTY_ASSIGNED_CONTEXT ( ( #2787 ) ) GLOBAL_UNIT_ASSIGNED_CONTEXT ( ( #2857, #508, #2180 ) ) REPRESENTATION_CONTEXT ( 'NONE', 'WORKASPACE' ) );
#3947 = PRESENTATION_LAYER_ASSIGNMENT (  '', '', ( #2289 ) ) ;
#3948 = LINE ( 'NONE', #1936, #2027 ) ;
#3949 =( LENGTH_UNIT ( ) NAMED_UNIT ( * ) SI_UNIT ( .MILLI., .METRE. ) );
#3950 = LINE ( 'NONE', #484, #3627 ) ;
#3951 = MECHANICAL_DESIGN_GEOMETRIC_PRESENTATION_REPRESENTATION (  '', ( #724 ), #3203 ) ;
#3952 = UNCERTAINTY_MEASURE_WITH_UNIT (LENGTH_MEASURE( 1.000000000000000082E-05 ), #1893, 'distance_accuracy_value', 'NONE');
#3953 = VECTOR ( 'NONE', #1076, 1000.000000000000000 ) ;
#3954 =( NAMED_UNIT ( * ) SI_UNIT ( $, .STERADIAN. ) SOLID_ANGLE_UNIT ( ) );
#3955 = VECTOR ( 'NONE', #4480, 1000.000000000000000 ) ;
#3956 = DIRECTION ( 'NONE',  ( 0.000000000000000000, -0.000000000000000000, -1.000000000000000000 ) ) ;
#3957 = PRESENTATION_LAYER_ASSIGNMENT (  '', '', ( #813 ) ) ;
#3958 =( NAMED_UNIT ( * ) SI_UNIT ( $, .STERADIAN. ) SOLID_ANGLE_UNIT ( ) );
#3959 = SURFACE_STYLE_USAGE ( .BOTH. , #55 ) ;
#3960 = ORIENTED_EDGE ( 'NONE', *, *, #2310, .T. ) ;
#3961 = MECHANICAL_DESIGN_GEOMETRIC_PRESENTATION_REPRESENTATION (  '', ( #1065 ), #4403 ) ;
#3962 = FACE_OUTER_BOUND ( 'NONE', #2142, .T. ) ;
#3963 = ORIENTED_EDGE ( 'NONE', *, *, #4545, .F. ) ;
#3964 = CARTESIAN_POINT ( 'NONE',  ( -6.590000000000001634, 3.174999999999999822, 3.825000000000000178 ) ) ;
#3965 = DIRECTION ( 'NONE',  ( -1.000000000000000000, 0.000000000000000000, 0.000000000000000000 ) ) ;
#3966 = CARTESIAN_POINT ( 'NONE',  ( -4.750000000000000000, -3.625000000000000000, -4.675000000000000711 ) ) ;
#3967 = COLOUR_RGB ( '',0.2000000000000000111, 0.2000000000000000111, 0.2000000000000000111 ) ;
#3968 = EDGE_CURVE ( 'NONE', #1382, #1650, #2869, .T. ) ;
#3969 = CARTESIAN_POINT ( 'NONE',  ( 7.639999999999999680, 1.650000000000000133, -4.424999999999999822 ) ) ;
#3970 = ORIENTED_EDGE ( 'NONE', *, *, #2765, .F. ) ;
#3971 = DIRECTION ( 'NONE',  ( -0.000000000000000000, -1.000000000000000000, -0.000000000000000000 ) ) ;
#3972 = ADVANCED_FACE ( 'NONE', ( #2843 ), #455, .T. ) ;
#3973 = CARTESIAN_POINT ( 'NONE',  ( -8.673617379884041389E-16, 3.625000000000000000, -4.424999999999999822 ) ) ;
#3974 = SURFACE_SIDE_STYLE ('',( #1498 ) ) ;
#3975 = LINE ( 'NONE', #3140, #1122 ) ;
#3976 = UNCERTAINTY_MEASURE_WITH_UNIT (LENGTH_MEASURE( 1.000000000000000082E-05 ), #4680, 'distance_accuracy_value', 'NONE');
#3977 = VERTEX_POINT ( 'NONE', #4875 ) ;
#3978 = FACE_OUTER_BOUND ( 'NONE', #3640, .T. ) ;
#3979 = DIRECTION ( 'NONE',  ( 0.000000000000000000, 0.000000000000000000, 1.000000000000000000 ) ) ;
#3980 = DIRECTION ( 'NONE',  ( -1.000000000000000000, 0.000000000000000000, 0.000000000000000000 ) ) ;
#3981 = VERTEX_POINT ( 'NONE', #3618 ) ;
#3982 = ORIENTED_EDGE ( 'NONE', *, *, #932, .F. ) ;
#3983 = CARTESIAN_POINT ( 'NONE',  ( 7.189999999999998614, 3.775000000000000355, 4.424999999999998934 ) ) ;
#3984 = SURFACE_SIDE_STYLE ('',( #464 ) ) ;
#3985 = EDGE_LOOP ( 'NONE', ( #4728, #3350, #1191, #1287 ) ) ;
#3986 = FILL_AREA_STYLE_COLOUR ( '', #3266 ) ;
#3987 = DIRECTION ( 'NONE',  ( 0.000000000000000000, 0.000000000000000000, 1.000000000000000000 ) ) ;
#3988 = EDGE_CURVE ( 'NONE', #3751, #4422, #87, .T. ) ;
#3989 = VERTEX_POINT ( 'NONE', #3648 ) ;
#3990 = SURFACE_STYLE_FILL_AREA ( #2401 ) ;
#3991 = CARTESIAN_POINT ( 'NONE',  ( 0.000000000000000000, -0.3200000000000000067, 0.000000000000000000 ) ) ;
#3992 = DIRECTION ( 'NONE',  ( 1.316178661590899895E-16, -1.000000000000000000, 0.000000000000000000 ) ) ;
#3993 = FILL_AREA_STYLE_COLOUR ( '', #3410 ) ;
#3994 = SURFACE_STYLE_USAGE ( .BOTH. , #101 ) ;
#3995 =( LENGTH_UNIT ( ) NAMED_UNIT ( * ) SI_UNIT ( .MILLI., .METRE. ) );
#3996 = EDGE_CURVE ( 'NONE', #3354, #1253, #111, .T. ) ;
#3997 = PRESENTATION_STYLE_ASSIGNMENT (( #2357 ) ) ;
#3998 =( GEOMETRIC_REPRESENTATION_CONTEXT ( 3 ) GLOBAL_UNCERTAINTY_ASSIGNED_CONTEXT ( ( #3399 ) ) GLOBAL_UNIT_ASSIGNED_CONTEXT ( ( #577, #3714, #175 ) ) REPRESENTATION_CONTEXT ( 'NONE', 'WORKASPACE' ) );
#3999 = EDGE_CURVE ( 'NONE', #2574, #1804, #1720, .T. ) ;
#4000 = VECTOR ( 'NONE', #4595, 1000.000000000000000 ) ;
#4001 = ORIENTED_EDGE ( 'NONE', *, *, #334, .F. ) ;
#4002 = CARTESIAN_POINT ( 'NONE',  ( -6.590000000000001634, 3.174999999999999822, -2.075000000000000178 ) ) ;
#4003 = CARTESIAN_POINT ( 'NONE',  ( -6.590000000000000746, 1.649999999999999911, -4.424999999999999822 ) ) ;
#4004 = ORIENTED_EDGE ( 'NONE', *, *, #2471, .F. ) ;
#4005 = EDGE_LOOP ( 'NONE', ( #1485, #3155, #2632, #4364 ) ) ;
#4006 = CARTESIAN_POINT ( 'NONE',  ( 4.750000000000000000, -3.625000000000000000, -4.675000000000000711 ) ) ;
#4007 = ORIENTED_EDGE ( 'NONE', *, *, #384, .T. ) ;
#4008 = FACE_OUTER_BOUND ( 'NONE', #2873, .T. ) ;
#4009 = VERTEX_POINT ( 'NONE', #585 ) ;
#4010 = SURFACE_STYLE_USAGE ( .BOTH. , #3659 ) ;
#4011 = EDGE_LOOP ( 'NONE', ( #1785, #431, #1222, #2143 ) ) ;
#4012 = PRESENTATION_LAYER_ASSIGNMENT (  '', '', ( #2863 ) ) ;
#4013 = PRESENTATION_STYLE_ASSIGNMENT (( #2429 ) ) ;
#4014 = LINE ( 'NONE', #4429, #3519 ) ;
#4015 = PRODUCT_DEFINITION_SHAPE ( 'NONE', 'NONE',  #5145 ) ;
#4016 =( LENGTH_UNIT ( ) NAMED_UNIT ( * ) SI_UNIT ( .MILLI., .METRE. ) );
#4017 = COLOUR_RGB ( '',0.2000000000000000111, 0.2000000000000000111, 0.2000000000000000111 ) ;
#4018 = ORIENTED_EDGE ( 'NONE', *, *, #4095, .T. ) ;
#4019 = DIRECTION ( 'NONE',  ( 0.000000000000000000, -0.7071067811865460184, -0.7071067811865489050 ) ) ;
#4020 = FILL_AREA_STYLE_COLOUR ( '', #715 ) ;
#4021 = STYLED_ITEM ( 'NONE', ( #3997 ), #1353 ) ;
#4022 = DIRECTION ( 'NONE',  ( -6.776263578034399754E-16, 1.000000000000000000, 0.000000000000000000 ) ) ;
#4023 = EDGE_CURVE ( 'NONE', #2563, #3880, #3405, .T. ) ;
#4024 = FACE_OUTER_BOUND ( 'NONE', #2295, .T. ) ;
#4025 = UNCERTAINTY_MEASURE_WITH_UNIT (LENGTH_MEASURE( 1.000000000000000082E-05 ), #3995, 'distance_accuracy_value', 'NONE');
#4026 = VECTOR ( 'NONE', #5128, 1000.000000000000000 ) ;
#4027 = ORIENTED_EDGE ( 'NONE', *, *, #745, .F. ) ;
#4028 = AXIS2_PLACEMENT_3D ( 'NONE', #3356, #4989, #4229 ) ;
#4029 = LINE ( 'NONE', #4903, #3039 ) ;
#4030 =( NAMED_UNIT ( * ) PLANE_ANGLE_UNIT ( ) SI_UNIT ( $, .RADIAN. ) );
#4031 = VECTOR ( 'NONE', #114, 1000.000000000000000 ) ;
#4032 = STYLED_ITEM ( 'NONE', ( #4302 ), #1324 ) ;
#4033 = ORIENTED_EDGE ( 'NONE', *, *, #2098, .T. ) ;
#4034 = ORIENTED_EDGE ( 'NONE', *, *, #120, .T. ) ;
#4035 = VECTOR ( 'NONE', #1369, 1000.000000000000114 ) ;
#4036 = FILL_AREA_STYLE ('',( #2450 ) ) ;
#4037 = DIRECTION ( 'NONE',  ( 0.9284766908852596368, -0.000000000000000000, 0.3713906763541028888 ) ) ;
#4038 = PRESENTATION_LAYER_ASSIGNMENT (  '', '', ( #2974 ) ) ;
#4039 = FILL_AREA_STYLE ('',( #3333 ) ) ;
#4040 = FILL_AREA_STYLE_COLOUR ( '', #3353 ) ;
#4041 = VERTEX_POINT ( 'NONE', #2217 ) ;
#4042 = SHAPE_REPRESENTATION_RELATIONSHIP ( 'NONE' , 'NONE' ,  #4748, #2254 ) ;
#4043 = VECTOR ( 'NONE', #981, 1000.000000000000000 ) ;
#4044 = DIRECTION ( 'NONE',  ( 0.000000000000000000, -0.000000000000000000, -1.000000000000000000 ) ) ;
#4045 = APPLICATION_CONTEXT ( 'automotive_design' ) ;
#4046 = DIRECTION ( 'NONE',  ( 6.776263578034399754E-16, -1.000000000000000000, 0.000000000000000000 ) ) ;
#4047 = VECTOR ( 'NONE', #2337, 1000.000000000000000 ) ;
#4048 =( NAMED_UNIT ( * ) PLANE_ANGLE_UNIT ( ) SI_UNIT ( $, .RADIAN. ) );
#4049 = FILL_AREA_STYLE ('',( #4897 ) ) ;
#4050 = VERTEX_POINT ( 'NONE', #2997 ) ;
#4051 =( LENGTH_UNIT ( ) NAMED_UNIT ( * ) SI_UNIT ( .MILLI., .METRE. ) );
#4052 = DIRECTION ( 'NONE',  ( 0.000000000000000000, 0.7071067811865490160, 0.7071067811865461294 ) ) ;
#4053 = DIRECTION ( 'NONE',  ( 0.000000000000000000, -0.3713906763541040545, -0.9284766908852591927 ) ) ;
#4054 = CARTESIAN_POINT ( 'NONE',  ( -3.724999999999999201, -0.3200000000000000067, -5.299999999999999822 ) ) ;
#4055 = SURFACE_SIDE_STYLE ('',( #4492 ) ) ;
#4056 = VERTEX_POINT ( 'NONE', #302 ) ;
#4057 = LINE ( 'NONE', #4002, #802 ) ;
#4058 = DIRECTION ( 'NONE',  ( 1.000000000000000000, 4.496691037958311735E-16, 4.496691037958311735E-16 ) ) ;
#4059 = LINE ( 'NONE', #2944, #2281 ) ;
#4060 = EDGE_CURVE ( 'NONE', #4576, #1955, #636, .T. ) ;
#4061 = ORIENTED_EDGE ( 'NONE', *, *, #3996, .T. ) ;
#4062 = PRESENTATION_STYLE_ASSIGNMENT (( #905 ) ) ;
#4063 = FILL_AREA_STYLE_COLOUR ( '', #2732 ) ;
#4064 = LINE ( 'NONE', #4853, #379 ) ;
#4065 = FILL_AREA_STYLE ('',( #952 ) ) ;
#4066 = EDGE_CURVE ( 'NONE', #4750, #2683, #3352, .T. ) ;
#4067 = EDGE_CURVE ( 'NONE', #4966, #2872, #2645, .T. ) ;
#4068 = VERTEX_POINT ( 'NONE', #1448 ) ;
#4069 = SHAPE_REPRESENTATION_RELATIONSHIP ( 'NONE' , 'NONE' ,  #2756, #1909 ) ;
#4070 =( LENGTH_UNIT ( ) NAMED_UNIT ( * ) SI_UNIT ( .MILLI., .METRE. ) );
#4071 =( NAMED_UNIT ( * ) PLANE_ANGLE_UNIT ( ) SI_UNIT ( $, .RADIAN. ) );
#4072 = COLOUR_RGB ( '',0.2000000000000000111, 0.2000000000000000111, 0.2000000000000000111 ) ;
#4073 = PRESENTATION_STYLE_ASSIGNMENT (( #3994 ) ) ;
#4074 = LINE ( 'NONE', #4916, #4758 ) ;
#4075 = VERTEX_POINT ( 'NONE', #3819 ) ;
#4076 = LINE ( 'NONE', #1715, #4174 ) ;
#4077 =( NAMED_UNIT ( * ) PLANE_ANGLE_UNIT ( ) SI_UNIT ( $, .RADIAN. ) );
#4078 = UNCERTAINTY_MEASURE_WITH_UNIT (LENGTH_MEASURE( 1.000000000000000082E-05 ), #3652, 'distance_accuracy_value', 'NONE');
#4079 = VERTEX_POINT ( 'NONE', #3380 ) ;
#4080 = CARTESIAN_POINT ( 'NONE',  ( 7.639999999999999680, 2.089999999999999858, -4.424999999999999822 ) ) ;
#4081 = SURFACE_STYLE_FILL_AREA ( #2536 ) ;
#4082 = CARTESIAN_POINT ( 'NONE',  ( 0.000000000000000000, -0.3200000000000000067, -5.299999999999999822 ) ) ;
#4083 = COLOUR_RGB ( '',0.8705882352941176627, 0.6313725490196078205, 0.1725490196078431349 ) ;
#4084 = ORIENTED_EDGE ( 'NONE', *, *, #1710, .F. ) ;
#4085 = SURFACE_STYLE_USAGE ( .BOTH. , #3770 ) ;
#4086 = PRODUCT_DEFINITION_FORMATION_WITH_SPECIFIED_SOURCE ( 'ANY', '', #2908, .NOT_KNOWN. ) ;
#4087 = VECTOR ( 'NONE', #695, 1000.000000000000000 ) ;
#4088 =( NAMED_UNIT ( * ) PLANE_ANGLE_UNIT ( ) SI_UNIT ( $, .RADIAN. ) );
#4089 = PRESENTATION_STYLE_ASSIGNMENT (( #3658 ) ) ;
#4090 = VECTOR ( 'NONE', #128, 1000.000000000000000 ) ;
#4091 = LINE ( 'NONE', #831, #1627 ) ;
#4092 = EDGE_CURVE ( 'NONE', #283, #184, #1847, .T. ) ;
#4093 = ORIENTED_EDGE ( 'NONE', *, *, #2585, .T. ) ;
#4094 = DIRECTION ( 'NONE',  ( 1.000000000000000000, 0.000000000000000000, 0.000000000000000000 ) ) ;
#4095 = EDGE_CURVE ( 'NONE', #2269, #1239, #2189, .T. ) ;
#4096 = CARTESIAN_POINT ( 'NONE',  ( -0.8200000000000003952, -4.424999999999999822, -4.424999999999999822 ) ) ;
#4097 = AXIS2_PLACEMENT_3D ( 'NONE', #5059, #3076, #4672 ) ;
#4098 = DIRECTION ( 'NONE',  ( 1.000000000000000000, 0.000000000000000000, 0.000000000000000000 ) ) ;
#4099 = MECHANICAL_DESIGN_GEOMETRIC_PRESENTATION_REPRESENTATION (  '', ( #57 ), #3438 ) ;
#4100 = ORIENTED_EDGE ( 'NONE', *, *, #1695, .T. ) ;
#4101 =( NAMED_UNIT ( * ) PLANE_ANGLE_UNIT ( ) SI_UNIT ( $, .RADIAN. ) );
#4102 = SURFACE_SIDE_STYLE ('',( #2436 ) ) ;
#4103 = SURFACE_SIDE_STYLE ('',( #1346 ) ) ;
#4104 = CARTESIAN_POINT ( 'NONE',  ( 2.860000000000001652, -1.590000000000000302, -3.924999999999998046 ) ) ;
#4105 = CIRCLE ( 'NONE', #5031, 0.4249999999999999889 ) ;
#4106 = PRESENTATION_STYLE_ASSIGNMENT (( #2474 ) ) ;
#4107 = EDGE_LOOP ( 'NONE', ( #3677, #926, #374, #3435 ) ) ;
#4108 = EDGE_LOOP ( 'NONE', ( #1243, #320, #4848, #3197 ) ) ;
#4109 = MECHANICAL_DESIGN_GEOMETRIC_PRESENTATION_REPRESENTATION (  '', ( #3446 ), #4279 ) ;
#4110 =( LENGTH_UNIT ( ) NAMED_UNIT ( * ) SI_UNIT ( .MILLI., .METRE. ) );
#4111 = PLANE ( 'NONE',  #2373 ) ;
#4112 = PRESENTATION_STYLE_ASSIGNMENT (( #160 ) ) ;
#4113 =( NAMED_UNIT ( * ) SI_UNIT ( $, .STERADIAN. ) SOLID_ANGLE_UNIT ( ) );
#4114 =( GEOMETRIC_REPRESENTATION_CONTEXT ( 3 ) GLOBAL_UNCERTAINTY_ASSIGNED_CONTEXT ( ( #4976 ) ) GLOBAL_UNIT_ASSIGNED_CONTEXT ( ( #1251, #3832, #219 ) ) REPRESENTATION_CONTEXT ( 'NONE', 'WORKASPACE' ) );
#4115 = VECTOR ( 'NONE', #1734, 1000.000000000000000 ) ;
#4116 = ORIENTED_EDGE ( 'NONE', *, *, #2283, .F. ) ;
#4117 = PLANE ( 'NONE',  #557 ) ;
#4118 = ORIENTED_EDGE ( 'NONE', *, *, #2945, .F. ) ;
#4119 = SURFACE_STYLE_FILL_AREA ( #3359 ) ;
#4120 = COLOUR_RGB ( '',0.2000000000000000111, 0.2000000000000000111, 0.2000000000000000111 ) ;
#4121 =( NAMED_UNIT ( * ) SI_UNIT ( $, .STERADIAN. ) SOLID_ANGLE_UNIT ( ) );
#4122 = STYLED_ITEM ( 'NONE', ( #209 ), #1008 ) ;
#4123 = PLANE ( 'NONE',  #2463 ) ;
#4124 = VERTEX_POINT ( 'NONE', #231 ) ;
#4125 = DIRECTION ( 'NONE',  ( 1.000000000000000000, 0.000000000000000000, 0.000000000000000000 ) ) ;
#4126 = DIRECTION ( 'NONE',  ( -0.000000000000000000, -0.000000000000000000, -1.000000000000000000 ) ) ;
#4127 = PRESENTATION_LAYER_ASSIGNMENT (  '', '', ( #3458 ) ) ;
#4128 = FILL_AREA_STYLE ('',( #4971 ) ) ;
#4129 = CARTESIAN_POINT ( 'NONE',  ( 7.639999999999999680, -0.4499999999999999001, -4.424999999999999822 ) ) ;
#4130 = CARTESIAN_POINT ( 'NONE',  ( 0.000000000000000000, 0.3200000000000000067, -5.299999999999999822 ) ) ;
#4131 = DIRECTION ( 'NONE',  ( 1.000000000000000000, 0.000000000000000000, -0.000000000000000000 ) ) ;
#4132 = EDGE_CURVE ( 'NONE', #912, #4966, #5029, .T. ) ;
#4133 = VECTOR ( 'NONE', #3971, 1000.000000000000000 ) ;
#4134 = CARTESIAN_POINT ( 'NONE',  ( 5.165000000000000036, 4.338750000000000995, -4.424999999999999822 ) ) ;
#4135 = VECTOR ( 'NONE', #4601, 1000.000000000000000 ) ;
#4136 = ORIENTED_EDGE ( 'NONE', *, *, #1378, .F. ) ;
#4137 = UNCERTAINTY_MEASURE_WITH_UNIT (LENGTH_MEASURE( 1.000000000000000082E-05 ), #4885, 'distance_accuracy_value', 'NONE');
#4138 = FACE_OUTER_BOUND ( 'NONE', #4814, .T. ) ;
#4139 = EDGE_CURVE ( 'NONE', #4488, #112, #607, .T. ) ;
#4140 = FILL_AREA_STYLE ('',( #1689 ) ) ;
#4141 = MECHANICAL_DESIGN_GEOMETRIC_PRESENTATION_REPRESENTATION (  '', ( #573 ), #329 ) ;
#4142 = EDGE_CURVE ( 'NONE', #1142, #3880, #534, .T. ) ;
#4143 = SURFACE_SIDE_STYLE ('',( #2562 ) ) ;
#4144 = ORIENTED_EDGE ( 'NONE', *, *, #1573, .F. ) ;
#4145 =( LENGTH_UNIT ( ) NAMED_UNIT ( * ) SI_UNIT ( .MILLI., .METRE. ) );
#4146 = CARTESIAN_POINT ( 'NONE',  ( -3.285000000000000142, 0.1200000000000000094, -5.799999999999999822 ) ) ;
#4147 = DIRECTION ( 'NONE',  ( 0.000000000000000000, 1.000000000000000000, -0.000000000000000000 ) ) ;
#4148 = ORIENTED_EDGE ( 'NONE', *, *, #4587, .F. ) ;
#4149 = DIRECTION ( 'NONE',  ( 0.000000000000000000, -0.7071067811865460184, -0.7071067811865489050 ) ) ;
#4150 = LINE ( 'NONE', #3002, #4780 ) ;
#4151 = LINE ( 'NONE', #1701, #3784 ) ;
#4152 = LINE ( 'NONE', #5009, #489 ) ;
#4153 = ORIENTED_EDGE ( 'NONE', *, *, #1695, .F. ) ;
#4154 = SURFACE_SIDE_STYLE ('',( #2241 ) ) ;
#4155 = CARTESIAN_POINT ( 'NONE',  ( 2.860000000000000320, 1.590000000000000080, -2.075000000000000622 ) ) ;
#4156 = ADVANCED_FACE ( 'NONE', ( #3052 ), #4249, .F. ) ;
#4157 = DIRECTION ( 'NONE',  ( 1.000000000000000000, 0.000000000000000000, 0.000000000000000000 ) ) ;
#4158 = SURFACE_SIDE_STYLE ('',( #1810 ) ) ;
#4159 = ORIENTED_EDGE ( 'NONE', *, *, #4370, .T. ) ;
#4160 = PRESENTATION_LAYER_ASSIGNMENT (  '', '', ( #2828 ) ) ;
#4161 = CARTESIAN_POINT ( 'NONE',  ( 6.590000000000000746, -1.649999999999999911, -4.424999999999999822 ) ) ;
#4162 = FACE_OUTER_BOUND ( 'NONE', #3241, .T. ) ;
#4163 = DIRECTION ( 'NONE',  ( 0.000000000000000000, -0.000000000000000000, 1.000000000000000000 ) ) ;
#4164 =( NAMED_UNIT ( * ) PLANE_ANGLE_UNIT ( ) SI_UNIT ( $, .RADIAN. ) );
#4165 = ORIENTED_EDGE ( 'NONE', *, *, #2767, .T. ) ;
#4166 = FILL_AREA_STYLE ('',( #230 ) ) ;
#4167 = CARTESIAN_POINT ( 'NONE',  ( -3.725000000000000089, -0.3200000000000000067, -5.299999999999998934 ) ) ;
#4168 = EDGE_CURVE ( 'NONE', #458, #3920, #3759, .T. ) ;
#4169 =( LENGTH_UNIT ( ) NAMED_UNIT ( * ) SI_UNIT ( .MILLI., .METRE. ) );
#4170 = ORIENTED_EDGE ( 'NONE', *, *, #2920, .F. ) ;
#4171 =( NAMED_UNIT ( * ) SI_UNIT ( $, .STERADIAN. ) SOLID_ANGLE_UNIT ( ) );
#4172 = CARTESIAN_POINT ( 'NONE',  ( 0.3200000000000000067, -0.9499999999999999556, -2.075000000000000622 ) ) ;
#4173 = LINE ( 'NONE', #1828, #2191 ) ;
#4174 = VECTOR ( 'NONE', #3690, 1000.000000000000000 ) ;
#4175 = ORIENTED_EDGE ( 'NONE', *, *, #2192, .F. ) ;
#4176 = SURFACE_SIDE_STYLE ('',( #243 ) ) ;
#4177 = PRESENTATION_LAYER_ASSIGNMENT (  '', '', ( #4603 ) ) ;
#4178 = CARTESIAN_POINT ( 'NONE',  ( 5.165000000000000036, 4.338750000000000995, 4.424999999999999822 ) ) ;
#4179 = LINE ( 'NONE', #4130, #1606 ) ;
#4180 = FILL_AREA_STYLE ('',( #3396 ) ) ;
#4181 = VECTOR ( 'NONE', #3547, 1000.000000000000000 ) ;
#4182 = CARTESIAN_POINT ( 'NONE',  ( 0.3199999999999997291, 0.9499999999999998446, -3.924999999999998046 ) ) ;
#4183 = STYLED_ITEM ( 'NONE', ( #1774 ), #3972 ) ;
#4184 = ORIENTED_EDGE ( 'NONE', *, *, #2742, .F. ) ;
#4185 = UNCERTAINTY_MEASURE_WITH_UNIT (LENGTH_MEASURE( 1.000000000000000082E-05 ), #167, 'distance_accuracy_value', 'NONE');
#4186 = EDGE_CURVE ( 'NONE', #2623, #1765, #1101, .T. ) ;
#4187 = SURFACE_STYLE_FILL_AREA ( #3736 ) ;
#4188 = DIRECTION ( 'NONE',  ( 0.000000000000000000, 0.000000000000000000, -1.000000000000000000 ) ) ;
#4189 = PRESENTATION_LAYER_ASSIGNMENT (  '', '', ( #1289 ) ) ;
#4190 = SURFACE_STYLE_USAGE ( .BOTH. , #2993 ) ;
#4191 = EDGE_LOOP ( 'NONE', ( #528, #1246, #749, #864 ) ) ;
#4192 = DIRECTION ( 'NONE',  ( 0.000000000000000000, 1.000000000000000000, 0.000000000000000000 ) ) ;
#4193 = CARTESIAN_POINT ( 'NONE',  ( 5.174999999999999822, 3.625000000000000000, -4.675000000000000711 ) ) ;
#4194 = STYLED_ITEM ( 'NONE', ( #2186 ), #4424 ) ;
#4195 = SURFACE_STYLE_USAGE ( .BOTH. , #4649 ) ;
#4196 = EDGE_CURVE ( 'NONE', #2569, #1239, #3579, .T. ) ;
#4197 = EDGE_LOOP ( 'NONE', ( #1748, #478, #3209, #4313 ) ) ;
#4198 = PRESENTATION_LAYER_ASSIGNMENT (  '', '', ( #3851 ) ) ;
#4199 = CYLINDRICAL_SURFACE ( 'NONE', #4028, 0.3362499999999997158 ) ;
#4200 = EDGE_CURVE ( 'NONE', #468, #373, #5111, .T. ) ;
#4201 = VECTOR ( 'NONE', #3709, 1000.000000000000000 ) ;
#4202 = CARTESIAN_POINT ( 'NONE',  ( 6.590000000000000746, -3.174999999999999822, -2.075000000000000178 ) ) ;
#4203 = DIRECTION ( 'NONE',  ( 0.000000000000000000, -0.000000000000000000, -1.000000000000000000 ) ) ;
#4204 = VECTOR ( 'NONE', #617, 1000.000000000000000 ) ;
#4205 = EDGE_CURVE ( 'NONE', #4539, #3562, #4796, .T. ) ;
#4206 = VERTEX_POINT ( 'NONE', #816 ) ;
#4207 = VECTOR ( 'NONE', #4453, 1000.000000000000000 ) ;
#4208 = DIRECTION ( 'NONE',  ( -0.000000000000000000, -0.000000000000000000, -1.000000000000000000 ) ) ;
#4209 = COLOUR_RGB ( '',0.8705882352941176627, 0.6313725490196078205, 0.1725490196078431349 ) ;
#4210 =( NAMED_UNIT ( * ) SI_UNIT ( $, .STERADIAN. ) SOLID_ANGLE_UNIT ( ) );
#4211 = DIRECTION ( 'NONE',  ( 0.7071067811865460184, 0.000000000000000000, -0.7071067811865489050 ) ) ;
#4212 =( NAMED_UNIT ( * ) SI_UNIT ( $, .STERADIAN. ) SOLID_ANGLE_UNIT ( ) );
#4213 = SURFACE_STYLE_USAGE ( .BOTH. , #5016 ) ;
#4214 = MECHANICAL_DESIGN_GEOMETRIC_PRESENTATION_REPRESENTATION (  '', ( #2879 ), #1219 ) ;
#4215 = COLOUR_RGB ( '',0.2000000000000000111, 0.2000000000000000111, 0.2000000000000000111 ) ;
#4216 = LINE ( 'NONE', #4129, #2473 ) ;
#4217 = LINE ( 'NONE', #4611, #1883 ) ;
#4218 = ORIENTED_EDGE ( 'NONE', *, *, #4715, .T. ) ;
#4219 = COLOUR_RGB ( '',0.2000000000000000111, 0.2000000000000000111, 0.2000000000000000111 ) ;
#4220 = LINE ( 'NONE', #252, #791 ) ;
#4221 = MECHANICAL_DESIGN_GEOMETRIC_PRESENTATION_REPRESENTATION (  '', ( #4481 ), #5055 ) ;
#4222 = PLANE ( 'NONE',  #5136 ) ;
#4223 = ORIENTED_EDGE ( 'NONE', *, *, #3633, .T. ) ;
#4224 =( NAMED_UNIT ( * ) PLANE_ANGLE_UNIT ( ) SI_UNIT ( $, .RADIAN. ) );
#4225 = CARTESIAN_POINT ( 'NONE',  ( -7.190000000000000391, -3.775000000000000355, 4.424999999999999822 ) ) ;
#4226 = CARTESIAN_POINT ( 'NONE',  ( 0.3200000000000000067, -1.590000000000000080, -3.924999999999998046 ) ) ;
#4227 =( NAMED_UNIT ( * ) SI_UNIT ( $, .STERADIAN. ) SOLID_ANGLE_UNIT ( ) );
#4228 = ORIENTED_EDGE ( 'NONE', *, *, #2156, .F. ) ;
#4229 = DIRECTION ( 'NONE',  ( -1.000000000000000000, 0.000000000000000000, 0.000000000000000000 ) ) ;
#4230 = AXIS2_PLACEMENT_3D ( 'NONE', #358, #4355, #1200 ) ;
#4231 = EDGE_CURVE ( 'NONE', #4326, #1532, #1913, .T. ) ;
#4232 =( NAMED_UNIT ( * ) SI_UNIT ( $, .STERADIAN. ) SOLID_ANGLE_UNIT ( ) );
#4233 = EDGE_LOOP ( 'NONE', ( #118, #1370, #297, #3343 ) ) ;
#4234 =( NAMED_UNIT ( * ) SI_UNIT ( $, .STERADIAN. ) SOLID_ANGLE_UNIT ( ) );
#4235 = EDGE_CURVE ( 'NONE', #1916, #774, #2721, .T. ) ;
#4236 =( NAMED_UNIT ( * ) SI_UNIT ( $, .STERADIAN. ) SOLID_ANGLE_UNIT ( ) );
#4237 = FACE_OUTER_BOUND ( 'NONE', #3033, .T. ) ;
#4238 = EDGE_CURVE ( 'NONE', #2054, #698, #2358, .T. ) ;
#4239 =( NAMED_UNIT ( * ) PLANE_ANGLE_UNIT ( ) SI_UNIT ( $, .RADIAN. ) );
#4240 = FACE_OUTER_BOUND ( 'NONE', #3483, .T. ) ;
#4241 = EDGE_LOOP ( 'NONE', ( #408, #1313 ) ) ;
#4242 = UNCERTAINTY_MEASURE_WITH_UNIT (LENGTH_MEASURE( 1.000000000000000082E-05 ), #3090, 'distance_accuracy_value', 'NONE');
#4243 = CARTESIAN_POINT ( 'NONE',  ( -3.359999999999999432, -0.4500000000000000111, -4.424999999999999822 ) ) ;
#4244 =( LENGTH_UNIT ( ) NAMED_UNIT ( * ) SI_UNIT ( .MILLI., .METRE. ) );
#4245 = SURFACE_SIDE_STYLE ('',( #2311 ) ) ;
#4246 = ORIENTED_EDGE ( 'NONE', *, *, #1536, .T. ) ;
#4247 = DIRECTION ( 'NONE',  ( 0.7071067811865460184, 0.000000000000000000, 0.7071067811865489050 ) ) ;
#4248 = SURFACE_STYLE_USAGE ( .BOTH. , #710 ) ;
#4249 = PLANE ( 'NONE',  #3843 ) ;
#4250 = CARTESIAN_POINT ( 'NONE',  ( 2.250000000000000444, -4.424999999999999822, -2.075000000000000178 ) ) ;
#4251 = SURFACE_STYLE_USAGE ( .BOTH. , #2671 ) ;
#4252 = ORIENTED_EDGE ( 'NONE', *, *, #4066, .F. ) ;
#4253 = DIRECTION ( 'NONE',  ( 6.776263578034399754E-16, 1.000000000000000000, -0.000000000000000000 ) ) ;
#4254 = DIRECTION ( 'NONE',  ( -0.000000000000000000, -0.000000000000000000, -1.000000000000000000 ) ) ;
#4255 = VERTEX_POINT ( 'NONE', #2783 ) ;
#4256 = ORIENTED_EDGE ( 'NONE', *, *, #4948, .F. ) ;
#4257 =( NAMED_UNIT ( * ) PLANE_ANGLE_UNIT ( ) SI_UNIT ( $, .RADIAN. ) );
#4258 = SURFACE_STYLE_USAGE ( .BOTH. , #2680 ) ;
#4259 = EDGE_CURVE ( 'NONE', #1198, #2177, #4303, .T. ) ;
#4260 = PRESENTATION_LAYER_ASSIGNMENT (  '', '', ( #608 ) ) ;
#4261 = LINE ( 'NONE', #1516, #1724 ) ;
#4262 = ORIENTED_EDGE ( 'NONE', *, *, #1514, .F. ) ;
#4263 = EDGE_CURVE ( 'NONE', #4068, #4710, #1957, .T. ) ;
#4264 = ORIENTED_EDGE ( 'NONE', *, *, #1609, .T. ) ;
#4265 = CARTESIAN_POINT ( 'NONE',  ( 7.639999999999999680, 4.424999999999999822, -4.424999999999999822 ) ) ;
#4266 = AXIS2_PLACEMENT_3D ( 'NONE', #2852, #2127, #2576 ) ;
#4267 =( GEOMETRIC_REPRESENTATION_CONTEXT ( 3 ) GLOBAL_UNCERTAINTY_ASSIGNED_CONTEXT ( ( #4723 ) ) GLOBAL_UNIT_ASSIGNED_CONTEXT ( ( #4337, #377, #2367 ) ) REPRESENTATION_CONTEXT ( 'NONE', 'WORKASPACE' ) );
#4268 = EDGE_CURVE ( 'NONE', #4075, #3730, #3948, .T. ) ;
#4269 = EDGE_LOOP ( 'NONE', ( #3293, #1628, #4878, #1209 ) ) ;
#4270 =( NAMED_UNIT ( * ) SI_UNIT ( $, .STERADIAN. ) SOLID_ANGLE_UNIT ( ) );
#4271 = LINE ( 'NONE', #2644, #4963 ) ;
#4272 = CARTESIAN_POINT ( 'NONE',  ( -0.4250000000000008216, 3.625000000000000000, -4.675000000000000711 ) ) ;
#4273 = VECTOR ( 'NONE', #1399, 1000.000000000000000 ) ;
#4274 = DIRECTION ( 'NONE',  ( -0.000000000000000000, -0.000000000000000000, -1.000000000000000000 ) ) ;
#4275 = ORIENTED_EDGE ( 'NONE', *, *, #697, .T. ) ;
#4276 =( GEOMETRIC_REPRESENTATION_CONTEXT ( 3 ) GLOBAL_UNCERTAINTY_ASSIGNED_CONTEXT ( ( #403 ) ) GLOBAL_UNIT_ASSIGNED_CONTEXT ( ( #3072, #5077, #4837 ) ) REPRESENTATION_CONTEXT ( 'NONE', 'WORKASPACE' ) );
#4277 = DIRECTION ( 'NONE',  ( 0.000000000000000000, 0.000000000000000000, 1.000000000000000000 ) ) ;
#4278 = AXIS2_PLACEMENT_3D ( 'NONE', #3222, #1901, #3888 ) ;
#4279 =( GEOMETRIC_REPRESENTATION_CONTEXT ( 3 ) GLOBAL_UNCERTAINTY_ASSIGNED_CONTEXT ( ( #3452 ) ) GLOBAL_UNIT_ASSIGNED_CONTEXT ( ( #1171, #4379, #2325 ) ) REPRESENTATION_CONTEXT ( 'NONE', 'WORKASPACE' ) );
#4280 = EDGE_CURVE ( 'NONE', #3891, #1611, #2004, .T. ) ;
#4281 = ORIENTED_EDGE ( 'NONE', *, *, #2482, .T. ) ;
#4282 = LINE ( 'NONE', #2798, #1885 ) ;
#4283 = CONTEXT_DEPENDENT_SHAPE_REPRESENTATION ( #5126, #3654 ) ;
#4284 = COLOUR_RGB ( '',0.2000000000000000111, 0.2000000000000000111, 0.2000000000000000111 ) ;
#4285 = SURFACE_SIDE_STYLE ('',( #1113 ) ) ;
#4286 = PRESENTATION_LAYER_ASSIGNMENT (  '', '', ( #1305 ) ) ;
#4287 = AXIS2_PLACEMENT_3D ( 'NONE', #2963, #2552, #4131 ) ;
#4288 = DIRECTION ( 'NONE',  ( -0.000000000000000000, 0.000000000000000000, 1.000000000000000000 ) ) ;
#4289 = MECHANICAL_DESIGN_GEOMETRIC_PRESENTATION_REPRESENTATION (  '', ( #2133 ), #2550 ) ;
#4290 = VERTEX_POINT ( 'NONE', #3897 ) ;
#4291 = CARTESIAN_POINT ( 'NONE',  ( 7.639999999999999680, -2.089999999999999858, -4.424999999999999822 ) ) ;
#4292 = UNCERTAINTY_MEASURE_WITH_UNIT (LENGTH_MEASURE( 1.000000000000000082E-05 ), #4943, 'distance_accuracy_value', 'NONE');
#4293 = DIRECTION ( 'NONE',  ( 6.359281451682194605E-16, -0.7071067811865475727, -0.7071067811865475727 ) ) ;
#4294 = STYLED_ITEM ( 'NONE', ( #1993 ), #3622 ) ;
#4295 = AXIS2_PLACEMENT_3D ( 'NONE', #3500, #349, #3159 ) ;
#4296 = EDGE_CURVE ( 'NONE', #2249, #2623, #4720, .T. ) ;
#4297 = CARTESIAN_POINT ( 'NONE',  ( -2.220000000000000195, -4.424999999999999822, -3.924999999999999822 ) ) ;
#4298 = SURFACE_STYLE_USAGE ( .BOTH. , #2715 ) ;
#4299 = STYLED_ITEM ( 'NONE', ( #3332 ), #2513 ) ;
#4300 = ORIENTED_EDGE ( 'NONE', *, *, #4657, .F. ) ;
#4301 = CARTESIAN_POINT ( 'NONE',  ( -2.859999999999999432, -0.9499999999999998446, -3.924999999999999822 ) ) ;
#4302 = PRESENTATION_STYLE_ASSIGNMENT (( #4248 ) ) ;
#4303 = LINE ( 'NONE', #2332, #2432 ) ;
#4304 = LINE ( 'NONE', #2333, #3831 ) ;
#4305 = DIRECTION ( 'NONE',  ( 0.5773502691896246208, -0.5773502691896258421, -0.5773502691896268413 ) ) ;
#4306 = PRESENTATION_LAYER_ASSIGNMENT (  '', '', ( #1065 ) ) ;
#4307 = EDGE_CURVE ( 'NONE', #3981, #5011, #3531, .T. ) ;
#4308 = ORIENTED_EDGE ( 'NONE', *, *, #2007, .F. ) ;
#4309 =( GEOMETRIC_REPRESENTATION_CONTEXT ( 3 ) GLOBAL_UNCERTAINTY_ASSIGNED_CONTEXT ( ( #156 ) ) GLOBAL_UNIT_ASSIGNED_CONTEXT ( ( #2118, #1778, #518 ) ) REPRESENTATION_CONTEXT ( 'NONE', 'WORKASPACE' ) );
#4310 = DIRECTION ( 'NONE',  ( -6.776263578034399754E-16, -1.000000000000000000, 0.000000000000000000 ) ) ;
#4311 = PRESENTATION_LAYER_ASSIGNMENT (  '', '', ( #3464 ) ) ;
#4312 = ORIENTED_EDGE ( 'NONE', *, *, #2074, .F. ) ;
#4313 = ORIENTED_EDGE ( 'NONE', *, *, #3833, .T. ) ;
#4314 = MECHANICAL_DESIGN_GEOMETRIC_PRESENTATION_REPRESENTATION (  '', ( #913 ), #177 ) ;
#4315 = PLANE ( 'NONE',  #229 ) ;
#4316 = LINE ( 'NONE', #5122, #3372 ) ;
#4317 = DIRECTION ( 'NONE',  ( -0.5773502691896247319, -0.5773502691896247319, 0.5773502691896277295 ) ) ;
#4318 = SURFACE_SIDE_STYLE ('',( #807 ) ) ;
#4319 = ORIENTED_EDGE ( 'NONE', *, *, #1629, .F. ) ;
#4320 = EDGE_LOOP ( 'NONE', ( #1990, #4496, #1111, #3335 ) ) ;
#4321 = FILL_AREA_STYLE_COLOUR ( '', #1723 ) ;
#4322 = EDGE_CURVE ( 'NONE', #36, #133, #3875, .T. ) ;
#4323 = COLOUR_RGB ( '',0.2000000000000000111, 0.2000000000000000111, 0.2000000000000000111 ) ;
#4324 = DIRECTION ( 'NONE',  ( 0.000000000000000000, 0.000000000000000000, 1.000000000000000000 ) ) ;
#4325 = DIRECTION ( 'NONE',  ( 1.000000000000000000, 0.000000000000000000, -0.000000000000000000 ) ) ;
#4326 = VERTEX_POINT ( 'NONE', #2390 ) ;
#4327 =( REPRESENTATION_RELATIONSHIP ('NONE','NONE', #3271, #2756 ) REPRESENTATION_RELATIONSHIP_WITH_TRANSFORMATION ( #3008 )SHAPE_REPRESENTATION_RELATIONSHIP( ) );
#4328 = DIRECTION ( 'NONE',  ( 0.000000000000000000, 0.000000000000000000, 1.000000000000000000 ) ) ;
#4329 = LINE ( 'NONE', #5110, #3953 ) ;
#4330 = CARTESIAN_POINT ( 'NONE',  ( -6.590000000000000746, -1.649999999999999911, -2.074999999999999734 ) ) ;
#4331 = PRESENTATION_STYLE_ASSIGNMENT (( #1196 ) ) ;
#4332 = DIRECTION ( 'NONE',  ( 1.000000000000000000, -2.498161687754618507E-16, -2.498161687754614563E-16 ) ) ;
#4333 = EDGE_CURVE ( 'NONE', #2705, #3920, #1600, .T. ) ;
#4334 = COLOUR_RGB ( '',0.2000000000000000111, 0.2000000000000000111, 0.2000000000000000111 ) ;
#4335 = VERTEX_POINT ( 'NONE', #1580 ) ;
#4336 = EDGE_CURVE ( 'NONE', #3173, #3899, #3975, .T. ) ;
#4337 =( LENGTH_UNIT ( ) NAMED_UNIT ( * ) SI_UNIT ( .MILLI., .METRE. ) );
#4338 = VERTEX_POINT ( 'NONE', #4272 ) ;
#4339 = CARTESIAN_POINT ( 'NONE',  ( -0.3200000000000020051, 1.590000000000000302, -3.924999999999998046 ) ) ;
#4340 = CARTESIAN_POINT ( 'NONE',  ( 0.000000000000000000, 4.424999999999999822, 4.424999999999999822 ) ) ;
#4341 = CARTESIAN_POINT ( 'NONE',  ( 3.360000000000000320, -4.424999999999999822, -4.424999999999999822 ) ) ;
#4342 = CARTESIAN_POINT ( 'NONE',  ( -2.860000000000000320, -0.9499999999999999556, -21.93981562965040411 ) ) ;
#4343 = ORIENTED_EDGE ( 'NONE', *, *, #5001, .T. ) ;
#4344 = UNCERTAINTY_MEASURE_WITH_UNIT (LENGTH_MEASURE( 1.000000000000000082E-05 ), #64, 'distance_accuracy_value', 'NONE');
#4345 = FACE_BOUND ( 'NONE', #352, .T. ) ;
#4346 = PRESENTATION_STYLE_ASSIGNMENT (( #1952 ) ) ;
#4347 = DIRECTION ( 'NONE',  ( -1.000000000000000000, 0.000000000000000000, 0.000000000000000000 ) ) ;
#4348 = ADVANCED_FACE ( 'NONE', ( #1176 ), #4767, .F. ) ;
#4349 = VECTOR ( 'NONE', #3815, 1000.000000000000000 ) ;
#4350 = EDGE_LOOP ( 'NONE', ( #4604, #3220, #846, #3904 ) ) ;
#4351 =( NAMED_UNIT ( * ) PLANE_ANGLE_UNIT ( ) SI_UNIT ( $, .RADIAN. ) );
#4352 =( GEOMETRIC_REPRESENTATION_CONTEXT ( 3 ) GLOBAL_UNCERTAINTY_ASSIGNED_CONTEXT ( ( #3145 ) ) GLOBAL_UNIT_ASSIGNED_CONTEXT ( ( #2479, #3322, #490 ) ) REPRESENTATION_CONTEXT ( 'NONE', 'WORKASPACE' ) );
#4353 = UNCERTAINTY_MEASURE_WITH_UNIT (LENGTH_MEASURE( 1.000000000000000082E-05 ), #4145, 'distance_accuracy_value', 'NONE');
#4354 = ORIENTED_EDGE ( 'NONE', *, *, #1048, .F. ) ;
#4355 = DIRECTION ( 'NONE',  ( 0.7071067811865470176, 9.658541207454319961E-17, -0.7071067811865480168 ) ) ;
#4356 = COLOUR_RGB ( '',0.2000000000000000111, 0.2000000000000000111, 0.2000000000000000111 ) ;
#4357 = LINE ( 'NONE', #2338, #132 ) ;
#4358 = ADVANCED_FACE ( 'NONE', ( #1318 ), #3318, .T. ) ;
#4359 = CARTESIAN_POINT ( 'NONE',  ( -4.750000000000000000, -3.625000000000000000, -4.675000000000000711 ) ) ;
#4360 = EDGE_CURVE ( 'NONE', #2931, #1164, #447, .T. ) ;
#4361 = ORIENTED_EDGE ( 'NONE', *, *, #1472, .F. ) ;
#4362 = AXIS2_PLACEMENT_3D ( 'NONE', #3522, #3908, #3551 ) ;
#4363 = LINE ( 'NONE', #3246, #3804 ) ;
#4364 = ORIENTED_EDGE ( 'NONE', *, *, #4841, .T. ) ;
#4365 = LINE ( 'NONE', #798, #3364 ) ;
#4366 = CONTEXT_DEPENDENT_SHAPE_REPRESENTATION ( #2994, #4368 ) ;
#4367 = DIRECTION ( 'NONE',  ( 0.000000000000000000, 0.000000000000000000, 1.000000000000000000 ) ) ;
#4368 = PRODUCT_DEFINITION_SHAPE ( 'NONE', 'NONE',  #5147 ) ;
#4369 =( NAMED_UNIT ( * ) SI_UNIT ( $, .STERADIAN. ) SOLID_ANGLE_UNIT ( ) );
#4370 = EDGE_CURVE ( 'NONE', #2269, #2952, #2079, .T. ) ;
#4371 =( GEOMETRIC_REPRESENTATION_CONTEXT ( 3 ) GLOBAL_UNCERTAINTY_ASSIGNED_CONTEXT ( ( #3721 ) ) GLOBAL_UNIT_ASSIGNED_CONTEXT ( ( #970, #1422, #199 ) ) REPRESENTATION_CONTEXT ( 'NONE', 'WORKASPACE' ) );
#4372 = VECTOR ( 'NONE', #2923, 1000.000000000000000 ) ;
#4373 = SURFACE_STYLE_FILL_AREA ( #3154 ) ;
#4374 = PRESENTATION_STYLE_ASSIGNMENT (( #2704 ) ) ;
#4375 = VECTOR ( 'NONE', #5048, 1000.000000000000000 ) ;
#4376 = ORIENTED_EDGE ( 'NONE', *, *, #2290, .T. ) ;
#4377 = DIRECTION ( 'NONE',  ( -1.000000000000000000, 0.000000000000000000, 0.000000000000000000 ) ) ;
#4378 = COLOUR_RGB ( '',0.2000000000000000111, 0.2000000000000000111, 0.2000000000000000111 ) ;
#4379 =( NAMED_UNIT ( * ) PLANE_ANGLE_UNIT ( ) SI_UNIT ( $, .RADIAN. ) );
#4380 = SURFACE_SIDE_STYLE ('',( #3157 ) ) ;
#4381 = COLOUR_RGB ( '',0.2000000000000000111, 0.2000000000000000111, 0.2000000000000000111 ) ;
#4382 =( GEOMETRIC_REPRESENTATION_CONTEXT ( 3 ) GLOBAL_UNCERTAINTY_ASSIGNED_CONTEXT ( ( #4353 ) ) GLOBAL_UNIT_ASSIGNED_CONTEXT ( ( #4145, #634, #998 ) ) REPRESENTATION_CONTEXT ( 'NONE', 'WORKASPACE' ) );
#4383 = MECHANICAL_DESIGN_GEOMETRIC_PRESENTATION_REPRESENTATION (  '', ( #887 ), #4461 ) ;
#4384 = UNCERTAINTY_MEASURE_WITH_UNIT (LENGTH_MEASURE( 1.000000000000000082E-05 ), #2507, 'distance_accuracy_value', 'NONE');
#4385 = AXIS2_PLACEMENT_3D ( 'NONE', #2434, #3338, #4019 ) ;
#4386 = SURFACE_SIDE_STYLE ('',( #3161 ) ) ;
#4387 = PLANE ( 'NONE',  #3361 ) ;
#4388 = DIRECTION ( 'NONE',  ( 0.000000000000000000, 1.000000000000000000, 0.000000000000000000 ) ) ;
#4389 = SURFACE_STYLE_USAGE ( .BOTH. , #3141 ) ;
#4390 = LINE ( 'NONE', #3558, #2051 ) ;
#4391 = STYLED_ITEM ( 'NONE', ( #1030 ), #3552 ) ;
#4392 = PRESENTATION_LAYER_ASSIGNMENT (  '', '', ( #77 ) ) ;
#4393 = ORIENTED_EDGE ( 'NONE', *, *, #2739, .T. ) ;
#4394 = FILL_AREA_STYLE_COLOUR ( '', #4881 ) ;
#4395 = MECHANICAL_DESIGN_GEOMETRIC_PRESENTATION_REPRESENTATION (  '', ( #4299 ), #3288 ) ;
#4396 = PRESENTATION_STYLE_ASSIGNMENT (( #457 ) ) ;
#4397 = ORIENTED_EDGE ( 'NONE', *, *, #27, .T. ) ;
#4398 =( GEOMETRIC_REPRESENTATION_CONTEXT ( 3 ) GLOBAL_UNCERTAINTY_ASSIGNED_CONTEXT ( ( #3344 ) ) GLOBAL_UNIT_ASSIGNED_CONTEXT ( ( #3434, #2723, #3099 ) ) REPRESENTATION_CONTEXT ( 'NONE', 'WORKASPACE' ) );
#4399 = LINE ( 'NONE', #1666, #3316 ) ;
#4400 = EDGE_LOOP ( 'NONE', ( #4027, #2946, #3454, #416 ) ) ;
#4401 = CARTESIAN_POINT ( 'NONE',  ( 6.590000000000000746, -1.649999999999999911, 1.975000000000000089 ) ) ;
#4402 = ADVANCED_FACE ( 'NONE', ( #1714 ), #3665, .T. ) ;
#4403 =( GEOMETRIC_REPRESENTATION_CONTEXT ( 3 ) GLOBAL_UNCERTAINTY_ASSIGNED_CONTEXT ( ( #2940 ) ) GLOBAL_UNIT_ASSIGNED_CONTEXT ( ( #1446, #4621, #2643 ) ) REPRESENTATION_CONTEXT ( 'NONE', 'WORKASPACE' ) );
#4404 = EDGE_CURVE ( 'NONE', #133, #850, #4413, .T. ) ;
#4405 = ORIENTED_EDGE ( 'NONE', *, *, #1802, .T. ) ;
#4406 = CARTESIAN_POINT ( 'NONE',  ( -3.359999999999999432, -4.424999999999999822, -4.424999999999999822 ) ) ;
#4407 = DIRECTION ( 'NONE',  ( 0.000000000000000000, -1.000000000000000000, 0.000000000000000000 ) ) ;
#4408 = DIRECTION ( 'NONE',  ( 0.000000000000000000, 0.000000000000000000, -1.000000000000000000 ) ) ;
#4409 = CARTESIAN_POINT ( 'NONE',  ( -2.250000000000000444, -4.424999999999999822, -2.075000000000000178 ) ) ;
#4410 = CARTESIAN_POINT ( 'NONE',  ( -0.3199999999999999512, -1.590000000000000746, -3.924999999999998934 ) ) ;
#4411 = FILL_AREA_STYLE ('',( #2738 ) ) ;
#4412 = DIRECTION ( 'NONE',  ( 0.000000000000000000, 0.7071067811865490160, 0.7071067811865461294 ) ) ;
#4413 = LINE ( 'NONE', #843, #2437 ) ;
#4414 = PLANE ( 'NONE',  #1367 ) ;
#4415 = CARTESIAN_POINT ( 'NONE',  ( 6.590000000000000746, -1.649999999999999689, 1.975000000000000089 ) ) ;
#4416 = PRODUCT_DEFINITION_SHAPE ( 'NONE', 'NONE',  #3871 ) ;
#4417 = FILL_AREA_STYLE_COLOUR ( '', #2046 ) ;
#4418 = UNCERTAINTY_MEASURE_WITH_UNIT (LENGTH_MEASURE( 1.000000000000000082E-05 ), #4169, 'distance_accuracy_value', 'NONE');
#4419 = ORIENTED_EDGE ( 'NONE', *, *, #4663, .F. ) ;
#4420 = SURFACE_SIDE_STYLE ('',( #1137 ) ) ;
#4421 = FILL_AREA_STYLE_COLOUR ( '', #3711 ) ;
#4422 = VERTEX_POINT ( 'NONE', #4161 ) ;
#4423 = VERTEX_POINT ( 'NONE', #4567 ) ;
#4424 = ADVANCED_FACE ( 'NONE', ( #994 ), #2991, .T. ) ;
#4425 = DIRECTION ( 'NONE',  ( -0.5773502691896256200, 0.5773502691896252870, 0.5773502691896265082 ) ) ;
#4426 =( NAMED_UNIT ( * ) PLANE_ANGLE_UNIT ( ) SI_UNIT ( $, .RADIAN. ) );
#4427 = VERTEX_POINT ( 'NONE', #2559 ) ;
#4428 = DIRECTION ( 'NONE',  ( -0.000000000000000000, -1.000000000000000000, -0.000000000000000000 ) ) ;
#4429 = CARTESIAN_POINT ( 'NONE',  ( -7.639999999999999680, 3.775000000000000355, 4.424999999999999822 ) ) ;
#4430 = EDGE_CURVE ( 'NONE', #4050, #2728, #4220, .T. ) ;
#4431 = FACE_OUTER_BOUND ( 'NONE', #826, .T. ) ;
#4432 = ADVANCED_FACE ( 'NONE', ( #4138 ), #3375, .F. ) ;
#4433 = ORIENTED_EDGE ( 'NONE', *, *, #387, .F. ) ;
#4434 = FILL_AREA_STYLE_COLOUR ( '', #806 ) ;
#4435 = DIRECTION ( 'NONE',  ( -3.532934139823439859E-16, -0.7071067811865480168, -0.7071067811865470176 ) ) ;
#4436 = SURFACE_STYLE_USAGE ( .BOTH. , #80 ) ;
#4437 = DIRECTION ( 'NONE',  ( -0.3713906763541040545, 0.000000000000000000, 0.9284766908852591927 ) ) ;
#4438 = AXIS2_PLACEMENT_3D ( 'NONE', #3432, #3053, #4673 ) ;
#4439 = ORIENTED_EDGE ( 'NONE', *, *, #3233, .F. ) ;
#4440 = DIRECTION ( 'NONE',  ( -1.000000000000000000, 0.000000000000000000, 0.000000000000000000 ) ) ;
#4441 = SURFACE_SIDE_STYLE ('',( #4081 ) ) ;
#4442 = ORIENTED_EDGE ( 'NONE', *, *, #822, .F. ) ;
#4443 = STYLED_ITEM ( 'NONE', ( #794 ), #3903 ) ;
#4444 = DIRECTION ( 'NONE',  ( 0.000000000000000000, -0.7071067811865460184, -0.7071067811865489050 ) ) ;
#4445 = FACE_BOUND ( 'NONE', #12, .T. ) ;
#4446 = VECTOR ( 'NONE', #3556, 1000.000000000000000 ) ;
#4447 = CARTESIAN_POINT ( 'NONE',  ( -2.860000000000000320, 1.590000000000000080, -3.924999999999998046 ) ) ;
#4448 = ORIENTED_EDGE ( 'NONE', *, *, #2799, .T. ) ;
#4449 = MECHANICAL_DESIGN_GEOMETRIC_PRESENTATION_REPRESENTATION (  '', ( #4941 ), #1124 ) ;
#4450 = VECTOR ( 'NONE', #2665, 1000.000000000000000 ) ;
#4451 = SURFACE_STYLE_FILL_AREA ( #4893 ) ;
#4452 = AXIS2_PLACEMENT_3D ( 'NONE', #4082, #4494, #3672 ) ;
#4453 = DIRECTION ( 'NONE',  ( -0.000000000000000000, -0.000000000000000000, -1.000000000000000000 ) ) ;
#4454 = VECTOR ( 'NONE', #3937, 1000.000000000000000 ) ;
#4455 = ORIENTED_EDGE ( 'NONE', *, *, #5065, .F. ) ;
#4456 = DIRECTION ( 'NONE',  ( 0.000000000000000000, -0.000000000000000000, 1.000000000000000000 ) ) ;
#4457 = DIRECTION ( 'NONE',  ( 0.000000000000000000, -0.7071067811865460184, 0.7071067811865489050 ) ) ;
#4458 = FILL_AREA_STYLE ('',( #3294 ) ) ;
#4459 =( NAMED_UNIT ( * ) PLANE_ANGLE_UNIT ( ) SI_UNIT ( $, .RADIAN. ) );
#4460 = COLOUR_RGB ( '',0.2000000000000000111, 0.2000000000000000111, 0.2000000000000000111 ) ;
#4461 =( GEOMETRIC_REPRESENTATION_CONTEXT ( 3 ) GLOBAL_UNCERTAINTY_ASSIGNED_CONTEXT ( ( #1949 ) ) GLOBAL_UNIT_ASSIGNED_CONTEXT ( ( #2178, #4967, #4234 ) ) REPRESENTATION_CONTEXT ( 'NONE', 'WORKASPACE' ) );
#4462 = FILL_AREA_STYLE_COLOUR ( '', #808 ) ;
#4463 = UNCERTAINTY_MEASURE_WITH_UNIT (LENGTH_MEASURE( 1.000000000000000082E-05 ), #2090, 'distance_accuracy_value', 'NONE');
#4464 = STYLED_ITEM ( 'NONE', ( #1912 ), #3429 ) ;
#4466 = ORIENTED_EDGE ( 'NONE', *, *, #3461, .T. ) ;
#4465 =( NAMED_UNIT ( * ) SI_UNIT ( $, .STERADIAN. ) SOLID_ANGLE_UNIT ( ) );
#4467 = MECHANICAL_DESIGN_GEOMETRIC_PRESENTATION_REPRESENTATION (  '', ( #2289 ), #1141 ) ;
#4468 = ADVANCED_FACE ( 'NONE', ( #4919 ), #2937, .F. ) ;
#4469 = DIRECTION ( 'NONE',  ( -0.7071067811865480168, 0.000000000000000000, 0.7071067811865470176 ) ) ;
#4470 = DIRECTION ( 'NONE',  ( 0.000000000000000000, 0.000000000000000000, 1.000000000000000000 ) ) ;
#4471 = ADVANCED_FACE ( 'NONE', ( #3894 ), #1150, .F. ) ;
#4472 = FILL_AREA_STYLE_COLOUR ( '', #3445 ) ;
#4473 = MECHANICAL_DESIGN_GEOMETRIC_PRESENTATION_REPRESENTATION (  '', ( #5049 ), #76 ) ;
#4474 = ORIENTED_EDGE ( 'NONE', *, *, #3720, .T. ) ;
#4475 = PRESENTATION_STYLE_ASSIGNMENT (( #113 ) ) ;
#4476 = VERTEX_POINT ( 'NONE', #759 ) ;
#4477 =( NAMED_UNIT ( * ) SI_UNIT ( $, .STERADIAN. ) SOLID_ANGLE_UNIT ( ) );
#4478 = DIRECTION ( 'NONE',  ( -0.3481553119113959816, -0.3481553119113959260, -0.8703882797784889824 ) ) ;
#4479 = FACE_BOUND ( 'NONE', #3477, .T. ) ;
#4480 = DIRECTION ( 'NONE',  ( 1.000000000000000000, -0.000000000000000000, 0.000000000000000000 ) ) ;
#4481 = STYLED_ITEM ( 'NONE', ( #3748 ), #2573 ) ;
#4482 = ORIENTED_EDGE ( 'NONE', *, *, #4092, .F. ) ;
#4483 =( NAMED_UNIT ( * ) SI_UNIT ( $, .STERADIAN. ) SOLID_ANGLE_UNIT ( ) );
#4484 = VECTOR ( 'NONE', #3797, 1000.000000000000000 ) ;
#4485 = LINE ( 'NONE', #2099, #3111 ) ;
#4486 = CARTESIAN_POINT ( 'NONE',  ( 4.750000000000000000, -3.625000000000000000, -4.675000000000000711 ) ) ;
#4487 = FILL_AREA_STYLE ('',( #174 ) ) ;
#4488 = VERTEX_POINT ( 'NONE', #2326 ) ;
#4489 = ADVANCED_FACE ( 'NONE', ( #418, #1951, #4686, #323, #1570, #4735, #2757, #1976, #4345, #783, #393, #2351, #702 ), #3938, .T. ) ;
#4490 = SURFACE_SIDE_STYLE ('',( #2472 ) ) ;
#4491 = DIRECTION ( 'NONE',  ( 0.000000000000000000, 1.000000000000000000, 0.000000000000000000 ) ) ;
#4492 = SURFACE_STYLE_FILL_AREA ( #1744 ) ;
#4493 = ORIENTED_EDGE ( 'NONE', *, *, #2192, .T. ) ;
#4494 = DIRECTION ( 'NONE',  ( 0.000000000000000000, -0.9284766908852591927, -0.3713906763541040545 ) ) ;
#4495 = EDGE_CURVE ( 'NONE', #1643, #1705, #2535, .T. ) ;
#4496 = ORIENTED_EDGE ( 'NONE', *, *, #1802, .F. ) ;
#4497 = ADVANCED_FACE ( 'NONE', ( #1250 ), #861, .T. ) ;
#4498 = FILL_AREA_STYLE_COLOUR ( '', #3967 ) ;
#4499 = DIRECTION ( 'NONE',  ( 1.000000000000000000, 0.000000000000000000, -0.000000000000000000 ) ) ;
#4500 = ORIENTED_EDGE ( 'NONE', *, *, #3988, .T. ) ;
#4501 = ORIENTED_EDGE ( 'NONE', *, *, #4738, .T. ) ;
#4502 = DIRECTION ( 'NONE',  ( 0.000000000000000000, 0.000000000000000000, 1.000000000000000000 ) ) ;
#4503 = SURFACE_SIDE_STYLE ('',( #70 ) ) ;
#4504 = MECHANICAL_DESIGN_GEOMETRIC_PRESENTATION_REPRESENTATION (  '', ( #5087 ), #675 ) ;
#4505 = CARTESIAN_POINT ( 'NONE',  ( 0.3199999999999996181, -1.590000000000000080, -21.93981562965040411 ) ) ;
#4506 = CARTESIAN_POINT ( 'NONE',  ( 7.639999999999999680, 0.4499999999999999001, -4.424999999999999822 ) ) ;
#4507 = CARTESIAN_POINT ( 'NONE',  ( 5.174999999999999822, 3.625000000000000000, -4.424999999999999822 ) ) ;
#4508 = ORIENTED_EDGE ( 'NONE', *, *, #1975, .T. ) ;
#4509 = SURFACE_STYLE_USAGE ( .BOTH. , #4490 ) ;
#4510 = PRESENTATION_STYLE_ASSIGNMENT (( #4436 ) ) ;
#4511 =( LENGTH_UNIT ( ) NAMED_UNIT ( * ) SI_UNIT ( .MILLI., .METRE. ) );
#4512 = EDGE_CURVE ( 'NONE', #2365, #1932, #3681, .T. ) ;
#4513 = PRESENTATION_STYLE_ASSIGNMENT (( #2864 ) ) ;
#4514 = UNCERTAINTY_MEASURE_WITH_UNIT (LENGTH_MEASURE( 1.000000000000000082E-05 ), #711, 'distance_accuracy_value', 'NONE');
#4515 = ORIENTED_EDGE ( 'NONE', *, *, #3107, .T. ) ;
#4516 = ORIENTED_EDGE ( 'NONE', *, *, #579, .T. ) ;
#4517 = COLOUR_RGB ( '',0.2000000000000000111, 0.2000000000000000111, 0.2000000000000000111 ) ;
#4518 = CARTESIAN_POINT ( 'NONE',  ( 7.639999999999999680, 1.650000000000000355, 4.424999999999999822 ) ) ;
#4519 = COLOUR_RGB ( '',0.2000000000000000111, 0.2000000000000000111, 0.2000000000000000111 ) ;
#4520 = ORIENTED_EDGE ( 'NONE', *, *, #2310, .F. ) ;
#4521 = PRODUCT_DEFINITION ( 'UNKNOWN', '', #689, #1732 ) ;
#4522 = EDGE_CURVE ( 'NONE', #3646, #133, #439, .T. ) ;
#4523 = COLOUR_RGB ( '',0.8705882352941176627, 0.6313725490196078205, 0.1725490196078431349 ) ;
#4524 = EDGE_LOOP ( 'NONE', ( #3807, #3450, #780, #1479 ) ) ;
#4525 =( LENGTH_UNIT ( ) NAMED_UNIT ( * ) SI_UNIT ( .MILLI., .METRE. ) );
#4526 = EDGE_CURVE ( 'NONE', #102, #1354, #2022, .T. ) ;
#4527 =( GEOMETRIC_REPRESENTATION_CONTEXT ( 3 ) GLOBAL_UNCERTAINTY_ASSIGNED_CONTEXT ( ( #4514 ) ) GLOBAL_UNIT_ASSIGNED_CONTEXT ( ( #711, #2834, #2859 ) ) REPRESENTATION_CONTEXT ( 'NONE', 'WORKASPACE' ) );
#4528 = SURFACE_STYLE_USAGE ( .BOTH. , #4608 ) ;
#4529 = PLANE ( 'NONE',  #3231 ) ;
#4530 = LINE ( 'NONE', #2181, #1495 ) ;
#4531 = LINE ( 'NONE', #2494, #772 ) ;
#4532 = AXIS2_PLACEMENT_3D ( 'NONE', #550, #2139, #2811 ) ;
#4533 = VECTOR ( 'NONE', #4961, 1000.000000000000000 ) ;
#4534 = ORIENTED_EDGE ( 'NONE', *, *, #959, .T. ) ;
#4535 = SURFACE_STYLE_USAGE ( .BOTH. , #4979 ) ;
#4536 =( NAMED_UNIT ( * ) PLANE_ANGLE_UNIT ( ) SI_UNIT ( $, .RADIAN. ) );
#4537 = VECTOR ( 'NONE', #701, 1000.000000000000000 ) ;
#4538 =( NAMED_UNIT ( * ) SI_UNIT ( $, .STERADIAN. ) SOLID_ANGLE_UNIT ( ) );
#4539 = VERTEX_POINT ( 'NONE', #3212 ) ;
#4540 = MECHANICAL_DESIGN_GEOMETRIC_PRESENTATION_REPRESENTATION (  '', ( #3855 ), #714 ) ;
#4541 = COLOUR_RGB ( '',0.2000000000000000111, 0.2000000000000000111, 0.2000000000000000111 ) ;
#4542 = VECTOR ( 'NONE', #381, 1000.000000000000000 ) ;
#4543 = LINE ( 'NONE', #4985, #2788 ) ;
#4544 = SURFACE_STYLE_USAGE ( .BOTH. , #4441 ) ;
#4545 = EDGE_CURVE ( 'NONE', #677, #4958, #141, .T. ) ;
#4546 = FACE_OUTER_BOUND ( 'NONE', #2730, .T. ) ;
#4547 = STYLED_ITEM ( 'NONE', ( #2630 ), #1597 ) ;
#4548 =( GEOMETRIC_REPRESENTATION_CONTEXT ( 3 ) GLOBAL_UNCERTAINTY_ASSIGNED_CONTEXT ( ( #5020 ) ) GLOBAL_UNIT_ASSIGNED_CONTEXT ( ( #3144, #1939, #3954 ) ) REPRESENTATION_CONTEXT ( 'NONE', 'WORKASPACE' ) );
#4549 = ORIENTED_EDGE ( 'NONE', *, *, #1791, .T. ) ;
#4550 = SURFACE_SIDE_STYLE ('',( #164 ) ) ;
#4551 = MECHANICAL_DESIGN_GEOMETRIC_PRESENTATION_REPRESENTATION (  '', ( #3367 ), #1556 ) ;
#4552 = VECTOR ( 'NONE', #1453, 1000.000000000000000 ) ;
#4553 = EDGE_CURVE ( 'NONE', #3920, #458, #2352, .T. ) ;
#4554 = FILL_AREA_STYLE ('',( #1358 ) ) ;
#4555 = PRESENTATION_LAYER_ASSIGNMENT (  '', '', ( #1316 ) ) ;
#4556 = ORIENTED_EDGE ( 'NONE', *, *, #3056, .T. ) ;
#4557 = DIRECTION ( 'NONE',  ( 1.000000000000000000, 0.000000000000000000, 0.000000000000000000 ) ) ;
#4558 = PRESENTATION_STYLE_ASSIGNMENT (( #78 ) ) ;
#4559 = LINE ( 'NONE', #1782, #1298 ) ;
#4560 = EDGE_CURVE ( 'NONE', #1027, #2165, #4014, .T. ) ;
#4561 = CARTESIAN_POINT ( 'NONE',  ( -2.860000000000001208, 1.590000000000000746, -3.924999999999998046 ) ) ;
#4562 = DIRECTION ( 'NONE',  ( 1.000000000000000000, 0.000000000000000000, -0.000000000000000000 ) ) ;
#4563 = VECTOR ( 'NONE', #4305, 1000.000000000000000 ) ;
#4564 = ADVANCED_FACE ( 'NONE', ( #917 ), #474, .T. ) ;
#4565 = VERTEX_POINT ( 'NONE', #1363 ) ;
#4566 = UNCERTAINTY_MEASURE_WITH_UNIT (LENGTH_MEASURE( 1.000000000000000082E-05 ), #2141, 'distance_accuracy_value', 'NONE');
#4567 = CARTESIAN_POINT ( 'NONE',  ( 0.8199999999999997291, -0.4500000000000002887, -4.424999999999999822 ) ) ;
#4568 = LINE ( 'NONE', #995, #863 ) ;
#4569 = CARTESIAN_POINT ( 'NONE',  ( -6.589999999999999858, -4.424999999999999822, -4.424999999999999822 ) ) ;
#4570 = SURFACE_STYLE_FILL_AREA ( #4920 ) ;
#4571 = ORIENTED_EDGE ( 'NONE', *, *, #3811, .F. ) ;
#4572 = EDGE_LOOP ( 'NONE', ( #2009, #4724, #5096, #2342 ) ) ;
#4573 = CARTESIAN_POINT ( 'NONE',  ( 0.8200000000000003952, -4.424999999999999822, -4.424999999999999822 ) ) ;
#4574 = PRESENTATION_STYLE_ASSIGNMENT (( #4195 ) ) ;
#4575 = SURFACE_STYLE_FILL_AREA ( #261 ) ;
#4576 = VERTEX_POINT ( 'NONE', #1064 ) ;
#4577 = FACE_OUTER_BOUND ( 'NONE', #1098, .T. ) ;
#4578 =( NAMED_UNIT ( * ) SI_UNIT ( $, .STERADIAN. ) SOLID_ANGLE_UNIT ( ) );
#4579 = FILL_AREA_STYLE_COLOUR ( '', #3715 ) ;
#4580 = ORIENTED_EDGE ( 'NONE', *, *, #2862, .F. ) ;
#4581 = FILL_AREA_STYLE_COLOUR ( '', #1136 ) ;
#4582 = SURFACE_STYLE_FILL_AREA ( #2002 ) ;
#4583 = LINE ( 'NONE', #4641, #3035 ) ;
#4584 = CARTESIAN_POINT ( 'NONE',  ( -0.3199999999999999512, -0.9499999999999998446, -3.924999999999999822 ) ) ;
#4585 = VECTOR ( 'NONE', #2629, 1000.000000000000000 ) ;
#4586 = FACE_OUTER_BOUND ( 'NONE', #1263, .T. ) ;
#4587 = EDGE_CURVE ( 'NONE', #4124, #3314, #3311, .T. ) ;
#4588 = PRESENTATION_STYLE_ASSIGNMENT (( #4535 ) ) ;
#4589 = ADVANCED_FACE ( 'NONE', ( #2203 ), #1387, .T. ) ;
#4590 = PRESENTATION_STYLE_ASSIGNMENT (( #4190 ) ) ;
#4591 = CARTESIAN_POINT ( 'NONE',  ( -7.639999999999999680, -1.649999999999999911, 1.975000000000000089 ) ) ;
#4592 = EDGE_LOOP ( 'NONE', ( #3527, #3583, #941, #1162 ) ) ;
#4593 = SURFACE_STYLE_USAGE ( .BOTH. , #3321 ) ;
#4594 =( NAMED_UNIT ( * ) PLANE_ANGLE_UNIT ( ) SI_UNIT ( $, .RADIAN. ) );
#4595 = DIRECTION ( 'NONE',  ( 0.000000000000000000, 0.000000000000000000, 1.000000000000000000 ) ) ;
#4596 = ORIENTED_EDGE ( 'NONE', *, *, #4948, .T. ) ;
#4597 = SURFACE_SIDE_STYLE ('',( #1871 ) ) ;
#4598 = PRESENTATION_STYLE_ASSIGNMENT (( #4085 ) ) ;
#4599 = CARTESIAN_POINT ( 'NONE',  ( -4.325000000000000178, -3.625000000000000000, -4.675000000000000711 ) ) ;
#4600 = VECTOR ( 'NONE', #2080, 1000.000000000000000 ) ;
#4601 = DIRECTION ( 'NONE',  ( -0.5773502691896259531, -0.5773502691896245098, -0.5773502691896269523 ) ) ;
#4602 = PLANE ( 'NONE',  #325 ) ;
#4603 = STYLED_ITEM ( 'NONE', ( #5002 ), #5125 ) ;
#4604 = ORIENTED_EDGE ( 'NONE', *, *, #4522, .F. ) ;
#4605 = FACE_OUTER_BOUND ( 'NONE', #3542, .T. ) ;
#4606 = ITEM_DEFINED_TRANSFORMATION ( 'NONE', 'NONE', #3100,  #4609 ) ;
#4607 = CARTESIAN_POINT ( 'NONE',  ( -2.250000000000000444, -3.174999999999999822, -2.075000000000000178 ) ) ;
#4608 = SURFACE_SIDE_STYLE ('',( #4939 ) ) ;
#4609 = AXIS2_PLACEMENT_3D ( 'NONE', #2461, #3337, #4557 ) ;
#4610 = CARTESIAN_POINT ( 'NONE',  ( -0.3200000000000006173, -1.590000000000000302, -3.924999999999998934 ) ) ;
#4611 = CARTESIAN_POINT ( 'NONE',  ( 2.220000000000000195, -1.590000000000000080, -21.93981562965040411 ) ) ;
#4612 = CYLINDRICAL_SURFACE ( 'NONE', #4812, 0.3250000000000000666 ) ;
#4613 = MECHANICAL_DESIGN_GEOMETRIC_PRESENTATION_REPRESENTATION (  '', ( #4183 ), #4352 ) ;
#4614 = ORIENTED_EDGE ( 'NONE', *, *, #2545, .F. ) ;
#4615 = UNCERTAINTY_MEASURE_WITH_UNIT (LENGTH_MEASURE( 1.000000000000000082E-05 ), #5102, 'distance_accuracy_value', 'NONE');
#4616 = CARTESIAN_POINT ( 'NONE',  ( -3.725000000000000089, -0.3200000000000000067, 5.799999999999999822 ) ) ;
#4617 = VECTOR ( 'NONE', #4388, 1000.000000000000000 ) ;
#4618 = ORIENTED_EDGE ( 'NONE', *, *, #4092, .T. ) ;
#4619 = EDGE_CURVE ( 'NONE', #774, #4290, #2228, .T. ) ;
#4620 = DIRECTION ( 'NONE',  ( 0.000000000000000000, -1.000000000000000000, 0.000000000000000000 ) ) ;
#4621 =( NAMED_UNIT ( * ) PLANE_ANGLE_UNIT ( ) SI_UNIT ( $, .RADIAN. ) );
#4622 = VECTOR ( 'NONE', #3182, 1000.000000000000000 ) ;
#4623 = DIRECTION ( 'NONE',  ( -0.000000000000000000, -1.000000000000000000, -0.000000000000000000 ) ) ;
#4624 = CIRCLE ( 'NONE', #2780, 0.4250000000000000444 ) ;
#4625 = CARTESIAN_POINT ( 'NONE',  ( -8.673617379884041389E-16, 3.625000000000000000, -4.675000000000000711 ) ) ;
#4626 = EDGE_CURVE ( 'NONE', #3765, #1068, #3809, .T. ) ;
#4627 = PRESENTATION_LAYER_ASSIGNMENT (  '', '', ( #300 ) ) ;
#4628 =( NAMED_UNIT ( * ) PLANE_ANGLE_UNIT ( ) SI_UNIT ( $, .RADIAN. ) );
#4629 = AXIS2_PLACEMENT_3D ( 'NONE', #3574, #38, #1339 ) ;
#4630 = EDGE_CURVE ( 'NONE', #2872, #221, #3732, .T. ) ;
#4631 = PRESENTATION_STYLE_ASSIGNMENT (( #4654 ) ) ;
#4632 = PLANE ( 'NONE',  #2430 ) ;
#4633 = PRESENTATION_LAYER_ASSIGNMENT (  '', '', ( #228 ) ) ;
#4634 = MECHANICAL_DESIGN_GEOMETRIC_PRESENTATION_REPRESENTATION (  '', ( #2884 ), #3055 ) ;
#4635 =( LENGTH_UNIT ( ) NAMED_UNIT ( * ) SI_UNIT ( .MILLI., .METRE. ) );
#4636 = AXIS2_PLACEMENT_3D ( 'NONE', #1612, #3491, #3174 ) ;
#4637 =( GEOMETRIC_REPRESENTATION_CONTEXT ( 3 ) GLOBAL_UNCERTAINTY_ASSIGNED_CONTEXT ( ( #1549 ) ) GLOBAL_UNIT_ASSIGNED_CONTEXT ( ( #1577, #763, #4270 ) ) REPRESENTATION_CONTEXT ( 'NONE', 'WORKASPACE' ) );
#4638 =( GEOMETRIC_REPRESENTATION_CONTEXT ( 3 ) GLOBAL_UNCERTAINTY_ASSIGNED_CONTEXT ( ( #1862 ) ) GLOBAL_UNIT_ASSIGNED_CONTEXT ( ( #2411, #2109, #1747 ) ) REPRESENTATION_CONTEXT ( 'NONE', 'WORKASPACE' ) );
#4639 = ITEM_DEFINED_TRANSFORMATION ( 'NONE', 'NONE', #444,  #4609 ) ;
#4640 =( LENGTH_UNIT ( ) NAMED_UNIT ( * ) SI_UNIT ( .MILLI., .METRE. ) );
#4641 = CARTESIAN_POINT ( 'NONE',  ( 6.590000000000000746, 3.174999999999999822, -2.075000000000000178 ) ) ;
#4642 = AXIS2_PLACEMENT_3D ( 'NONE', #2660, #4660, #3857 ) ;
#4643 = VECTOR ( 'NONE', #3457, 1000.000000000000114 ) ;
#4644 = DIRECTION ( 'NONE',  ( -1.000000000000000000, 0.000000000000000000, 0.000000000000000000 ) ) ;
#4645 = DIRECTION ( 'NONE',  ( 0.000000000000000000, -1.000000000000000000, -0.000000000000000000 ) ) ;
#4646 = ORIENTED_EDGE ( 'NONE', *, *, #2694, .F. ) ;
#4647 = LINE ( 'NONE', #635, #4484 ) ;
#4648 = FILL_AREA_STYLE_COLOUR ( '', #2294 ) ;
#4649 = SURFACE_SIDE_STYLE ('',( #1427 ) ) ;
#4650 = DIRECTION ( 'NONE',  ( 0.7071067811865470176, 0.000000000000000000, -0.7071067811865480168 ) ) ;
#4651 = DIRECTION ( 'NONE',  ( -6.776263578034399754E-16, -1.000000000000000000, -0.000000000000000000 ) ) ;
#4652 = FILL_AREA_STYLE_COLOUR ( '', #4072 ) ;
#4653 = DIRECTION ( 'NONE',  ( -6.776263578034399754E-16, -1.000000000000000000, 0.000000000000000000 ) ) ;
#4654 = SURFACE_STYLE_USAGE ( .BOTH. , #2237 ) ;
#4655 = LINE ( 'NONE', #1895, #2555 ) ;
#4656 = EDGE_CURVE ( 'NONE', #1239, #2172, #4559, .T. ) ;
#4657 = EDGE_CURVE ( 'NONE', #4958, #2488, #3339, .T. ) ;
#4658 = ORIENTED_EDGE ( 'NONE', *, *, #2709, .F. ) ;
#4659 =( NAMED_UNIT ( * ) PLANE_ANGLE_UNIT ( ) SI_UNIT ( $, .RADIAN. ) );
#4660 = DIRECTION ( 'NONE',  ( 0.000000000000000000, -0.7071067811865490160, 0.7071067811865461294 ) ) ;
#4661 = SURFACE_STYLE_FILL_AREA ( #1091 ) ;
#4662 = FILL_AREA_STYLE ('',( #288 ) ) ;
#4663 = EDGE_CURVE ( 'NONE', #3751, #1469, #4583, .T. ) ;
#4664 = LINE ( 'NONE', #1167, #4181 ) ;
#4665 = DIRECTION ( 'NONE',  ( -0.000000000000000000, 1.000000000000000000, 0.000000000000000000 ) ) ;
#4666 = EDGE_LOOP ( 'NONE', ( #2200, #2240 ) ) ;
#4667 = UNCERTAINTY_MEASURE_WITH_UNIT (LENGTH_MEASURE( 1.000000000000000082E-05 ), #3051, 'distance_accuracy_value', 'NONE');
#4668 = SURFACE_STYLE_USAGE ( .BOTH. , #3974 ) ;
#4669 = ORIENTED_EDGE ( 'NONE', *, *, #2767, .F. ) ;
#4670 = FILL_AREA_STYLE_COLOUR ( '', #1965 ) ;
#4671 = LINE ( 'NONE', #3874, #3284 ) ;
#4672 = DIRECTION ( 'NONE',  ( -1.000000000000000000, 0.000000000000000000, 0.000000000000000000 ) ) ;
#4673 = DIRECTION ( 'NONE',  ( -1.000000000000000000, 0.000000000000000000, 0.000000000000000000 ) ) ;
#4674 = DIRECTION ( 'NONE',  ( 1.000000000000000000, 0.000000000000000000, 0.000000000000000000 ) ) ;
#4675 = FILL_AREA_STYLE ('',( #3078 ) ) ;
#4676 = FILL_AREA_STYLE_COLOUR ( '', #4727 ) ;
#4677 = PRESENTATION_STYLE_ASSIGNMENT (( #4884 ) ) ;
#4678 = ORIENTED_EDGE ( 'NONE', *, *, #271, .T. ) ;
#4679 = DIRECTION ( 'NONE',  ( 0.000000000000000000, 0.000000000000000000, 1.000000000000000000 ) ) ;
#4680 =( LENGTH_UNIT ( ) NAMED_UNIT ( * ) SI_UNIT ( .MILLI., .METRE. ) );
#4681 = EDGE_CURVE ( 'NONE', #1804, #468, #1808, .T. ) ;
#4682 = CARTESIAN_POINT ( 'NONE',  ( 7.639999999999999680, -4.424999999999999822, -4.424999999999999822 ) ) ;
#4683 =( GEOMETRIC_REPRESENTATION_CONTEXT ( 3 ) GLOBAL_UNCERTAINTY_ASSIGNED_CONTEXT ( ( #3614 ) ) GLOBAL_UNIT_ASSIGNED_CONTEXT ( ( #3949, #1602, #3192 ) ) REPRESENTATION_CONTEXT ( 'NONE', 'WORKASPACE' ) );
#4684 = LINE ( 'NONE', #2734, #2452 ) ;
#4685 = ORIENTED_EDGE ( 'NONE', *, *, #2499, .T. ) ;
#4686 = FACE_BOUND ( 'NONE', #2903, .T. ) ;
#4687 = FILL_AREA_STYLE ('',( #3091 ) ) ;
#4688 = VECTOR ( 'NONE', #2980, 1000.000000000000000 ) ;
#4689 = VERTEX_POINT ( 'NONE', #3710 ) ;
#4690 = CARTESIAN_POINT ( 'NONE',  ( 2.860000000000000320, 0.000000000000000000, -2.075000000000000178 ) ) ;
#4691 = SURFACE_STYLE_FILL_AREA ( #2763 ) ;
#4692 = VECTOR ( 'NONE', #1521, 1000.000000000000000 ) ;
#4693 = CARTESIAN_POINT ( 'NONE',  ( 4.325000000000000178, -3.625000000000000000, -4.424999999999999822 ) ) ;
#4694 = SURFACE_STYLE_FILL_AREA ( #1080 ) ;
#4695 = PRESENTATION_LAYER_ASSIGNMENT (  '', '', ( #2701 ) ) ;
#4696 = FILL_AREA_STYLE ('',( #1918 ) ) ;
#4697 = DIRECTION ( 'NONE',  ( 0.000000000000000000, 0.000000000000000000, 1.000000000000000000 ) ) ;
#4698 = PRESENTATION_LAYER_ASSIGNMENT (  '', '', ( #3355 ) ) ;
#4699 = AXIS2_PLACEMENT_3D ( 'NONE', #1421, #2634, #3421 ) ;
#4700 = ORIENTED_EDGE ( 'NONE', *, *, #153, .T. ) ;
#4701 = ORIENTED_EDGE ( 'NONE', *, *, #672, .F. ) ;
#4702 =( NAMED_UNIT ( * ) PLANE_ANGLE_UNIT ( ) SI_UNIT ( $, .RADIAN. ) );
#4703 = AXIS2_PLACEMENT_3D ( 'NONE', #198, #549, #1317 ) ;
#4704 = FILL_AREA_STYLE_COLOUR ( '', #3870 ) ;
#4705 = VECTOR ( 'NONE', #733, 999.9999999999998863 ) ;
#4706 =( GEOMETRIC_REPRESENTATION_CONTEXT ( 3 ) GLOBAL_UNCERTAINTY_ASSIGNED_CONTEXT ( ( #1496 ) ) GLOBAL_UNIT_ASSIGNED_CONTEXT ( ( #1461, #1067, #3449 ) ) REPRESENTATION_CONTEXT ( 'NONE', 'WORKASPACE' ) );
#4707 = AXIS2_PLACEMENT_3D ( 'NONE', #1934, #4328, #3555 ) ;
#4708 = LINE ( 'NONE', #3890, #1139 ) ;
#4709 = COLOUR_RGB ( '',0.2000000000000000111, 0.2000000000000000111, 0.2000000000000000111 ) ;
#4710 = VERTEX_POINT ( 'NONE', #4155 ) ;
#4711 = LINE ( 'NONE', #4291, #350 ) ;
#4712 = UNCERTAINTY_MEASURE_WITH_UNIT (LENGTH_MEASURE( 1.000000000000000082E-05 ), #2996, 'distance_accuracy_value', 'NONE');
#4713 = CARTESIAN_POINT ( 'NONE',  ( -1.720000000000001084, -2.089999999999999414, -4.424999999999999822 ) ) ;
#4714 =( NAMED_UNIT ( * ) PLANE_ANGLE_UNIT ( ) SI_UNIT ( $, .RADIAN. ) );
#4715 = EDGE_CURVE ( 'NONE', #578, #748, #1038, .T. ) ;
#4716 = EDGE_CURVE ( 'NONE', #1452, #4050, #3447, .T. ) ;
#4717 = CARTESIAN_POINT ( 'NONE',  ( -0.3200000000000000067, -0.9499999999999999556, -21.93981562965040411 ) ) ;
#4718 = ORIENTED_EDGE ( 'NONE', *, *, #1673, .F. ) ;
#4719 = DIRECTION ( 'NONE',  ( 0.000000000000000000, -0.000000000000000000, -1.000000000000000000 ) ) ;
#4720 = LINE ( 'NONE', #744, #4446 ) ;
#4721 = DIRECTION ( 'NONE',  ( 0.000000000000000000, -1.000000000000000000, 0.000000000000000000 ) ) ;
#4722 = PRESENTATION_STYLE_ASSIGNMENT (( #4823 ) ) ;
#4723 = UNCERTAINTY_MEASURE_WITH_UNIT (LENGTH_MEASURE( 1.000000000000000082E-05 ), #4337, 'distance_accuracy_value', 'NONE');
#4724 = ORIENTED_EDGE ( 'NONE', *, *, #3745, .F. ) ;
#4725 = COLOUR_RGB ( '',0.2000000000000000111, 0.2000000000000000111, 0.2000000000000000111 ) ;
#4726 = LINE ( 'NONE', #4, #289 ) ;
#4727 = COLOUR_RGB ( '',0.2000000000000000111, 0.2000000000000000111, 0.2000000000000000111 ) ;
#4728 = ORIENTED_EDGE ( 'NONE', *, *, #692, .T. ) ;
#4729 = CARTESIAN_POINT ( 'NONE',  ( -6.590000000000000746, 1.649999999999999911, -4.424999999999999822 ) ) ;
#4730 = DIRECTION ( 'NONE',  ( -1.000000000000000000, 0.000000000000000000, 0.000000000000000000 ) ) ;
#4731 = LINE ( 'NONE', #4341, #4087 ) ;
#4732 = DIRECTION ( 'NONE',  ( 1.000000000000000000, 0.000000000000000000, 0.000000000000000000 ) ) ;
#4733 = VERTEX_POINT ( 'NONE', #2793 ) ;
#4734 = LINE ( 'NONE', #1497, #3696 ) ;
#4735 = FACE_BOUND ( 'NONE', #195, .T. ) ;
#4736 = CARTESIAN_POINT ( 'NONE',  ( 2.220000000000000639, -0.9499999999999998446, -3.924999999999998046 ) ) ;
#4737 =( NAMED_UNIT ( * ) SI_UNIT ( $, .STERADIAN. ) SOLID_ANGLE_UNIT ( ) );
#4738 = EDGE_CURVE ( 'NONE', #2165, #1452, #2817, .T. ) ;
#4739 = ORIENTED_EDGE ( 'NONE', *, *, #4322, .F. ) ;
#4740 = FACE_OUTER_BOUND ( 'NONE', #4107, .T. ) ;
#4741 = DIRECTION ( 'NONE',  ( 0.000000000000000000, 0.7071067811865470176, -0.7071067811865480168 ) ) ;
#4742 = DIRECTION ( 'NONE',  ( -1.000000000000000000, -0.000000000000000000, -0.000000000000000000 ) ) ;
#4743 = ADVANCED_FACE ( 'NONE', ( #4237 ), #4828, .T. ) ;
#4744 = DIRECTION ( 'NONE',  ( -0.000000000000000000, -1.000000000000000000, -0.000000000000000000 ) ) ;
#4745 = LINE ( 'NONE', #4104, #4035 ) ;
#4746 = ADVANCED_FACE ( 'NONE', ( #1114 ), #2396, .F. ) ;
#4747 = CARTESIAN_POINT ( 'NONE',  ( 2.860000000000000320, -0.9499999999999999556, -21.93981562965040411 ) ) ;
#4748 = SHAPE_REPRESENTATION ( '61200621621', ( #4609 ), #4764 ) ;
#4749 = SURFACE_STYLE_FILL_AREA ( #1558 ) ;
#4750 = VERTEX_POINT ( 'NONE', #1262 ) ;
#4751 = PRESENTATION_LAYER_ASSIGNMENT (  '', '', ( #5087 ) ) ;
#4752 = ORIENTED_EDGE ( 'NONE', *, *, #3584, .F. ) ;
#4753 = DIRECTION ( 'NONE',  ( 1.000000000000000000, -0.000000000000000000, 0.000000000000000000 ) ) ;
#4754 = DIRECTION ( 'NONE',  ( -1.000000000000000000, -0.000000000000000000, -0.000000000000000000 ) ) ;
#4755 = SURFACE_SIDE_STYLE ('',( #4373 ) ) ;
#4756 = CARTESIAN_POINT ( 'NONE',  ( -8.673617379884041389E-16, 3.625000000000000000, -4.675000000000000711 ) ) ;
#4757 = ORIENTED_EDGE ( 'NONE', *, *, #3455, .F. ) ;
#4758 = VECTOR ( 'NONE', #1278, 1000.000000000000000 ) ;
#4759 = LINE ( 'NONE', #2383, #2279 ) ;
#4760 = FILL_AREA_STYLE ('',( #14 ) ) ;
#4761 = PRESENTATION_LAYER_ASSIGNMENT (  '', '', ( #776 ) ) ;
#4762 = SURFACE_SIDE_STYLE ('',( #3909 ) ) ;
#4763 = LINE ( 'NONE', #1097, #1896 ) ;
#4764 =( GEOMETRIC_REPRESENTATION_CONTEXT ( 3 ) GLOBAL_UNCERTAINTY_ASSIGNED_CONTEXT ( ( #4890 ) ) GLOBAL_UNIT_ASSIGNED_CONTEXT ( ( #1383, #2179, #119 ) ) REPRESENTATION_CONTEXT ( 'NONE', 'WORKASPACE' ) );
#4765 = ORIENTED_EDGE ( 'NONE', *, *, #2482, .F. ) ;
#4766 = PLANE ( 'NONE',  #4707 ) ;
#4767 = PLANE ( 'NONE',  #1193 ) ;
#4768 = FILL_AREA_STYLE_COLOUR ( '', #2096 ) ;
#4769 = SURFACE_SIDE_STYLE ('',( #1104 ) ) ;
#4770 = PRESENTATION_LAYER_ASSIGNMENT (  '', '', ( #532 ) ) ;
#4771 = UNCERTAINTY_MEASURE_WITH_UNIT (LENGTH_MEASURE( 1.000000000000000082E-05 ), #276, 'distance_accuracy_value', 'NONE');
#4772 = EDGE_LOOP ( 'NONE', ( #1120, #855, #176, #503 ) ) ;
#4773 = ADVANCED_FACE ( 'NONE', ( #2303 ), #2245, .T. ) ;
#4774 =( NAMED_UNIT ( * ) SI_UNIT ( $, .STERADIAN. ) SOLID_ANGLE_UNIT ( ) );
#4775 =( GEOMETRIC_REPRESENTATION_CONTEXT ( 3 ) GLOBAL_UNCERTAINTY_ASSIGNED_CONTEXT ( ( #4872 ) ) GLOBAL_UNIT_ASSIGNED_CONTEXT ( ( #1743, #1652, #1280 ) ) REPRESENTATION_CONTEXT ( 'NONE', 'WORKASPACE' ) );
#4776 = FILL_AREA_STYLE_COLOUR ( '', #1795 ) ;
#4777 = EDGE_CURVE ( 'NONE', #221, #912, #4846, .T. ) ;
#4778 = ORIENTED_EDGE ( 'NONE', *, *, #5101, .T. ) ;
#4779 = EDGE_CURVE ( 'NONE', #3707, #2845, #531, .T. ) ;
#4780 = VECTOR ( 'NONE', #2197, 1000.000000000000000 ) ;
#4781 = ORIENTED_EDGE ( 'NONE', *, *, #3999, .F. ) ;
#4782 = FACE_OUTER_BOUND ( 'NONE', #4816, .T. ) ;
#4783 = CARTESIAN_POINT ( 'NONE',  ( -3.725000000000000089, 0.3200000000000000622, 5.299999999999999822 ) ) ;
#4784 = DIRECTION ( 'NONE',  ( 0.000000000000000000, 1.000000000000000000, 0.000000000000000000 ) ) ;
#4785 =( NAMED_UNIT ( * ) SI_UNIT ( $, .STERADIAN. ) SOLID_ANGLE_UNIT ( ) );
#4786 = VECTOR ( 'NONE', #3743, 1000.000000000000000 ) ;
#4787 = ORIENTED_EDGE ( 'NONE', *, *, #1238, .F. ) ;
#4788 =( GEOMETRIC_REPRESENTATION_CONTEXT ( 3 ) GLOBAL_UNCERTAINTY_ASSIGNED_CONTEXT ( ( #2685 ) ) GLOBAL_UNIT_ASSIGNED_CONTEXT ( ( #4640, #2496, #670 ) ) REPRESENTATION_CONTEXT ( 'NONE', 'WORKASPACE' ) );
#4789 = LINE ( 'NONE', #4096, #1386 ) ;
#4790 = PRESENTATION_STYLE_ASSIGNMENT (( #1678 ) ) ;
#4791 =( NAMED_UNIT ( * ) SI_UNIT ( $, .STERADIAN. ) SOLID_ANGLE_UNIT ( ) );
#4792 = PRESENTATION_LAYER_ASSIGNMENT (  '', '', ( #1059 ) ) ;
#4793 = CIRCLE ( 'NONE', #803, 0.4250000000000000444 ) ;
#4794 = SURFACE_STYLE_FILL_AREA ( #4411 ) ;
#4795 = ORIENTED_EDGE ( 'NONE', *, *, #1238, .T. ) ;
#4796 = LINE ( 'NONE', #370, #3433 ) ;
#4797 = LINE ( 'NONE', #423, #1401 ) ;
#4798 = PRESENTATION_LAYER_ASSIGNMENT (  '', '', ( #481 ) ) ;
#4799 = SURFACE_STYLE_FILL_AREA ( #1284 ) ;
#4800 = ORIENTED_EDGE ( 'NONE', *, *, #854, .F. ) ;
#4801 = COLOUR_RGB ( '',0.8705882352941176627, 0.6313725490196078205, 0.1725490196078431349 ) ;
#4802 = DIRECTION ( 'NONE',  ( -0.000000000000000000, -0.000000000000000000, -1.000000000000000000 ) ) ;
#4803 = CARTESIAN_POINT ( 'NONE',  ( 7.189999999999999503, -4.424999999999999822, 4.424999999999999822 ) ) ;
#4804 = LINE ( 'NONE', #2794, #2803 ) ;
#4805 = ORIENTED_EDGE ( 'NONE', *, *, #4716, .T. ) ;
#4806 = AXIS2_PLACEMENT_3D ( 'NONE', #931, #4037, #521 ) ;
#4807 = DIRECTION ( 'NONE',  ( 1.000000000000000000, 0.000000000000000000, -0.000000000000000000 ) ) ;
#4808 = ORIENTED_EDGE ( 'NONE', *, *, #1656, .T. ) ;
#4809 = EDGE_CURVE ( 'NONE', #2952, #2249, #2115, .T. ) ;
#4810 = DIRECTION ( 'NONE',  ( -1.000000000000000000, -0.000000000000000000, 0.000000000000000000 ) ) ;
#4811 = CARTESIAN_POINT ( 'NONE',  ( -5.490000000000000213, 4.424999999999999822, -4.424999999999999822 ) ) ;
#4812 = AXIS2_PLACEMENT_3D ( 'NONE', #652, #3812, #1463 ) ;
#4813 = EDGE_CURVE ( 'NONE', #283, #1780, #977, .T. ) ;
#4814 = EDGE_LOOP ( 'NONE', ( #4752, #327, #4312, #2111 ) ) ;
#4815 = LINE ( 'NONE', #1244, #375 ) ;
#4816 = EDGE_LOOP ( 'NONE', ( #2676, #2214, #2508, #2049, #2539, #1575, #3382, #657 ) ) ;
#4817 = DIRECTION ( 'NONE',  ( 0.000000000000000000, 0.000000000000000000, 1.000000000000000000 ) ) ;
#4818 = CYLINDRICAL_SURFACE ( 'NONE', #2814, 0.4250000000000000444 ) ;
#4819 = ORIENTED_EDGE ( 'NONE', *, *, #3653, .T. ) ;
#4820 = FACE_OUTER_BOUND ( 'NONE', #1021, .T. ) ;
#4821 = DIRECTION ( 'NONE',  ( 0.000000000000000000, -0.7071067811865460184, 0.7071067811865489050 ) ) ;
#4822 = PLANE ( 'NONE',  #5010 ) ;
#4823 = SURFACE_STYLE_USAGE ( .BOTH. , #3219 ) ;
#4824 = DIRECTION ( 'NONE',  ( -0.9284766908852591927, 0.000000000000000000, -0.3713906763541040545 ) ) ;
#4825 = UNCERTAINTY_MEASURE_WITH_UNIT (LENGTH_MEASURE( 1.000000000000000082E-05 ), #3232, 'distance_accuracy_value', 'NONE');
#4826 = ORIENTED_EDGE ( 'NONE', *, *, #2034, .F. ) ;
#4827 = SURFACE_STYLE_FILL_AREA ( #3221 ) ;
#4828 = PLANE ( 'NONE',  #2033 ) ;
#4829 = ORIENTED_EDGE ( 'NONE', *, *, #2376, .F. ) ;
#4830 =( GEOMETRIC_REPRESENTATION_CONTEXT ( 3 ) GLOBAL_UNCERTAINTY_ASSIGNED_CONTEXT ( ( #4242 ) ) GLOBAL_UNIT_ASSIGNED_CONTEXT ( ( #3090, #1540, #1152 ) ) REPRESENTATION_CONTEXT ( 'NONE', 'WORKASPACE' ) );
#4831 = CARTESIAN_POINT ( 'NONE',  ( 7.639999999999999680, 0.4500000000000000666, -4.424999999999999822 ) ) ;
#4832 = DIRECTION ( 'NONE',  ( 0.000000000000000000, -0.000000000000000000, 1.000000000000000000 ) ) ;
#4833 = ORIENTED_EDGE ( 'NONE', *, *, #4067, .T. ) ;
#4834 = EDGE_CURVE ( 'NONE', #1000, #2323, #1372, .T. ) ;
#4835 = COLOUR_RGB ( '',0.2000000000000000111, 0.2000000000000000111, 0.2000000000000000111 ) ;
#4836 = PRESENTATION_STYLE_ASSIGNMENT (( #2853 ) ) ;
#4837 =( NAMED_UNIT ( * ) SI_UNIT ( $, .STERADIAN. ) SOLID_ANGLE_UNIT ( ) );
#4838 = EDGE_CURVE ( 'NONE', #337, #2616, #903, .T. ) ;
#4839 = FILL_AREA_STYLE ('',( #1680 ) ) ;
#4840 = DIRECTION ( 'NONE',  ( 0.000000000000000000, 0.000000000000000000, 1.000000000000000000 ) ) ;
#4841 = EDGE_CURVE ( 'NONE', #2905, #1722, #1751, .T. ) ;
#4842 = ORIENTED_EDGE ( 'NONE', *, *, #854, .T. ) ;
#4843 = FACE_OUTER_BOUND ( 'NONE', #4984, .T. ) ;
#4844 = ORIENTED_EDGE ( 'NONE', *, *, #4132, .F. ) ;
#4845 = DIRECTION ( 'NONE',  ( 0.7071067811865460184, 0.000000000000000000, -0.7071067811865489050 ) ) ;
#4846 = LINE ( 'NONE', #3699, #2866 ) ;
#4847 =( NAMED_UNIT ( * ) PLANE_ANGLE_UNIT ( ) SI_UNIT ( $, .RADIAN. ) );
#4848 = ORIENTED_EDGE ( 'NONE', *, *, #299, .F. ) ;
#4849 = SURFACE_SIDE_STYLE ('',( #927 ) ) ;
#4850 = AXIS2_PLACEMENT_3D ( 'NONE', #1201, #1138, #3539 ) ;
#4851 = ORIENTED_EDGE ( 'NONE', *, *, #2679, .F. ) ;
#4852 =( LENGTH_UNIT ( ) NAMED_UNIT ( * ) SI_UNIT ( .MILLI., .METRE. ) );
#4853 = CARTESIAN_POINT ( 'NONE',  ( 2.860000000000000320, 0.9499999999999999556, -3.924999999999998046 ) ) ;
#4854 = FILL_AREA_STYLE_COLOUR ( '', #3282 ) ;
#4855 = CARTESIAN_POINT ( 'NONE',  ( 6.590000000000000746, 3.175000000000000266, -2.075000000000000178 ) ) ;
#4856 = CARTESIAN_POINT ( 'NONE',  ( 0.4249999999999991007, 3.625000000000000000, -4.675000000000000711 ) ) ;
#4857 =( NAMED_UNIT ( * ) SI_UNIT ( $, .STERADIAN. ) SOLID_ANGLE_UNIT ( ) );
#4858 = EDGE_CURVE ( 'NONE', #3977, #3474, #4059, .T. ) ;
#4859 = ORIENTED_EDGE ( 'NONE', *, *, #4553, .T. ) ;
#4860 = MECHANICAL_DESIGN_GEOMETRIC_PRESENTATION_REPRESENTATION (  '', ( #704 ), #1380 ) ;
#4861 = DIRECTION ( 'NONE',  ( -1.000000000000000000, 0.000000000000000000, -0.000000000000000000 ) ) ;
#4862 = AXIS2_PLACEMENT_3D ( 'NONE', #3991, #4407, #4044 ) ;
#4863 = ORIENTED_EDGE ( 'NONE', *, *, #1228, .T. ) ;
#4864 = EDGE_CURVE ( 'NONE', #227, #1184, #2844, .T. ) ;
#4865 = CARTESIAN_POINT ( 'NONE',  ( -3.360000000000000320, -4.424999999999999822, -4.424999999999999822 ) ) ;
#4866 = MECHANICAL_DESIGN_GEOMETRIC_PRESENTATION_REPRESENTATION (  '', ( #2052 ), #3523 ) ;
#4867 = MECHANICAL_DESIGN_GEOMETRIC_PRESENTATION_REPRESENTATION (  '', ( #1059 ), #2220 ) ;
#4868 = AXIS2_PLACEMENT_3D ( 'NONE', #3007, #2677, #3444 ) ;
#4869 = FACE_OUTER_BOUND ( 'NONE', #2154, .T. ) ;
#4870 = ADVANCED_FACE ( 'NONE', ( #4546 ), #2568, .T. ) ;
#4871 = FILL_AREA_STYLE ('',( #4462 ) ) ;
#4872 = UNCERTAINTY_MEASURE_WITH_UNIT (LENGTH_MEASURE( 1.000000000000000082E-05 ), #1743, 'distance_accuracy_value', 'NONE');
#4873 = AXIS2_PLACEMENT_3D ( 'NONE', #1414, #4052, #4457 ) ;
#4874 = EDGE_LOOP ( 'NONE', ( #1429, #5090, #2286, #4165 ) ) ;
#4875 = CARTESIAN_POINT ( 'NONE',  ( -3.084999999999999964, -0.3199999999999999512, 5.299999999999999822 ) ) ;
#4876 = SURFACE_STYLE_FILL_AREA ( #205 ) ;
#4877 = AXIS2_PLACEMENT_3D ( 'NONE', #1756, #4931, #2151 ) ;
#4878 = ORIENTED_EDGE ( 'NONE', *, *, #1831, .F. ) ;
#4879 = ORIENTED_EDGE ( 'NONE', *, *, #294, .T. ) ;
#4880 = AXIS2_PLACEMENT_3D ( 'NONE', #3121, #46, #1256 ) ;
#4881 = COLOUR_RGB ( '',0.2000000000000000111, 0.2000000000000000111, 0.2000000000000000111 ) ;
#4882 = FILL_AREA_STYLE ('',( #4063 ) ) ;
#4883 = PLANE ( 'NONE',  #3106 ) ;
#4884 = SURFACE_STYLE_USAGE ( .BOTH. , #3280 ) ;
#4885 =( LENGTH_UNIT ( ) NAMED_UNIT ( * ) SI_UNIT ( .MILLI., .METRE. ) );
#4886 = VECTOR ( 'NONE', #4674, 1000.000000000000000 ) ;
#4887 = CARTESIAN_POINT ( 'NONE',  ( 6.590000000000000746, 1.649999999999999911, -2.074999999999999734 ) ) ;
#4888 = ORIENTED_EDGE ( 'NONE', *, *, #1710, .T. ) ;
#4889 = ORIENTED_EDGE ( 'NONE', *, *, #3826, .F. ) ;
#4890 = UNCERTAINTY_MEASURE_WITH_UNIT (LENGTH_MEASURE( 1.000000000000000082E-05 ), #1383, 'distance_accuracy_value', 'NONE');
#4891 = CARTESIAN_POINT ( 'NONE',  ( 0.000000000000000000, 0.000000000000000000, 0.000000000000000000 ) ) ;
#4892 =( GEOMETRIC_REPRESENTATION_CONTEXT ( 3 ) GLOBAL_UNCERTAINTY_ASSIGNED_CONTEXT ( ( #2531 ) ) GLOBAL_UNIT_ASSIGNED_CONTEXT ( ( #1620, #2604, #3420 ) ) REPRESENTATION_CONTEXT ( 'NONE', 'WORKASPACE' ) );
#4893 = FILL_AREA_STYLE ('',( #2076 ) ) ;
#4894 = DIRECTION ( 'NONE',  ( -1.000000000000000000, 0.000000000000000000, -0.000000000000000000 ) ) ;
#4895 = CIRCLE ( 'NONE', #3384, 0.3362499999999997158 ) ;
#4896 =( NAMED_UNIT ( * ) SI_UNIT ( $, .STERADIAN. ) SOLID_ANGLE_UNIT ( ) );
#4897 = FILL_AREA_STYLE_COLOUR ( '', #2761 ) ;
#4898 = ORIENTED_EDGE ( 'NONE', *, *, #582, .T. ) ;
#4899 = SURFACE_STYLE_FILL_AREA ( #4458 ) ;
#4900 = ADVANCED_FACE ( 'NONE', ( #3800 ), #1890, .F. ) ;
#4901 = SURFACE_STYLE_FILL_AREA ( #4871 ) ;
#4902 = ORIENTED_EDGE ( 'NONE', *, *, #1656, .F. ) ;
#4903 = CARTESIAN_POINT ( 'NONE',  ( 0.8200000000000010614, -0.4499999999999999001, -4.424999999999998046 ) ) ;
#4904 = CARTESIAN_POINT ( 'NONE',  ( 7.639999999999999680, 2.089999999999999858, -4.424999999999999822 ) ) ;
#4905 =( NAMED_UNIT ( * ) PLANE_ANGLE_UNIT ( ) SI_UNIT ( $, .RADIAN. ) );
#4906 = VERTEX_POINT ( 'NONE', #3877 ) ;
#4907 = LINE ( 'NONE', #2176, #1902 ) ;
#4908 = ORIENTED_EDGE ( 'NONE', *, *, #2545, .T. ) ;
#4909 = LINE ( 'NONE', #3368, #4204 ) ;
#4910 = DIRECTION ( 'NONE',  ( 0.000000000000000000, 0.000000000000000000, 1.000000000000000000 ) ) ;
#4911 = DIRECTION ( 'NONE',  ( 0.000000000000000000, 0.000000000000000000, 1.000000000000000000 ) ) ;
#4912 = VECTOR ( 'NONE', #290, 1000.000000000000114 ) ;
#4913 = FILL_AREA_STYLE ('',( #2627 ) ) ;
#4914 = DIRECTION ( 'NONE',  ( 0.3481553119113959816, -0.3481553119113959260, 0.8703882797784889824 ) ) ;
#4915 = CARTESIAN_POINT ( 'NONE',  ( -6.590000000000000746, 1.649999999999999911, 1.975000000000000089 ) ) ;
#4916 = CARTESIAN_POINT ( 'NONE',  ( -1.720000000000000195, -4.424999999999999822, -4.424999999999999822 ) ) ;
#4917 = EDGE_LOOP ( 'NONE', ( #732, #4393, #4144, #2300 ) ) ;
#4918 = PRESENTATION_STYLE_ASSIGNMENT (( #4258 ) ) ;
#4919 = FACE_OUTER_BOUND ( 'NONE', #4572, .T. ) ;
#4920 = FILL_AREA_STYLE ('',( #604 ) ) ;
#4921 = UNCERTAINTY_MEASURE_WITH_UNIT (LENGTH_MEASURE( 1.000000000000000082E-05 ), #3724, 'distance_accuracy_value', 'NONE');
#4922 = ORIENTED_EDGE ( 'NONE', *, *, #1938, .T. ) ;
#4923 = ADVANCED_FACE ( 'NONE', ( #661 ), #1102, .T. ) ;
#4924 = VERTEX_POINT ( 'NONE', #232 ) ;
#4925 = SURFACE_SIDE_STYLE ('',( #2233 ) ) ;
#4926 = EDGE_CURVE ( 'NONE', #1722, #3989, #2190, .T. ) ;
#4927 = ORIENTED_EDGE ( 'NONE', *, *, #389, .F. ) ;
#4928 = CARTESIAN_POINT ( 'NONE',  ( -2.220000000000000195, -0.9499999999999999556, -21.93981562965040411 ) ) ;
#4929 = SURFACE_STYLE_FILL_AREA ( #3248 ) ;
#4930 = PRODUCT_DEFINITION_FORMATION_WITH_SPECIFIED_SOURCE ( 'ANY', '', #3183, .NOT_KNOWN. ) ;
#4931 = DIRECTION ( 'NONE',  ( -1.000000000000000000, 6.776263578034399754E-16, 0.000000000000000000 ) ) ;
#4932 = EDGE_CURVE ( 'NONE', #3566, #2184, #1527, .T. ) ;
#4933 = PRESENTATION_STYLE_ASSIGNMENT (( #1703 ) ) ;
#4934 = EDGE_CURVE ( 'NONE', #56, #3319, #1428, .T. ) ;
#4935 = ORIENTED_EDGE ( 'NONE', *, *, #4259, .F. ) ;
#4936 = DIRECTION ( 'NONE',  ( -0.000000000000000000, -1.000000000000000000, -0.000000000000000000 ) ) ;
#4937 = FACE_OUTER_BOUND ( 'NONE', #1692, .T. ) ;
#4938 = PRESENTATION_LAYER_ASSIGNMENT (  '', '', ( #3595 ) ) ;
#4939 = SURFACE_STYLE_FILL_AREA ( #4913 ) ;
#4940 = SURFACE_SIDE_STYLE ('',( #272 ) ) ;
#4941 = STYLED_ITEM ( 'NONE', ( #2490 ), #4497 ) ;
#4942 = ORIENTED_EDGE ( 'NONE', *, *, #1542, .F. ) ;
#4943 =( LENGTH_UNIT ( ) NAMED_UNIT ( * ) SI_UNIT ( .MILLI., .METRE. ) );
#4944 = FILL_AREA_STYLE_COLOUR ( '', #2861 ) ;
#4945 = SURFACE_STYLE_USAGE ( .BOTH. , #3792 ) ;
#4946 = COLOUR_RGB ( '',0.8705882352941176627, 0.6313725490196078205, 0.1725490196078431349 ) ;
#4947 = VECTOR ( 'NONE', #4478, 1000.000000000000114 ) ;
#4948 = EDGE_CURVE ( 'NONE', #4924, #2563, #3092, .T. ) ;
#4949 = DIRECTION ( 'NONE',  ( 0.000000000000000000, -1.000000000000000000, -0.000000000000000000 ) ) ;
#4950 = ORIENTED_EDGE ( 'NONE', *, *, #334, .T. ) ;
#4951 = ORIENTED_EDGE ( 'NONE', *, *, #419, .F. ) ;
#4952 = PRESENTATION_LAYER_ASSIGNMENT (  '', '', ( #2950 ) ) ;
#4953 = VECTOR ( 'NONE', #2772, 1000.000000000000000 ) ;
#4954 = CARTESIAN_POINT ( 'NONE',  ( 7.639999999999999680, 1.649999999999999911, 1.975000000000000089 ) ) ;
#4955 = DIRECTION ( 'NONE',  ( 3.388131789017219106E-16, -1.000000000000000000, 3.388131789017204808E-16 ) ) ;
#4956 = PRESENTATION_LAYER_ASSIGNMENT (  '', '', ( #555 ) ) ;
#4957 = VECTOR ( 'NONE', #4949, 1000.000000000000000 ) ;
#4958 = VERTEX_POINT ( 'NONE', #2291 ) ;
#4959 = DIRECTION ( 'NONE',  ( -1.000000000000000000, 6.776263578034399754E-16, 0.000000000000000000 ) ) ;
#4960 = PLANE ( 'NONE',  #4230 ) ;
#4961 = DIRECTION ( 'NONE',  ( -1.000000000000000000, -0.000000000000000000, -0.000000000000000000 ) ) ;
#4962 = AXIS2_PLACEMENT_3D ( 'NONE', #1944, #2016, #2375 ) ;
#4963 = VECTOR ( 'NONE', #2670, 1000.000000000000000 ) ;
#4964 = MECHANICAL_DESIGN_GEOMETRIC_PRESENTATION_REPRESENTATION (  '', ( #486 ), #4788 ) ;
#4965 = EDGE_CURVE ( 'NONE', #31, #912, #2976, .T. ) ;
#4966 = VERTEX_POINT ( 'NONE', #3165 ) ;
#4967 =( NAMED_UNIT ( * ) PLANE_ANGLE_UNIT ( ) SI_UNIT ( $, .RADIAN. ) );
#4968 = FILL_AREA_STYLE_COLOUR ( '', #3529 ) ;
#4969 = CARTESIAN_POINT ( 'NONE',  ( -5.174999999999999822, -3.625000000000000000, -4.675000000000000711 ) ) ;
#4970 = COLOUR_RGB ( '',0.2000000000000000111, 0.2000000000000000111, 0.2000000000000000111 ) ;
#4971 = FILL_AREA_STYLE_COLOUR ( '', #3571 ) ;
#4972 = CARTESIAN_POINT ( 'NONE',  ( -3.084999999999999964, 0.3200000000000000067, 5.299999999999999822 ) ) ;
#4973 = PRESENTATION_STYLE_ASSIGNMENT (( #4997 ) ) ;
#4974 = VECTOR ( 'NONE', #664, 1000.000000000000000 ) ;
#4975 = ORIENTED_EDGE ( 'NONE', *, *, #2223, .F. ) ;
#4976 = UNCERTAINTY_MEASURE_WITH_UNIT (LENGTH_MEASURE( 1.000000000000000082E-05 ), #1251, 'distance_accuracy_value', 'NONE');
#4977 = ADVANCED_FACE ( 'NONE', ( #1937 ), #4414, .T. ) ;
#4978 = CARTESIAN_POINT ( 'NONE',  ( -6.590000000000000746, -1.649999999999999911, -2.074999999999999734 ) ) ;
#4979 = SURFACE_SIDE_STYLE ('',( #3814 ) ) ;
#4980 = FILL_AREA_STYLE ('',( #3401 ) ) ;
#4981 = VECTOR ( 'NONE', #4990, 1000.000000000000000 ) ;
#4982 = CARTESIAN_POINT ( 'NONE',  ( 0.4249999999999991007, -3.625000000000000000, -4.675000000000000711 ) ) ;
#4983 = CARTESIAN_POINT ( 'NONE',  ( -6.590000000000000746, 1.649999999999999911, 1.975000000000000089 ) ) ;
#4984 = EDGE_LOOP ( 'NONE', ( #2239, #4678, #1329, #2347 ) ) ;
#4985 = CARTESIAN_POINT ( 'NONE',  ( -2.860000000000000320, -1.590000000000000080, -2.075000000000000622 ) ) ;
#4986 = DIRECTION ( 'NONE',  ( 1.000000000000000000, 0.000000000000000000, 0.000000000000000000 ) ) ;
#4987 = DIRECTION ( 'NONE',  ( 6.776263578034399754E-16, 1.000000000000000000, 0.000000000000000000 ) ) ;
#4988 = ORIENTED_EDGE ( 'NONE', *, *, #1836, .T. ) ;
#4989 = DIRECTION ( 'NONE',  ( -0.000000000000000000, -0.000000000000000000, -1.000000000000000000 ) ) ;
#4990 = DIRECTION ( 'NONE',  ( -0.000000000000000000, -0.000000000000000000, -1.000000000000000000 ) ) ;
#4991 = DIRECTION ( 'NONE',  ( 0.000000000000000000, 0.000000000000000000, 1.000000000000000000 ) ) ;
#4992 = STYLED_ITEM ( 'NONE', ( #1574 ), #448 ) ;
#4993 = SURFACE_SIDE_STYLE ('',( #1484 ) ) ;
#4994 = ORIENTED_EDGE ( 'NONE', *, *, #2166, .F. ) ;
#4995 = FACE_OUTER_BOUND ( 'NONE', #632, .T. ) ;
#4996 = SURFACE_STYLE_USAGE ( .BOTH. , #4940 ) ;
#4997 = SURFACE_STYLE_USAGE ( .BOTH. , #4158 ) ;
#4998 = EDGE_CURVE ( 'NONE', #3989, #31, #4304, .T. ) ;
#4999 = EDGE_LOOP ( 'NONE', ( #1154, #488, #3502, #1812 ) ) ;
#5000 = DIRECTION ( 'NONE',  ( -0.000000000000000000, -1.000000000000000000, -0.000000000000000000 ) ) ;
#5001 = EDGE_CURVE ( 'NONE', #3451, #2911, #1548, .T. ) ;
#5002 = PRESENTATION_STYLE_ASSIGNMENT (( #4945 ) ) ;
#5003 = FILL_AREA_STYLE_COLOUR ( '', #2880 ) ;
#5004 = CARTESIAN_POINT ( 'NONE',  ( 7.639999999999999680, -2.089999999999999858, -4.424999999999999822 ) ) ;
#5005 = CARTESIAN_POINT ( 'NONE',  ( -1.719999999999999973, -4.424999999999999822, -4.424999999999999822 ) ) ;
#5006 = DIRECTION ( 'NONE',  ( -1.000000000000000000, 0.000000000000000000, 0.000000000000000000 ) ) ;
#5007 = STYLED_ITEM ( 'NONE', ( #1925 ), #359 ) ;
#5008 = SURFACE_STYLE_USAGE ( .BOTH. , #687 ) ;
#5009 = CARTESIAN_POINT ( 'NONE',  ( 7.639999999999999680, -4.424999999999999822, -4.424999999999999822 ) ) ;
#5010 = AXIS2_PLACEMENT_3D ( 'NONE', #2497, #527, #3347 ) ;
#5011 = VERTEX_POINT ( 'NONE', #449 ) ;
#5012 = SHAPE_DEFINITION_REPRESENTATION ( #1589, #4748 ) ;
#5013 = SURFACE_SIDE_STYLE ('',( #728 ) ) ;
#5014 = DIRECTION ( 'NONE',  ( -0.000000000000000000, -0.000000000000000000, 1.000000000000000000 ) ) ;
#5015 = AXIS2_PLACEMENT_3D ( 'NONE', #2064, #3671, #2037 ) ;
#5016 = SURFACE_SIDE_STYLE ('',( #3415 ) ) ;
#5017 = ADVANCED_FACE ( 'NONE', ( #1869 ), #2005, .T. ) ;
#5018 = VECTOR ( 'NONE', #765, 1000.000000000000000 ) ;
#5019 = ORIENTED_EDGE ( 'NONE', *, *, #869, .F. ) ;
#5020 = UNCERTAINTY_MEASURE_WITH_UNIT (LENGTH_MEASURE( 1.000000000000000082E-05 ), #3144, 'distance_accuracy_value', 'NONE');
#5021 = DIRECTION ( 'NONE',  ( 0.000000000000000000, -0.7071067811865460184, 0.7071067811865489050 ) ) ;
#5022 = AXIS2_PLACEMENT_3D ( 'NONE', #5106, #4293, #367 ) ;
#5023 =( LENGTH_UNIT ( ) NAMED_UNIT ( * ) SI_UNIT ( .MILLI., .METRE. ) );
#5024 = ORIENTED_EDGE ( 'NONE', *, *, #3324, .T. ) ;
#5025 = DIRECTION ( 'NONE',  ( 0.000000000000000000, 1.000000000000000000, 0.000000000000000000 ) ) ;
#5026 = PLANE ( 'NONE',  #3799 ) ;
#5027 = VECTOR ( 'NONE', #3323, 1000.000000000000000 ) ;
#5028 = PRESENTATION_STYLE_ASSIGNMENT (( #1545 ) ) ;
#5029 = LINE ( 'NONE', #1888, #3685 ) ;
#5030 = EDGE_CURVE ( 'NONE', #5011, #3608, #1625, .T. ) ;
#5031 = AXIS2_PLACEMENT_3D ( 'NONE', #4756, #1927, #1947 ) ;
#5032 = DIRECTION ( 'NONE',  ( 0.000000000000000000, -0.3713906763541040545, -0.9284766908852591927 ) ) ;
#5033 = CARTESIAN_POINT ( 'NONE',  ( 0.3200000000000001177, 0.9499999999999999556, -2.075000000000000622 ) ) ;
#5034 = ORIENTED_EDGE ( 'NONE', *, *, #1182, .F. ) ;
#5035 = DIRECTION ( 'NONE',  ( 1.000000000000000000, -0.000000000000000000, 0.000000000000000000 ) ) ;
#5036 = ORIENTED_EDGE ( 'NONE', *, *, #2229, .F. ) ;
#5037 =( GEOMETRIC_REPRESENTATION_CONTEXT ( 3 ) GLOBAL_UNCERTAINTY_ASSIGNED_CONTEXT ( ( #1170 ) ) GLOBAL_UNIT_ASSIGNED_CONTEXT ( ( #1296, #93, #908 ) ) REPRESENTATION_CONTEXT ( 'NONE', 'WORKASPACE' ) );
#5038 = FILL_AREA_STYLE_COLOUR ( '', #4725 ) ;
#5039 = SURFACE_STYLE_FILL_AREA ( #2653 ) ;
#5040 = AXIS2_PLACEMENT_3D ( 'NONE', #3214, #1276, #862 ) ;
#5041 = CARTESIAN_POINT ( 'NONE',  ( -3.524999999999999911, 0.1200000000000000372, -5.799999999999999822 ) ) ;
#5042 =( NAMED_UNIT ( * ) SI_UNIT ( $, .STERADIAN. ) SOLID_ANGLE_UNIT ( ) );
#5043 = ORIENTED_EDGE ( 'NONE', *, *, #672, .T. ) ;
#5044 = PRESENTATION_LAYER_ASSIGNMENT (  '', '', ( #3367 ) ) ;
#5045 = DIRECTION ( 'NONE',  ( 0.000000000000000000, -0.7071067811865460184, -0.7071067811865489050 ) ) ;
#5046 = PRESENTATION_LAYER_ASSIGNMENT (  '', '', ( #2133 ) ) ;
#5047 = SHAPE_DEFINITION_REPRESENTATION ( #107, #2756 ) ;
#5048 = DIRECTION ( 'NONE',  ( 0.000000000000000000, -1.000000000000000000, -0.000000000000000000 ) ) ;
#5049 = STYLED_ITEM ( 'NONE', ( #498 ), #3683 ) ;
#5050 =( NAMED_UNIT ( * ) PLANE_ANGLE_UNIT ( ) SI_UNIT ( $, .RADIAN. ) );
#5051 = DIRECTION ( 'NONE',  ( -1.000000000000000000, 0.000000000000000000, 0.000000000000000000 ) ) ;
#5052 = ORIENTED_EDGE ( 'NONE', *, *, #3327, .T. ) ;
#5053 = ORIENTED_EDGE ( 'NONE', *, *, #1274, .T. ) ;
#5054 = CARTESIAN_POINT ( 'NONE',  ( 0.4249999999999991007, -3.625000000000000000, -4.675000000000000711 ) ) ;
#5055 =( GEOMETRIC_REPRESENTATION_CONTEXT ( 3 ) GLOBAL_UNCERTAINTY_ASSIGNED_CONTEXT ( ( #2161 ) ) GLOBAL_UNIT_ASSIGNED_CONTEXT ( ( #2596, #3774, #4232 ) ) REPRESENTATION_CONTEXT ( 'NONE', 'WORKASPACE' ) );
#5056 = EDGE_LOOP ( 'NONE', ( #4994, #1771, #2066, #2768, #4851, #2221, #4376, #976 ) ) ;
#5057 = FILL_AREA_STYLE_COLOUR ( '', #73 ) ;
#5058 = CARTESIAN_POINT ( 'NONE',  ( -6.590000000000001634, 1.649999999999999689, 1.975000000000000089 ) ) ;
#5059 = CARTESIAN_POINT ( 'NONE',  ( 4.750000000000000000, -3.625000000000000000, -4.675000000000000711 ) ) ;
#5060 = SURFACE_STYLE_FILL_AREA ( #330 ) ;
#5061 = ORIENTED_EDGE ( 'NONE', *, *, #271, .F. ) ;
#5062 = LINE ( 'NONE', #4172, #1158 ) ;
#5063 = FILL_AREA_STYLE_COLOUR ( '', #4523 ) ;
#5064 = ADVANCED_FACE ( 'NONE', ( #3532 ), #746, .T. ) ;
#5065 = EDGE_CURVE ( 'NONE', #3320, #2664, #4076, .T. ) ;
#5066 = ORIENTED_EDGE ( 'NONE', *, *, #1975, .F. ) ;
#5067 = FILL_AREA_STYLE ('',( #1561 ) ) ;
#5068 = PRODUCT_CONTEXT ( 'NONE', #2193, 'mechanical' ) ;
#5069 = SURFACE_STYLE_USAGE ( .BOTH. , #5013 ) ;
#5070 = SURFACE_STYLE_FILL_AREA ( #4662 ) ;
#5071 = SURFACE_STYLE_FILL_AREA ( #1147 ) ;
#5072 = CARTESIAN_POINT ( 'NONE',  ( -5.490000000000000213, 4.424999999999999822, 4.424999999999999822 ) ) ;
#5073 = EDGE_LOOP ( 'NONE', ( #3005, #202, #3924, #4829 ) ) ;
#5074 = EDGE_LOOP ( 'NONE', ( #1520, #1073, #136, #1973 ) ) ;
#5075 = UNCERTAINTY_MEASURE_WITH_UNIT (LENGTH_MEASURE( 1.000000000000000082E-05 ), #3373, 'distance_accuracy_value', 'NONE');
#5076 = PLANE ( 'NONE',  #4862 ) ;
#5077 =( NAMED_UNIT ( * ) PLANE_ANGLE_UNIT ( ) SI_UNIT ( $, .RADIAN. ) );
#5078 = MANIFOLD_SOLID_BREP ( 'Imported1', #2081 ) ;
#5079 = EDGE_CURVE ( 'NONE', #3309, #5081, #510, .T. ) ;
#5080 = FACE_OUTER_BOUND ( 'NONE', #4005, .T. ) ;
#5081 = VERTEX_POINT ( 'NONE', #124 ) ;
#5082 = SURFACE_STYLE_USAGE ( .BOTH. , #3456 ) ;
#5083 = DIRECTION ( 'NONE',  ( 0.000000000000000000, 1.000000000000000000, 0.000000000000000000 ) ) ;
#5084 = FILL_AREA_STYLE_COLOUR ( '', #2335 ) ;
#5085 = STYLED_ITEM ( 'NONE', ( #2024 ), #142 ) ;
#5086 = SURFACE_STYLE_FILL_AREA ( #1450 ) ;
#5087 = STYLED_ITEM ( 'NONE', ( #2404 ), #50 ) ;
#5088 = ADVANCED_FACE ( 'NONE', ( #4869 ), #4822, .T. ) ;
#5089 = ORIENTED_EDGE ( 'NONE', *, *, #4196, .F. ) ;
#5090 = ORIENTED_EDGE ( 'NONE', *, *, #3775, .T. ) ;
#5091 = VECTOR ( 'NONE', #2551, 1000.000000000000000 ) ;
#5092 =( NAMED_UNIT ( * ) PLANE_ANGLE_UNIT ( ) SI_UNIT ( $, .RADIAN. ) );
#5093 = CARTESIAN_POINT ( 'NONE',  ( 4.325000000000000178, -3.625000000000000000, -4.675000000000000711 ) ) ;
#5094 = FILL_AREA_STYLE_COLOUR ( '', #3054 ) ;
#5095 = COLOUR_RGB ( '',0.2000000000000000111, 0.2000000000000000111, 0.2000000000000000111 ) ;
#5096 = ORIENTED_EDGE ( 'NONE', *, *, #829, .F. ) ;
#5097 = CARTESIAN_POINT ( 'NONE',  ( -3.084999999999999964, -0.3200000000000000067, 5.799999999999999822 ) ) ;
#5098 = EDGE_CURVE ( 'NONE', #2269, #4427, #253, .T. ) ;
#5099 = CARTESIAN_POINT ( 'NONE',  ( 0.8199999999999999512, -4.424999999999999822, -4.424999999999999822 ) ) ;
#5100 =( LENGTH_UNIT ( ) NAMED_UNIT ( * ) SI_UNIT ( .MILLI., .METRE. ) );
#5101 = EDGE_CURVE ( 'NONE', #1705, #748, #2584, .T. ) ;
#5102 =( LENGTH_UNIT ( ) NAMED_UNIT ( * ) SI_UNIT ( .MILLI., .METRE. ) );
#5103 = PLANE ( 'NONE',  #3848 ) ;
#5104 = VERTEX_POINT ( 'NONE', #2968 ) ;
#5105 =( GEOMETRIC_REPRESENTATION_CONTEXT ( 3 ) GLOBAL_UNCERTAINTY_ASSIGNED_CONTEXT ( ( #1247 ) ) GLOBAL_UNIT_ASSIGNED_CONTEXT ( ( #3413, #2624, #4210 ) ) REPRESENTATION_CONTEXT ( 'NONE', 'WORKASPACE' ) );
#5106 = CARTESIAN_POINT ( 'NONE',  ( -7.639999999999999680, -3.775000000000000355, 4.424999999999999822 ) ) ;
#5107 =( LENGTH_UNIT ( ) NAMED_UNIT ( * ) SI_UNIT ( .MILLI., .METRE. ) );
#5108 = ORIENTED_EDGE ( 'NONE', *, *, #4238, .F. ) ;
#5109 = DIRECTION ( 'NONE',  ( 0.000000000000000000, -0.000000000000000000, 1.000000000000000000 ) ) ;
#5110 = CARTESIAN_POINT ( 'NONE',  ( 7.639999999999999680, 0.4499999999999999001, -4.424999999999999822 ) ) ;
#5111 = LINE ( 'NONE', #354, #1376 ) ;
#5112 = VECTOR ( 'NONE', #2975, 1000.000000000000114 ) ;
#5113 = ORIENTED_EDGE ( 'NONE', *, *, #1245, .F. ) ;
#5114 = PRODUCT_DEFINITION_SHAPE ( 'NONE', 'NONE',  #5143 ) ;
#5115 = VECTOR ( 'NONE', #5000, 1000.000000000000000 ) ;
#5116 = PLANE ( 'NONE',  #2021 ) ;
#5117 = COLOUR_RGB ( '',0.2000000000000000111, 0.2000000000000000111, 0.2000000000000000111 ) ;
#5118 = ORIENTED_EDGE ( 'NONE', *, *, #419, .T. ) ;
#5119 = CARTESIAN_POINT ( 'NONE',  ( 0.3199999999999999512, -1.590000000000000080, -3.924999999999998046 ) ) ;
#5120 = PRESENTATION_LAYER_ASSIGNMENT (  '', '', ( #2961 ) ) ;
#5121 = MECHANICAL_DESIGN_GEOMETRIC_PRESENTATION_REPRESENTATION (  '', ( #2205 ), #4382 ) ;
#5122 = CARTESIAN_POINT ( 'NONE',  ( 6.590000000000000746, 1.649999999999999911, 1.975000000000000089 ) ) ;
#5123 = AXIS2_PLACEMENT_3D ( 'NONE', #691, #3412, #5045 ) ;
#5124 = CARTESIAN_POINT ( 'NONE',  ( -0.4250000000000008216, 3.625000000000000000, -4.675000000000000711 ) ) ;
#5125 = ADVANCED_FACE ( 'NONE', ( #1842 ), #1788, .F. ) ;
#5126 =( REPRESENTATION_RELATIONSHIP ('NONE','NONE', #3271, #2756 ) REPRESENTATION_RELATIONSHIP_WITH_TRANSFORMATION ( #4606 )SHAPE_REPRESENTATION_RELATIONSHIP( ) );
#5127 = MECHANICAL_DESIGN_GEOMETRIC_PRESENTATION_REPRESENTATION (  '', ( #234 ), #312 ) ;
#5128 = DIRECTION ( 'NONE',  ( -1.000000000000000000, 0.000000000000000000, -0.000000000000000000 ) ) ;
#5129 = VECTOR ( 'NONE', #5035, 1000.000000000000000 ) ;
#5130 = ORIENTED_EDGE ( 'NONE', *, *, #4268, .F. ) ;
#5131 = CARTESIAN_POINT ( 'NONE',  ( -6.590000000000000746, -3.174999999999999822, -2.075000000000000178 ) ) ;
#5132 = EDGE_CURVE ( 'NONE', #1382, #1402, #4568, .T. ) ;
#5133 = UNCERTAINTY_MEASURE_WITH_UNIT (LENGTH_MEASURE( 1.000000000000000082E-05 ), #7, 'distance_accuracy_value', 'NONE');
#5134 = DIRECTION ( 'NONE',  ( 1.000000000000000000, 6.776263578034399754E-16, 0.000000000000000000 ) ) ;
#5135 = COLOUR_RGB ( '',0.2000000000000000111, 0.2000000000000000111, 0.2000000000000000111 ) ;
#5136 = AXIS2_PLACEMENT_3D ( 'NONE', #631, #2939, #1843 ) ;
#5137 = ADVANCED_FACE ( 'NONE', ( #4162 ), #628, .T. ) ;
#5138 = FACE_OUTER_BOUND ( 'NONE', #892, .T. ) ;
#5139 =( GEOMETRIC_REPRESENTATION_CONTEXT ( 3 ) GLOBAL_UNCERTAINTY_ASSIGNED_CONTEXT ( ( #2412 ) ) GLOBAL_UNIT_ASSIGNED_CONTEXT ( ( #3485, #3508, #1585 ) ) REPRESENTATION_CONTEXT ( 'NONE', 'WORKASPACE' ) );
#5140 = ORIENTED_EDGE ( 'NONE', *, *, #4809, .F. ) ;
#5141 = NEXT_ASSEMBLY_USAGE_OCCURRENCE ( 'NAUO1', ' ', ' ', #3871, #665, $ ) ;
#5142 = NEXT_ASSEMBLY_USAGE_OCCURRENCE ( 'NAUO2', ' ', ' ', #3871, #4521, $ ) ;
#5143 = NEXT_ASSEMBLY_USAGE_OCCURRENCE ( 'NAUO3', ' ', ' ', #3871, #4521, $ ) ;
#5144 = NEXT_ASSEMBLY_USAGE_OCCURRENCE ( 'NAUO4', ' ', ' ', #3871, #4521, $ ) ;
#5145 = NEXT_ASSEMBLY_USAGE_OCCURRENCE ( 'NAUO5', ' ', ' ', #3871, #4521, $ ) ;
#5146 = NEXT_ASSEMBLY_USAGE_OCCURRENCE ( 'NAUO6', ' ', ' ', #3871, #4521, $ ) ;
#5147 = NEXT_ASSEMBLY_USAGE_OCCURRENCE ( 'NAUO7', ' ', ' ', #3871, #4521, $ ) ;
ENDSEC;
END-ISO-10303-21;
